date,value
1965-05-05,152
1965-05-06,149
1965-06-08,0.66
1965-08-11,0.538
1965-08-12,0.558
1965-08-13,0.504
1965-08-14,0.484
1965-08-15,0.547
1965-08-16,0.558
1965-08-17,0.572
1965-08-18,0.572
1965-08-19,0.595
1965-08-20,0.453
1965-08-21,0.453
1965-08-22,0.558
1965-08-23,0.558
1965-08-24,0.547
1965-08-25,0.547
1965-08-26,0.538
1965-08-27,0.547
1965-08-28,2.47
1965-08-29,3
1965-08-30,2.47
1965-08-31,3
1965-09-01,1.79
1965-09-02,1.52
1965-09-03,1.61
1965-09-04,7.16
1965-09-05,7.16
1965-09-06,12.5
1965-09-07,25.2
1965-09-08,28.9
1965-09-09,28.9
1965-09-10,31.4
1965-09-11,33.7
1965-09-12,35.1
1965-09-13,37.1
1965-09-14,37.4
1965-09-15,41.9
1965-09-16,41.9
1965-09-17,45.9
1965-09-18,46.7
1965-09-19,37.4
1965-09-20,41.9
1965-09-21,52.7
1965-09-22,52.4
1965-09-23,53
1965-09-24,52.7
1965-09-25,53.2
1965-09-26,53.2
1965-09-27,53.2
1965-09-28,54.1
1965-09-29,63.4
1965-09-30,68.5
1965-10-01,68.5
1965-10-02,73.3
1965-10-03,77.6
1965-10-04,84.7
1965-10-05,84.7
1965-10-06,88.1
1965-10-07,89.2
1965-10-08,96.3
1965-10-09,106
1965-10-10,111
1965-10-11,110
1965-10-12,112
1965-10-13,112
1965-10-14,112
1965-10-15,113
1965-10-16,119
1965-10-17,132
1965-10-18,133
1965-10-19,134
1965-10-20,141
1965-10-21,142
1965-10-22,116
1965-10-23,84.4
1965-10-24,77
1965-10-25,76.5
1965-10-26,75.6
1965-10-27,28.6
1965-10-28,5.1
1965-10-29,4.19
1965-10-30,3.57
1965-10-31,2.97
1965-11-01,3.17
1965-11-02,3.71
1965-11-03,3.57
1965-11-04,1.46
1965-11-05,0.983
1965-11-06,1.33
1965-11-07,0.892
1965-11-08,1.21
1965-11-09,1.73
1965-11-10,1.82
1965-11-11,1.92
1965-11-12,2.08
1965-11-13,2.01
1965-11-14,1.95
1965-11-15,1.82
1965-11-16,1.7
1965-11-17,1.92
1965-11-18,2.11
1965-11-19,2.14
1965-11-20,2.14
1965-11-21,2.17
1965-11-22,2.21
1965-11-23,2.21
1965-11-24,2.31
1965-11-25,2.37
1965-11-26,2.44
1965-11-27,2.37
1965-11-28,2.37
1965-11-29,51.8
1965-11-30,101
1965-12-01,101
1965-12-02,99.1
1965-12-03,98.3
1965-12-04,108
1965-12-05,120
1965-12-06,116
1965-12-07,116
1965-12-08,113
1965-12-09,106
1965-12-10,106
1965-12-11,84.1
1965-12-12,82.1
1965-12-13,71.6
1965-12-14,71.6
1965-12-15,71.4
1965-12-16,85.8
1965-12-17,84.7
1965-12-18,113
1965-12-19,114
1965-12-20,116
1965-12-21,113
1965-12-22,112
1965-12-23,111
1965-12-24,110
1965-12-25,93.7
1965-12-26,91.5
1965-12-27,81.3
1965-12-28,64.8
1965-12-29,65.4
1965-12-30,66.3
1965-12-31,66.3
1966-01-01,67.4
1966-01-02,70.2
1966-01-03,73.1
1966-01-04,77.3
1966-01-05,76.5
1966-01-06,76.5
1966-01-07,78.4
1966-01-08,82.1
1966-01-09,82.1
1966-01-10,82.7
1966-01-11,82.7
1966-01-12,82.4
1966-01-13,63.7
1966-01-14,83.5
1966-01-15,83.8
1966-01-16,81.3
1966-01-17,1.61
1966-01-18,1.61
1966-01-19,1.61
1966-01-20,1.61
1966-01-21,1.61
1966-01-22,1.61
1966-01-23,1.61
1966-01-24,1.61
1966-01-25,1.61
1966-01-26,1.61
1966-01-27,1.61
1966-01-28,1.61
1966-01-29,1.61
1966-01-30,1.61
1966-01-31,1.61
1966-02-01,1.61
1966-02-02,1.61
1966-02-03,1.61
1966-02-04,1.51
1966-02-05,1.5
1966-02-06,1.5
1966-02-07,1.5
1966-02-08,1.5
1966-02-09,1.5
1966-02-10,1.87
1966-02-11,1.87
1966-02-12,1.87
1966-02-13,1.87
1966-02-14,1.87
1966-02-15,1.87
1966-02-16,1.87
1966-02-17,1.56
1966-02-18,1.56
1966-02-19,1.56
1966-02-20,1.56
1966-02-21,1.56
1966-02-22,1.56
1966-02-23,1.56
1966-02-24,1.56
1966-02-25,1.56
1966-02-26,1.56
1966-02-27,1.5
1966-02-28,1.5
1966-03-01,1.5
1966-03-02,1.5
1966-03-03,1.5
1966-03-04,1.5
1966-03-05,1.5
1966-03-06,1.5
1966-03-07,1.5
1966-03-08,1.5
1966-03-09,1.5
1966-03-10,1.67
1966-03-11,1.67
1966-03-12,1.67
1966-03-13,1.67
1966-03-14,1.67
1966-03-15,1.67
1966-03-16,1.67
1966-03-17,3
1966-03-18,2.97
1966-03-19,3.28
1966-03-20,3.57
1966-03-21,4.84
1966-03-22,4.9
1966-03-23,5.07
1966-03-24,5.47
1966-03-25,18.3
1966-03-26,34.8
1966-03-27,84.7
1966-03-28,90.6
1966-03-29,85.8
1966-03-30,67.4
1966-03-31,77.9
1966-04-01,71.4
1966-04-02,71.6
1966-04-03,71.1
1966-04-04,71.4
1966-04-05,21
1966-04-06,5.92
1966-04-07,6.17
1966-04-08,5.27
1966-04-09,4.28
1966-04-10,3.96
1966-04-11,3.48
1966-04-12,4.08
1966-04-13,4.08
1966-04-14,4.02
1966-04-15,3.74
1966-04-16,3.54
1966-04-17,3.68
1966-04-18,3.68
1966-04-19,3.82
1966-04-20,4.02
1966-04-21,4.05
1966-04-22,4.05
1966-04-23,3.94
1966-04-24,4.02
1966-04-25,4.02
1966-04-26,3.94
1966-04-27,4.67
1966-04-28,4.67
1966-04-29,5.92
1966-04-30,6.91
1966-05-01,9.43
1966-05-02,9.68
1966-05-03,9.23
1966-05-04,9
1966-05-05,8.07
1966-05-06,7.96
1966-05-07,7.84
1966-05-08,7.84
1966-05-09,6.71
1966-05-10,4.79
1966-05-11,5.24
1966-05-12,5.61
1966-05-13,5.61
1966-05-14,5.69
1966-05-15,5.75
1966-05-16,5.83
1966-05-17,5.92
1966-05-18,6.17
1966-05-19,6.17
1966-05-20,5.07
1966-05-21,4.76
1966-05-22,4.76
1966-05-23,4.87
1966-05-24,5.15
1966-05-25,4.67
1966-05-26,4.3
1966-05-27,4.02
1966-05-28,3.79
1966-05-29,3.65
1966-05-30,3.57
1966-05-31,3.57
1966-06-01,3.43
1966-06-02,3.34
1966-06-03,3.06
1966-06-04,3.2
1966-06-05,3.17
1966-06-06,3.17
1966-06-07,3.11
1966-06-08,3.11
1966-06-09,2.47
1966-06-10,2.62
1966-06-11,1.98
1966-06-12,1.02
1966-06-13,0.558
1966-06-14,0.405
1966-06-15,0.405
1966-06-16,0.382
1966-06-17,0.396
1966-06-18,0.374
1966-06-19,0.374
1966-06-20,0.323
1966-06-21,0.303
1966-06-22,0.323
1966-06-23,0.323
1966-06-24,0.348
1966-06-25,0.348
1966-06-26,0.348
1966-06-27,0.348
1966-06-28,0.368
1966-06-29,0.374
1966-06-30,0.391
1966-07-01,0.405
1966-07-02,0.405
1966-07-03,0.405
1966-07-04,0.413
1966-07-05,0.413
1966-07-06,0.413
1966-07-07,0.396
1966-07-08,0.396
1966-07-09,0.413
1966-07-10,0.413
1966-07-11,0.422
1966-07-12,0.436
1966-07-13,0.436
1966-07-14,0.436
1966-07-15,0.422
1966-07-16,0.43
1966-07-17,0.413
1966-07-18,0.425
1966-07-19,0.439
1966-07-20,0.453
1966-07-21,0.467
1966-07-22,0.496
1966-07-23,0.51
1966-07-24,0.524
1966-07-25,0.547
1966-07-26,0.558
1966-07-27,0.558
1966-07-28,0.583
1966-07-29,0.646
1966-07-30,0.646
1966-07-31,0.646
1966-08-01,0.623
1966-08-02,0.623
1966-08-03,0.646
1966-08-04,0.674
1966-08-05,0.716
1966-08-06,0.807
1966-08-07,0.838
1966-08-08,0.838
1966-08-09,0.838
1966-08-10,0.912
1966-08-11,0.838
1966-08-12,0.875
1966-08-13,0.875
1966-08-14,0.946
1966-08-15,0.946
1966-08-16,0.946
1966-08-17,0.946
1966-08-18,0.912
1966-08-19,0.838
1966-08-20,0.838
1966-08-21,0.929
1966-08-22,1.02
1966-08-23,1.09
1966-08-24,1.11
1966-08-25,1.11
1966-08-26,1.02
1966-08-27,0.983
1966-08-28,0.912
1966-08-29,0.912
1966-08-30,0.892
1966-08-31,0.929
1966-09-01,1.14
1966-09-02,1.14
1966-09-03,1.25
1966-09-04,1.31
1966-09-05,1.25
1966-09-06,1.25
1966-09-07,1.38
1966-09-08,1.31
1966-09-09,1.18
1966-09-10,1.02
1966-09-11,0.966
1966-09-12,0.966
1966-09-13,0.966
1966-09-14,0.966
1966-09-15,0.929
1966-09-16,0.929
1966-09-17,0.929
1966-09-18,0.912
1966-09-19,0.912
1966-09-20,0.912
1966-09-21,0.912
1966-09-22,1.22
1966-09-23,1.23
1966-09-24,1.22
1966-09-25,1.22
1966-09-26,1.21
1966-09-27,1.2
1966-09-28,1.2
1966-09-29,1.19
1966-09-30,1.19
1966-10-01,1.18
1966-10-02,1.18
1966-10-03,1.17
1966-10-04,1.16
1966-10-05,1.16
1966-10-06,1.15
1966-10-07,1.14
1966-10-08,1.14
1966-10-09,1.13
1966-10-10,1.12
1966-10-11,1.12
1966-10-12,1.11
1966-10-13,1.07
1966-10-14,1.03
1966-10-15,0.994
1966-10-16,0.954
1966-10-17,0.915
1966-10-18,0.875
1966-10-19,0.838
1966-10-20,0.801
1966-10-21,0.765
1966-10-22,0.728
1966-10-23,0.691
1966-10-24,0.654
1966-10-25,0.617
1966-10-26,0.58
1966-10-27,0.544
1966-10-28,0.507
1966-10-29,0.47
1966-10-30,0.433
1966-10-31,0.396
1966-11-01,0.36
1966-11-02,0.323
1966-11-03,0.484
1966-11-04,0.646
1966-11-05,0.807
1966-11-06,0.968
1966-11-07,1.13
1966-11-08,1.29
1966-11-09,1.71
1966-11-10,2.61
1966-11-11,7.02
1966-11-12,14.4
1966-11-13,39.6
1966-11-14,50.4
1966-11-15,61.2
1966-11-16,62
1966-11-17,64.6
1966-11-18,74.2
1966-11-19,71.4
1966-11-20,68
1966-11-21,58.9
1966-11-22,29.4
1966-11-23,6.48
1966-11-24,18.8
1966-11-25,35.7
1966-11-26,55.8
1966-11-27,70.5
1966-11-28,96.3
1966-11-29,141
1966-11-30,186
1966-12-01,191
1966-12-02,193
1966-12-03,197
1966-12-04,195
1966-12-05,192
1966-12-06,190
1966-12-07,195
1966-12-08,216
1966-12-09,237
1966-12-10,243
1966-12-11,244
1966-12-12,239
1966-12-13,234
1966-12-14,225
1966-12-15,215
1966-12-16,205
1966-12-17,196
1966-12-18,189
1966-12-19,182
1966-12-20,170
1966-12-21,135
1966-12-22,55.5
1966-12-23,52.1
1966-12-24,49.6
1966-12-25,50.1
1966-12-26,49.3
1966-12-27,48.4
1966-12-28,41.1
1966-12-29,7.73
1966-12-30,5.47
1966-12-31,5.21
1967-01-01,5.18
1967-01-02,5.32
1967-01-03,5.1
1967-01-04,5.04
1967-01-05,4.96
1967-01-06,4.87
1967-01-07,4.9
1967-01-08,4.9
1967-01-09,4.81
1967-01-10,4.76
1967-01-11,4.81
1967-01-12,4.87
1967-01-13,4.87
1967-01-14,4.87
1967-01-15,4.76
1967-01-16,4.64
1967-01-17,4.64
1967-01-18,4.64
1967-01-19,4.64
1967-01-20,4.64
1967-01-21,4.53
1967-01-22,4.53
1967-01-23,4.7
1967-01-24,4.87
1967-01-25,5.1
1967-01-26,5.49
1967-01-27,5.69
1967-01-28,5.86
1967-01-29,5.89
1967-01-30,5.86
1967-01-31,5.86
1967-02-01,5.75
1967-02-02,5.49
1967-02-03,5.32
1967-02-04,5.27
1967-02-05,5.32
1967-02-06,5.32
1967-02-07,5.32
1967-02-08,5.35
1967-02-09,5.27
1967-02-10,5.04
1967-02-11,4.9
1967-02-12,4.76
1967-02-13,4.9
1967-02-14,4.98
1967-02-15,4.87
1967-02-16,5.04
1967-02-17,4.87
1967-02-18,4.7
1967-02-19,4.64
1967-02-20,4.76
1967-02-21,4.9
1967-02-22,4.73
1967-02-23,4.76
1967-02-24,4.64
1967-02-25,4.64
1967-02-26,4.73
1967-02-27,4.81
1967-02-28,4.9
1967-03-01,4.76
1967-03-02,4.7
1967-03-03,4.64
1967-03-04,4.64
1967-03-05,4.53
1967-03-06,8.38
1967-03-07,33.4
1967-03-08,31.1
1967-03-09,23.4
1967-03-10,22.1
1967-03-11,22.1
1967-03-12,21.8
1967-03-13,20.3
1967-03-14,9.46
1967-03-15,9.17
1967-03-16,5.04
1967-03-17,4.22
1967-03-18,4.16
1967-03-19,4.22
1967-03-20,4.22
1967-03-21,4.39
1967-03-22,4.42
1967-03-23,4.39
1967-03-24,4.36
1967-03-25,4.42
1967-03-26,4.42
1967-03-27,4.73
1967-03-28,4.87
1967-03-29,5.04
1967-03-30,5.41
1967-03-31,9.17
1967-04-01,40.8
1967-04-02,78.4
1967-04-03,91.7
1967-04-04,105
1967-04-05,114
1967-04-06,121
1967-04-07,125
1967-04-08,127
1967-04-09,128
1967-04-10,133
1967-04-11,133
1967-04-12,133
1967-04-13,133
1967-04-14,133
1967-04-15,132
1967-04-16,127
1967-04-17,125
1967-04-18,125
1967-04-19,124
1967-04-20,125
1967-04-21,125
1967-04-22,127
1967-04-23,126
1967-04-24,124
1967-04-25,122
1967-04-26,100
1967-04-27,12.8
1967-04-28,6.12
1967-04-29,5.61
1967-04-30,5.55
1967-05-01,5.61
1967-05-02,5.61
1967-05-03,5.49
1967-05-04,5.04
1967-05-05,4.87
1967-05-06,4.73
1967-05-07,4.53
1967-05-08,4.42
1967-05-09,4.47
1967-05-10,4.39
1967-05-11,4.42
1967-05-12,4.56
1967-05-13,4.47
1967-05-14,4.36
1967-05-15,4.36
1967-05-16,5.04
1967-05-17,4.98
1967-05-18,5.35
1967-05-19,5.61
1967-05-20,5.55
1967-05-21,5.8
1967-05-22,5.8
1967-05-23,5.89
1967-05-24,5.89
1967-05-25,5.69
1967-05-26,5.61
1967-05-27,5.49
1967-05-28,5.32
1967-05-29,5.41
1967-05-30,5.1
1967-05-31,5.18
1967-06-01,4.87
1967-06-02,3.79
1967-06-03,4.53
1967-06-04,4.73
1967-06-05,4.76
1967-06-06,4.9
1967-06-07,5.18
1967-06-08,5.18
1967-06-09,4.96
1967-06-10,4.42
1967-06-11,4.08
1967-06-12,3.96
1967-06-13,6.68
1967-06-14,26.7
1967-06-15,30.9
1967-06-16,32
1967-06-17,44.5
1967-06-18,61.2
1967-06-19,65.1
1967-06-20,64.8
1967-06-21,62.3
1967-06-22,56.4
1967-06-23,54.4
1967-06-24,52.1
1967-06-25,50.4
1967-06-26,47.6
1967-06-27,46.7
1967-06-28,42.5
1967-06-29,23.9
1967-06-30,4.96
1967-07-01,3.45
1967-07-02,3.34
1967-07-03,3.31
1967-07-04,1.91
1967-07-05,1.09
1967-07-06,0.85
1967-07-07,0.799
1967-07-08,0.765
1967-07-09,0.75
1967-07-10,0.75
1967-07-11,0.736
1967-07-12,0.68
1967-07-13,0.623
1967-07-14,0.589
1967-07-15,0.589
1967-07-16,0.589
1967-07-17,0.589
1967-07-18,0.589
1967-07-19,0.589
1967-07-20,0.589
1967-07-21,0.578
1967-07-22,0.578
1967-07-23,0.75
1967-07-24,0.833
1967-07-25,0.85
1967-07-26,0.799
1967-07-27,0.782
1967-07-28,0.765
1967-07-29,0.765
1967-07-30,0.75
1967-07-31,0.722
1967-08-01,0.722
1967-08-02,0.722
1967-08-03,0.736
1967-08-04,0.765
1967-08-05,0.782
1967-08-06,0.782
1967-08-07,0.799
1967-08-08,0.883
1967-08-09,0.883
1967-08-10,0.883
1967-08-11,0.883
1967-08-12,0.867
1967-08-13,0.867
1967-08-14,0.867
1967-08-15,0.867
1967-08-16,0.867
1967-08-17,0.883
1967-08-18,0.883
1967-08-19,0.883
1967-08-20,0.9
1967-08-21,0.9
1967-08-22,0.974
1967-08-23,0.934
1967-08-24,0.917
1967-08-25,0.9
1967-08-26,0.9
1967-08-27,1.03
1967-08-28,4.22
1967-08-29,3.96
1967-08-30,2.55
1967-08-31,1.91
1967-09-01,1.61
1967-09-02,1.58
1967-09-03,1.66
1967-09-04,1.74
1967-09-05,1.76
1967-09-06,1.81
1967-09-07,1.84
1967-09-08,1.81
1967-09-09,1.79
1967-09-10,1.66
1967-09-11,1.58
1967-09-12,1.53
1967-09-13,1.44
1967-09-14,1.38
1967-09-15,1.33
1967-09-16,1.31
1967-09-17,1.25
1967-09-18,1.49
1967-09-19,1.56
1967-09-20,1.38
1967-09-21,1.38
1967-09-22,1.35
1967-09-23,1.25
1967-09-24,1.25
1967-09-25,1.21
1967-09-26,1.23
1967-09-27,1.47
1967-09-28,1.49
1967-09-29,1.86
1967-09-30,2.02
1967-10-01,1.89
1967-10-02,1.74
1967-10-03,1.63
1967-10-04,1.58
1967-10-05,1.53
1967-10-06,1.47
1967-10-07,1.35
1967-10-08,1.35
1967-10-09,1.4
1967-10-10,1.4
1967-10-11,1.47
1967-10-12,1.51
1967-10-13,1.51
1967-10-14,1.47
1967-10-15,1.42
1967-10-16,1.76
1967-10-17,2.27
1967-10-18,4.36
1967-10-19,23.9
1967-10-20,37.7
1967-10-21,54.1
1967-10-22,56.1
1967-10-23,56.4
1967-10-24,54.9
1967-10-25,53.8
1967-10-26,53.2
1967-10-27,53.2
1967-10-28,57.2
1967-10-29,57.5
1967-10-30,61.7
1967-10-31,86.7
1967-11-01,98.8
1967-11-02,149
1967-11-03,181
1967-11-04,187
1967-11-05,194
1967-11-06,196
1967-11-07,198
1967-11-08,195
1967-11-09,193
1967-11-10,187
1967-11-11,183
1967-11-12,185
1967-11-13,180
1967-11-14,177
1967-11-15,174
1967-11-16,164
1967-11-17,135
1967-11-18,131
1967-11-19,130
1967-11-20,119
1967-11-21,71.6
1967-11-22,55.2
1967-11-23,19.5
1967-11-24,31.7
1967-11-25,50.1
1967-11-26,52.1
1967-11-27,53.8
1967-11-28,54.4
1967-11-29,47.6
1967-11-30,8.98
1967-12-01,6.12
1967-12-02,5.66
1967-12-03,5.66
1967-12-04,5.52
1967-12-05,10.8
1967-12-06,36
1967-12-07,32.8
1967-12-08,22.3
1967-12-09,17.9
1967-12-10,14.6
1967-12-11,14.7
1967-12-12,14.1
1967-12-13,7.87
1967-12-14,4.9
1967-12-15,4.08
1967-12-16,3.82
1967-12-17,3.74
1967-12-18,3.65
1967-12-19,5.35
1967-12-20,19.8
1967-12-21,31.1
1967-12-22,34
1967-12-23,51.8
1967-12-24,66.8
1967-12-25,69.9
1967-12-26,70.5
1967-12-27,70.5
1967-12-28,69.1
1967-12-29,66.5
1967-12-30,63.7
1967-12-31,60.3
1968-01-01,56.4
1968-01-02,46.4
1968-01-03,18.1
1968-01-04,3.62
1968-01-05,3.26
1968-01-06,3.23
1968-01-07,3.17
1968-01-08,3.09
1968-01-09,2.97
1968-01-10,2.89
1968-01-11,2.79
1968-01-12,2.69
1968-01-13,2.59
1968-01-14,2.5
1968-01-15,2.4
1968-01-16,2.31
1968-01-17,2.21
1968-01-18,2.11
1968-01-19,2.02
1968-01-20,2.02
1968-01-21,2.12
1968-01-22,2.18
1968-01-23,2.1
1968-01-24,2.02
1968-01-25,1.86
1968-01-26,1.68
1968-01-27,1.56
1968-01-28,1.58
1968-01-29,1.61
1968-01-30,1.76
1968-01-31,1.86
1968-02-01,2.04
1968-02-02,4.39
1968-02-03,9.91
1968-02-04,14.2
1968-02-05,14.7
1968-02-06,15.9
1968-02-07,15.9
1968-02-08,15.9
1968-02-09,15.9
1968-02-10,15.9
1968-02-11,17
1968-02-12,25.5
1968-02-13,32
1968-02-14,32.3
1968-02-15,31.7
1968-02-16,30.9
1968-02-17,30.6
1968-02-18,31.1
1968-02-19,31.7
1968-02-20,31.4
1968-02-21,30.6
1968-02-22,30
1968-02-23,29.4
1968-02-24,30
1968-02-25,29.7
1968-02-26,28.9
1968-02-27,28.9
1968-02-28,28.9
1968-02-29,30.6
1968-03-01,30.9
1968-03-02,32
1968-03-03,32
1968-03-04,31.1
1968-03-05,30
1968-03-06,26.1
1968-03-07,17.2
1968-03-08,15.1
1968-03-09,3.34
1968-03-10,2.32
1968-03-11,2.24
1968-03-12,2.24
1968-03-13,2.29
1968-03-14,2.24
1968-03-15,2.18
1968-03-16,2.07
1968-03-17,1.99
1968-03-18,1.97
1968-03-19,1.97
1968-03-20,2.38
1968-03-21,7.59
1968-03-22,11.6
1968-03-23,12.9
1968-03-24,11.9
1968-03-25,11.4
1968-03-26,12
1968-03-27,15.7
1968-03-28,37.4
1968-03-29,60
1968-03-30,86.1
1968-03-31,89.8
1968-04-01,96.3
1968-04-02,100
1968-04-03,104
1968-04-04,110
1968-04-05,116
1968-04-06,116
1968-04-07,117
1968-04-08,118
1968-04-09,112
1968-04-10,101
1968-04-11,40.8
1968-04-12,6.68
1968-04-13,4.19
1968-04-14,3.96
1968-04-15,3.74
1968-04-16,3.43
1968-04-17,3.11
1968-04-18,2.86
1968-04-19,3.17
1968-04-20,4.96
1968-04-21,4.39
1968-04-22,3.85
1968-04-23,3.65
1968-04-24,4.11
1968-04-25,4.28
1968-04-26,4.3
1968-04-27,4.16
1968-04-28,4.22
1968-04-29,4.08
1968-04-30,4.08
1968-05-01,3.91
1968-05-02,4.28
1968-05-03,4.96
1968-05-04,4.96
1968-05-05,5.18
1968-05-06,5.1
1968-05-07,5.1
1968-05-08,4.81
1968-05-09,4.56
1968-05-10,4.47
1968-05-11,4.73
1968-05-12,4.73
1968-05-13,4.59
1968-05-14,4.39
1968-05-15,4.19
1968-05-16,4.3
1968-05-17,4.98
1968-05-18,4.98
1968-05-19,5.27
1968-05-20,5.95
1968-05-21,6.12
1968-05-22,5.61
1968-05-23,5.47
1968-05-24,5.49
1968-05-25,5.89
1968-05-26,5.86
1968-05-27,5.41
1968-05-28,5.86
1968-05-29,4.9
1968-05-30,4.98
1968-05-31,5.66
1968-06-01,4.47
1968-06-02,3
1968-06-03,2.79
1968-06-04,4.16
1968-06-05,4.08
1968-06-06,3.91
1968-06-07,4.28
1968-06-08,4.02
1968-06-09,3.99
1968-06-10,3.88
1968-06-11,2.44
1968-06-12,1.38
1968-06-13,0.883
1968-06-14,0.708
1968-06-15,0.6
1968-06-16,0.578
1968-06-17,0.566
1968-06-18,0.544
1968-06-19,0.544
1968-06-20,0.544
1968-06-21,0.532
1968-06-22,0.589
1968-06-23,0.589
1968-06-24,0.6
1968-06-25,0.637
1968-06-26,0.765
1968-06-27,0.85
1968-06-28,0.9
1968-06-29,0.934
1968-06-30,0.9
1968-07-01,0.85
1968-07-02,0.736
1968-07-03,0.68
1968-07-04,0.68
1968-07-05,0.651
1968-07-06,0.555
1968-07-07,0.51
1968-07-08,0.498
1968-07-09,0.51
1968-07-10,0.521
1968-07-11,0.532
1968-07-12,0.521
1968-07-13,0.544
1968-07-14,0.566
1968-07-15,0.578
1968-07-16,0.589
1968-07-17,0.6
1968-07-18,0.612
1968-07-19,0.736
1968-07-20,0.708
1968-07-21,0.694
1968-07-22,0.68
1968-07-23,0.665
1968-07-24,0.665
1968-07-25,0.665
1968-07-26,0.68
1968-07-27,0.708
1968-07-28,0.765
1968-07-29,0.722
1968-07-30,0.708
1968-07-31,0.722
1968-08-01,0.816
1968-08-02,0.799
1968-08-03,0.833
1968-08-04,0.9
1968-08-05,0.816
1968-08-06,0.799
1968-08-07,0.816
1968-08-08,0.816
1968-08-09,0.833
1968-08-10,0.799
1968-08-11,0.799
1968-08-12,0.799
1968-08-13,0.799
1968-08-14,0.782
1968-08-15,0.765
1968-08-16,0.765
1968-08-17,0.883
1968-08-18,0.883
1968-08-19,0.85
1968-08-20,0.934
1968-08-21,0.974
1968-08-22,0.954
1968-08-23,1.07
1968-08-24,1.09
1968-08-25,0.994
1968-08-26,0.9
1968-08-27,0.85
1968-08-28,0.799
1968-08-29,0.765
1968-08-30,0.765
1968-08-31,0.782
1968-09-01,0.799
1968-09-02,0.833
1968-09-03,0.85
1968-09-04,0.85
1968-09-05,0.85
1968-09-06,1.03
1968-09-07,1.15
1968-09-08,1.09
1968-09-09,1.03
1968-09-10,0.974
1968-09-11,0.917
1968-09-12,0.867
1968-09-13,0.833
1968-09-14,0.799
1968-09-15,0.782
1968-09-16,0.782
1968-09-17,0.782
1968-09-18,0.765
1968-09-19,0.765
1968-09-20,0.75
1968-09-21,0.75
1968-09-22,0.75
1968-09-23,0.736
1968-09-24,0.736
1968-09-25,0.765
1968-09-26,0.782
1968-09-27,0.833
1968-09-28,0.917
1968-09-29,0.917
1968-09-30,0.917
1968-10-01,0.9
1968-10-02,0.9
1968-10-03,0.994
1968-10-04,1.09
1968-10-05,1.09
1968-10-06,1.03
1968-10-07,0.994
1968-10-08,0.994
1968-10-09,0.974
1968-10-10,0.974
1968-10-11,0.934
1968-10-12,0.9
1968-10-13,0.883
1968-10-14,0.867
1968-10-15,0.85
1968-10-16,0.833
1968-10-17,0.833
1968-10-18,0.85
1968-10-19,0.867
1968-10-20,0.85
1968-10-21,0.816
1968-10-22,0.799
1968-10-23,0.799
1968-10-24,0.799
1968-10-25,0.708
1968-10-26,0.623
1968-10-27,0.578
1968-10-28,0.555
1968-10-29,0.544
1968-10-30,0.544
1968-10-31,0.544
1968-11-01,0.544
1968-11-02,0.544
1968-11-03,0.544
1968-11-04,0.532
1968-11-05,0.532
1968-11-06,0.532
1968-11-07,0.544
1968-11-08,0.566
1968-11-09,0.6
1968-11-10,0.623
1968-11-11,0.637
1968-11-12,0.708
1968-11-13,0.75
1968-11-14,0.75
1968-11-15,0.934
1968-11-16,1.01
1968-11-17,0.954
1968-11-18,0.867
1968-11-19,0.85
1968-11-20,0.85
1968-11-21,0.883
1968-11-22,0.954
1968-11-23,1.05
1968-11-24,1.15
1968-11-25,1.4
1968-11-26,1.63
1968-11-27,1.84
1968-11-28,1.81
1968-11-29,1.86
1968-11-30,2.02
1968-12-01,2.12
1968-12-02,2.12
1968-12-03,2.15
1968-12-04,2.15
1968-12-05,2.15
1968-12-06,2.18
1968-12-07,2.21
1968-12-08,2.21
1968-12-09,2.18
1968-12-10,2.1
1968-12-11,2.07
1968-12-12,1.99
1968-12-13,2.58
1968-12-14,5.18
1968-12-15,4.42
1968-12-16,3.51
1968-12-17,3
1968-12-18,2.7
1968-12-19,2.52
1968-12-20,2.49
1968-12-21,2.29
1968-12-22,2.15
1968-12-23,2.12
1968-12-24,2.02
1968-12-25,1.84
1968-12-26,1.74
1968-12-27,1.68
1968-12-28,1.66
1968-12-29,1.66
1968-12-30,1.61
1968-12-31,1.49
1969-01-01,1.45
1969-01-02,1.43
1969-01-03,1.36
1969-01-04,1.33
1969-01-05,1.33
1969-01-06,1.33
1969-01-07,1.4
1969-01-08,1.41
1969-01-09,1.41
1969-01-10,1.42
1969-01-11,1.43
1969-01-12,1.37
1969-01-13,1.24
1969-01-14,1.15
1969-01-15,1.12
1969-01-16,1.1
1969-01-17,1.09
1969-01-18,1.13
1969-01-19,1.16
1969-01-20,1.16
1969-01-21,1.13
1969-01-22,1.08
1969-01-23,1.06
1969-01-24,1.2
1969-01-25,1.48
1969-01-26,1.63
1969-01-27,1.68
1969-01-28,1.68
1969-01-29,1.74
1969-01-30,1.87
1969-01-31,2.09
1969-02-01,2.12
1969-02-02,2.08
1969-02-03,2
1969-02-04,2
1969-02-05,1.93
1969-02-06,1.85
1969-02-07,1.76
1969-02-08,1.68
1969-02-09,1.62
1969-02-10,1.55
1969-02-11,1.49
1969-02-12,1.42
1969-02-13,1.39
1969-02-14,1.36
1969-02-15,1.31
1969-02-16,1.25
1969-02-17,1.18
1969-02-18,1.14
1969-02-19,1.1
1969-02-20,1.08
1969-02-21,1.05
1969-02-22,1.02
1969-02-23,1
1969-02-24,1
1969-02-25,1.01
1969-02-26,0.983
1969-02-27,0.963
1969-02-28,0.946
1969-03-01,0.917
1969-03-02,0.895
1969-03-03,0.886
1969-03-04,0.881
1969-03-05,0.861
1969-03-06,0.892
1969-03-07,1.1
1969-03-08,0.98
1969-03-09,0.898
1969-03-10,0.872
1969-03-11,0.852
1969-03-12,0.838
1969-03-13,0.83
1969-03-14,0.852
1969-03-15,0.858
1969-03-16,0.903
1969-03-17,0.934
1969-03-18,0.951
1969-03-19,1.01
1969-03-20,1.21
1969-03-21,1.89
1969-03-22,2.48
1969-03-23,2.79
1969-03-24,5.64
1969-03-25,34.5
1969-03-26,62
1969-03-27,78.7
1969-03-28,89.8
1969-03-29,92.6
1969-03-30,90
1969-03-31,86.4
1969-04-01,81
1969-04-02,76.7
1969-04-03,69.4
1969-04-04,64.3
1969-04-05,64.3
1969-04-06,62.9
1969-04-07,62
1969-04-08,60.6
1969-04-09,57.2
1969-04-10,72.2
1969-04-11,72.8
1969-04-12,44.2
1969-04-13,52.1
1969-04-14,77.6
1969-04-15,104
1969-04-16,105
1969-04-17,113
1969-04-18,108
1969-04-19,121
1969-04-20,122
1969-04-21,112
1969-04-22,79.3
1969-04-23,33.7
1969-04-24,19.9
1969-04-25,12
1969-04-26,10.8
1969-04-27,10.7
1969-04-28,11.1
1969-04-29,11.2
1969-04-30,10.8
1969-05-01,10.3
1969-05-02,10
1969-05-03,10.4
1969-05-04,10
1969-05-05,9.68
1969-05-06,10.4
1969-05-07,6.48
1969-05-08,9.91
1969-05-09,11.6
1969-05-10,13.4
1969-05-11,12.8
1969-05-12,15.1
1969-05-13,25.6
1969-05-14,28.9
1969-05-15,39.6
1969-05-16,40.8
1969-05-17,43.3
1969-05-18,43.3
1969-05-19,43.3
1969-05-20,46.7
1969-05-21,64.3
1969-05-22,105
1969-05-23,146
1969-05-24,152
1969-05-25,142
1969-05-26,124
1969-05-27,87.2
1969-05-28,74.5
1969-05-29,49.6
1969-05-30,32.8
1969-05-31,25.2
1969-06-01,24.5
1969-06-02,22.1
1969-06-03,18.2
1969-06-04,20.8
1969-06-05,18.9
1969-06-06,15.9
1969-06-07,14.1
1969-06-08,15.2
1969-06-09,16.3
1969-06-10,16.8
1969-06-11,12.5
1969-06-12,4.73
1969-06-13,3.68
1969-06-14,1.8
1969-06-15,1.02
1969-06-16,0.83
1969-06-17,0.765
1969-06-18,0.801
1969-06-19,0.926
1969-06-20,0.9
1969-06-21,0.807
1969-06-22,0.731
1969-06-23,0.784
1969-06-24,0.929
1969-06-25,0.932
1969-06-26,1.12
1969-06-27,10.1
1969-06-28,57.2
1969-06-29,99.7
1969-06-30,78.7
1969-07-01,17
1969-07-02,4.02
1969-07-03,3.06
1969-07-04,3.06
1969-07-05,3.14
1969-07-06,3.03
1969-07-07,2.97
1969-07-08,2.97
1969-07-09,2.83
1969-07-10,2.77
1969-07-11,2.55
1969-07-12,1.46
1969-07-13,0.909
1969-07-14,0.728
1969-07-15,0.663
1969-07-16,0.66
1969-07-17,0.654
1969-07-18,0.631
1969-07-19,0.617
1969-07-20,0.603
1969-07-21,0.592
1969-07-22,0.578
1969-07-23,0.566
1969-07-24,0.552
1969-07-25,0.538
1969-07-26,0.549
1969-07-27,0.561
1969-07-28,0.586
1969-07-29,0.631
1969-07-30,0.614
1969-07-31,0.597
1969-08-01,0.631
1969-08-02,0.651
1969-08-03,0.665
1969-08-04,0.677
1969-08-05,0.691
1969-08-06,0.705
1969-08-07,0.736
1969-08-08,0.776
1969-08-09,0.787
1969-08-10,0.804
1969-08-11,0.813
1969-08-12,0.824
1969-08-13,0.827
1969-08-14,0.818
1969-08-15,0.835
1969-08-16,0.858
1969-08-17,0.946
1969-08-18,0.934
1969-08-19,0.881
1969-08-20,0.841
1969-08-21,0.824
1969-08-22,0.83
1969-08-23,0.835
1969-08-24,0.841
1969-08-25,0.847
1969-08-26,0.844
1969-08-27,0.835
1969-08-28,0.821
1969-08-29,0.83
1969-08-30,0.841
1969-08-31,0.85
1969-09-01,0.861
1969-09-02,0.872
1969-09-03,0.886
1969-09-04,0.895
1969-09-05,0.906
1969-09-06,0.991
1969-09-07,0.951
1969-09-08,0.915
1969-09-09,0.906
1969-09-10,0.903
1969-09-11,0.932
1969-09-12,0.951
1969-09-13,0.917
1969-09-14,0.9
1969-09-15,1.01
1969-09-16,1.48
1969-09-17,1.14
1969-09-18,0.915
1969-09-19,0.881
1969-09-20,0.872
1969-09-21,0.881
1969-09-22,0.889
1969-09-23,0.898
1969-09-24,0.906
1969-09-25,0.912
1969-09-26,0.934
1969-09-27,1.01
1969-09-28,0.974
1969-09-29,0.951
1969-09-30,0.937
1969-10-01,0.929
1969-10-02,0.934
1969-10-03,1
1969-10-04,0.949
1969-10-05,0.906
1969-10-06,0.9
1969-10-07,0.912
1969-10-08,0.932
1969-10-09,0.77
1969-10-10,0.513
1969-10-11,0.416
1969-10-12,0.365
1969-10-13,0.354
1969-10-14,0.408
1969-10-15,0.391
1969-10-16,0.382
1969-10-17,0.411
1969-10-18,0.422
1969-10-19,0.439
1969-10-20,0.549
1969-10-21,0.589
1969-10-22,0.583
1969-10-23,0.575
1969-10-24,0.561
1969-10-25,0.549
1969-10-26,0.541
1969-10-27,0.549
1969-10-28,0.549
1969-10-29,0.549
1969-10-30,0.544
1969-10-31,0.538
1969-11-01,0.53
1969-11-02,0.733
1969-11-03,1.01
1969-11-04,1.38
1969-11-05,1.58
1969-11-06,1.21
1969-11-07,0.98
1969-11-08,0.864
1969-11-09,0.81
1969-11-10,0.779
1969-11-11,0.719
1969-11-12,0.719
1969-11-13,0.793
1969-11-14,0.997
1969-11-15,1.23
1969-11-16,1.18
1969-11-17,1.2
1969-11-18,1.42
1969-11-19,4.19
1969-11-20,32.8
1969-11-21,57.8
1969-11-22,79.9
1969-11-23,105
1969-11-24,108
1969-11-25,106
1969-11-26,106
1969-11-27,105
1969-11-28,95.4
1969-11-29,71.4
1969-11-30,65.4
1969-12-01,45.9
1969-12-02,4.3
1969-12-03,2.55
1969-12-04,2.55
1969-12-05,2.55
1969-12-06,2.55
1969-12-07,2.55
1969-12-08,2.55
1969-12-09,2.55
1969-12-10,2.55
1969-12-11,2.55
1969-12-12,2.55
1969-12-13,2.55
1969-12-14,2.55
1969-12-15,2.55
1969-12-16,2.55
1969-12-17,2.54
1969-12-18,2.52
1969-12-19,2.5
1969-12-20,2.5
1969-12-21,2.49
1969-12-22,2.48
1969-12-23,2.47
1969-12-24,2.47
1969-12-25,2.46
1969-12-26,2.45
1969-12-27,2.44
1969-12-28,2.43
1969-12-29,2.42
1969-12-30,2.42
1969-12-31,2.41
1970-01-01,2.4
1970-01-02,2.39
1970-01-03,2.38
1970-01-04,2.37
1970-01-05,2.36
1970-01-06,2.35
1970-01-07,2.34
1970-01-08,2.34
1970-01-09,2.33
1970-01-10,2.32
1970-01-11,2.31
1970-01-12,2.3
1970-01-13,2.29
1970-01-14,2.24
1970-01-15,2.22
1970-01-16,2.19
1970-01-17,2.2
1970-01-18,2.21
1970-01-19,2.24
1970-01-20,2.22
1970-01-21,2.23
1970-01-22,2.26
1970-01-23,2.27
1970-01-24,2.21
1970-01-25,2.26
1970-01-26,2.36
1970-01-27,2.18
1970-01-28,2.23
1970-01-29,2.43
1970-01-30,2.37
1970-01-31,2.34
1970-02-01,2.39
1970-02-02,2.41
1970-02-03,2.41
1970-02-04,2.38
1970-02-05,2.35
1970-02-06,2.28
1970-02-07,2.26
1970-02-08,2.27
1970-02-09,2.22
1970-02-10,2.22
1970-02-11,2.32
1970-02-12,2.33
1970-02-13,2.3
1970-02-14,2.26
1970-02-15,2.24
1970-02-16,2.26
1970-02-17,2.18
1970-02-18,2.15
1970-02-19,2.3
1970-02-20,2.24
1970-02-21,2.18
1970-02-22,2.15
1970-02-23,2.09
1970-02-24,2.23
1970-02-25,2.29
1970-02-26,2.24
1970-02-27,2.25
1970-02-28,2.25
1970-03-01,2.23
1970-03-02,2.27
1970-03-03,2.27
1970-03-04,2.44
1970-03-05,2.65
1970-03-06,2.56
1970-03-07,2.48
1970-03-08,2.51
1970-03-09,2.49
1970-03-10,2.44
1970-03-11,2.44
1970-03-12,2.46
1970-03-13,2.51
1970-03-14,2.49
1970-03-15,2.47
1970-03-16,2.25
1970-03-17,2.1
1970-03-18,2.2
1970-03-19,2.21
1970-03-20,2.27
1970-03-21,2.44
1970-03-22,2.5
1970-03-23,2.67
1970-03-24,2.83
1970-03-25,2.83
1970-03-26,2.89
1970-03-27,3.06
1970-03-28,3.09
1970-03-29,3.03
1970-03-30,3
1970-03-31,2.89
1970-04-01,2.89
1970-04-02,3.09
1970-04-03,3.28
1970-04-04,3.11
1970-04-05,3.06
1970-04-06,3.11
1970-04-07,3.23
1970-04-08,3.57
1970-04-09,4.67
1970-04-10,5.61
1970-04-11,5.64
1970-04-12,5.75
1970-04-13,14.9
1970-04-14,38.8
1970-04-15,53
1970-04-16,66.3
1970-04-17,69.7
1970-04-18,77.6
1970-04-19,79.9
1970-04-20,83.5
1970-04-21,95.4
1970-04-22,112
1970-04-23,119
1970-04-24,127
1970-04-25,129
1970-04-26,136
1970-04-27,143
1970-04-28,108
1970-04-29,30.3
1970-04-30,39.6
1970-05-01,49
1970-05-02,33.7
1970-05-03,24
1970-05-04,19.7
1970-05-05,23.4
1970-05-06,29.4
1970-05-07,23.1
1970-05-08,17.2
1970-05-09,19.1
1970-05-10,21.4
1970-05-11,18.7
1970-05-12,24.7
1970-05-13,27
1970-05-14,25.4
1970-05-15,24
1970-05-16,28.3
1970-05-17,24.9
1970-05-18,31.7
1970-05-19,27.3
1970-05-20,24.2
1970-05-21,23.2
1970-05-22,23.6
1970-05-23,23.5
1970-05-24,21.8
1970-05-25,18.7
1970-05-26,17.6
1970-05-27,16.7
1970-05-28,13.7
1970-05-29,17
1970-05-30,20.7
1970-05-31,20.9
1970-06-01,16
1970-06-02,13.7
1970-06-03,18.4
1970-06-04,18.2
1970-06-05,17.8
1970-06-06,14.1
1970-06-07,14.1
1970-06-08,14.4
1970-06-09,15.2
1970-06-10,8.41
1970-06-11,3.14
1970-06-12,2.38
1970-06-13,1.29
1970-06-14,0.801
1970-06-15,0.671
1970-06-16,0.609
1970-06-17,0.651
1970-06-18,0.699
1970-06-19,0.708
1970-06-20,0.694
1970-06-21,0.702
1970-06-22,0.691
1970-06-23,0.657
1970-06-24,0.719
1970-06-25,0.847
1970-06-26,0.813
1970-06-27,0.773
1970-06-28,0.739
1970-06-29,0.736
1970-06-30,0.753
1970-07-01,0.827
1970-07-02,0.903
1970-07-03,0.915
1970-07-04,0.929
1970-07-05,0.906
1970-07-06,0.926
1970-07-07,0.946
1970-07-08,0.951
1970-07-09,0.98
1970-07-10,0.994
1970-07-11,1.37
1970-07-12,1.61
1970-07-13,23.3
1970-07-14,24.2
1970-07-15,26.1
1970-07-16,28.3
1970-07-17,29.2
1970-07-18,28.6
1970-07-19,28.6
1970-07-20,30.3
1970-07-21,37.4
1970-07-22,51.3
1970-07-23,95.1
1970-07-24,139
1970-07-25,132
1970-07-26,128
1970-07-27,127
1970-07-28,112
1970-07-29,82.4
1970-07-30,58.6
1970-07-31,7.82
1970-08-01,7.42
1970-08-02,4.16
1970-08-03,2.97
1970-08-04,2.69
1970-08-05,2.57
1970-08-06,2.56
1970-08-07,2.45
1970-08-08,2.59
1970-08-09,2.8
1970-08-10,2.7
1970-08-11,2.61
1970-08-12,1.54
1970-08-13,0.835
1970-08-14,0.569
1970-08-15,0.462
1970-08-16,0.439
1970-08-17,0.442
1970-08-18,0.425
1970-08-19,0.445
1970-08-20,0.464
1970-08-21,0.436
1970-08-22,0.419
1970-08-23,0.405
1970-08-24,0.399
1970-08-25,0.408
1970-08-26,0.416
1970-08-27,0.428
1970-08-28,0.436
1970-08-29,0.419
1970-08-30,0.459
1970-08-31,0.487
1970-09-01,0.425
1970-09-02,0.402
1970-09-03,0.51
1970-09-04,0.614
1970-09-05,0.569
1970-09-06,0.53
1970-09-07,0.507
1970-09-08,0.513
1970-09-09,0.53
1970-09-10,0.467
1970-09-11,0.428
1970-09-12,0.405
1970-09-13,0.402
1970-09-14,0.402
1970-09-15,0.399
1970-09-16,0.405
1970-09-17,0.402
1970-09-18,0.402
1970-09-19,0.394
1970-09-20,0.385
1970-09-21,0.377
1970-09-22,0.377
1970-09-23,0.382
1970-09-24,0.408
1970-09-25,0.439
1970-09-26,0.456
1970-09-27,0.552
1970-09-28,0.564
1970-09-29,0.572
1970-09-30,0.603
1970-10-01,0.569
1970-10-02,0.535
1970-10-03,0.609
1970-10-04,0.668
1970-10-05,0.648
1970-10-06,0.566
1970-10-07,0.53
1970-10-08,0.504
1970-10-09,0.501
1970-10-10,0.487
1970-10-11,0.453
1970-10-12,0.416
1970-10-13,0.408
1970-10-14,0.578
1970-10-15,1.46
1970-10-16,1.35
1970-10-17,1.09
1970-10-18,0.934
1970-10-19,0.878
1970-10-20,0.756
1970-10-21,0.776
1970-10-22,1.06
1970-10-23,1.59
1970-10-24,1.9
1970-10-25,1.91
1970-10-26,1.87
1970-10-27,1.81
1970-10-28,1.72
1970-10-29,1.59
1970-10-30,1.68
1970-10-31,2.19
1970-11-01,2.73
1970-11-02,2.92
1970-11-03,2.7
1970-11-04,2.47
1970-11-05,2.25
1970-11-06,2.05
1970-11-07,1.9
1970-11-08,1.77
1970-11-09,1.63
1970-11-10,1.61
1970-11-11,1.65
1970-11-12,1.83
1970-11-13,1.88
1970-11-14,1.59
1970-11-15,1.45
1970-11-16,1.36
1970-11-17,1.38
1970-11-18,1.42
1970-11-19,1.44
1970-11-20,1.46
1970-11-21,1.53
1970-11-22,1.73
1970-11-23,2
1970-11-24,2.08
1970-11-25,1.99
1970-11-26,1.89
1970-11-27,1.89
1970-11-28,2
1970-11-29,2.09
1970-11-30,2.17
1970-12-01,2.22
1970-12-02,2.29
1970-12-03,2.27
1970-12-04,2.51
1970-12-05,2.49
1970-12-06,2.47
1970-12-07,2.32
1970-12-08,2.25
1970-12-09,2.21
1970-12-10,2.23
1970-12-11,2.15
1970-12-12,2
1970-12-13,1.97
1970-12-14,1.92
1970-12-15,1.82
1970-12-16,1.74
1970-12-17,1.72
1970-12-18,1.67
1970-12-19,1.64
1970-12-20,1.63
1970-12-21,1.57
1970-12-22,1.52
1970-12-23,1.5
1970-12-24,1.53
1970-12-25,1.5
1970-12-26,1.46
1970-12-27,1.42
1970-12-28,1.36
1970-12-29,1.32
1970-12-30,1.27
1970-12-31,1.23
1971-01-01,1.22
1971-01-02,1.23
1971-01-03,1.21
1971-01-04,1.16
1971-01-05,1.3
1971-01-06,1.36
1971-01-07,1.4
1971-01-08,1.37
1971-01-09,1.34
1971-01-10,1.35
1971-01-11,1.35
1971-01-12,1.39
1971-01-13,1.33
1971-01-14,1.3
1971-01-15,1.28
1971-01-16,1.26
1971-01-17,1.23
1971-01-18,1.19
1971-01-19,1.16
1971-01-20,1.14
1971-01-21,1.15
1971-01-22,1.19
1971-01-23,1.17
1971-01-24,1.14
1971-01-25,1.1
1971-01-26,1.12
1971-01-27,1.15
1971-01-28,1.14
1971-01-29,1.18
1971-01-30,1.23
1971-01-31,1.21
1971-02-01,1.19
1971-02-02,1.16
1971-02-03,1.14
1971-02-04,1.1
1971-02-05,1.22
1971-02-06,1.25
1971-02-07,1.23
1971-02-08,1.22
1971-02-09,1.19
1971-02-10,1.16
1971-02-11,1.14
1971-02-12,1.13
1971-02-13,1.14
1971-02-14,1.13
1971-02-15,1.09
1971-02-16,1.05
1971-02-17,1.03
1971-02-18,1.04
1971-02-19,1.02
1971-02-20,1.12
1971-02-21,1.22
1971-02-22,1.24
1971-02-23,1.35
1971-02-24,1.37
1971-02-25,1.35
1971-02-26,1.33
1971-02-27,1.53
1971-02-28,1.75
1971-03-01,1.76
1971-03-02,1.73
1971-03-03,1.71
1971-03-04,2.43
1971-03-05,18.6
1971-03-06,20.8
1971-03-07,21.5
1971-03-08,21.5
1971-03-09,23.6
1971-03-10,38.2
1971-03-11,43
1971-03-12,44.2
1971-03-13,43.6
1971-03-14,42.2
1971-03-15,41.6
1971-03-16,45.6
1971-03-17,46.2
1971-03-18,56.9
1971-03-19,71.1
1971-03-20,69.1
1971-03-21,64.3
1971-03-22,60
1971-03-23,57.2
1971-03-24,51.8
1971-03-25,47
1971-03-26,41.6
1971-03-27,39.9
1971-03-28,37.1
1971-03-29,33.1
1971-03-30,30.3
1971-03-31,29.2
1971-04-01,25.4
1971-04-02,22.5
1971-04-03,24.8
1971-04-04,25.4
1971-04-05,25.1
1971-04-06,24.9
1971-04-07,25
1971-04-08,26.6
1971-04-09,28.9
1971-04-10,30
1971-04-11,31.7
1971-04-12,33.7
1971-04-13,40.8
1971-04-14,60
1971-04-15,67.1
1971-04-16,86.9
1971-04-17,92.3
1971-04-18,103
1971-04-19,118
1971-04-20,132
1971-04-21,143
1971-04-22,156
1971-04-23,170
1971-04-24,175
1971-04-25,170
1971-04-26,182
1971-04-27,194
1971-04-28,197
1971-04-29,192
1971-04-30,148
1971-05-01,49.8
1971-05-02,24.8
1971-05-03,20
1971-05-04,32.3
1971-05-05,38.8
1971-05-06,49.6
1971-05-07,51.3
1971-05-08,57.2
1971-05-09,57.8
1971-05-10,57.2
1971-05-11,56.4
1971-05-12,55.5
1971-05-13,53.2
1971-05-14,53.2
1971-05-15,52.7
1971-05-16,49
1971-05-17,46.4
1971-05-18,37.4
1971-05-19,36.8
1971-05-20,34.8
1971-05-21,34.5
1971-05-22,36
1971-05-23,36.5
1971-05-24,36.2
1971-05-25,39.4
1971-05-26,45
1971-05-27,45.3
1971-05-28,41.1
1971-05-29,40.8
1971-05-30,40.8
1971-05-31,40.5
1971-06-01,41.3
1971-06-02,43.6
1971-06-03,41.3
1971-06-04,39.6
1971-06-05,40.5
1971-06-06,40.8
1971-06-07,40.5
1971-06-08,40.8
1971-06-09,40.8
1971-06-10,39.6
1971-06-11,38.8
1971-06-12,35.4
1971-06-13,7.45
1971-06-14,4.59
1971-06-15,3.68
1971-06-16,1.47
1971-06-17,0.691
1971-06-18,0.513
1971-06-19,0.467
1971-06-20,0.464
1971-06-21,0.47
1971-06-22,0.47
1971-06-23,0.473
1971-06-24,0.498
1971-06-25,0.654
1971-06-26,0.722
1971-06-27,0.66
1971-06-28,0.674
1971-06-29,0.62
1971-06-30,0.58
1971-07-01,0.566
1971-07-02,0.569
1971-07-03,0.566
1971-07-04,0.572
1971-07-05,0.586
1971-07-06,0.603
1971-07-07,0.606
1971-07-08,0.6
1971-07-09,0.597
1971-07-10,0.578
1971-07-11,0.575
1971-07-12,0.595
1971-07-13,0.623
1971-07-14,0.617
1971-07-15,0.609
1971-07-16,0.631
1971-07-17,0.807
1971-07-18,0.716
1971-07-19,0.682
1971-07-20,0.691
1971-07-21,0.677
1971-07-22,0.714
1971-07-23,0.77
1971-07-24,0.756
1971-07-25,0.765
1971-07-26,0.83
1971-07-27,0.83
1971-07-28,0.787
1971-07-29,1.05
1971-07-30,1.01
1971-07-31,0.855
1971-08-01,0.821
1971-08-02,0.796
1971-08-03,0.801
1971-08-04,0.807
1971-08-05,0.799
1971-08-06,0.804
1971-08-07,0.813
1971-08-08,0.816
1971-08-09,0.838
1971-08-10,0.881
1971-08-11,1.02
1971-08-12,0.926
1971-08-13,0.895
1971-08-14,0.912
1971-08-15,0.929
1971-08-16,0.912
1971-08-17,0.906
1971-08-18,0.909
1971-08-19,0.906
1971-08-20,0.917
1971-08-21,0.932
1971-08-22,0.96
1971-08-23,1.04
1971-08-24,0.954
1971-08-25,0.957
1971-08-26,0.968
1971-08-27,0.997
1971-08-28,0.971
1971-08-29,0.951
1971-08-30,0.94
1971-08-31,0.94
1971-09-01,0.934
1971-09-02,0.926
1971-09-03,0.963
1971-09-04,0.949
1971-09-05,0.997
1971-09-06,0.963
1971-09-07,1.51
1971-09-08,6.51
1971-09-09,8.21
1971-09-10,10.5
1971-09-11,3.48
1971-09-12,1.4
1971-09-13,1.22
1971-09-14,1.16
1971-09-15,1.11
1971-09-16,1.07
1971-09-17,1.07
1971-09-18,1.04
1971-09-19,1.04
1971-09-20,1.02
1971-09-21,1
1971-09-22,1
1971-09-23,1.01
1971-09-24,0.991
1971-09-25,0.991
1971-09-26,0.985
1971-09-27,0.974
1971-09-28,0.954
1971-09-29,0.934
1971-09-30,0.917
1971-10-01,0.898
1971-10-02,0.875
1971-10-03,0.861
1971-10-04,0.841
1971-10-05,0.813
1971-10-06,0.762
1971-10-07,0.739
1971-10-08,0.756
1971-10-09,0.801
1971-10-10,0.793
1971-10-11,0.816
1971-10-12,0.801
1971-10-13,0.753
1971-10-14,0.733
1971-10-15,0.971
1971-10-16,9.6
1971-10-17,12.8
1971-10-18,14
1971-10-19,12.3
1971-10-20,11.8
1971-10-21,12
1971-10-22,11.1
1971-10-23,11.3
1971-10-24,10.4
1971-10-25,9.17
1971-10-26,10.8
1971-10-27,11.4
1971-10-28,11.6
1971-10-29,8.38
1971-10-30,1.51
1971-10-31,0.682
1971-11-01,0.515
1971-11-02,0.487
1971-11-03,0.487
1971-11-04,0.532
1971-11-05,0.535
1971-11-06,0.504
1971-11-07,0.518
1971-11-08,0.544
1971-11-09,0.541
1971-11-10,0.586
1971-11-11,0.643
1971-11-12,0.745
1971-11-13,0.742
1971-11-14,0.637
1971-11-15,0.637
1971-11-16,0.637
1971-11-17,0.606
1971-11-18,0.592
1971-11-19,0.643
1971-11-20,0.745
1971-11-21,0.79
1971-11-22,0.748
1971-11-23,0.697
1971-11-24,0.657
1971-11-25,0.623
1971-11-26,0.634
1971-11-27,0.716
1971-11-28,0.767
1971-11-29,0.784
1971-11-30,0.79
1971-12-01,0.762
1971-12-02,0.753
1971-12-03,0.779
1971-12-04,0.801
1971-12-05,0.852
1971-12-06,0.94
1971-12-07,1.05
1971-12-08,1.11
1971-12-09,1.22
1971-12-10,1.53
1971-12-11,2.32
1971-12-12,2.38
1971-12-13,2.24
1971-12-14,2.13
1971-12-15,2.36
1971-12-16,4.02
1971-12-17,4.13
1971-12-18,3.85
1971-12-19,3.68
1971-12-20,3.57
1971-12-21,3.34
1971-12-22,3
1971-12-23,2.78
1971-12-24,2.69
1971-12-25,2.55
1971-12-26,2.46
1971-12-27,2.25
1971-12-28,2.17
1971-12-29,2.06
1971-12-30,2.03
1971-12-31,2.01
1972-01-01,1.93
1972-01-02,1.89
1972-01-03,2.25
1972-01-04,1.97
1972-01-05,1.73
1972-01-06,1.61
1972-01-07,1.55
1972-01-08,1.49
1972-01-09,1.46
1972-01-10,1.46
1972-01-11,1.43
1972-01-12,1.4
1972-01-13,1.38
1972-01-14,1.4
1972-01-15,1.38
1972-01-16,1.33
1972-01-17,1.31
1972-01-18,1.29
1972-01-19,1.35
1972-01-20,1.38
1972-01-21,1.39
1972-01-22,1.36
1972-01-23,1.54
1972-01-24,1.64
1972-01-25,1.73
1972-01-26,1.77
1972-01-27,1.74
1972-01-28,1.78
1972-01-29,1.78
1972-01-30,1.74
1972-01-31,1.7
1972-02-01,1.63
1972-02-02,1.55
1972-02-03,1.63
1972-02-04,1.73
1972-02-05,1.68
1972-02-06,1.7
1972-02-07,1.65
1972-02-08,1.58
1972-02-09,1.54
1972-02-10,1.47
1972-02-11,1.4
1972-02-12,1.35
1972-02-13,1.3
1972-02-14,1.27
1972-02-15,1.26
1972-02-16,1.25
1972-02-17,1.23
1972-02-18,1.2
1972-02-19,1.2
1972-02-20,1.18
1972-02-21,1.18
1972-02-22,1.15
1972-02-23,1.11
1972-02-24,1.12
1972-02-25,1.08
1972-02-26,1.05
1972-02-27,1.06
1972-02-28,1.06
1972-02-29,1.02
1972-03-01,1.04
1972-03-02,1.06
1972-03-03,1.06
1972-03-04,1.04
1972-03-05,1.03
1972-03-06,0.985
1972-03-07,0.997
1972-03-08,1.04
1972-03-09,1.05
1972-03-10,1.03
1972-03-11,1.01
1972-03-12,0.977
1972-03-13,0.943
1972-03-14,1.03
1972-03-15,1.06
1972-03-16,1.03
1972-03-17,1.03
1972-03-18,1.02
1972-03-19,0.985
1972-03-20,0.937
1972-03-21,0.92
1972-03-22,1.31
1972-03-23,1.78
1972-03-24,1.89
1972-03-25,1.95
1972-03-26,2
1972-03-27,2
1972-03-28,2
1972-03-29,13.3
1972-03-30,26.1
1972-03-31,26.3
1972-04-01,24.4
1972-04-02,22.7
1972-04-03,23.8
1972-04-04,24.4
1972-04-05,30.6
1972-04-06,56.1
1972-04-07,48.7
1972-04-08,48.7
1972-04-09,45.3
1972-04-10,42.8
1972-04-11,42.8
1972-04-12,42.8
1972-04-13,42.2
1972-04-14,47.6
1972-04-15,60
1972-04-16,65.7
1972-04-17,75
1972-04-18,80.1
1972-04-19,91.5
1972-04-20,106
1972-04-21,120
1972-04-22,130
1972-04-23,137
1972-04-24,144
1972-04-25,150
1972-04-26,154
1972-04-27,152
1972-04-28,147
1972-04-29,147
1972-04-30,148
1972-05-01,148
1972-05-02,140
1972-05-03,129
1972-05-04,113
1972-05-05,89.5
1972-05-06,46.2
1972-05-07,42.2
1972-05-08,43.3
1972-05-09,45.3
1972-05-10,46.7
1972-05-11,49.6
1972-05-12,58.3
1972-05-13,60
1972-05-14,59.5
1972-05-15,58.9
1972-05-16,61.4
1972-05-17,74.2
1972-05-18,94.3
1972-05-19,105
1972-05-20,104
1972-05-21,103
1972-05-22,100
1972-05-23,97.4
1972-05-24,91.7
1972-05-25,78.2
1972-05-26,70.2
1972-05-27,57.2
1972-05-28,49
1972-05-29,49.6
1972-05-30,65.7
1972-05-31,64.3
1972-06-01,62.9
1972-06-02,65.7
1972-06-03,68.8
1972-06-04,68.5
1972-06-05,59.2
1972-06-06,53.2
1972-06-07,49.3
1972-06-08,51.3
1972-06-09,32.6
1972-06-10,29.2
1972-06-11,18
1972-06-12,14.4
1972-06-13,4.5
1972-06-14,1.96
1972-06-15,1.02
1972-06-16,0.685
1972-06-17,0.535
1972-06-18,0.484
1972-06-19,0.462
1972-06-20,0.487
1972-06-21,0.603
1972-06-22,0.773
1972-06-23,0.81
1972-06-24,0.759
1972-06-25,0.745
1972-06-26,0.694
1972-06-27,0.651
1972-06-28,0.68
1972-06-29,0.572
1972-06-30,0.507
1972-07-01,0.462
1972-07-02,0.453
1972-07-03,0.447
1972-07-04,0.433
1972-07-05,0.413
1972-07-06,0.411
1972-07-07,0.442
1972-07-08,0.504
1972-07-09,0.53
1972-07-10,0.572
1972-07-11,0.617
1972-07-12,0.629
1972-07-13,0.762
1972-07-14,0.824
1972-07-15,1.01
1972-07-16,1.08
1972-07-17,0.878
1972-07-18,0.742
1972-07-19,0.742
1972-07-20,0.762
1972-07-21,0.776
1972-07-22,0.728
1972-07-23,0.733
1972-07-24,0.804
1972-07-25,0.801
1972-07-26,0.756
1972-07-27,0.705
1972-07-28,0.697
1972-07-29,0.694
1972-07-30,0.668
1972-07-31,0.606
1972-08-01,0.614
1972-08-02,0.646
1972-08-03,0.697
1972-08-04,0.671
1972-08-05,0.66
1972-08-06,0.663
1972-08-07,0.807
1972-08-08,0.847
1972-08-09,0.994
1972-08-10,1.05
1972-08-11,0.968
1972-08-12,1.01
1972-08-13,1.04
1972-08-14,1.08
1972-08-15,1.07
1972-08-16,1.02
1972-08-17,0.988
1972-08-18,1.06
1972-08-19,1.14
1972-08-20,1.1
1972-08-21,1.17
1972-08-22,1.22
1972-08-23,1.14
1972-08-24,1.11
1972-08-25,1.18
1972-08-26,1.11
1972-08-27,1.17
1972-08-28,1.26
1972-08-29,1.2
1972-08-30,1.07
1972-08-31,0.932
1972-09-01,0.869
1972-09-02,0.867
1972-09-03,0.872
1972-09-04,0.827
1972-09-05,0.79
1972-09-06,0.767
1972-09-07,0.75
1972-09-08,0.844
1972-09-09,0.793
1972-09-10,0.787
1972-09-11,0.742
1972-09-12,0.725
1972-09-13,0.773
1972-09-14,0.824
1972-09-15,0.813
1972-09-16,0.796
1972-09-17,0.83
1972-09-18,0.864
1972-09-19,0.898
1972-09-20,0.869
1972-09-21,0.833
1972-09-22,0.796
1972-09-23,0.759
1972-09-24,0.742
1972-09-25,0.782
1972-09-26,0.878
1972-09-27,0.878
1972-09-28,0.833
1972-09-29,0.838
1972-09-30,0.895
1972-10-01,0.861
1972-10-02,0.827
1972-10-03,0.799
1972-10-04,0.773
1972-10-05,0.733
1972-10-06,0.784
1972-10-07,0.838
1972-10-08,0.784
1972-10-09,0.736
1972-10-10,0.699
1972-10-11,0.671
1972-10-12,0.671
1972-10-13,0.654
1972-10-14,0.623
1972-10-15,0.612
1972-10-16,0.612
1972-10-17,0.603
1972-10-18,0.595
1972-10-19,0.6
1972-10-20,0.614
1972-10-21,0.62
1972-10-22,0.646
1972-10-23,0.974
1972-10-24,1.76
1972-10-25,3.68
1972-10-26,8.5
1972-10-27,24.4
1972-10-28,24.4
1972-10-29,24.4
1972-10-30,27.2
1972-10-31,24.4
1972-11-01,25.5
1972-11-02,25.8
1972-11-03,26.8
1972-11-04,27.1
1972-11-05,25.5
1972-11-06,24.6
1972-11-07,23.9
1972-11-08,27.8
1972-11-09,40.2
1972-11-10,46.2
1972-11-11,54.1
1972-11-12,52.4
1972-11-13,50.1
1972-11-14,45.9
1972-11-15,43.6
1972-11-16,46.7
1972-11-17,42.5
1972-11-18,26.7
1972-11-19,21.2
1972-11-20,22.6
1972-11-21,28.9
1972-11-22,29.7
1972-11-23,10.5
1972-11-24,3.23
1972-11-25,1.94
1972-11-26,1.82
1972-11-27,2
1972-11-28,2.09
1972-11-29,2.23
1972-11-30,2.29
1972-12-01,2.11
1972-12-02,1.97
1972-12-03,2
1972-12-04,1.91
1972-12-05,1.82
1972-12-06,2.03
1972-12-07,2.22
1972-12-08,2.18
1972-12-09,2.19
1972-12-10,2.19
1972-12-11,2.13
1972-12-12,2.19
1972-12-13,2.51
1972-12-14,2.56
1972-12-15,2.57
1972-12-16,2.57
1972-12-17,2.46
1972-12-18,2.35
1972-12-19,2.33
1972-12-20,2.31
1972-12-21,2.36
1972-12-22,2.28
1972-12-23,2.19
1972-12-24,2.08
1972-12-25,2.08
1972-12-26,2.12
1972-12-27,2.07
1972-12-28,2
1972-12-29,1.91
1972-12-30,2.02
1972-12-31,2.24
1973-01-01,2.53
1973-01-02,2.63
1973-01-03,2.57
1973-01-04,2.64
1973-01-05,2.81
1973-01-06,2.81
1973-01-07,2.72
1973-01-08,2.64
1973-01-09,2.57
1973-01-10,2.58
1973-01-11,2.6
1973-01-12,2.59
1973-01-13,2.46
1973-01-14,2.37
1973-01-15,2.33
1973-01-16,2.2
1973-01-17,2.07
1973-01-18,2.06
1973-01-19,2.32
1973-01-20,2.7
1973-01-21,2.78
1973-01-22,2.75
1973-01-23,3.26
1973-01-24,3.65
1973-01-25,3.54
1973-01-26,8.67
1973-01-27,23.7
1973-01-28,23.4
1973-01-29,22.8
1973-01-30,22.1
1973-01-31,22.9
1973-02-01,23.5
1973-02-02,24.2
1973-02-03,25
1973-02-04,25
1973-02-05,24.6
1973-02-06,24
1973-02-07,24.4
1973-02-08,33.4
1973-02-09,52.1
1973-02-10,54.1
1973-02-11,53.5
1973-02-12,52.1
1973-02-13,51
1973-02-14,47.6
1973-02-15,46.4
1973-02-16,44.7
1973-02-17,43.6
1973-02-18,41.6
1973-02-19,37.9
1973-02-20,36.5
1973-02-21,40.8
1973-02-22,40.5
1973-02-23,38.2
1973-02-24,34.3
1973-02-25,31.1
1973-02-26,28.3
1973-02-27,28.6
1973-02-28,27.9
1973-03-01,22.3
1973-03-02,19.3
1973-03-03,18.5
1973-03-04,17.6
1973-03-05,16.9
1973-03-06,20.3
1973-03-07,24.3
1973-03-08,38.5
1973-03-09,69.7
1973-03-10,87.8
1973-03-11,91.5
1973-03-12,103
1973-03-13,113
1973-03-14,129
1973-03-15,140
1973-03-16,158
1973-03-17,160
1973-03-18,156
1973-03-19,163
1973-03-20,176
1973-03-21,174
1973-03-22,172
1973-03-23,168
1973-03-24,165
1973-03-25,163
1973-03-26,161
1973-03-27,159
1973-03-28,151
1973-03-29,142
1973-03-30,141
1973-03-31,137
1973-04-01,142
1973-04-02,143
1973-04-03,151
1973-04-04,161
1973-04-05,176
1973-04-06,196
1973-04-07,196
1973-04-08,195
1973-04-09,197
1973-04-10,193
1973-04-11,177
1973-04-12,144
1973-04-13,108
1973-04-14,34.3
1973-04-15,28.9
1973-04-16,23.4
1973-04-17,15.3
1973-04-18,13
1973-04-19,12.3
1973-04-20,13.2
1973-04-21,13.5
1973-04-22,13.4
1973-04-23,13.2
1973-04-24,12.9
1973-04-25,12.5
1973-04-26,12.6
1973-04-27,12.9
1973-04-28,14.3
1973-04-29,14.9
1973-04-30,14.6
1973-05-01,15.2
1973-05-02,16.5
1973-05-03,16.3
1973-05-04,14.4
1973-05-05,13.3
1973-05-06,14.8
1973-05-07,15.5
1973-05-08,15.7
1973-05-09,16.7
1973-05-10,17.8
1973-05-11,16.8
1973-05-12,15.4
1973-05-13,14.7
1973-05-14,16.1
1973-05-15,20
1973-05-16,19.9
1973-05-17,17.1
1973-05-18,15.6
1973-05-19,14.9
1973-05-20,13.8
1973-05-21,14.9
1973-05-22,15.3
1973-05-23,14.8
1973-05-24,15.5
1973-05-25,15.3
1973-05-26,15.5
1973-05-27,16.9
1973-05-28,19.4
1973-05-29,18.4
1973-05-30,16.7
1973-05-31,12.7
1973-06-01,4.53
1973-06-02,3.45
1973-06-03,3.31
1973-06-04,3.43
1973-06-05,3.17
1973-06-06,2.94
1973-06-07,2.86
1973-06-08,6.06
1973-06-09,28.3
1973-06-10,30.9
1973-06-11,39.4
1973-06-12,57.2
1973-06-13,56.1
1973-06-14,53.5
1973-06-15,51.8
1973-06-16,51.5
1973-06-17,48.1
1973-06-18,31.1
1973-06-19,4.62
1973-06-20,3.03
1973-06-21,3
1973-06-22,2.97
1973-06-23,2.83
1973-06-24,3.06
1973-06-25,3.28
1973-06-26,3.09
1973-06-27,3.48
1973-06-28,3.54
1973-06-29,3.48
1973-06-30,3.51
1973-07-01,3.45
1973-07-02,3.51
1973-07-03,3.65
1973-07-04,3.94
1973-07-05,3.57
1973-07-06,3.45
1973-07-07,3.28
1973-07-08,3.03
1973-07-09,2.97
1973-07-10,3.14
1973-07-11,3.31
1973-07-12,3.4
1973-07-13,3.4
1973-07-14,3.31
1973-07-15,3.31
1973-07-16,3.37
1973-07-17,3.34
1973-07-18,3.37
1973-07-19,3.4
1973-07-20,3.48
1973-07-21,3.43
1973-07-22,3.4
1973-07-23,3.34
1973-07-24,3.26
1973-07-25,3.34
1973-07-26,3.31
1973-07-27,3.48
1973-07-28,3.54
1973-07-29,3.45
1973-07-30,3.51
1973-07-31,3.6
1973-08-01,3.68
1973-08-02,3.6
1973-08-03,3.6
1973-08-04,3.6
1973-08-05,3.57
1973-08-06,3.54
1973-08-07,3.57
1973-08-08,3.6
1973-08-09,3.82
1973-08-10,4.3
1973-08-11,4.08
1973-08-12,3.71
1973-08-13,3.62
1973-08-14,3.6
1973-08-15,3.57
1973-08-16,3.54
1973-08-17,3.54
1973-08-18,3.51
1973-08-19,3.48
1973-08-20,3.51
1973-08-21,3.54
1973-08-22,3.51
1973-08-23,3.6
1973-08-24,3.6
1973-08-25,3.6
1973-08-26,3.65
1973-08-27,3.71
1973-08-28,3.74
1973-08-29,3.77
1973-08-30,3.79
1973-08-31,3.74
1973-09-01,3.68
1973-09-02,3.65
1973-09-03,3.68
1973-09-04,3.79
1973-09-05,3.82
1973-09-06,3.82
1973-09-07,3.77
1973-09-08,3.82
1973-09-09,3.79
1973-09-10,3.74
1973-09-11,3.74
1973-09-12,3.74
1973-09-13,3.74
1973-09-14,3.74
1973-09-15,3.74
1973-09-16,3.79
1973-09-17,3.85
1973-09-18,3.96
1973-09-19,3.94
1973-09-20,3.94
1973-09-21,3.88
1973-09-22,4.11
1973-09-23,3.96
1973-09-24,3.88
1973-09-25,3.85
1973-09-26,3.85
1973-09-27,3.71
1973-09-28,3.65
1973-09-29,3.65
1973-09-30,3.71
1973-10-01,3.74
1973-10-02,3.71
1973-10-03,3.74
1973-10-04,3.45
1973-10-05,3.28
1973-10-06,3.14
1973-10-07,3.03
1973-10-08,2.89
1973-10-09,2.8
1973-10-10,2.78
1973-10-11,2.73
1973-10-12,2.51
1973-10-13,2.69
1973-10-14,2.72
1973-10-15,2.57
1973-10-16,2.65
1973-10-17,2.66
1973-10-18,2.81
1973-10-19,2.86
1973-10-20,2.92
1973-10-21,2.92
1973-10-22,2.94
1973-10-23,2.94
1973-10-24,2.92
1973-10-25,2.8
1973-10-26,2.8
1973-10-27,2.81
1973-10-28,2.77
1973-10-29,2.7
1973-10-30,2.7
1973-10-31,2.79
1973-11-01,3.06
1973-11-02,3.26
1973-11-03,3.37
1973-11-04,3.26
1973-11-05,3.17
1973-11-06,3.2
1973-11-07,3.26
1973-11-08,3.57
1973-11-09,3.77
1973-11-10,3.71
1973-11-11,3.65
1973-11-12,3.88
1973-11-13,4.05
1973-11-14,4.02
1973-11-15,4.22
1973-11-16,4.42
1973-11-17,4.39
1973-11-18,4.42
1973-11-19,4.3
1973-11-20,4.22
1973-11-21,4.19
1973-11-22,4.45
1973-11-23,4.39
1973-11-24,4.39
1973-11-25,4.87
1973-11-26,4.81
1973-11-27,4.73
1973-11-28,5.21
1973-11-29,6.4
1973-11-30,6.09
1973-12-01,5.58
1973-12-02,5.27
1973-12-03,4.96
1973-12-04,4.81
1973-12-05,5.04
1973-12-06,4.93
1973-12-07,4.81
1973-12-08,4.56
1973-12-09,4.33
1973-12-10,4.28
1973-12-11,7.36
1973-12-12,20.2
1973-12-13,24.1
1973-12-14,22.5
1973-12-15,21
1973-12-16,19.6
1973-12-17,17.9
1973-12-18,13
1973-12-19,10.5
1973-12-20,3.82
1973-12-21,3.65
1973-12-22,3.65
1973-12-23,3.6
1973-12-24,3.43
1973-12-25,3.48
1973-12-26,3.57
1973-12-27,3.62
1973-12-28,3.65
1973-12-29,3.62
1973-12-30,3.77
1973-12-31,3.74
1974-01-01,3.68
1974-01-02,3.65
1974-01-03,3.65
1974-01-04,3.68
1974-01-05,3.71
1974-01-06,3.62
1974-01-07,3.85
1974-01-08,3.85
1974-01-09,3.74
1974-01-10,3.71
1974-01-11,3.71
1974-01-12,3.74
1974-01-13,3.77
1974-01-14,3.74
1974-01-15,3.74
1974-01-16,3.71
1974-01-17,3.62
1974-01-18,3.54
1974-01-19,3.54
1974-01-20,3.68
1974-01-21,3.85
1974-01-22,3.79
1974-01-23,3.88
1974-01-24,3.82
1974-01-25,3.74
1974-01-26,3.68
1974-01-27,4.64
1974-01-28,5.21
1974-01-29,5.21
1974-01-30,5.04
1974-01-31,5.13
1974-02-01,5.13
1974-02-02,4.98
1974-02-03,4.81
1974-02-04,4.67
1974-02-05,4.45
1974-02-06,4.3
1974-02-07,4.19
1974-02-08,4.05
1974-02-09,3.94
1974-02-10,3.82
1974-02-11,3.68
1974-02-12,3.68
1974-02-13,3.6
1974-02-14,3.54
1974-02-15,3.6
1974-02-16,3.48
1974-02-17,3.4
1974-02-18,3.37
1974-02-19,3.48
1974-02-20,3.54
1974-02-21,5.69
1974-02-22,30
1974-02-23,34
1974-02-24,33.4
1974-02-25,31.1
1974-02-26,28.6
1974-02-27,29.2
1974-02-28,42.8
1974-03-01,45
1974-03-02,42.2
1974-03-03,38.8
1974-03-04,36
1974-03-05,39.1
1974-03-06,42.2
1974-03-07,44.5
1974-03-08,65.4
1974-03-09,93.4
1974-03-10,92.6
1974-03-11,89.5
1974-03-12,90
1974-03-13,89.8
1974-03-14,85.5
1974-03-15,81.3
1974-03-16,79.6
1974-03-17,75.6
1974-03-18,70.8
1974-03-19,66.8
1974-03-20,62.6
1974-03-21,59.2
1974-03-22,54.4
1974-03-23,50.4
1974-03-24,48.1
1974-03-25,42.8
1974-03-26,38.8
1974-03-27,39.1
1974-03-28,36.8
1974-03-29,31.4
1974-03-30,27.4
1974-03-31,26.3
1974-04-01,24.2
1974-04-02,18.6
1974-04-03,7.25
1974-04-04,15.5
1974-04-05,21.9
1974-04-06,32
1974-04-07,33.4
1974-04-08,32.8
1974-04-09,35.1
1974-04-10,41.3
1974-04-11,41.9
1974-04-12,45
1974-04-13,46.4
1974-04-14,56.1
1974-04-15,92.6
1974-04-16,113
1974-04-17,128
1974-04-18,144
1974-04-19,153
1974-04-20,162
1974-04-21,169
1974-04-22,176
1974-04-23,173
1974-04-24,167
1974-04-25,173
1974-04-26,174
1974-04-27,174
1974-04-28,172
1974-04-29,170
1974-04-30,155
1974-05-01,109
1974-05-02,50.1
1974-05-03,25.5
1974-05-04,24.9
1974-05-05,26
1974-05-06,27.8
1974-05-07,29.2
1974-05-08,26.9
1974-05-09,27.4
1974-05-10,32.3
1974-05-11,37.7
1974-05-12,37.4
1974-05-13,42.2
1974-05-14,61.7
1974-05-15,101
1974-05-16,125
1974-05-17,140
1974-05-18,146
1974-05-19,145
1974-05-20,142
1974-05-21,136
1974-05-22,135
1974-05-23,146
1974-05-24,147
1974-05-25,138
1974-05-26,130
1974-05-27,123
1974-05-28,102
1974-05-29,69.4
1974-05-30,34
1974-05-31,15.3
1974-06-01,12.9
1974-06-02,11.8
1974-06-03,13.5
1974-06-04,21
1974-06-05,18.6
1974-06-06,17.2
1974-06-07,21.5
1974-06-08,23.1
1974-06-09,21.9
1974-06-10,18.9
1974-06-11,14.3
1974-06-12,13.3
1974-06-13,12.6
1974-06-14,13.1
1974-06-15,14
1974-06-16,15.1
1974-06-17,12.4
1974-06-18,4.19
1974-06-19,3.62
1974-06-20,5.66
1974-06-21,22.3
1974-06-22,22.1
1974-06-23,20.9
1974-06-24,20.4
1974-06-25,20.3
1974-06-26,20.7
1974-06-27,21
1974-06-28,18.4
1974-06-29,5.27
1974-06-30,3.6
1974-07-01,3.54
1974-07-02,3.57
1974-07-03,4.56
1974-07-04,6.91
1974-07-05,9.97
1974-07-06,4.47
1974-07-07,4.16
1974-07-08,4.16
1974-07-09,3.94
1974-07-10,3.88
1974-07-11,3.91
1974-07-12,3.88
1974-07-13,4.13
1974-07-14,4.16
1974-07-15,4.11
1974-07-16,4.16
1974-07-17,4.08
1974-07-18,4.22
1974-07-19,4.25
1974-07-20,4.19
1974-07-21,4.13
1974-07-22,4.11
1974-07-23,4.11
1974-07-24,4.13
1974-07-25,4.13
1974-07-26,4.11
1974-07-27,4.08
1974-07-28,4.13
1974-07-29,4.16
1974-07-30,4.08
1974-07-31,4.02
1974-08-01,4.02
1974-08-02,4.08
1974-08-03,4.81
1974-08-04,4.81
1974-08-05,4.81
1974-08-06,4.59
1974-08-07,4.47
1974-08-08,4.42
1974-08-09,4.42
1974-08-10,4.42
1974-08-11,4.3
1974-08-12,4.3
1974-08-13,4.25
1974-08-14,4.28
1974-08-15,4.25
1974-08-16,4.19
1974-08-17,4.28
1974-08-18,4.11
1974-08-19,4.16
1974-08-20,4.13
1974-08-21,4.08
1974-08-22,4.02
1974-08-23,4.11
1974-08-24,4.08
1974-08-25,4.02
1974-08-26,4.05
1974-08-27,4.79
1974-08-28,4.33
1974-08-29,4.08
1974-08-30,4.02
1974-08-31,4.02
1974-09-01,3.99
1974-09-02,3.96
1974-09-03,3.99
1974-09-04,4.02
1974-09-05,4.05
1974-09-06,4.08
1974-09-07,4.13
1974-09-08,4.05
1974-09-09,4.11
1974-09-10,4.47
1974-09-11,4.7
1974-09-12,4.19
1974-09-13,1.82
1974-09-14,1.16
1974-09-15,1
1974-09-16,0.917
1974-09-17,0.85
1974-09-18,0.855
1974-09-19,0.841
1974-09-20,1.14
1974-09-21,1.14
1974-09-22,0.994
1974-09-23,0.861
1974-09-24,0.804
1974-09-25,1.12
1974-09-26,1.63
1974-09-27,1.68
1974-09-28,1.69
1974-09-29,2.15
1974-09-30,2.61
1974-10-01,2.34
1974-10-02,2.31
1974-10-03,2.22
1974-10-04,2.13
1974-10-05,2.04
1974-10-06,1.96
1974-10-07,2.29
1974-10-08,2.41
1974-10-09,2.31
1974-10-10,2.19
1974-10-11,2.09
1974-10-12,2.05
1974-10-13,1.95
1974-10-14,3.03
1974-10-15,5.18
1974-10-16,4.56
1974-10-17,11.2
1974-10-18,42.8
1974-10-19,49.8
1974-10-20,48.7
1974-10-21,45.9
1974-10-22,35.7
1974-10-23,28.3
1974-10-24,26.6
1974-10-25,24.7
1974-10-26,23.2
1974-10-27,20.1
1974-10-28,20
1974-10-29,17.8
1974-10-30,12.4
1974-10-31,4.45
1974-11-01,3.82
1974-11-02,3.4
1974-11-03,3.03
1974-11-04,3.09
1974-11-05,3
1974-11-06,3.06
1974-11-07,2.97
1974-11-08,2.86
1974-11-09,2.76
1974-11-10,2.62
1974-11-11,2.56
1974-11-12,3.11
1974-11-13,3.74
1974-11-14,3.79
1974-11-15,3.68
1974-11-16,3.65
1974-11-17,4.05
1974-11-18,4.79
1974-11-19,4.79
1974-11-20,10.1
1974-11-21,49
1974-11-22,52.7
1974-11-23,53.8
1974-11-24,54.4
1974-11-25,54.4
1974-11-26,53.5
1974-11-27,51.8
1974-11-28,50.7
1974-11-29,49
1974-11-30,46.7
1974-12-01,45.3
1974-12-02,45.6
1974-12-03,36
1974-12-04,11.4
1974-12-05,3.37
1974-12-06,2.72
1974-12-07,2.61
1974-12-08,2.63
1974-12-09,2.62
1974-12-10,2.5
1974-12-11,2.38
1974-12-12,2.29
1974-12-13,2.25
1974-12-14,2.2
1974-12-15,2.14
1974-12-16,2.13
1974-12-17,2.15
1974-12-18,2.14
1974-12-19,2.07
1974-12-20,2.05
1974-12-21,2.04
1974-12-22,2.01
1974-12-23,1.99
1974-12-24,1.96
1974-12-25,1.96
1974-12-26,1.94
1974-12-27,1.9
1974-12-28,1.89
1974-12-29,1.89
1974-12-30,1.93
1974-12-31,1.97
1975-01-01,1.96
1975-01-02,1.91
1975-01-03,1.97
1975-01-04,2
1975-01-05,2.02
1975-01-06,2.04
1975-01-07,2.06
1975-01-08,2.13
1975-01-09,2.33
1975-01-10,2.54
1975-01-11,3.48
1975-01-12,4.56
1975-01-13,4.33
1975-01-14,4.08
1975-01-15,3.77
1975-01-16,3.71
1975-01-17,3.54
1975-01-18,3.45
1975-01-19,3.4
1975-01-20,3.23
1975-01-21,3.06
1975-01-22,2.92
1975-01-23,2.79
1975-01-24,2.74
1975-01-25,2.86
1975-01-26,3.2
1975-01-27,3.03
1975-01-28,2.82
1975-01-29,2.74
1975-01-30,2.7
1975-01-31,2.65
1975-02-01,2.56
1975-02-02,2.48
1975-02-03,2.45
1975-02-04,2.41
1975-02-05,2.31
1975-02-06,2.27
1975-02-07,2.21
1975-02-08,2.2
1975-02-09,2.17
1975-02-10,2.17
1975-02-11,2.19
1975-02-12,2.08
1975-02-13,2.09
1975-02-14,2.06
1975-02-15,2.04
1975-02-16,2.03
1975-02-17,2.06
1975-02-18,2.07
1975-02-19,2.04
1975-02-20,1.98
1975-02-21,1.93
1975-02-22,1.89
1975-02-23,1.93
1975-02-24,2.1
1975-02-25,2.94
1975-02-26,3.57
1975-02-27,3.62
1975-02-28,3.62
1975-03-01,3.62
1975-03-02,3.48
1975-03-03,3.31
1975-03-04,10.8
1975-03-05,39.9
1975-03-06,39.6
1975-03-07,40.2
1975-03-08,43.3
1975-03-09,43.9
1975-03-10,47.3
1975-03-11,51.3
1975-03-12,54.7
1975-03-13,60
1975-03-14,58.3
1975-03-15,59.2
1975-03-16,57.8
1975-03-17,56.1
1975-03-18,61.7
1975-03-19,60.9
1975-03-20,61.7
1975-03-21,68
1975-03-22,68.5
1975-03-23,68.2
1975-03-24,66.5
1975-03-25,66
1975-03-26,63.7
1975-03-27,60.9
1975-03-28,57.8
1975-03-29,54.7
1975-03-30,52.4
1975-03-31,50.4
1975-04-01,46.7
1975-04-02,42.2
1975-04-03,44.7
1975-04-04,45.3
1975-04-05,43
1975-04-06,38.2
1975-04-07,32.8
1975-04-08,28
1975-04-09,24.9
1975-04-10,24.1
1975-04-11,22.1
1975-04-12,20
1975-04-13,18.3
1975-04-14,15
1975-04-15,4.13
1975-04-16,4.39
1975-04-17,4.59
1975-04-18,6.65
1975-04-19,22.9
1975-04-20,43.6
1975-04-21,53.2
1975-04-22,73.9
1975-04-23,88.1
1975-04-24,101
1975-04-25,118
1975-04-26,131
1975-04-27,141
1975-04-28,148
1975-04-29,146
1975-04-30,146
1975-05-01,149
1975-05-02,151
1975-05-03,155
1975-05-04,158
1975-05-05,160
1975-05-06,160
1975-05-07,135
1975-05-08,67.7
1975-05-09,39.4
1975-05-10,35.4
1975-05-11,33.1
1975-05-12,31.1
1975-05-13,29.2
1975-05-14,27.2
1975-05-15,23.3
1975-05-16,24.6
1975-05-17,28
1975-05-18,28.6
1975-05-19,27.8
1975-05-20,28.9
1975-05-21,33.7
1975-05-22,34.3
1975-05-23,33.7
1975-05-24,33.1
1975-05-25,33.1
1975-05-26,32.6
1975-05-27,33.4
1975-05-28,34.8
1975-05-29,32.3
1975-05-30,23.1
1975-05-31,22.5
1975-06-01,18.1
1975-06-02,17.8
1975-06-03,16.9
1975-06-04,13.4
1975-06-05,3
1975-06-06,2.2
1975-06-07,1.32
1975-06-08,0.917
1975-06-09,0.881
1975-06-10,0.855
1975-06-11,0.663
1975-06-12,0.479
1975-06-13,0.422
1975-06-14,0.405
1975-06-15,0.422
1975-06-16,0.479
1975-06-17,0.456
1975-06-18,0.442
1975-06-19,0.445
1975-06-20,0.439
1975-06-21,0.442
1975-06-22,0.447
1975-06-23,0.462
1975-06-24,0.473
1975-06-25,0.493
1975-06-26,0.513
1975-06-27,0.535
1975-06-28,0.541
1975-06-29,0.538
1975-06-30,0.544
1975-07-01,0.552
1975-07-02,0.572
1975-07-03,0.603
1975-07-04,0.595
1975-07-05,0.586
1975-07-06,0.609
1975-07-07,0.626
1975-07-08,0.643
1975-07-09,0.651
1975-07-10,0.665
1975-07-11,0.688
1975-07-12,0.691
1975-07-13,0.733
1975-07-14,0.736
1975-07-15,0.784
1975-07-16,0.779
1975-07-17,0.793
1975-07-18,0.799
1975-07-19,0.844
1975-07-20,0.869
1975-07-21,0.864
1975-07-22,0.841
1975-07-23,0.869
1975-07-24,0.983
1975-07-25,0.988
1975-07-26,0.957
1975-07-27,1.06
1975-07-28,1.08
1975-07-29,1
1975-07-30,0.968
1975-07-31,0.988
1975-08-01,1.02
1975-08-02,1.06
1975-08-03,1.14
1975-08-04,1.15
1975-08-05,1.16
1975-08-06,1.19
1975-08-07,1.16
1975-08-08,1.17
1975-08-09,1.23
1975-08-10,1.21
1975-08-11,1.3
1975-08-12,1.25
1975-08-13,1.3
1975-08-14,1.25
1975-08-15,1.28
1975-08-16,1.26
1975-08-17,1.24
1975-08-18,1.24
1975-08-19,1.23
1975-08-20,1.23
1975-08-21,1.26
1975-08-22,1.27
1975-08-23,1.21
1975-08-24,1.24
1975-08-25,1.36
1975-08-26,1.27
1975-08-27,1.22
1975-08-28,1.18
1975-08-29,1.32
1975-08-30,1.41
1975-08-31,1.31
1975-09-01,1.16
1975-09-02,1.13
1975-09-03,1.18
1975-09-04,1.19
1975-09-05,1.18
1975-09-06,1.23
1975-09-07,1.22
1975-09-08,1.22
1975-09-09,1.2
1975-09-10,1.19
1975-09-11,1.24
1975-09-12,1.37
1975-09-13,1.28
1975-09-14,1.2
1975-09-15,1.18
1975-09-16,1.19
1975-09-17,1.17
1975-09-18,1.17
1975-09-19,1.3
1975-09-20,1.34
1975-09-21,1.3
1975-09-22,1.29
1975-09-23,1.35
1975-09-24,1.27
1975-09-25,1.1
1975-09-26,1.09
1975-09-27,1.06
1975-09-28,1.02
1975-09-29,1
1975-09-30,1.02
1975-10-01,1.03
1975-10-02,1.04
1975-10-03,1
1975-10-04,0.96
1975-10-05,0.923
1975-10-06,0.929
1975-10-07,0.932
1975-10-08,0.946
1975-10-09,0.9
1975-10-10,0.787
1975-10-11,0.733
1975-10-12,0.725
1975-10-13,0.694
1975-10-14,0.674
1975-10-15,0.702
1975-10-16,0.782
1975-10-17,0.824
1975-10-18,0.833
1975-10-19,0.847
1975-10-20,0.9
1975-10-21,0.912
1975-10-22,0.875
1975-10-23,0.838
1975-10-24,0.813
1975-10-25,0.813
1975-10-26,0.841
1975-10-27,0.94
1975-10-28,0.861
1975-10-29,0.858
1975-10-30,0.767
1975-10-31,0.759
1975-11-01,0.923
1975-11-02,1.03
1975-11-03,0.994
1975-11-04,0.985
1975-11-05,0.985
1975-11-06,0.971
1975-11-07,0.997
1975-11-08,1.15
1975-11-09,1.22
1975-11-10,1.34
1975-11-11,1.47
1975-11-12,1.49
1975-11-13,1.49
1975-11-14,1.46
1975-11-15,1.42
1975-11-16,1.43
1975-11-17,1.42
1975-11-18,1.38
1975-11-19,1.39
1975-11-20,1.41
1975-11-21,1.49
1975-11-22,1.63
1975-11-23,1.62
1975-11-24,1.56
1975-11-25,1.6
1975-11-26,1.59
1975-11-27,1.64
1975-11-28,1.62
1975-11-29,1.57
1975-11-30,2.44
1975-12-01,4.36
1975-12-02,4.19
1975-12-03,3.74
1975-12-04,3.4
1975-12-05,3.23
1975-12-06,3.45
1975-12-07,3.6
1975-12-08,3.28
1975-12-09,8.21
1975-12-10,24.2
1975-12-11,29.2
1975-12-12,38.5
1975-12-13,36.8
1975-12-14,36
1975-12-15,41.6
1975-12-16,45.9
1975-12-17,56.1
1975-12-18,65.7
1975-12-19,68.2
1975-12-20,67.7
1975-12-21,65.7
1975-12-22,62.9
1975-12-23,59.5
1975-12-24,46.2
1975-12-25,36.2
1975-12-26,34.8
1975-12-27,33.4
1975-12-28,31.7
1975-12-29,27.7
1975-12-30,23
1975-12-31,19
1976-01-01,3.23
1976-01-02,2.26
1976-01-03,2.17
1976-01-04,2.16
1976-01-05,2.09
1976-01-06,2
1976-01-07,1.99
1976-01-08,2.06
1976-01-09,2.1
1976-01-10,2
1976-01-11,1.89
1976-01-12,1.9
1976-01-13,1.97
1976-01-14,1.99
1976-01-15,1.96
1976-01-16,2.01
1976-01-17,2.04
1976-01-18,2.01
1976-01-19,2
1976-01-20,2.04
1976-01-21,2.05
1976-01-22,1.98
1976-01-23,1.93
1976-01-24,1.9
1976-01-25,1.96
1976-01-26,2.26
1976-01-27,2.21
1976-01-28,2.08
1976-01-29,2.02
1976-01-30,1.93
1976-01-31,1.94
1976-02-01,1.92
1976-02-02,1.91
1976-02-03,1.83
1976-02-04,1.81
1976-02-05,1.84
1976-02-06,1.86
1976-02-07,1.89
1976-02-08,2.02
1976-02-09,1.88
1976-02-10,1.84
1976-02-11,2.03
1976-02-12,2.09
1976-02-13,2.15
1976-02-14,2.09
1976-02-15,2.14
1976-02-16,2.37
1976-02-17,2.58
1976-02-18,2.66
1976-02-19,2.83
1976-02-20,2.78
1976-02-21,2.81
1976-02-22,2.86
1976-02-23,2.76
1976-02-24,2.68
1976-02-25,2.66
1976-02-26,2.65
1976-02-27,2.78
1976-02-28,2.92
1976-02-29,2.92
1976-03-01,2.83
1976-03-02,2.79
1976-03-03,2.74
1976-03-04,2.82
1976-03-05,5.55
1976-03-06,6.43
1976-03-07,9.63
1976-03-08,23.6
1976-03-09,31.1
1976-03-10,42.8
1976-03-11,47.9
1976-03-12,64
1976-03-13,68
1976-03-14,69.1
1976-03-15,73.1
1976-03-16,88.3
1976-03-17,87.8
1976-03-18,92
1976-03-19,91.5
1976-03-20,89.8
1976-03-21,94.3
1976-03-22,96.3
1976-03-23,96
1976-03-24,98
1976-03-25,114
1976-03-26,123
1976-03-27,135
1976-03-28,151
1976-03-29,164
1976-03-30,176
1976-03-31,193
1976-04-01,216
1976-04-02,232
1976-04-03,237
1976-04-04,247
1976-04-05,248
1976-04-06,248
1976-04-07,249
1976-04-08,247
1976-04-09,246
1976-04-10,244
1976-04-11,250
1976-04-12,244
1976-04-13,234
1976-04-14,218
1976-04-15,191
1976-04-16,142
1976-04-17,126
1976-04-18,120
1976-04-19,116
1976-04-20,109
1976-04-21,65.4
1976-04-22,21.4
1976-04-23,20.3
1976-04-24,21.2
1976-04-25,20.7
1976-04-26,20.1
1976-04-27,20
1976-04-28,19.1
1976-04-29,19.2
1976-04-30,19.3
1976-05-01,18.2
1976-05-02,16.3
1976-05-03,16.1
1976-05-04,16.3
1976-05-05,15.9
1976-05-06,17.3
1976-05-07,18
1976-05-08,17.6
1976-05-09,15.7
1976-05-10,13.4
1976-05-11,17.4
1976-05-12,17.2
1976-05-13,18
1976-05-14,16.8
1976-05-15,16.3
1976-05-16,17.6
1976-05-17,21.2
1976-05-18,21
1976-05-19,22.1
1976-05-20,20.8
1976-05-21,22.1
1976-05-22,20.7
1976-05-23,22.2
1976-05-24,20.2
1976-05-25,22.3
1976-05-26,20.5
1976-05-27,17.6
1976-05-28,17.5
1976-05-29,18.2
1976-05-30,17.4
1976-05-31,18.3
1976-06-01,14
1976-06-02,4.56
1976-06-03,4.16
1976-06-04,3.48
1976-06-05,3.45
1976-06-06,3.51
1976-06-07,3.48
1976-06-08,3.51
1976-06-09,3.51
1976-06-10,3.6
1976-06-11,3.57
1976-06-12,3.57
1976-06-13,3.65
1976-06-14,3.62
1976-06-15,3.71
1976-06-16,3.96
1976-06-17,3.82
1976-06-18,3.82
1976-06-19,3.88
1976-06-20,3.88
1976-06-21,3.82
1976-06-22,3.88
1976-06-23,3.94
1976-06-24,3.99
1976-06-25,4.05
1976-06-26,4.19
1976-06-27,4.25
1976-06-28,4.22
1976-06-29,4.3
1976-06-30,4.47
1976-07-01,5.15
1976-07-02,5.32
1976-07-03,5.75
1976-07-04,5.47
1976-07-05,5.15
1976-07-06,5.13
1976-07-07,5.3
1976-07-08,5.3
1976-07-09,5.13
1976-07-10,5.01
1976-07-11,4.96
1976-07-12,4.9
1976-07-13,4.56
1976-07-14,4.19
1976-07-15,4.19
1976-07-16,3.96
1976-07-17,3.88
1976-07-18,3.91
1976-07-19,3.85
1976-07-20,4.13
1976-07-21,4.16
1976-07-22,4.11
1976-07-23,4.13
1976-07-24,4.13
1976-07-25,4.11
1976-07-26,4.11
1976-07-27,4.11
1976-07-28,4.11
1976-07-29,4.08
1976-07-30,4.13
1976-07-31,4.22
1976-08-01,4.11
1976-08-02,4.11
1976-08-03,4.13
1976-08-04,4.13
1976-08-05,4.19
1976-08-06,4.16
1976-08-07,4.16
1976-08-08,4.16
1976-08-09,4.22
1976-08-10,4.13
1976-08-11,4.19
1976-08-12,4.28
1976-08-13,4.25
1976-08-14,4.42
1976-08-15,4.47
1976-08-16,4.36
1976-08-17,4.33
1976-08-18,4.33
1976-08-19,4.28
1976-08-20,4.25
1976-08-21,4.28
1976-08-22,4.36
1976-08-23,4.36
1976-08-24,4.3
1976-08-25,4.33
1976-08-26,5.13
1976-08-27,4.73
1976-08-28,4.3
1976-08-29,4.22
1976-08-30,4.16
1976-08-31,4.19
1976-09-01,4.22
1976-09-02,4.16
1976-09-03,4.13
1976-09-04,4.19
1976-09-05,4.13
1976-09-06,4.13
1976-09-07,4.13
1976-09-08,4.16
1976-09-09,4.19
1976-09-10,4.25
1976-09-11,4.22
1976-09-12,4.16
1976-09-13,4.13
1976-09-14,4.13
1976-09-15,4.19
1976-09-16,4.22
1976-09-17,4.33
1976-09-18,4.36
1976-09-19,4.36
1976-09-20,4.5
1976-09-21,4.25
1976-09-22,4.25
1976-09-23,4.25
1976-09-24,4.22
1976-09-25,4.25
1976-09-26,4.16
1976-09-27,4.13
1976-09-28,4.13
1976-09-29,4.16
1976-09-30,4.16
1976-10-01,4.19
1976-10-02,4.28
1976-10-03,4.19
1976-10-04,4.11
1976-10-05,3.96
1976-10-06,3.82
1976-10-07,3.6
1976-10-08,3.28
1976-10-09,3.2
1976-10-10,3.11
1976-10-11,3.11
1976-10-12,3.06
1976-10-13,2.97
1976-10-14,2.97
1976-10-15,3.51
1976-10-16,3.34
1976-10-17,3.26
1976-10-18,3.23
1976-10-19,3.14
1976-10-20,3.2
1976-10-21,3.4
1976-10-22,3.45
1976-10-23,3.45
1976-10-24,3.51
1976-10-25,3.48
1976-10-26,3.45
1976-10-27,3.45
1976-10-28,3.45
1976-10-29,3.4
1976-10-30,3.43
1976-10-31,3.54
1976-11-01,3.51
1976-11-02,3.54
1976-11-03,3.62
1976-11-04,3.65
1976-11-05,3.79
1976-11-06,3.99
1976-11-07,3.77
1976-11-08,3.68
1976-11-09,3.65
1976-11-10,3.68
1976-11-11,3.6
1976-11-12,3.57
1976-11-13,3.51
1976-11-14,3.54
1976-11-15,3.54
1976-11-16,3.54
1976-11-17,3.57
1976-11-18,3.79
1976-11-19,3.94
1976-11-20,3.99
1976-11-21,3.94
1976-11-22,3.91
1976-11-23,3.94
1976-11-24,4.11
1976-11-25,4.11
1976-11-26,4.28
1976-11-27,6
1976-11-28,7.36
1976-11-29,6.65
1976-11-30,6.2
1976-12-01,6.03
1976-12-02,5.83
1976-12-03,5.55
1976-12-04,5.52
1976-12-05,5.41
1976-12-06,5.18
1976-12-07,5.15
1976-12-08,5.01
1976-12-09,5.01
1976-12-10,4.81
1976-12-11,4.73
1976-12-12,4.62
1976-12-13,4.62
1976-12-14,4.45
1976-12-15,4.39
1976-12-16,4.28
1976-12-17,4.22
1976-12-18,4.16
1976-12-19,4.11
1976-12-20,4.13
1976-12-21,4.08
1976-12-22,3.96
1976-12-23,4.08
1976-12-24,4.08
1976-12-25,4.13
1976-12-26,4.08
1976-12-27,3.99
1976-12-28,4.02
1976-12-29,3.91
1976-12-30,3.94
1976-12-31,3.88
1977-01-01,3.88
1977-01-02,3.91
1977-01-03,3.82
1977-01-04,3.91
1977-01-05,3.85
1977-01-06,3.82
1977-01-07,3.94
1977-01-08,3.91
1977-01-09,3.96
1977-01-10,4.16
1977-01-11,4.13
1977-01-12,4.08
1977-01-13,4.05
1977-01-14,4.08
1977-01-15,4.13
1977-01-16,4.19
1977-01-17,4.08
1977-01-18,4.05
1977-01-19,4.19
1977-01-20,4.08
1977-01-21,4.02
1977-01-22,4.05
1977-01-23,4.08
1977-01-24,4.13
1977-01-25,4.19
1977-01-26,4.08
1977-01-27,4.08
1977-01-28,4.05
1977-01-29,4.25
1977-01-30,4.33
1977-01-31,4.56
1977-02-01,4.56
1977-02-02,4.39
1977-02-03,4.39
1977-02-04,4.42
1977-02-05,4.22
1977-02-06,4.13
1977-02-07,4.22
1977-02-08,4.28
1977-02-09,4.39
1977-02-10,4.36
1977-02-11,4.22
1977-02-12,4.11
1977-02-13,4.22
1977-02-14,4.22
1977-02-15,4.02
1977-02-16,3.99
1977-02-17,4.02
1977-02-18,4.05
1977-02-19,4.13
1977-02-20,4.11
1977-02-21,4.08
1977-02-22,4.13
1977-02-23,4.13
1977-02-24,4.25
1977-02-25,4.39
1977-02-26,4.19
1977-02-27,4.33
1977-02-28,4.36
1977-03-01,4.3
1977-03-02,4.25
1977-03-03,4.19
1977-03-04,4.3
1977-03-05,4.7
1977-03-06,4.64
1977-03-07,4.64
1977-03-08,4.7
1977-03-09,4.76
1977-03-10,5.18
1977-03-11,6.17
1977-03-12,7.02
1977-03-13,11
1977-03-14,13.5
1977-03-15,34.5
1977-03-16,86.7
1977-03-17,98.8
1977-03-18,112
1977-03-19,114
1977-03-20,114
1977-03-21,115
1977-03-22,114
1977-03-23,112
1977-03-24,110
1977-03-25,107
1977-03-26,104
1977-03-27,101
1977-03-28,99.7
1977-03-29,105
1977-03-30,112
1977-03-31,118
1977-04-01,121
1977-04-02,125
1977-04-03,142
1977-04-04,137
1977-04-05,149
1977-04-06,156
1977-04-07,156
1977-04-08,156
1977-04-09,152
1977-04-10,148
1977-04-11,143
1977-04-12,119
1977-04-13,67.1
1977-04-14,41.9
1977-04-15,8.01
1977-04-16,6.91
1977-04-17,6.6
1977-04-18,6.2
1977-04-19,6
1977-04-20,5.69
1977-04-21,5.58
1977-04-22,5.89
1977-04-23,5.72
1977-04-24,5.38
1977-04-25,5.18
1977-04-26,4.98
1977-04-27,4.84
1977-04-28,4.84
1977-04-29,4.7
1977-04-30,4.56
1977-05-01,4.39
1977-05-02,4.47
1977-05-03,4.42
1977-05-04,4.45
1977-05-05,4.28
1977-05-06,4.28
1977-05-07,4.28
1977-05-08,4.33
1977-05-09,4.45
1977-05-10,4.45
1977-05-11,4.36
1977-05-12,4.36
1977-05-13,4.36
1977-05-14,4.28
1977-05-15,4.25
1977-05-16,4.19
1977-05-17,4.16
1977-05-18,4.02
1977-05-19,2.92
1977-05-20,1.41
1977-05-21,0.784
1977-05-22,0.796
1977-05-23,0.92
1977-05-24,0.963
1977-05-25,0.869
1977-05-26,0.835
1977-05-27,0.816
1977-05-28,0.818
1977-05-29,0.83
1977-05-30,0.85
1977-05-31,0.864
1977-06-01,0.903
1977-06-02,0.926
1977-06-03,0.898
1977-06-04,0.898
1977-06-05,0.883
1977-06-06,0.883
1977-06-07,0.872
1977-06-08,0.883
1977-06-09,0.9
1977-06-10,0.92
1977-06-11,0.909
1977-06-12,0.903
1977-06-13,0.892
1977-06-14,0.92
1977-06-15,0.96
1977-06-16,0.963
1977-06-17,0.963
1977-06-18,0.946
1977-06-19,0.926
1977-06-20,0.932
1977-06-21,0.943
1977-06-22,0.946
1977-06-23,0.963
1977-06-24,0.957
1977-06-25,0.977
1977-06-26,0.974
1977-06-27,0.985
1977-06-28,1.01
1977-06-29,1.16
1977-06-30,1.31
1977-07-01,1.19
1977-07-02,1.08
1977-07-03,1.12
1977-07-04,1.18
1977-07-05,1.18
1977-07-06,1.34
1977-07-07,1.3
1977-07-08,1.22
1977-07-09,1.18
1977-07-10,1.15
1977-07-11,1.18
1977-07-12,1.18
1977-07-13,1.18
1977-07-14,1.18
1977-07-15,1.2
1977-07-16,1.21
1977-07-17,1.22
1977-07-18,1.24
1977-07-19,1.24
1977-07-20,1.24
1977-07-21,1.25
1977-07-22,1.23
1977-07-23,1.27
1977-07-24,1.33
1977-07-25,1.41
1977-07-26,1.42
1977-07-27,1.42
1977-07-28,1.44
1977-07-29,1.45
1977-07-30,1.46
1977-07-31,1.58
1977-08-01,1.68
1977-08-02,1.57
1977-08-03,1.55
1977-08-04,1.52
1977-08-05,1.67
1977-08-06,1.61
1977-08-07,1.58
1977-08-08,1.59
1977-08-09,1.6
1977-08-10,1.65
1977-08-11,1.64
1977-08-12,1.62
1977-08-13,1.62
1977-08-14,1.63
1977-08-15,1.64
1977-08-16,1.74
1977-08-17,1.78
1977-08-18,1.7
1977-08-19,1.73
1977-08-20,1.76
1977-08-21,1.78
1977-08-22,1.81
1977-08-23,1.87
1977-08-24,1.93
1977-08-25,1.95
1977-08-26,1.95
1977-08-27,1.95
1977-08-28,1.93
1977-08-29,1.9
1977-08-30,1.87
1977-08-31,1.84
1977-09-01,1.81
1977-09-02,1.8
1977-09-03,1.77
1977-09-04,1.72
1977-09-05,1.7
1977-09-06,1.67
1977-09-07,1.68
1977-09-08,1.72
1977-09-09,1.77
1977-09-10,1.76
1977-09-11,1.72
1977-09-12,1.71
1977-09-13,1.76
1977-09-14,1.78
1977-09-15,1.76
1977-09-16,1.8
1977-09-17,1.85
1977-09-18,1.87
1977-09-19,1.82
1977-09-20,2.11
1977-09-21,2.1
1977-09-22,1.96
1977-09-23,1.83
1977-09-24,1.72
1977-09-25,1.72
1977-09-26,1.92
1977-09-27,2.14
1977-09-28,2.29
1977-09-29,2.21
1977-09-30,2.3
1977-10-01,2.6
1977-10-02,3.37
1977-10-03,3.03
1977-10-04,12.1
1977-10-05,41.9
1977-10-06,45
1977-10-07,43.9
1977-10-08,45.9
1977-10-09,46.7
1977-10-10,44.5
1977-10-11,43
1977-10-12,46.7
1977-10-13,55.2
1977-10-14,77.6
1977-10-15,79
1977-10-16,77.9
1977-10-17,75
1977-10-18,72.2
1977-10-19,68.8
1977-10-20,46.4
1977-10-21,5.07
1977-10-22,3.4
1977-10-23,3.34
1977-10-24,3.17
1977-10-25,2.97
1977-10-26,2.8
1977-10-27,2.72
1977-10-28,2.64
1977-10-29,2.62
1977-10-30,2.53
1977-10-31,2.49
1977-11-01,2.37
1977-11-02,2.31
1977-11-03,2.38
1977-11-04,3.34
1977-11-05,3.51
1977-11-06,3.26
1977-11-07,3.14
1977-11-08,3.09
1977-11-09,3.06
1977-11-10,4.02
1977-11-11,7.19
1977-11-12,6.63
1977-11-13,5.89
1977-11-14,12.8
1977-11-15,29.2
1977-11-16,22.6
1977-11-17,24.9
1977-11-18,26.4
1977-11-19,28.3
1977-11-20,30.3
1977-11-21,35.1
1977-11-22,69.1
1977-11-23,81.6
1977-11-24,78.2
1977-11-25,76.5
1977-11-26,77.6
1977-11-27,73.9
1977-11-28,69.7
1977-11-29,65.7
1977-11-30,61.7
1977-12-01,61.2
1977-12-02,56.9
1977-12-03,55.8
1977-12-04,58
1977-12-05,57.5
1977-12-06,46.2
1977-12-07,7.96
1977-12-08,4.9
1977-12-09,4.9
1977-12-10,4.67
1977-12-11,4.33
1977-12-12,4.05
1977-12-13,3.94
1977-12-14,3.79
1977-12-15,3.65
1977-12-16,3.51
1977-12-17,3.37
1977-12-18,3.26
1977-12-19,3.34
1977-12-20,3.28
1977-12-21,3.28
1977-12-22,3.26
1977-12-23,3.14
1977-12-24,3.2
1977-12-25,3.45
1977-12-26,3.54
1977-12-27,3.57
1977-12-28,3.51
1977-12-29,3.48
1977-12-30,3.4
1977-12-31,3.28
1978-01-01,3.11
1978-01-02,3.06
1978-01-03,2.94
1978-01-04,2.89
1978-01-05,2.86
1978-01-06,2.86
1978-01-07,2.89
1978-01-08,2.94
1978-01-09,3.17
1978-01-10,3.34
1978-01-11,3.17
1978-01-12,3.11
1978-01-13,3.09
1978-01-14,3.06
1978-01-15,3.06
1978-01-16,3.03
1978-01-17,3
1978-01-18,2.94
1978-01-19,2.92
1978-01-20,2.86
1978-01-21,2.83
1978-01-22,2.8
1978-01-23,2.75
1978-01-24,2.72
1978-01-25,2.69
1978-01-26,2.75
1978-01-27,2.89
1978-01-28,2.8
1978-01-29,2.69
1978-01-30,2.61
1978-01-31,2.55
1978-02-01,2.49
1978-02-02,2.44
1978-02-03,2.38
1978-02-04,2.34
1978-02-05,2.31
1978-02-06,2.27
1978-02-07,2.24
1978-02-08,2.21
1978-02-09,2.18
1978-02-10,2.17
1978-02-11,2.15
1978-02-12,2.14
1978-02-13,2.14
1978-02-14,2.13
1978-02-15,2.12
1978-02-16,2.12
1978-02-17,2.11
1978-02-18,2.11
1978-02-19,2.1
1978-02-20,2.1
1978-02-21,2.1
1978-02-22,2.1
1978-02-23,2.1
1978-02-24,2.1
1978-02-25,2.1
1978-02-26,2.1
1978-02-27,2.1
1978-02-28,2.1
1978-03-01,2.1
1978-03-02,2.1
1978-03-03,2.1
1978-03-04,2.1
1978-03-05,2.1
1978-03-06,2.1
1978-03-07,2.1
1978-03-08,2.1
1978-03-09,2.1
1978-03-10,2.1
1978-03-11,2.1
1978-03-12,2.1
1978-03-13,2.1
1978-03-14,2.15
1978-03-15,2.24
1978-03-16,2.32
1978-03-17,2.41
1978-03-18,2.35
1978-03-19,2.32
1978-03-20,2.29
1978-03-21,2.29
1978-03-22,2.38
1978-03-23,2.52
1978-03-24,2.49
1978-03-25,2.46
1978-03-26,2.52
1978-03-27,2.58
1978-03-28,2.62
1978-03-29,2.73
1978-03-30,2.86
1978-03-31,3.06
1978-04-01,3.48
1978-04-02,3.82
1978-04-03,3.91
1978-04-04,3.82
1978-04-05,3.85
1978-04-06,4.16
1978-04-07,4.67
1978-04-08,5.27
1978-04-09,5.27
1978-04-10,5.47
1978-04-11,6.26
1978-04-12,13.1
1978-04-13,40.8
1978-04-14,40.8
1978-04-15,40.2
1978-04-16,40.8
1978-04-17,43.3
1978-04-18,46.4
1978-04-19,45.3
1978-04-20,21.3
1978-04-21,20.1
1978-04-22,34
1978-04-23,37.9
1978-04-24,38.5
1978-04-25,41.9
1978-04-26,39.1
1978-04-27,43.9
1978-04-28,62.6
1978-04-29,106
1978-04-30,112
1978-05-01,113
1978-05-02,99.7
1978-05-03,65.4
1978-05-04,54.9
1978-05-05,35.7
1978-05-06,33.4
1978-05-07,32.3
1978-05-08,24.9
1978-05-09,9.66
1978-05-10,7.11
1978-05-11,4.5
1978-05-12,9.03
1978-05-13,13.4
1978-05-14,13.1
1978-05-15,10.8
1978-05-16,10.6
1978-05-17,20.1
1978-05-18,35.1
1978-05-19,39.6
1978-05-20,40.8
1978-05-21,44.2
1978-05-22,43.6
1978-05-23,42.8
1978-05-24,41.3
1978-05-25,38.8
1978-05-26,34.5
1978-05-27,33.7
1978-05-28,32
1978-05-29,27.5
1978-05-30,26.2
1978-05-31,21.9
1978-06-01,14.4
1978-06-02,17.3
1978-06-03,17.2
1978-06-04,19
1978-06-05,16.2
1978-06-06,18.2
1978-06-07,15.7
1978-06-08,15.7
1978-06-09,11.9
1978-06-10,3
1978-06-11,2.38
1978-06-12,2.47
1978-06-13,2.71
1978-06-14,2.58
1978-06-15,2.51
1978-06-16,2.46
1978-06-17,2.3
1978-06-18,2.34
1978-06-19,2.31
1978-06-20,2.32
1978-06-21,2.37
1978-06-22,2.32
1978-06-23,2.27
1978-06-24,2.33
1978-06-25,2.42
1978-06-26,2.51
1978-06-27,2.51
1978-06-28,2.52
1978-06-29,2.49
1978-06-30,2.42
1978-07-01,2.45
1978-07-02,2.5
1978-07-03,2.5
1978-07-04,2.49
1978-07-05,2.46
1978-07-06,2.47
1978-07-07,2.51
1978-07-08,2.53
1978-07-09,2.53
1978-07-10,2.37
1978-07-11,1.1
1978-07-12,0.6
1978-07-13,0.498
1978-07-14,0.481
1978-07-15,0.481
1978-07-16,0.484
1978-07-17,0.493
1978-07-18,0.504
1978-07-19,0.572
1978-07-20,0.592
1978-07-21,0.629
1978-07-22,0.674
1978-07-23,0.728
1978-07-24,0.736
1978-07-25,0.728
1978-07-26,0.756
1978-07-27,0.864
1978-07-28,0.833
1978-07-29,0.883
1978-07-30,0.872
1978-07-31,0.818
1978-08-01,0.83
1978-08-02,0.864
1978-08-03,1.02
1978-08-04,0.971
1978-08-05,0.96
1978-08-06,0.974
1978-08-07,0.983
1978-08-08,0.994
1978-08-09,1.04
1978-08-10,1.04
1978-08-11,1.05
1978-08-12,1.06
1978-08-13,1.09
1978-08-14,1.12
1978-08-15,1.16
1978-08-16,1.28
1978-08-17,1.27
1978-08-18,1.22
1978-08-19,1.26
1978-08-20,1.25
1978-08-21,1.23
1978-08-22,1.24
1978-08-23,1.27
1978-08-24,1.46
1978-08-25,1.38
1978-08-26,1.33
1978-08-27,1.3
1978-08-28,1.41
1978-08-29,1.38
1978-08-30,1.25
1978-08-31,1.08
1978-09-01,0.997
1978-09-02,0.988
1978-09-03,1.1
1978-09-04,1.02
1978-09-05,0.991
1978-09-06,1.13
1978-09-07,1.3
1978-09-08,1.37
1978-09-09,1.39
1978-09-10,1.4
1978-09-11,1.43
1978-09-12,1.39
1978-09-13,1.35
1978-09-14,1.44
1978-09-15,1.73
1978-09-16,1.55
1978-09-17,1.47
1978-09-18,1.47
1978-09-19,1.53
1978-09-20,1.48
1978-09-21,1.57
1978-09-22,1.46
1978-09-23,1.38
1978-09-24,1.34
1978-09-25,1.31
1978-09-26,1.29
1978-09-27,1.32
1978-09-28,1.34
1978-09-29,1.29
1978-09-30,1.29
1978-10-01,1.34
1978-10-02,1.27
1978-10-03,1.23
1978-10-04,1.58
1978-10-05,1.64
1978-10-06,1.78
1978-10-07,1.63
1978-10-08,1.46
1978-10-09,1.35
1978-10-10,1.32
1978-10-11,1.29
1978-10-12,1.27
1978-10-13,1.23
1978-10-14,1.14
1978-10-15,1.12
1978-10-16,1.16
1978-10-17,1.21
1978-10-18,1.31
1978-10-19,1.35
1978-10-20,1.33
1978-10-21,1.3
1978-10-22,1.29
1978-10-23,1.26
1978-10-24,1.23
1978-10-25,1.23
1978-10-26,1.38
1978-10-27,1.41
1978-10-28,1.41
1978-10-29,1.4
1978-10-30,1.34
1978-10-31,1.3
1978-11-01,1.27
1978-11-02,1.28
1978-11-03,1.29
1978-11-04,1.28
1978-11-05,1.27
1978-11-06,1.27
1978-11-07,1.33
1978-11-08,1.4
1978-11-09,1.41
1978-11-10,1.56
1978-11-11,1.73
1978-11-12,1.6
1978-11-13,1.59
1978-11-14,2.56
1978-11-15,2.68
1978-11-16,2.42
1978-11-17,2.41
1978-11-18,3.43
1978-11-19,3.48
1978-11-20,3.23
1978-11-21,3.06
1978-11-22,2.92
1978-11-23,2.94
1978-11-24,3.06
1978-11-25,2.94
1978-11-26,2.78
1978-11-27,2.6
1978-11-28,2.56
1978-11-29,2.46
1978-11-30,2.4
1978-12-01,2.39
1978-12-02,2.41
1978-12-03,2.3
1978-12-04,2.53
1978-12-05,2.64
1978-12-06,2.56
1978-12-07,2.51
1978-12-08,2.56
1978-12-09,2.49
1978-12-10,2.41
1978-12-11,2.41
1978-12-12,2.37
1978-12-13,2.46
1978-12-14,2.59
1978-12-15,2.52
1978-12-16,2.5
1978-12-17,2.51
1978-12-18,2.39
1978-12-19,2.33
1978-12-20,2.28
1978-12-21,2.32
1978-12-22,2.29
1978-12-23,2.31
1978-12-24,2.23
1978-12-25,2.17
1978-12-26,2.17
1978-12-27,2.14
1978-12-28,2.08
1978-12-29,2.02
1978-12-30,2.03
1978-12-31,2.09
1979-01-01,2.63
1979-01-02,2.6
1979-01-03,2.57
1979-01-04,2.55
1979-01-05,2.52
1979-01-06,2.51
1979-01-07,2.5
1979-01-08,2.48
1979-01-09,2.46
1979-01-10,2.45
1979-01-11,2.44
1979-01-12,2.42
1979-01-13,2.43
1979-01-14,2.65
1979-01-15,2.58
1979-01-16,2.53
1979-01-17,2.46
1979-01-18,2.45
1979-01-19,2.35
1979-01-20,2.3
1979-01-21,2.29
1979-01-22,2.2
1979-01-23,2.09
1979-01-24,2.11
1979-01-25,2.29
1979-01-26,2.19
1979-01-27,2.12
1979-01-28,2.1
1979-01-29,2.08
1979-01-30,2
1979-01-31,1.98
1979-02-01,1.94
1979-02-02,1.9
1979-02-03,1.88
1979-02-04,1.86
1979-02-05,1.85
1979-02-06,1.84
1979-02-07,1.82
1979-02-08,1.79
1979-02-09,1.76
1979-02-10,1.75
1979-02-11,1.73
1979-02-12,1.71
1979-02-13,1.68
1979-02-14,1.66
1979-02-15,1.64
1979-02-16,1.63
1979-02-17,1.61
1979-02-18,1.59
1979-02-19,1.73
1979-02-20,1.58
1979-02-21,1.57
1979-02-22,1.56
1979-02-23,1.55
1979-02-24,1.55
1979-02-25,1.54
1979-02-26,1.54
1979-02-27,1.53
1979-02-28,1.52
1979-03-01,1.52
1979-03-02,1.52
1979-03-03,1.52
1979-03-04,2.05
1979-03-05,19.9
1979-03-06,43.4
1979-03-07,43.9
1979-03-08,48.3
1979-03-09,49.9
1979-03-10,51
1979-03-11,51
1979-03-12,52.2
1979-03-13,65.7
1979-03-14,77.9
1979-03-15,75.7
1979-03-16,74.8
1979-03-17,71.6
1979-03-18,68.1
1979-03-19,65.4
1979-03-20,64.5
1979-03-21,66
1979-03-22,68.7
1979-03-23,73.5
1979-03-24,85.5
1979-03-25,103
1979-03-26,119
1979-03-27,130
1979-03-28,133
1979-03-29,139
1979-03-30,152
1979-03-31,167
1979-04-01,173
1979-04-02,183
1979-04-03,203
1979-04-04,213
1979-04-05,216
1979-04-06,220
1979-04-07,224
1979-04-08,223
1979-04-09,221
1979-04-10,216
1979-04-11,208
1979-04-12,200
1979-04-13,188
1979-04-14,180
1979-04-15,173
1979-04-16,166
1979-04-17,141
1979-04-18,80.3
1979-04-19,73
1979-04-20,75.2
1979-04-21,75.9
1979-04-22,75.6
1979-04-23,74.8
1979-04-24,73.9
1979-04-25,72.3
1979-04-26,71.8
1979-04-27,76
1979-04-28,78.6
1979-04-29,82
1979-04-30,84.8
1979-05-01,85.4
1979-05-02,86.7
1979-05-03,102
1979-05-04,141
1979-05-05,144
1979-05-06,141
1979-05-07,138
1979-05-08,117
1979-05-09,64.7
1979-05-10,54.9
1979-05-11,56.6
1979-05-12,62.8
1979-05-13,59.9
1979-05-14,58.2
1979-05-15,58.5
1979-05-16,58
1979-05-17,58.2
1979-05-18,43
1979-05-19,20.5
1979-05-20,19.6
1979-05-21,18.3
1979-05-22,17.6
1979-05-23,17.4
1979-05-24,17
1979-05-25,16.8
1979-05-26,17
1979-05-27,16.3
1979-05-28,14.6
1979-05-29,10.2
1979-05-30,4.18
1979-05-31,3.98
1979-06-01,3.85
1979-06-02,3.81
1979-06-03,3.78
1979-06-04,3.74
1979-06-05,3.75
1979-06-06,3.8
1979-06-07,3.8
1979-06-08,3.85
1979-06-09,3.81
1979-06-10,3.96
1979-06-11,4.18
1979-06-12,4.01
1979-06-13,4.03
1979-06-14,4.01
1979-06-15,3.98
1979-06-16,4.3
1979-06-17,4.29
1979-06-18,4.16
1979-06-19,4.06
1979-06-20,3.89
1979-06-21,4.06
1979-06-22,4.31
1979-06-23,4.19
1979-06-24,4.07
1979-06-25,4.07
1979-06-26,4.1
1979-06-27,4.14
1979-06-28,4.15
1979-06-29,4.18
1979-06-30,4.26
1979-07-01,4.35
1979-07-02,4.35
1979-07-03,4.33
1979-07-04,4.32
1979-07-05,4.37
1979-07-06,4.37
1979-07-07,4.28
1979-07-08,4.25
1979-07-09,4.23
1979-07-10,4.3
1979-07-11,4.31
1979-07-12,4.34
1979-07-13,4.33
1979-07-14,4.33
1979-07-15,4.31
1979-07-16,4.25
1979-07-17,4.21
1979-07-18,4.26
1979-07-19,4.28
1979-07-20,4.28
1979-07-21,4.31
1979-07-22,4.36
1979-07-23,4.4
1979-07-24,4.58
1979-07-25,4.71
1979-07-26,4.79
1979-07-27,4.63
1979-07-28,4.64
1979-07-29,4.64
1979-07-30,4.25
1979-07-31,1.64
1979-08-01,0.822
1979-08-02,0.718
1979-08-03,0.728
1979-08-04,0.782
1979-08-05,0.841
1979-08-06,0.868
1979-08-07,0.987
1979-08-08,0.999
1979-08-09,0.937
1979-08-10,1.15
1979-08-11,1.11
1979-08-12,1.02
1979-08-13,0.961
1979-08-14,0.929
1979-08-15,0.916
1979-08-16,0.899
1979-08-17,0.931
1979-08-18,0.979
1979-08-19,0.976
1979-08-20,0.969
1979-08-21,0.935
1979-08-22,0.908
1979-08-23,1.01
1979-08-24,1.02
1979-08-25,1.03
1979-08-26,0.999
1979-08-27,0.991
1979-08-28,0.94
1979-08-29,0.912
1979-08-30,0.86
1979-08-31,0.868
1979-09-01,0.903
1979-09-02,0.926
1979-09-03,0.951
1979-09-04,1.04
1979-09-05,1.12
1979-09-06,1.15
1979-09-07,1.15
1979-09-08,1.11
1979-09-09,1.05
1979-09-10,1.09
1979-09-11,1.15
1979-09-12,1.22
1979-09-13,1.22
1979-09-14,1.22
1979-09-15,1.1
1979-09-16,1.09
1979-09-17,1.1
1979-09-18,1.05
1979-09-19,0.996
1979-09-20,1.05
1979-09-21,1.09
1979-09-22,1.12
1979-09-23,1.11
1979-09-24,1.12
1979-09-25,1.13
1979-09-26,1.12
1979-09-27,1.13
1979-09-28,1.12
1979-09-29,1.11
1979-09-30,1.14
1979-10-01,1.16
1979-10-02,1.19
1979-10-03,1.39
1979-10-04,1.62
1979-10-05,1.94
1979-10-06,2.2
1979-10-07,2.36
1979-10-08,2.27
1979-10-09,2.65
1979-10-10,2.66
1979-10-11,2.72
1979-10-12,3.01
1979-10-13,3.34
1979-10-14,3.25
1979-10-15,3.59
1979-10-16,3.83
1979-10-17,3.98
1979-10-18,4.03
1979-10-19,4.17
1979-10-20,4.53
1979-10-21,4.71
1979-10-22,4.01
1979-10-23,3.39
1979-10-24,3.44
1979-10-25,3.33
1979-10-26,3.54
1979-10-27,3.13
1979-10-28,3.5
1979-10-29,3.82
1979-10-30,3.85
1979-10-31,3.79
1979-11-01,3.87
1979-11-02,4.73
1979-11-03,4.99
1979-11-04,5.23
1979-11-05,5.46
1979-11-06,5.57
1979-11-07,10.2
1979-11-08,29.9
1979-11-09,29.5
1979-11-10,30.3
1979-11-11,30.5
1979-11-12,30.1
1979-11-13,29.2
1979-11-14,27.9
1979-11-15,20.1
1979-11-16,10.3
1979-11-17,9.67
1979-11-18,8.64
1979-11-19,6.49
1979-11-20,2.03
1979-11-21,1.59
1979-11-22,1.71
1979-11-23,2.07
1979-11-24,3.54
1979-11-25,3.81
1979-11-26,3.73
1979-11-27,18.5
1979-11-28,59.3
1979-11-29,92
1979-11-30,139
1979-12-01,141
1979-12-02,138
1979-12-03,133
1979-12-04,127
1979-12-05,123
1979-12-06,120
1979-12-07,126
1979-12-08,126
1979-12-09,121
1979-12-10,116
1979-12-11,93.1
1979-12-12,23
1979-12-13,16.1
1979-12-14,13.3
1979-12-15,12.4
1979-12-16,11.8
1979-12-17,11.2
1979-12-18,10.7
1979-12-19,10.4
1979-12-20,10.2
1979-12-21,8.6
1979-12-22,3.37
1979-12-23,3.26
1979-12-24,3.81
1979-12-25,6.05
1979-12-26,5.82
1979-12-27,15.6
1979-12-28,37.9
1979-12-29,38.5
1979-12-30,38.2
1979-12-31,37.1
1980-01-01,35.5
1980-01-02,35
1980-01-03,35.7
1980-01-04,29.7
1980-01-05,19.2
1980-01-06,16.5
1980-01-07,13.8
1980-01-08,3.48
1980-01-09,2.84
1980-01-10,2.87
1980-01-11,3.28
1980-01-12,3.72
1980-01-13,3.6
1980-01-14,3.55
1980-01-15,3.5
1980-01-16,3.29
1980-01-17,7.23
1980-01-18,20.8
1980-01-19,21.2
1980-01-20,21.1
1980-01-21,21
1980-01-22,21
1980-01-23,21.1
1980-01-24,20.7
1980-01-25,19.5
1980-01-26,17.8
1980-01-27,17.3
1980-01-28,16.1
1980-01-29,14.7
1980-01-30,14.1
1980-01-31,9.67
1980-02-01,7.29
1980-02-02,7.2
1980-02-03,6.77
1980-02-04,2.13
1980-02-05,2
1980-02-06,1.97
1980-02-07,1.95
1980-02-08,1.91
1980-02-09,1.9
1980-02-10,1.9
1980-02-11,1.88
1980-02-12,1.87
1980-02-13,1.86
1980-02-14,1.84
1980-02-15,1.82
1980-02-16,1.81
1980-02-17,1.81
1980-02-18,1.8
1980-02-19,1.8
1980-02-20,1.8
1980-02-21,1.8
1980-02-22,1.79
1980-02-23,1.79
1980-02-24,1.78
1980-02-25,1.77
1980-02-26,1.77
1980-02-27,1.76
1980-02-28,1.75
1980-02-29,1.74
1980-03-01,1.74
1980-03-02,1.74
1980-03-03,1.73
1980-03-04,1.72
1980-03-05,1.71
1980-03-06,1.71
1980-03-07,1.7
1980-03-08,1.7
1980-03-09,1.7
1980-03-10,1.7
1980-03-11,1.7
1980-03-12,1.71
1980-03-13,1.75
1980-03-14,1.92
1980-03-15,1.92
1980-03-16,1.88
1980-03-17,2.2
1980-03-18,2.7
1980-03-19,2.6
1980-03-20,3.22
1980-03-21,5.59
1980-03-22,8.48
1980-03-23,7.56
1980-03-24,6.82
1980-03-25,6.6
1980-03-26,6.26
1980-03-27,6.18
1980-03-28,6.38
1980-03-29,7.45
1980-03-30,8.27
1980-03-31,9.04
1980-04-01,9.31
1980-04-02,9.85
1980-04-03,9.94
1980-04-04,11.7
1980-04-05,14.5
1980-04-06,15.3
1980-04-07,15.6
1980-04-08,33.2
1980-04-09,82.5
1980-04-10,145
1980-04-11,180
1980-04-12,196
1980-04-13,203
1980-04-14,214
1980-04-15,231
1980-04-16,242
1980-04-17,247
1980-04-18,248
1980-04-19,252
1980-04-20,253
1980-04-21,251
1980-04-22,247
1980-04-23,247
1980-04-24,244
1980-04-25,239
1980-04-26,230
1980-04-27,222
1980-04-28,208
1980-04-29,198
1980-04-30,186
1980-05-01,174
1980-05-02,136
1980-05-03,72.1
1980-05-04,67
1980-05-05,57.1
1980-05-06,40.4
1980-05-07,36.1
1980-05-08,31.8
1980-05-09,30.2
1980-05-10,33.6
1980-05-11,32.6
1980-05-12,32.1
1980-05-13,29.5
1980-05-14,28.5
1980-05-15,29.8
1980-05-16,31.3
1980-05-17,31
1980-05-18,31.1
1980-05-19,30.9
1980-05-20,31.2
1980-05-21,31
1980-05-22,31.2
1980-05-23,31.7
1980-05-24,31.5
1980-05-25,31.1
1980-05-26,30.8
1980-05-27,30.1
1980-05-28,29.9
1980-05-29,29.5
1980-05-30,28.6
1980-05-31,27.3
1980-06-01,26.1
1980-06-02,25.4
1980-06-03,24.5
1980-06-04,24.7
1980-06-05,17.8
1980-06-06,5.42
1980-06-07,5.05
1980-06-08,4.84
1980-06-09,4.85
1980-06-10,4.95
1980-06-11,4.94
1980-06-12,4.98
1980-06-13,4.94
1980-06-14,4.88
1980-06-15,5.01
1980-06-16,4.93
1980-06-17,4.89
1980-06-18,4.86
1980-06-19,5.2
1980-06-20,9.11
1980-06-21,8.97
1980-06-22,7.14
1980-06-23,14.9
1980-06-24,73.8
1980-06-25,97.4
1980-06-26,96.2
1980-06-27,92
1980-06-28,94.3
1980-06-29,90.8
1980-06-30,82.4
1980-07-01,85
1980-07-02,68.3
1980-07-03,41.4
1980-07-04,37.5
1980-07-05,33.7
1980-07-06,17.8
1980-07-07,13.8
1980-07-08,6.33
1980-07-09,5.85
1980-07-10,5.59
1980-07-11,5.48
1980-07-12,5.47
1980-07-13,5.39
1980-07-14,5.33
1980-07-15,5.36
1980-07-16,5.33
1980-07-17,5.53
1980-07-18,5.2
1980-07-19,5.05
1980-07-20,5.38
1980-07-21,5.4
1980-07-22,5.24
1980-07-23,5.33
1980-07-24,5.34
1980-07-25,5.25
1980-07-26,5.19
1980-07-27,5.18
1980-07-28,5.58
1980-07-29,7.26
1980-07-30,6.15
1980-07-31,5.34
1980-08-01,5.03
1980-08-02,8.79
1980-08-03,32.2
1980-08-04,33
1980-08-05,32.6
1980-08-06,34
1980-08-07,26.9
1980-08-08,6.97
1980-08-09,5.12
1980-08-10,4.9
1980-08-11,4.92
1980-08-12,4.9
1980-08-13,4.78
1980-08-14,5.03
1980-08-15,5.29
1980-08-16,5.37
1980-08-17,5.4
1980-08-18,5.28
1980-08-19,5.17
1980-08-20,5.1
1980-08-21,5.08
1980-08-22,5.27
1980-08-23,5.24
1980-08-24,5.18
1980-08-25,5.18
1980-08-26,5.2
1980-08-27,5.19
1980-08-28,5.02
1980-08-29,5.27
1980-08-30,5.69
1980-08-31,5.87
1980-09-01,7.2
1980-09-02,6.75
1980-09-03,13.2
1980-09-04,40.2
1980-09-05,41.3
1980-09-06,37.7
1980-09-07,35.4
1980-09-08,34.6
1980-09-09,34.5
1980-09-10,23.9
1980-09-11,6.53
1980-09-12,5.41
1980-09-13,5.48
1980-09-14,5.56
1980-09-15,5.45
1980-09-16,5.46
1980-09-17,5.83
1980-09-18,5.55
1980-09-19,16
1980-09-20,65.9
1980-09-21,71.1
1980-09-22,70.6
1980-09-23,24.3
1980-09-24,13.9
1980-09-25,9.23
1980-09-26,7.51
1980-09-27,7.25
1980-09-28,13.3
1980-09-29,18.6
1980-09-30,21.5
1980-10-01,23.2
1980-10-02,22.4
1980-10-03,10.2
1980-10-04,10.5
1980-10-05,10.4
1980-10-06,16.8
1980-10-07,48.6
1980-10-08,53
1980-10-09,60.6
1980-10-10,63.3
1980-10-11,75.6
1980-10-12,76.9
1980-10-13,73.3
1980-10-14,68.3
1980-10-15,59.9
1980-10-16,55.9
1980-10-17,39.6
1980-10-18,8.85
1980-10-19,7.38
1980-10-20,7.04
1980-10-21,7.35
1980-10-22,7.48
1980-10-23,7.31
1980-10-24,6.96
1980-10-25,7.11
1980-10-26,9.22
1980-10-27,9.63
1980-10-28,9.04
1980-10-29,22.9
1980-10-30,58.5
1980-10-31,60.5
1980-11-01,63.7
1980-11-02,62.4
1980-11-03,56.5
1980-11-04,53.6
1980-11-05,54.4
1980-11-06,53.1
1980-11-07,51.4
1980-11-08,49
1980-11-09,48.4
1980-11-10,48.1
1980-11-11,47.8
1980-11-12,47.5
1980-11-13,47.7
1980-11-14,49.8
1980-11-15,50.5
1980-11-16,50.2
1980-11-17,49.3
1980-11-18,40.9
1980-11-19,8.51
1980-11-20,6.53
1980-11-21,6.41
1980-11-22,6.27
1980-11-23,6.21
1980-11-24,6.33
1980-11-25,6.5
1980-11-26,6.37
1980-11-27,6.34
1980-11-28,6.27
1980-11-29,6.34
1980-11-30,6.45
1980-12-01,6.41
1980-12-02,6.58
1980-12-03,6.53
1980-12-04,6.35
1980-12-05,6.29
1980-12-06,6.2
1980-12-07,6.23
1980-12-08,6.81
1980-12-09,7.77
1980-12-10,7.91
1980-12-11,7.62
1980-12-12,7.46
1980-12-13,7.33
1980-12-14,7.23
1980-12-15,7.07
1980-12-16,6.97
1980-12-17,6.75
1980-12-18,6.69
1980-12-19,6.57
1980-12-20,6.39
1980-12-21,6.29
1980-12-22,6.1
1980-12-23,6
1980-12-24,5.95
1980-12-25,5.9
1980-12-26,5.8
1980-12-27,5.8
1980-12-28,5.7
1980-12-29,5.65
1980-12-30,5.6
1980-12-31,5.5
1981-01-01,5.68
1981-01-02,5.64
1981-01-03,5.6
1981-01-04,5.6
1981-01-05,5.5
1981-01-06,5
1981-01-07,5.45
1981-01-08,5.4
1981-01-09,5.4
1981-01-10,5.4
1981-01-11,5.39
1981-01-12,5.38
1981-01-13,5.37
1981-01-14,5.36
1981-01-15,5.3
1981-01-16,5.28
1981-01-17,5.25
1981-01-18,5.22
1981-01-19,5.21
1981-01-20,5.2
1981-01-21,5.18
1981-01-22,5.15
1981-01-23,5.1
1981-01-24,5.07
1981-01-25,5.05
1981-01-26,5.03
1981-01-27,5.02
1981-01-28,5.01
1981-01-29,5
1981-01-30,5
1981-01-31,5
1981-02-01,5
1981-02-02,5
1981-02-03,5
1981-02-04,5
1981-02-05,5
1981-02-06,5
1981-02-07,5
1981-02-08,5
1981-02-09,5.01
1981-02-10,5.02
1981-02-11,5.06
1981-02-12,5.1
1981-02-13,5.2
1981-02-14,5.25
1981-02-15,5.3
1981-02-16,5.4
1981-02-17,5.72
1981-02-18,5.97
1981-02-19,6.38
1981-02-20,7.08
1981-02-21,8.37
1981-02-22,9.49
1981-02-23,23.5
1981-02-24,75.5
1981-02-25,115
1981-02-26,124
1981-02-27,129
1981-02-28,135
1981-03-01,138
1981-03-02,140
1981-03-03,141
1981-03-04,141
1981-03-05,139
1981-03-06,135
1981-03-07,130
1981-03-08,126
1981-03-09,123
1981-03-10,123
1981-03-11,124
1981-03-12,119
1981-03-13,114
1981-03-14,108
1981-03-15,101
1981-03-16,94.2
1981-03-17,89.4
1981-03-18,82.6
1981-03-19,72.8
1981-03-20,72.2
1981-03-21,68.7
1981-03-22,63.8
1981-03-23,53.8
1981-03-24,39.4
1981-03-25,39.6
1981-03-26,33.5
1981-03-27,9.29
1981-03-28,8.26
1981-03-29,9.03
1981-03-30,16.5
1981-03-31,43.2
1981-04-01,63.5
1981-04-02,69.4
1981-04-03,74
1981-04-04,79.7
1981-04-05,72.8
1981-04-06,74.1
1981-04-07,76.2
1981-04-08,75.8
1981-04-09,69.6
1981-04-10,40.7
1981-04-11,28.9
1981-04-12,28.2
1981-04-13,28.3
1981-04-14,32.3
1981-04-15,33.2
1981-04-16,26.2
1981-04-17,22.7
1981-04-18,22.3
1981-04-19,23
1981-04-20,24.4
1981-04-21,24.5
1981-04-22,24
1981-04-23,24.4
1981-04-24,24.8
1981-04-25,24.1
1981-04-26,24.5
1981-04-27,25
1981-04-28,26.8
1981-04-29,27.6
1981-04-30,27.6
1981-05-01,24.3
1981-05-02,24.7
1981-05-03,24.5
1981-05-04,24.9
1981-05-05,24.7
1981-05-06,25.1
1981-05-07,24.8
1981-05-08,24.7
1981-05-09,25
1981-05-10,24.6
1981-05-11,25.7
1981-05-12,25.1
1981-05-13,21.4
1981-05-14,21
1981-05-15,17
1981-05-16,15.2
1981-05-17,15.8
1981-05-18,15.1
1981-05-19,14.1
1981-05-20,14.4
1981-05-21,12.3
1981-05-22,11.3
1981-05-23,10.9
1981-05-24,11
1981-05-25,10.2
1981-05-26,12.5
1981-05-27,13.3
1981-05-28,14.1
1981-05-29,13.8
1981-05-30,12.2
1981-05-31,12.4
1981-06-01,13.3
1981-06-02,13.1
1981-06-03,11.7
1981-06-04,9.84
1981-06-05,5.38
1981-06-06,5.1
1981-06-07,5.11
1981-06-08,5.03
1981-06-09,4.9
1981-06-10,4.94
1981-06-11,4.95
1981-06-12,4.96
1981-06-13,5.02
1981-06-14,5.14
1981-06-15,5.11
1981-06-16,5.25
1981-06-17,5.22
1981-06-18,5.25
1981-06-19,5.23
1981-06-20,5.2
1981-06-21,5.16
1981-06-22,5.57
1981-06-23,6.16
1981-06-24,5.99
1981-06-25,5.75
1981-06-26,5.6
1981-06-27,5.72
1981-06-28,5.98
1981-06-29,5.76
1981-06-30,5.89
1981-07-01,5.79
1981-07-02,5.68
1981-07-03,5.64
1981-07-04,5.61
1981-07-05,5.61
1981-07-06,5.61
1981-07-07,5.49
1981-07-08,5.46
1981-07-09,5.42
1981-07-10,5.3
1981-07-11,5.35
1981-07-12,5.32
1981-07-13,5.37
1981-07-14,5.34
1981-07-15,5.31
1981-07-16,5.28
1981-07-17,5.29
1981-07-18,5.27
1981-07-19,5.33
1981-07-20,5.36
1981-07-21,5.36
1981-07-22,5.34
1981-07-23,5.32
1981-07-24,5.3
1981-07-25,5.31
1981-07-26,5.37
1981-07-27,5.37
1981-07-28,5.47
1981-07-29,5.01
1981-07-30,1.81
1981-07-31,0.896
1981-08-01,0.771
1981-08-02,0.757
1981-08-03,0.765
1981-08-04,0.812
1981-08-05,0.919
1981-08-06,0.891
1981-08-07,0.869
1981-08-08,1.04
1981-08-09,1.11
1981-08-10,1.02
1981-08-11,0.993
1981-08-12,0.957
1981-08-13,0.948
1981-08-14,0.936
1981-08-15,1.06
1981-08-16,1.04
1981-08-17,0.997
1981-08-18,0.964
1981-08-19,0.954
1981-08-20,0.925
1981-08-21,0.913
1981-08-22,0.908
1981-08-23,0.909
1981-08-24,0.926
1981-08-25,0.922
1981-08-26,0.924
1981-08-27,0.915
1981-08-28,0.914
1981-08-29,1.1
1981-08-30,1.39
1981-08-31,1.33
1981-09-01,1.88
1981-09-02,2.66
1981-09-03,5.59
1981-09-04,34.2
1981-09-05,94.9
1981-09-06,127
1981-09-07,159
1981-09-08,173
1981-09-09,188
1981-09-10,186
1981-09-11,181
1981-09-12,179
1981-09-13,176
1981-09-14,172
1981-09-15,168
1981-09-16,163
1981-09-17,166
1981-09-18,169
1981-09-19,158
1981-09-20,147
1981-09-21,137
1981-09-22,106
1981-09-23,45.8
1981-09-24,26
1981-09-25,6.37
1981-09-26,5.64
1981-09-27,6.02
1981-09-28,5.9
1981-09-29,5.88
1981-09-30,5.8
1981-10-01,5.86
1981-10-02,5.37
1981-10-03,5.15
1981-10-04,5.28
1981-10-05,5.42
1981-10-06,8.04
1981-10-07,23.6
1981-10-08,42.8
1981-10-09,50.7
1981-10-10,50.7
1981-10-11,49.2
1981-10-12,47.3
1981-10-13,45
1981-10-14,41.8
1981-10-15,39.1
1981-10-16,26.6
1981-10-17,7.01
1981-10-18,6.35
1981-10-19,6.9
1981-10-20,6.74
1981-10-21,6.24
1981-10-22,5.86
1981-10-23,5.79
1981-10-24,5.85
1981-10-25,5.76
1981-10-26,5.8
1981-10-27,5.84
1981-10-28,5.44
1981-10-29,4.94
1981-10-30,4.74
1981-10-31,4.78
1981-11-01,4.65
1981-11-02,4.61
1981-11-03,4.54
1981-11-04,4.49
1981-11-05,4.31
1981-11-06,4.47
1981-11-07,4.45
1981-11-08,4.53
1981-11-09,4.57
1981-11-10,4.58
1981-11-11,4.65
1981-11-12,4.62
1981-11-13,4.52
1981-11-14,4.51
1981-11-15,4.47
1981-11-16,4.6
1981-11-17,5.74
1981-11-18,6.55
1981-11-19,6.36
1981-11-20,6.43
1981-11-21,6.85
1981-11-22,6.54
1981-11-23,6.13
1981-11-24,5.9
1981-11-25,5.65
1981-11-26,5.53
1981-11-27,6.11
1981-11-28,6.71
1981-11-29,6.55
1981-11-30,6.26
1981-12-01,6.05
1981-12-02,5.98
1981-12-03,6.45
1981-12-04,6.66
1981-12-05,6.4
1981-12-06,6.07
1981-12-07,5.8
1981-12-08,5.67
1981-12-09,5.41
1981-12-10,5.2
1981-12-11,5.09
1981-12-12,4.91
1981-12-13,4.87
1981-12-14,4.83
1981-12-15,4.72
1981-12-16,4.7
1981-12-17,4.65
1981-12-18,4.54
1981-12-19,4.45
1981-12-20,4.34
1981-12-21,4.2
1981-12-22,4.16
1981-12-23,4.3
1981-12-24,4.26
1981-12-25,4.28
1981-12-26,4.22
1981-12-27,4.19
1981-12-28,4.29
1981-12-29,4.25
1981-12-30,4.2
1981-12-31,4.19
1982-01-01,4.26
1982-01-02,4.28
1982-01-03,4.25
1982-01-04,4.42
1982-01-05,4.64
1982-01-06,4.58
1982-01-07,4.54
1982-01-08,4.47
1982-01-09,4.41
1982-01-10,4.4
1982-01-11,4.38
1982-01-12,4.36
1982-01-13,4.34
1982-01-14,4.32
1982-01-15,4.3
1982-01-16,4.28
1982-01-17,4.26
1982-01-18,4.24
1982-01-19,4.22
1982-01-20,4.2
1982-01-21,4.19
1982-01-22,4.2
1982-01-23,4.3
1982-01-24,4.4
1982-01-25,4.25
1982-01-26,4.1
1982-01-27,4.06
1982-01-28,4.03
1982-01-29,4
1982-01-30,3.97
1982-01-31,3.95
1982-02-01,3.95
1982-02-02,3.95
1982-02-03,3.94
1982-02-04,3.92
1982-02-05,3.9
1982-02-06,3.89
1982-02-07,3.88
1982-02-08,3.87
1982-02-09,3.86
1982-02-10,3.85
1982-02-11,3.84
1982-02-12,3.83
1982-02-13,3.82
1982-02-14,3.81
1982-02-15,3.8
1982-02-16,3.78
1982-02-17,3.76
1982-02-18,3.74
1982-02-19,3.72
1982-02-20,3.7
1982-02-21,3.69
1982-02-22,3.68
1982-02-23,3.67
1982-02-24,3.66
1982-02-25,3.65
1982-02-26,3.65
1982-02-27,3.64
1982-02-28,3.63
1982-03-01,3.62
1982-03-02,3.62
1982-03-03,3.62
1982-03-04,3.62
1982-03-05,3.62
1982-03-06,3.62
1982-03-07,3.62
1982-03-08,3.62
1982-03-09,3.62
1982-03-10,3.9
1982-03-11,4.01
1982-03-12,4.03
1982-03-13,4.24
1982-03-14,4.3
1982-03-15,4.3
1982-03-16,4.58
1982-03-17,4.7
1982-03-18,4.62
1982-03-19,4.71
1982-03-20,4.77
1982-03-21,4.89
1982-03-22,4.97
1982-03-23,17.2
1982-03-24,23.7
1982-03-25,27.3
1982-03-26,31.9
1982-03-27,32.6
1982-03-28,32.3
1982-03-29,31.7
1982-03-30,31.2
1982-03-31,31.2
1982-04-01,32.1
1982-04-02,34.7
1982-04-03,34.2
1982-04-04,35.4
1982-04-05,39.9
1982-04-06,43.5
1982-04-07,45.8
1982-04-08,44.7
1982-04-09,44.7
1982-04-10,44.7
1982-04-11,45.2
1982-04-12,45.8
1982-04-13,51.6
1982-04-14,57.6
1982-04-15,64.1
1982-04-16,74.2
1982-04-17,97.9
1982-04-18,112
1982-04-19,121
1982-04-20,138
1982-04-21,153
1982-04-22,166
1982-04-23,176
1982-04-24,183
1982-04-25,189
1982-04-26,193
1982-04-27,202
1982-04-28,207
1982-04-29,209
1982-04-30,200
1982-05-01,184
1982-05-02,158
1982-05-03,174
1982-05-04,170
1982-05-05,153
1982-05-06,134
1982-05-07,99
1982-05-08,27.4
1982-05-09,22.5
1982-05-10,19.9
1982-05-11,16.7
1982-05-12,17.9
1982-05-13,20.4
1982-05-14,19.5
1982-05-15,15.4
1982-05-16,16.1
1982-05-17,16.4
1982-05-18,17.2
1982-05-19,16.8
1982-05-20,16.3
1982-05-21,16.2
1982-05-22,16.1
1982-05-23,16.5
1982-05-24,16.8
1982-05-25,16.5
1982-05-26,16.4
1982-05-27,16.3
1982-05-28,16.9
1982-05-29,21
1982-05-30,20.1
1982-05-31,19.8
1982-06-01,14.1
1982-06-02,4.95
1982-06-03,2.49
1982-06-04,1.12
1982-06-05,0.617
1982-06-06,0.501
1982-06-07,0.454
1982-06-08,0.444
1982-06-09,0.468
1982-06-10,0.571
1982-06-11,0.665
1982-06-12,0.643
1982-06-13,0.657
1982-06-14,0.646
1982-06-15,0.761
1982-06-16,1.25
1982-06-17,1.16
1982-06-18,1.02
1982-06-19,1.5
1982-06-20,2.21
1982-06-21,2.32
1982-06-22,2.16
1982-06-23,7.55
1982-06-24,35.8
1982-06-25,42.7
1982-06-26,47.9
1982-06-27,44.6
1982-06-28,31.5
1982-06-29,3.87
1982-06-30,2.03
1982-07-01,1.95
1982-07-02,1.99
1982-07-03,1.92
1982-07-04,1.86
1982-07-05,1.72
1982-07-06,1.69
1982-07-07,1.65
1982-07-08,1.59
1982-07-09,1.57
1982-07-10,1.6
1982-07-11,1.6
1982-07-12,1.58
1982-07-13,1.59
1982-07-14,1.58
1982-07-15,1.56
1982-07-16,1.54
1982-07-17,1.55
1982-07-18,1.62
1982-07-19,1.66
1982-07-20,1.64
1982-07-21,1.64
1982-07-22,1.62
1982-07-23,1.54
1982-07-24,0.953
1982-07-25,0.589
1982-07-26,0.538
1982-07-27,0.565
1982-07-28,0.663
1982-07-29,0.622
1982-07-30,0.599
1982-07-31,0.605
1982-08-01,0.61
1982-08-02,0.602
1982-08-03,0.588
1982-08-04,0.614
1982-08-05,0.641
1982-08-06,0.629
1982-08-07,0.641
1982-08-08,0.664
1982-08-09,0.667
1982-08-10,0.669
1982-08-11,0.67
1982-08-12,0.669
1982-08-13,0.667
1982-08-14,0.68
1982-08-15,0.692
1982-08-16,0.702
1982-08-17,0.667
1982-08-18,0.674
1982-08-19,0.728
1982-08-20,0.833
1982-08-21,0.801
1982-08-22,0.869
1982-08-23,1.28
1982-08-24,1.02
1982-08-25,0.941
1982-08-26,0.951
1982-08-27,1.01
1982-08-28,0.964
1982-08-29,0.915
1982-08-30,0.862
1982-08-31,0.821
1982-09-01,0.828
1982-09-02,0.919
1982-09-03,0.99
1982-09-04,0.997
1982-09-05,0.93
1982-09-06,0.994
1982-09-07,1.05
1982-09-08,1.08
1982-09-09,1.08
1982-09-10,1.06
1982-09-11,1.02
1982-09-12,0.983
1982-09-13,0.929
1982-09-14,0.905
1982-09-15,0.911
1982-09-16,0.918
1982-09-17,0.902
1982-09-18,1.12
1982-09-19,1.15
1982-09-20,1.05
1982-09-21,0.981
1982-09-22,0.926
1982-09-23,0.896
1982-09-24,0.863
1982-09-25,0.853
1982-09-26,0.854
1982-09-27,0.852
1982-09-28,0.848
1982-09-29,0.721
1982-09-30,0.683
1982-10-01,0.705
1982-10-02,0.711
1982-10-03,0.658
1982-10-04,0.636
1982-10-05,0.597
1982-10-06,0.585
1982-10-07,0.587
1982-10-08,0.554
1982-10-09,0.503
1982-10-10,0.5
1982-10-11,0.515
1982-10-12,0.555
1982-10-13,0.6
1982-10-14,0.75
1982-10-15,1.3
1982-10-16,1.7
1982-10-17,1.65
1982-10-18,1.37
1982-10-19,1.23
1982-10-20,1.12
1982-10-21,1.15
1982-10-22,1.19
1982-10-23,1.22
1982-10-24,1.25
1982-10-25,1.26
1982-10-26,1.26
1982-10-27,1.27
1982-10-28,1.23
1982-10-29,1.19
1982-10-30,1.19
1982-10-31,1.19
1982-11-01,1.24
1982-11-02,1.24
1982-11-03,1.41
1982-11-04,1.53
1982-11-05,1.57
1982-11-06,1.64
1982-11-07,1.64
1982-11-08,1.6
1982-11-09,1.53
1982-11-10,1.53
1982-11-11,1.49
1982-11-12,2.14
1982-11-13,3.22
1982-11-14,2.93
1982-11-15,5.44
1982-11-16,41.9
1982-11-17,41.8
1982-11-18,44.8
1982-11-19,48.5
1982-11-20,53.6
1982-11-21,57.8
1982-11-22,59
1982-11-23,61.2
1982-11-24,65.2
1982-11-25,68.1
1982-11-26,88
1982-11-27,90.6
1982-11-28,94.5
1982-11-29,94.1
1982-11-30,94.4
1982-12-01,93.5
1982-12-02,92.9
1982-12-03,101
1982-12-04,124
1982-12-05,127
1982-12-06,140
1982-12-07,161
1982-12-08,172
1982-12-09,173
1982-12-10,171
1982-12-11,169
1982-12-12,167
1982-12-13,163
1982-12-14,156
1982-12-15,148
1982-12-16,142
1982-12-17,137
1982-12-18,130
1982-12-19,125
1982-12-20,107
1982-12-21,41
1982-12-22,36.9
1982-12-23,27.4
1982-12-24,9.08
1982-12-25,11.4
1982-12-26,17.5
1982-12-27,23.9
1982-12-28,31
1982-12-29,68.4
1982-12-30,140
1982-12-31,147
1983-01-01,148
1983-01-02,149
1983-01-03,148
1983-01-04,146
1983-01-05,144
1983-01-06,139
1983-01-07,134
1983-01-08,126
1983-01-09,117
1983-01-10,93
1983-01-11,34
1983-01-12,29.9
1983-01-13,33
1983-01-14,42
1983-01-15,42
1983-01-16,42.3
1983-01-17,42.6
1983-01-18,43.7
1983-01-19,43.8
1983-01-20,41.4
1983-01-21,39.4
1983-01-22,37.6
1983-01-23,35.7
1983-01-24,26
1983-01-25,6.08
1983-01-26,5.08
1983-01-27,4.97
1983-01-28,4.73
1983-01-29,4.48
1983-01-30,4.26
1983-01-31,4.54
1983-02-01,4.36
1983-02-02,4.27
1983-02-03,4.97
1983-02-04,5.43
1983-02-05,5.4
1983-02-06,5.24
1983-02-07,5.09
1983-02-08,5.01
1983-02-09,4.99
1983-02-10,10.4
1983-02-11,33
1983-02-12,30.7
1983-02-13,28.6
1983-02-14,27
1983-02-15,25.2
1983-02-16,23.4
1983-02-17,22.7
1983-02-18,25.7
1983-02-19,25.8
1983-02-20,24.2
1983-02-21,22.8
1983-02-22,25.3
1983-02-23,22.3
1983-02-24,9.52
1983-02-25,8.23
1983-02-26,4.47
1983-02-27,3.9
1983-02-28,3.83
1983-03-01,3.73
1983-03-02,3.95
1983-03-03,3.91
1983-03-04,3.86
1983-03-05,3.96
1983-03-06,4.23
1983-03-07,5.15
1983-03-08,10.9
1983-03-09,27.3
1983-03-10,30.5
1983-03-11,46.8
1983-03-12,53.2
1983-03-13,52.9
1983-03-14,52.2
1983-03-15,54.1
1983-03-16,58.3
1983-03-17,55.1
1983-03-18,51.2
1983-03-19,52
1983-03-20,51.5
1983-03-21,50.3
1983-03-22,50.7
1983-03-23,49.6
1983-03-24,48
1983-03-25,47
1983-03-26,46.3
1983-03-27,45.4
1983-03-28,44.8
1983-03-29,44
1983-03-30,40.8
1983-03-31,37.7
1983-04-01,36.5
1983-04-02,34
1983-04-03,32.1
1983-04-04,31
1983-04-05,29.8
1983-04-06,24.5
1983-04-07,17.9
1983-04-08,19.9
1983-04-09,18.2
1983-04-10,18.4
1983-04-11,20.9
1983-04-12,21
1983-04-13,21
1983-04-14,21.7
1983-04-15,23.4
1983-04-16,22.3
1983-04-17,20.6
1983-04-18,20.9
1983-04-19,19.3
1983-04-20,18.3
1983-04-21,18.4
1983-04-22,19.5
1983-04-23,16.6
1983-04-24,16.8
1983-04-25,18.1
1983-04-26,16.2
1983-04-27,16.7
1983-04-28,17.7
1983-04-29,17.9
1983-04-30,18.8
1983-05-01,20.7
1983-05-02,20.9
1983-05-03,22.4
1983-05-04,19.4
1983-05-05,19.7
1983-05-06,23
1983-05-07,38.6
1983-05-08,76.6
1983-05-09,173
1983-05-10,203
1983-05-11,207
1983-05-12,207
1983-05-13,206
1983-05-14,204
1983-05-15,204
1983-05-16,200
1983-05-17,194
1983-05-18,186
1983-05-19,172
1983-05-20,146
1983-05-21,127
1983-05-22,119
1983-05-23,119
1983-05-24,97
1983-05-25,35.7
1983-05-26,31.4
1983-05-27,38.8
1983-05-28,62.7
1983-05-29,66.4
1983-05-30,69.7
1983-05-31,75.8
1983-06-01,76.7
1983-06-02,75.8
1983-06-03,74.8
1983-06-04,74.7
1983-06-05,75.6
1983-06-06,74.2
1983-06-07,61.2
1983-06-08,26.2
1983-06-09,9.76
1983-06-10,8.57
1983-06-11,7.96
1983-06-12,8.27
1983-06-13,8.23
1983-06-14,8
1983-06-15,8.07
1983-06-16,8.13
1983-06-17,7.66
1983-06-18,7.61
1983-06-19,7.55
1983-06-20,7.33
1983-06-21,7.39
1983-06-22,7.45
1983-06-23,7.33
1983-06-24,7.45
1983-06-25,7.64
1983-06-26,7.58
1983-06-27,7.61
1983-06-28,6.05
1983-06-29,1.41
1983-06-30,0.753
1983-07-01,0.654
1983-07-02,0.632
1983-07-03,0.637
1983-07-04,0.693
1983-07-05,0.808
1983-07-06,0.764
1983-07-07,0.717
1983-07-08,0.677
1983-07-09,0.657
1983-07-10,0.638
1983-07-11,0.618
1983-07-12,0.62
1983-07-13,0.616
1983-07-14,0.618
1983-07-15,0.611
1983-07-16,0.602
1983-07-17,0.588
1983-07-18,0.602
1983-07-19,0.607
1983-07-20,0.603
1983-07-21,0.597
1983-07-22,0.596
1983-07-23,0.603
1983-07-24,0.606
1983-07-25,0.6
1983-07-26,0.612
1983-07-27,0.64
1983-07-28,0.664
1983-07-29,0.686
1983-07-30,0.731
1983-07-31,0.742
1983-08-01,0.774
1983-08-02,0.73
1983-08-03,0.718
1983-08-04,0.784
1983-08-05,0.78
1983-08-06,0.775
1983-08-07,0.778
1983-08-08,0.796
1983-08-09,0.797
1983-08-10,0.812
1983-08-11,0.81
1983-08-12,0.806
1983-08-13,0.791
1983-08-14,0.795
1983-08-15,0.799
1983-08-16,0.807
1983-08-17,0.82
1983-08-18,0.84
1983-08-19,0.852
1983-08-20,0.877
1983-08-21,0.855
1983-08-22,0.944
1983-08-23,0.918
1983-08-24,0.891
1983-08-25,0.893
1983-08-26,0.892
1983-08-27,0.891
1983-08-28,0.91
1983-08-29,0.906
1983-08-30,0.951
1983-08-31,0.95
1983-09-01,0.92
1983-09-02,0.926
1983-09-03,0.949
1983-09-04,0.961
1983-09-05,0.969
1983-09-06,1
1983-09-07,1.02
1983-09-08,1.03
1983-09-09,1.03
1983-09-10,1.08
1983-09-11,1.11
1983-09-12,1.08
1983-09-13,1.07
1983-09-14,1.06
1983-09-15,1.05
1983-09-16,1.08
1983-09-17,1.14
1983-09-18,1.15
1983-09-19,1.15
1983-09-20,1.12
1983-09-21,1.39
1983-09-22,1.41
1983-09-23,1.62
1983-09-24,1.51
1983-09-25,1.33
1983-09-26,1.31
1983-09-27,1.25
1983-09-28,1.16
1983-09-29,1.12
1983-09-30,1.11
1983-10-01,1.11
1983-10-02,1.11
1983-10-03,1.2
1983-10-04,1.42
1983-10-05,1.45
1983-10-06,1.39
1983-10-07,1.37
1983-10-08,1.79
1983-10-09,1.82
1983-10-10,1.62
1983-10-11,1.47
1983-10-12,1.48
1983-10-13,1.47
1983-10-14,1.76
1983-10-15,1.99
1983-10-16,1.96
1983-10-17,1.78
1983-10-18,1.6
1983-10-19,1.52
1983-10-20,1.42
1983-10-21,1.32
1983-10-22,1.25
1983-10-23,1.23
1983-10-24,1.28
1983-10-25,1.28
1983-10-26,1.22
1983-10-27,1.17
1983-10-28,1.17
1983-10-29,1.19
1983-10-30,1.19
1983-10-31,1.19
1983-11-01,1.21
1983-11-02,1.3
1983-11-03,1.59
1983-11-04,1.63
1983-11-05,1.58
1983-11-06,1.55
1983-11-07,1.5
1983-11-08,1.47
1983-11-09,1.47
1983-11-10,1.43
1983-11-11,1.52
1983-11-12,1.57
1983-11-13,1.54
1983-11-14,1.51
1983-11-15,1.53
1983-11-16,1.72
1983-11-17,1.88
1983-11-18,1.82
1983-11-19,1.76
1983-11-20,1.82
1983-11-21,2.54
1983-11-22,2.94
1983-11-23,2.72
1983-11-24,2.62
1983-11-25,2.49
1983-11-26,2.42
1983-11-27,2.3
1983-11-28,2.29
1983-11-29,2.55
1983-11-30,2.72
1983-12-01,2.71
1983-12-02,2.57
1983-12-03,2.53
1983-12-04,2.37
1983-12-05,2.24
1983-12-06,2.28
1983-12-07,2.39
1983-12-08,2.17
1983-12-09,2.1
1983-12-10,2.12
1983-12-11,2.02
1983-12-12,2.31
1983-12-13,2.79
1983-12-14,2.77
1983-12-15,2.76
1983-12-16,2.77
1983-12-17,2.72
1983-12-18,2.7
1983-12-19,2.59
1983-12-20,2.37
1983-12-21,2.28
1983-12-22,2.58
1983-12-23,2.7
1983-12-24,2.7
1983-12-25,2.57
1983-12-26,2.56
1983-12-27,2.47
1983-12-28,2.41
1983-12-29,2.38
1983-12-30,2.27
1983-12-31,2.18
1984-01-01,2.11
1984-01-02,2.11
1984-01-03,2.13
1984-01-04,2.25
1984-01-05,2.21
1984-01-06,2.28
1984-01-07,2.17
1984-01-08,2.09
1984-01-09,2.05
1984-01-10,1.89
1984-01-11,1.79
1984-01-12,1.74
1984-01-13,1.72
1984-01-14,1.73
1984-01-15,1.7
1984-01-16,1.66
1984-01-17,1.7
1984-01-18,1.75
1984-01-19,1.74
1984-01-20,1.75
1984-01-21,1.64
1984-01-22,1.63
1984-01-23,1.62
1984-01-24,1.6
1984-01-25,1.56
1984-01-26,1.53
1984-01-27,1.52
1984-01-28,1.45
1984-01-29,1.46
1984-01-30,1.47
1984-01-31,1.44
1984-02-01,1.41
1984-02-02,1.38
1984-02-03,1.41
1984-02-04,1.4
1984-02-05,1.4
1984-02-06,1.39
1984-02-07,1.36
1984-02-08,1.37
1984-02-09,1.4
1984-02-10,1.37
1984-02-11,1.38
1984-02-12,1.39
1984-02-13,1.55
1984-02-14,9.83
1984-02-15,25.2
1984-02-16,31.9
1984-02-17,75
1984-02-18,94.6
1984-02-19,99.3
1984-02-20,104
1984-02-21,108
1984-02-22,113
1984-02-23,113
1984-02-24,115
1984-02-25,115
1984-02-26,115
1984-02-27,115
1984-02-28,114
1984-02-29,117
1984-03-01,112
1984-03-02,107
1984-03-03,103
1984-03-04,98.4
1984-03-05,94.1
1984-03-06,89.9
1984-03-07,85.3
1984-03-08,79.8
1984-03-09,71.7
1984-03-10,65.7
1984-03-11,62
1984-03-12,52.9
1984-03-13,44.8
1984-03-14,50.8
1984-03-15,45.9
1984-03-16,44.4
1984-03-17,43.8
1984-03-18,42.2
1984-03-19,40.8
1984-03-20,39.5
1984-03-21,39.5
1984-03-22,42.2
1984-03-23,44.4
1984-03-24,45.3
1984-03-25,45.9
1984-03-26,45.9
1984-03-27,45.4
1984-03-28,44.8
1984-03-29,44.8
1984-03-30,44.3
1984-03-31,43.6
1984-04-01,43.2
1984-04-02,43.1
1984-04-03,43.4
1984-04-04,45.1
1984-04-05,51.3
1984-04-06,60.6
1984-04-07,70.1
1984-04-08,72
1984-04-09,79.1
1984-04-10,84.6
1984-04-11,83.9
1984-04-12,85.9
1984-04-13,88.6
1984-04-14,91.7
1984-04-15,95.9
1984-04-16,102
1984-04-17,107
1984-04-18,110
1984-04-19,109
1984-04-20,107
1984-04-21,104
1984-04-22,101
1984-04-23,99.6
1984-04-24,97.9
1984-04-25,72.5
1984-04-26,19.8
1984-04-27,19
1984-04-28,18.9
1984-04-29,18.4
1984-04-30,18.4
1984-05-01,17.8
1984-05-02,17.6
1984-05-03,16.4
1984-05-04,18.2
1984-05-05,19
1984-05-06,19.8
1984-05-07,18.6
1984-05-08,14.1
1984-05-09,13.6
1984-05-10,13.2
1984-05-11,12.6
1984-05-12,13.2
1984-05-13,13.1
1984-05-14,13.3
1984-05-15,13.1
1984-05-16,12
1984-05-17,13.9
1984-05-18,16.5
1984-05-19,15.2
1984-05-20,14.4
1984-05-21,13.7
1984-05-22,13.9
1984-05-23,21.6
1984-05-24,18.9
1984-05-25,27
1984-05-26,72.3
1984-05-27,102
1984-05-28,108
1984-05-29,151
1984-05-30,182
1984-05-31,179
1984-06-01,174
1984-06-02,167
1984-06-03,160
1984-06-04,144
1984-06-05,109
1984-06-06,49.1
1984-06-07,39.8
1984-06-08,34.5
1984-06-09,33.1
1984-06-10,31.5
1984-06-11,30
1984-06-12,21
1984-06-13,5.37
1984-06-14,4.8
1984-06-15,4.73
1984-06-16,4.61
1984-06-17,4.5
1984-06-18,4.67
1984-06-19,4.52
1984-06-20,4.42
1984-06-21,4.33
1984-06-22,3.66
1984-06-23,1.18
1984-06-24,0.835
1984-06-25,0.773
1984-06-26,0.726
1984-06-27,0.778
1984-06-28,0.825
1984-06-29,0.812
1984-06-30,0.861
1984-07-01,1.02
1984-07-02,0.993
1984-07-03,0.92
1984-07-04,0.868
1984-07-05,0.839
1984-07-06,0.825
1984-07-07,0.846
1984-07-08,0.861
1984-07-09,0.847
1984-07-10,0.852
1984-07-11,0.96
1984-07-12,1.16
1984-07-13,1.3
1984-07-14,1.5
1984-07-15,1.65
1984-07-16,1.6
1984-07-17,1.5
1984-07-18,1.4
1984-07-19,1.4
1984-07-20,1.55
1984-07-21,1.55
1984-07-22,1.53
1984-07-23,1.5
1984-07-24,1.47
1984-07-25,1.45
1984-07-26,1.42
1984-07-27,1.4
1984-07-28,1.37
1984-07-29,1.35
1984-07-30,1.32
1984-07-31,1.3
1984-08-01,1.28
1984-08-02,1.26
1984-08-03,1.24
1984-08-04,1.22
1984-08-05,1.2
1984-08-06,1.17
1984-08-07,1.14
1984-08-08,1.11
1984-08-09,1.08
1984-08-10,1.15
1984-08-11,1.25
1984-08-12,1.35
1984-08-13,1.4
1984-08-14,1.4
1984-08-15,1.4
1984-08-16,1.37
1984-08-17,1.34
1984-08-18,1.31
1984-08-19,1.28
1984-08-20,1.26
1984-08-21,1.24
1984-08-22,1.18
1984-08-23,1.1
1984-08-24,1.07
1984-08-25,1.04
1984-08-26,1
1984-08-27,0.95
1984-08-28,0.9
1984-08-29,0.95
1984-08-30,1
1984-08-31,1.05
1984-09-01,1.1
1984-09-02,1.15
1984-09-03,1.2
1984-09-04,1.3
1984-09-05,1.35
1984-09-06,1.4
1984-09-07,1.35
1984-09-08,1.25
1984-09-09,1.15
1984-09-10,1.05
1984-09-11,1.2
1984-09-12,1.5
1984-09-13,1.8
1984-09-14,2.1
1984-09-15,2.12
1984-09-16,2.08
1984-09-17,2.04
1984-09-18,2
1984-09-19,1.94
1984-09-20,1.88
1984-09-21,1.78
1984-09-22,1.7
1984-09-23,1.65
1984-09-24,1.6
1984-09-25,1.55
1984-09-26,1.6
1984-09-27,1.65
1984-09-28,1.75
1984-09-29,1.8
1984-09-30,1.85
1984-10-01,1.9
1984-10-02,1.9
1984-10-03,1.85
1984-10-04,1.8
1984-10-05,1.7
1984-10-06,1.65
1984-10-07,1.6
1984-10-08,1.5
1984-10-09,1.4
1984-10-10,1.25
1984-10-11,1.15
1984-10-12,1.05
1984-10-13,1
1984-10-14,0.9
1984-10-15,0.85
1984-10-16,0.75
1984-10-17,0.669
1984-10-18,0.85
1984-10-19,1.1
1984-10-20,1.2
1984-10-21,1.15
1984-10-22,1.1
1984-10-23,1.06
1984-10-24,1.08
1984-10-25,1.05
1984-10-26,1.08
1984-10-27,1.07
1984-10-28,1.12
1984-10-29,1.12
1984-10-30,1.1
1984-10-31,1.1
1984-11-01,1.15
1984-11-02,1.21
1984-11-03,1.17
1984-11-04,1.37
1984-11-05,2.04
1984-11-06,2.07
1984-11-07,1.8
1984-11-08,1.65
1984-11-09,1.61
1984-11-10,2.06
1984-11-11,3.08
1984-11-12,3.62
1984-11-13,3.46
1984-11-14,3.14
1984-11-15,2.96
1984-11-16,4.32
1984-11-17,4.75
1984-11-18,4.25
1984-11-19,3.96
1984-11-20,8.78
1984-11-21,22.7
1984-11-22,21.4
1984-11-23,18.2
1984-11-24,13.7
1984-11-25,13.1
1984-11-26,10.4
1984-11-27,3.05
1984-11-28,2.51
1984-11-29,2.5
1984-11-30,2.35
1984-12-01,2.3
1984-12-02,2.21
1984-12-03,2.16
1984-12-04,2.14
1984-12-05,2.17
1984-12-06,2.1
1984-12-07,2
1984-12-08,1.96
1984-12-09,1.91
1984-12-10,1.86
1984-12-11,1.86
1984-12-12,1.99
1984-12-13,2.82
1984-12-14,3.02
1984-12-15,2.82
1984-12-16,2.71
1984-12-17,3.01
1984-12-18,3.19
1984-12-19,3.02
1984-12-20,2.95
1984-12-21,2.91
1984-12-22,3.05
1984-12-23,3.05
1984-12-24,3.11
1984-12-25,2.99
1984-12-26,3.05
1984-12-27,2.87
1984-12-28,3.09
1984-12-29,21.6
1984-12-30,78.3
1984-12-31,116
1985-01-01,170
1985-01-02,171
1985-01-03,169
1985-01-04,182
1985-01-05,174
1985-01-06,171
1985-01-07,167
1985-01-08,163
1985-01-09,159
1985-01-10,154
1985-01-11,138
1985-01-12,120
1985-01-13,118
1985-01-14,89.3
1985-01-15,10.3
1985-01-16,6.84
1985-01-17,6.61
1985-01-18,6.65
1985-01-19,6.74
1985-01-20,6.67
1985-01-21,6.79
1985-01-22,6.62
1985-01-23,6.56
1985-01-24,6.51
1985-01-25,6.44
1985-01-26,6.37
1985-01-27,6.29
1985-01-28,6.27
1985-01-29,6.26
1985-01-30,6.19
1985-01-31,6.13
1985-02-01,6.1
1985-02-02,6.14
1985-02-03,6.2
1985-02-04,6.21
1985-02-05,6.17
1985-02-06,6.07
1985-02-07,5.91
1985-02-08,5.78
1985-02-09,5.8
1985-02-10,6.05
1985-02-11,5.98
1985-02-12,6.03
1985-02-13,6.36
1985-02-14,6.3
1985-02-15,6.1
1985-02-16,6.11
1985-02-17,6.08
1985-02-18,6.02
1985-02-19,5.95
1985-02-20,5.82
1985-02-21,5.85
1985-02-22,6.46
1985-02-23,7.02
1985-02-24,8.6
1985-02-25,9.42
1985-02-26,12.6
1985-02-27,32
1985-02-28,50.4
1985-03-01,53.6
1985-03-02,64.8
1985-03-03,65.6
1985-03-04,65.8
1985-03-05,69.6
1985-03-06,72.4
1985-03-07,81.9
1985-03-08,100
1985-03-09,96.4
1985-03-10,94.3
1985-03-11,93.8
1985-03-12,95.7
1985-03-13,96.6
1985-03-14,95.8
1985-03-15,93.2
1985-03-16,90.9
1985-03-17,89.7
1985-03-18,89.9
1985-03-19,90.2
1985-03-20,85.3
1985-03-21,78.6
1985-03-22,77.5
1985-03-23,69.5
1985-03-24,68
1985-03-25,75.6
1985-03-26,66.8
1985-03-27,62.9
1985-03-28,68.4
1985-03-29,82.9
1985-03-30,92.2
1985-03-31,91.4
1985-04-01,93.5
1985-04-02,93.3
1985-04-03,93.3
1985-04-04,94.3
1985-04-05,101
1985-04-06,110
1985-04-07,114
1985-04-08,118
1985-04-09,122
1985-04-10,123
1985-04-11,124
1985-04-12,129
1985-04-13,144
1985-04-14,143
1985-04-15,147
1985-04-16,151
1985-04-17,153
1985-04-18,166
1985-04-19,178
1985-04-20,184
1985-04-21,189
1985-04-22,197
1985-04-23,203
1985-04-24,211
1985-04-25,215
1985-04-26,222
1985-04-27,228
1985-04-28,235
1985-04-29,241
1985-04-30,246
1985-05-01,246
1985-05-02,240
1985-05-03,229
1985-05-04,219
1985-05-05,212
1985-05-06,210
1985-05-07,200
1985-05-08,168
1985-05-09,83.7
1985-05-10,67.2
1985-05-11,69.7
1985-05-12,51.6
1985-05-13,60.2
1985-05-14,75.1
1985-05-15,54.3
1985-05-16,43.2
1985-05-17,38
1985-05-18,19.7
1985-05-19,18
1985-05-20,18.4
1985-05-21,18
1985-05-22,17.1
1985-05-23,17.4
1985-05-24,19.8
1985-05-25,20.6
1985-05-26,21.2
1985-05-27,19.7
1985-05-28,23.4
1985-05-29,24.1
1985-05-30,23.9
1985-05-31,22.4
1985-06-01,20.4
1985-06-02,20
1985-06-03,20.7
1985-06-04,17.3
1985-06-05,5.71
1985-06-06,4.65
1985-06-07,4.38
1985-06-08,4.37
1985-06-09,4.22
1985-06-10,4.18
1985-06-11,4.36
1985-06-12,4.39
1985-06-13,4.3
1985-06-14,4.23
1985-06-15,4.29
1985-06-16,4.3
1985-06-17,4.3
1985-06-18,4.39
1985-06-19,4.23
1985-06-20,4.2
1985-06-21,4.14
1985-06-22,4.43
1985-06-23,4.76
1985-06-24,4.69
1985-06-25,4.29
1985-06-26,4.07
1985-06-27,3.99
1985-06-28,3.88
1985-06-29,3.95
1985-06-30,3.98
1985-07-01,4.38
1985-07-02,4.89
1985-07-03,4.87
1985-07-04,4.74
1985-07-05,4.63
1985-07-06,4.68
1985-07-07,4.51
1985-07-08,4.24
1985-07-09,3.99
1985-07-10,3.82
1985-07-11,3.11
1985-07-12,1.3
1985-07-13,0.789
1985-07-14,0.824
1985-07-15,0.824
1985-07-16,0.819
1985-07-17,0.848
1985-07-18,0.817
1985-07-19,0.821
1985-07-20,0.803
1985-07-21,0.822
1985-07-22,0.847
1985-07-23,0.844
1985-07-24,0.852
1985-07-25,0.813
1985-07-26,0.919
1985-07-27,0.889
1985-07-28,0.884
1985-07-29,0.906
1985-07-30,0.917
1985-07-31,0.896
1985-08-01,0.875
1985-08-02,0.859
1985-08-03,0.862
1985-08-04,0.898
1985-08-05,0.913
1985-08-06,0.95
1985-08-07,1
1985-08-08,0.949
1985-08-09,0.92
1985-08-10,0.95
1985-08-11,1.01
1985-08-12,0.975
1985-08-13,0.951
1985-08-14,0.958
1985-08-15,1.02
1985-08-16,0.99
1985-08-17,0.983
1985-08-18,1.09
1985-08-19,1.14
1985-08-20,1.06
1985-08-21,1.02
1985-08-22,0.99
1985-08-23,1.01
1985-08-24,1.02
1985-08-25,1.05
1985-08-26,1.07
1985-08-27,1.09
1985-08-28,1.09
1985-08-29,1.05
1985-08-30,1.82
1985-08-31,8.94
1985-09-01,10.4
1985-09-02,9.99
1985-09-03,9.63
1985-09-04,24.4
1985-09-05,71.5
1985-09-06,94.9
1985-09-07,116
1985-09-08,117
1985-09-09,119
1985-09-10,118
1985-09-11,107
1985-09-12,74.4
1985-09-13,8.21
1985-09-14,5.2
1985-09-15,5.14
1985-09-16,5.55
1985-09-17,5.17
1985-09-18,4.61
1985-09-19,4.11
1985-09-20,3.64
1985-09-21,3.19
1985-09-22,2.96
1985-09-23,2.99
1985-09-24,3.29
1985-09-25,2.99
1985-09-26,2.93
1985-09-27,3.01
1985-09-28,2.94
1985-09-29,2.79
1985-09-30,2.74
1985-10-01,2.76
1985-10-02,2.62
1985-10-03,2.45
1985-10-04,2.29
1985-10-05,2.45
1985-10-06,2.86
1985-10-07,4.03
1985-10-08,4.43
1985-10-09,3.68
1985-10-10,3.57
1985-10-11,3.6
1985-10-12,3.76
1985-10-13,8.24
1985-10-14,13.5
1985-10-15,16
1985-10-16,33.8
1985-10-17,42.5
1985-10-18,59.5
1985-10-19,57.4
1985-10-20,56.1
1985-10-21,54.3
1985-10-22,52
1985-10-23,49.7
1985-10-24,47.6
1985-10-25,45.4
1985-10-26,42.9
1985-10-27,40.5
1985-10-28,37.5
1985-10-29,31.9
1985-10-30,27.3
1985-10-31,28.2
1985-11-01,23.7
1985-11-02,4.85
1985-11-03,3.38
1985-11-04,3.61
1985-11-05,4.01
1985-11-06,3.75
1985-11-07,3.65
1985-11-08,3.88
1985-11-09,3.82
1985-11-10,3.78
1985-11-11,3.57
1985-11-12,3.35
1985-11-13,3.82
1985-11-14,4.55
1985-11-15,4.1
1985-11-16,3.88
1985-11-17,4
1985-11-18,4.14
1985-11-19,9.36
1985-11-20,13.2
1985-11-21,39.3
1985-11-22,49.1
1985-11-23,53.1
1985-11-24,56
1985-11-25,58.9
1985-11-26,59.9
1985-11-27,57.8
1985-11-28,56.2
1985-11-29,42.2
1985-11-30,8.58
1985-12-01,6.67
1985-12-02,7.97
1985-12-03,7.9
1985-12-04,7.12
1985-12-05,6.78
1985-12-06,6.6
1985-12-07,6.38
1985-12-08,6.22
1985-12-09,6.25
1985-12-10,6.16
1985-12-11,6.05
1985-12-12,5.88
1985-12-13,5.82
1985-12-14,5.69
1985-12-15,5.68
1985-12-16,5.72
1985-12-17,5.9
1985-12-18,5.55
1985-12-19,5.52
1985-12-20,5.49
1985-12-21,5.47
1985-12-22,5.45
1985-12-23,5.43
1985-12-24,5.36
1985-12-25,5.2
1985-12-26,5.19
1985-12-27,5.17
1985-12-28,5.32
1985-12-29,5.51
1985-12-30,5.37
1985-12-31,5.34
1986-01-01,5.14
1986-01-02,5.15
1986-01-03,5.26
1986-01-04,5.18
1986-01-05,5.19
1986-01-06,5.17
1986-01-07,5.07
1986-01-08,5
1986-01-09,5.03
1986-01-10,5.05
1986-01-11,4.99
1986-01-12,4.96
1986-01-13,4.93
1986-01-14,4.8
1986-01-15,4.88
1986-01-16,4.96
1986-01-17,5.02
1986-01-18,5.05
1986-01-19,5.12
1986-01-20,5.29
1986-01-21,5.32
1986-01-22,5.28
1986-01-23,5.12
1986-01-24,5.15
1986-01-25,5.18
1986-01-26,5.09
1986-01-27,5.04
1986-01-28,5.03
1986-01-29,4.98
1986-01-30,5.01
1986-01-31,5.03
1986-02-01,5.13
1986-02-02,5.26
1986-02-03,5.12
1986-02-04,4.97
1986-02-05,4.96
1986-02-06,4.9
1986-02-07,4.88
1986-02-08,4.86
1986-02-09,4.86
1986-02-10,4.78
1986-02-11,4.65
1986-02-12,4.51
1986-02-13,4.45
1986-02-14,4.49
1986-02-15,4.46
1986-02-16,4.39
1986-02-17,4.34
1986-02-18,4.44
1986-02-19,4.59
1986-02-20,4.67
1986-02-21,4.77
1986-02-22,4.67
1986-02-23,4.57
1986-02-24,4.48
1986-02-25,4.42
1986-02-26,4.38
1986-02-27,4.32
1986-02-28,4.37
1986-03-01,4.34
1986-03-02,4.32
1986-03-03,4.24
1986-03-04,4.23
1986-03-05,4.28
1986-03-06,4.44
1986-03-07,4.42
1986-03-08,4.33
1986-03-09,4.44
1986-03-10,4.56
1986-03-11,5.3
1986-03-12,5.45
1986-03-13,10.9
1986-03-14,19.7
1986-03-15,14.8
1986-03-16,14.2
1986-03-17,13.8
1986-03-18,15.6
1986-03-19,19
1986-03-20,21.5
1986-03-21,22
1986-03-22,22.5
1986-03-23,23.9
1986-03-24,27
1986-03-25,31
1986-03-26,33
1986-03-27,47.6
1986-03-28,58
1986-03-29,62.3
1986-03-30,71.8
1986-03-31,90.4
1986-04-01,118
1986-04-02,145
1986-04-03,166
1986-04-04,176
1986-04-05,182
1986-04-06,182
1986-04-07,187
1986-04-08,193
1986-04-09,198
1986-04-10,199
1986-04-11,193
1986-04-12,183
1986-04-13,172
1986-04-14,141
1986-04-15,76.9
1986-04-16,62.9
1986-04-17,36.3
1986-04-18,29.5
1986-04-19,28.5
1986-04-20,27.8
1986-04-21,30.5
1986-04-22,32.2
1986-04-23,29.5
1986-04-24,27.9
1986-04-25,28
1986-04-26,28.2
1986-04-27,28.5
1986-04-28,28.6
1986-04-29,28.5
1986-04-30,27.9
1986-05-01,28.8
1986-05-02,28.7
1986-05-03,27.2
1986-05-04,25.2
1986-05-05,23.7
1986-05-06,23.1
1986-05-07,22.6
1986-05-08,19.4
1986-05-09,20
1986-05-10,20.2
1986-05-11,20
1986-05-12,20.2
1986-05-13,20.2
1986-05-14,19.2
1986-05-15,16.6
1986-05-16,17
1986-05-17,15.1
1986-05-18,15.4
1986-05-19,16.1
1986-05-20,17.3
1986-05-21,17.1
1986-05-22,15.6
1986-05-23,14.8
1986-05-24,12.3
1986-05-25,12.3
1986-05-26,12.9
1986-05-27,14
1986-05-28,15.8
1986-05-29,22.7
1986-05-30,21.4
1986-05-31,20.9
1986-06-01,19.9
1986-06-02,18.5
1986-06-03,16.6
1986-06-04,12.8
1986-06-05,5.46
1986-06-06,4.76
1986-06-07,5.01
1986-06-08,4.99
1986-06-09,4.39
1986-06-10,2.84
1986-06-11,2.83
1986-06-12,1.31
1986-06-13,0.828
1986-06-14,0.634
1986-06-15,0.536
1986-06-16,0.506
1986-06-17,0.544
1986-06-18,0.517
1986-06-19,0.46
1986-06-20,0.445
1986-06-21,0.42
1986-06-22,0.442
1986-06-23,0.632
1986-06-24,0.714
1986-06-25,0.708
1986-06-26,0.683
1986-06-27,0.716
1986-06-28,0.822
1986-06-29,0.764
1986-06-30,0.683
1986-07-01,0.593
1986-07-02,0.545
1986-07-03,0.545
1986-07-04,0.685
1986-07-05,0.974
1986-07-06,1.07
1986-07-07,1.01
1986-07-08,0.912
1986-07-09,0.811
1986-07-10,0.739
1986-07-11,0.721
1986-07-12,1.26
1986-07-13,0.814
1986-07-14,0.614
1986-07-15,0.601
1986-07-16,0.593
1986-07-17,0.633
1986-07-18,0.663
1986-07-19,0.645
1986-07-20,0.657
1986-07-21,0.664
1986-07-22,0.636
1986-07-23,0.624
1986-07-24,0.613
1986-07-25,0.64
1986-07-26,0.943
1986-07-27,0.908
1986-07-28,0.853
1986-07-29,1.01
1986-07-30,1.1
1986-07-31,0.973
1986-08-01,0.887
1986-08-02,0.838
1986-08-03,0.81
1986-08-04,0.777
1986-08-05,0.785
1986-08-06,0.816
1986-08-07,0.818
1986-08-08,0.846
1986-08-09,0.986
1986-08-10,0.974
1986-08-11,0.903
1986-08-12,0.888
1986-08-13,0.855
1986-08-14,0.9
1986-08-15,0.941
1986-08-16,0.903
1986-08-17,0.886
1986-08-18,0.898
1986-08-19,0.909
1986-08-20,0.926
1986-08-21,0.92
1986-08-22,0.932
1986-08-23,1
1986-08-24,0.971
1986-08-25,0.956
1986-08-26,0.969
1986-08-27,0.985
1986-08-28,0.968
1986-08-29,0.975
1986-08-30,0.953
1986-08-31,0.947
1986-09-01,0.944
1986-09-02,0.946
1986-09-03,0.954
1986-09-04,0.972
1986-09-05,1
1986-09-06,0.959
1986-09-07,0.925
1986-09-08,0.93
1986-09-09,0.936
1986-09-10,0.982
1986-09-11,1.12
1986-09-12,1.65
1986-09-13,1.42
1986-09-14,1.13
1986-09-15,1.02
1986-09-16,1.03
1986-09-17,0.981
1986-09-18,0.994
1986-09-19,0.965
1986-09-20,0.987
1986-09-21,0.97
1986-09-22,0.939
1986-09-23,2.79
1986-09-24,2.64
1986-09-25,1.83
1986-09-26,1.72
1986-09-27,1.6
1986-09-28,1.43
1986-09-29,2.16
1986-09-30,10.2
1986-10-01,33.3
1986-10-02,41
1986-10-03,44
1986-10-04,54.1
1986-10-05,55.1
1986-10-06,62.4
1986-10-07,80.5
1986-10-08,78
1986-10-09,76.6
1986-10-10,72.2
1986-10-11,68.8
1986-10-12,65.6
1986-10-13,62.5
1986-10-14,63.7
1986-10-15,64.8
1986-10-16,65.9
1986-10-17,67.1
1986-10-18,66.3
1986-10-19,65.2
1986-10-20,64.3
1986-10-21,62.9
1986-10-22,60.3
1986-10-23,45.3
1986-10-24,5.26
1986-10-25,2.95
1986-10-26,2.61
1986-10-27,2.38
1986-10-28,2.26
1986-10-29,2.18
1986-10-30,2.15
1986-10-31,1.96
1986-11-01,1.84
1986-11-02,1.84
1986-11-03,1.83
1986-11-04,2.01
1986-11-05,1.83
1986-11-06,1.71
1986-11-07,1.72
1986-11-08,2.12
1986-11-09,2.59
1986-11-10,2.82
1986-11-11,2.79
1986-11-12,2.72
1986-11-13,2.65
1986-11-14,2.53
1986-11-15,2.38
1986-11-16,2.29
1986-11-17,2.27
1986-11-18,2.25
1986-11-19,2.22
1986-11-20,2.1
1986-11-21,2.01
1986-11-22,1.92
1986-11-23,1.89
1986-11-24,2.08
1986-11-25,2.25
1986-11-26,2.35
1986-11-27,2.48
1986-11-28,2.51
1986-11-29,2.55
1986-11-30,2.43
1986-12-01,2.23
1986-12-02,2.2
1986-12-03,2.38
1986-12-04,2.51
1986-12-05,2.51
1986-12-06,2.43
1986-12-07,2.38
1986-12-08,2.32
1986-12-09,2.32
1986-12-10,2.35
1986-12-11,2.27
1986-12-12,2.19
1986-12-13,2.11
1986-12-14,2.1
1986-12-15,2.05
1986-12-16,1.95
1986-12-17,1.91
1986-12-18,1.97
1986-12-19,2.07
1986-12-20,2.05
1986-12-21,2.01
1986-12-22,1.95
1986-12-23,1.9
1986-12-24,1.88
1986-12-25,2.18
1986-12-26,2.25
1986-12-27,2.22
1986-12-28,2.17
1986-12-29,2.14
1986-12-30,2.15
1986-12-31,2.07
1987-01-01,2.01
1987-01-02,1.97
1987-01-03,1.95
1987-01-04,1.91
1987-01-05,1.91
1987-01-06,1.87
1987-01-07,1.86
1987-01-08,1.81
1987-01-09,1.8
1987-01-10,1.83
1987-01-11,1.8
1987-01-12,1.73
1987-01-13,1.71
1987-01-14,1.68
1987-01-15,1.67
1987-01-16,1.63
1987-01-17,1.62
1987-01-18,1.61
1987-01-19,1.65
1987-01-20,1.65
1987-01-21,1.67
1987-01-22,1.67
1987-01-23,1.68
1987-01-24,1.68
1987-01-25,1.7
1987-01-26,1.68
1987-01-27,1.65
1987-01-28,1.63
1987-01-29,1.61
1987-01-30,1.64
1987-01-31,1.68
1987-02-01,1.65
1987-02-02,1.63
1987-02-03,1.61
1987-02-04,1.59
1987-02-05,1.61
1987-02-06,1.57
1987-02-07,1.57
1987-02-08,1.64
1987-02-09,1.58
1987-02-10,1.57
1987-02-11,1.56
1987-02-12,1.51
1987-02-13,1.5
1987-02-14,1.48
1987-02-15,1.45
1987-02-16,1.48
1987-02-17,1.47
1987-02-18,1.46
1987-02-19,1.41
1987-02-20,1.43
1987-02-21,1.44
1987-02-22,1.41
1987-02-23,1.38
1987-02-24,1.39
1987-02-25,1.36
1987-02-26,1.34
1987-02-27,1.33
1987-02-28,1.32
1987-03-01,1.47
1987-03-02,1.78
1987-03-03,1.84
1987-03-04,1.78
1987-03-05,1.75
1987-03-06,1.7
1987-03-07,1.79
1987-03-08,2.14
1987-03-09,2.57
1987-03-10,2.52
1987-03-11,2.39
1987-03-12,2.26
1987-03-13,2.19
1987-03-14,2.12
1987-03-15,2.06
1987-03-16,2
1987-03-17,1.94
1987-03-18,1.94
1987-03-19,1.97
1987-03-20,2.11
1987-03-21,2.33
1987-03-22,2.8
1987-03-23,3.69
1987-03-24,4.94
1987-03-25,6.19
1987-03-26,16.8
1987-03-27,38.1
1987-03-28,47.8
1987-03-29,49.3
1987-03-30,63.2
1987-03-31,74.7
1987-04-01,77.7
1987-04-02,84.2
1987-04-03,89.4
1987-04-04,92.5
1987-04-05,96.5
1987-04-06,102
1987-04-07,89.9
1987-04-08,41.2
1987-04-09,38.9
1987-04-10,34.3
1987-04-11,32.1
1987-04-12,32
1987-04-13,31.9
1987-04-14,27.7
1987-04-15,18.2
1987-04-16,16.3
1987-04-17,14.8
1987-04-18,15.3
1987-04-19,15.1
1987-04-20,14.9
1987-04-21,15
1987-04-22,16.4
1987-04-23,17
1987-04-24,18.7
1987-04-25,18.2
1987-04-26,18.3
1987-04-27,18.5
1987-04-28,18.6
1987-04-29,18.7
1987-04-30,19
1987-05-01,18.2
1987-05-02,16.6
1987-05-03,17.1
1987-05-04,16.6
1987-05-05,16.3
1987-05-06,15.9
1987-05-07,17.5
1987-05-08,17.3
1987-05-09,17.8
1987-05-10,18
1987-05-11,18
1987-05-12,17.4
1987-05-13,17.7
1987-05-14,16.9
1987-05-15,16.6
1987-05-16,16.2
1987-05-17,16.6
1987-05-18,16.5
1987-05-19,16.1
1987-05-20,16.6
1987-05-21,17
1987-05-22,17
1987-05-23,17.3
1987-05-24,16.7
1987-05-25,16.9
1987-05-26,16.9
1987-05-27,17.2
1987-05-28,17.7
1987-05-29,16.6
1987-05-30,16.4
1987-05-31,16.6
1987-06-01,14.7
1987-06-02,14.6
1987-06-03,14.9
1987-06-04,14.5
1987-06-05,14.4
1987-06-06,14.4
1987-06-07,14.1
1987-06-08,12.4
1987-06-09,3.43
1987-06-10,2.43
1987-06-11,2.38
1987-06-12,2.14
1987-06-13,2.05
1987-06-14,1.99
1987-06-15,2.06
1987-06-16,2.08
1987-06-17,2.08
1987-06-18,2.09
1987-06-19,2.09
1987-06-20,2.15
1987-06-21,2.23
1987-06-22,2.26
1987-06-23,2.2
1987-06-24,1.73
1987-06-25,0.839
1987-06-26,0.39
1987-06-27,0.241
1987-06-28,0.181
1987-06-29,0.213
1987-06-30,0.225
1987-07-01,0.238
1987-07-02,0.238
1987-07-03,0.248
1987-07-04,0.328
1987-07-05,0.328
1987-07-06,0.292
1987-07-07,0.265
1987-07-08,0.243
1987-07-09,0.229
1987-07-10,0.233
1987-07-11,0.256
1987-07-12,0.271
1987-07-13,0.298
1987-07-14,0.364
1987-07-15,0.42
1987-07-16,0.431
1987-07-17,0.458
1987-07-18,0.471
1987-07-19,0.5
1987-07-20,0.584
1987-07-21,0.547
1987-07-22,0.51
1987-07-23,0.514
1987-07-24,0.547
1987-07-25,0.596
1987-07-26,0.583
1987-07-27,0.584
1987-07-28,0.571
1987-07-29,0.588
1987-07-30,0.617
1987-07-31,0.642
1987-08-01,0.641
1987-08-02,0.691
1987-08-03,0.733
1987-08-04,0.751
1987-08-05,0.748
1987-08-06,0.729
1987-08-07,0.763
1987-08-08,0.772
1987-08-09,0.822
1987-08-10,0.83
1987-08-11,0.819
1987-08-12,0.838
1987-08-13,0.855
1987-08-14,0.885
1987-08-15,1.11
1987-08-16,1
1987-08-17,0.907
1987-08-18,0.91
1987-08-19,0.948
1987-08-20,0.93
1987-08-21,0.97
1987-08-22,0.972
1987-08-23,0.932
1987-08-24,0.94
1987-08-25,0.931
1987-08-26,0.93
1987-08-27,0.924
1987-08-28,0.933
1987-08-29,0.93
1987-08-30,0.945
1987-08-31,1.03
1987-09-01,0.988
1987-09-02,0.985
1987-09-03,1
1987-09-04,0.98
1987-09-05,0.938
1987-09-06,0.935
1987-09-07,0.91
1987-09-08,0.898
1987-09-09,0.878
1987-09-10,0.846
1987-09-11,0.83
1987-09-12,0.805
1987-09-13,0.749
1987-09-14,0.726
1987-09-15,0.719
1987-09-16,0.727
1987-09-17,0.72
1987-09-18,0.72
1987-09-19,0.725
1987-09-20,0.724
1987-09-21,0.714
1987-09-22,0.695
1987-09-23,0.694
1987-09-24,0.703
1987-09-25,0.727
1987-09-26,0.731
1987-09-27,0.765
1987-09-28,0.791
1987-09-29,0.81
1987-09-30,0.846
1987-10-01,0.788
1987-10-02,0.817
1987-10-03,0.793
1987-10-04,0.792
1987-10-05,0.803
1987-10-06,0.848
1987-10-07,0.918
1987-10-08,0.845
1987-10-09,0.826
1987-10-10,0.819
1987-10-11,0.796
1987-10-12,0.822
1987-10-13,0.808
1987-10-14,0.797
1987-10-15,0.808
1987-10-16,0.814
1987-10-17,0.791
1987-10-18,0.801
1987-10-19,0.78
1987-10-20,0.774
1987-10-21,0.759
1987-10-22,0.767
1987-10-23,0.811
1987-10-24,0.878
1987-10-25,0.903
1987-10-26,0.832
1987-10-27,0.992
1987-10-28,1.24
1987-10-29,1.5
1987-10-30,1.45
1987-10-31,1.36
1987-11-01,1.32
1987-11-02,1.28
1987-11-03,1.26
1987-11-04,1.5
1987-11-05,1.95
1987-11-06,2.3
1987-11-07,2.7
1987-11-08,3
1987-11-09,3.5
1987-11-10,3.9
1987-11-11,3
1987-11-12,2.4
1987-11-13,2.15
1987-11-14,2.2
1987-11-15,2.22
1987-11-16,2.15
1987-11-17,1.8
1987-11-18,1.65
1987-11-19,1.62
1987-11-20,1.62
1987-11-21,1.55
1987-11-22,1.2
1987-11-23,2
1987-11-24,1.05
1987-11-25,1.1
1987-11-26,1.15
1987-11-27,1.13
1987-11-28,1.12
1987-11-29,1.1
1987-11-30,1.7
1987-12-01,3.9
1987-12-02,3.4
1987-12-03,3.17
1987-12-04,3.08
1987-12-05,2.97
1987-12-06,2.86
1987-12-07,2.72
1987-12-08,2.7
1987-12-09,3.11
1987-12-10,4.95
1987-12-11,3.97
1987-12-12,3.8
1987-12-13,4.03
1987-12-14,4.54
1987-12-15,10.4
1987-12-16,34.7
1987-12-17,53.8
1987-12-18,55.5
1987-12-19,55.6
1987-12-20,55.5
1987-12-21,54.9
1987-12-22,56.4
1987-12-23,66.9
1987-12-24,65.4
1987-12-25,62.3
1987-12-26,59
1987-12-27,55.9
1987-12-28,51.9
1987-12-29,47.8
1987-12-30,44.9
1987-12-31,31.5
1988-01-01,4.22
1988-01-02,2.87
1988-01-03,2.59
1988-01-04,2.55
1988-01-05,2.74
1988-01-06,2.59
1988-01-07,2.41
1988-01-08,2.24
1988-01-09,2.38
1988-01-10,2.46
1988-01-11,2.39
1988-01-12,2.26
1988-01-13,2.19
1988-01-14,2.1
1988-01-15,2.12
1988-01-16,2.07
1988-01-17,2.08
1988-01-18,2.42
1988-01-19,2.38
1988-01-20,2.47
1988-01-21,4.05
1988-01-22,15.1
1988-01-23,15.5
1988-01-24,14.7
1988-01-25,13.4
1988-01-26,10.2
1988-01-27,3.97
1988-01-28,3.96
1988-01-29,3.6
1988-01-30,2.36
1988-01-31,2.74
1988-02-01,4.43
1988-02-02,4.63
1988-02-03,4.25
1988-02-04,5.89
1988-02-05,18.8
1988-02-06,22.5
1988-02-07,22.5
1988-02-08,22.7
1988-02-09,22.2
1988-02-10,21.4
1988-02-11,20.7
1988-02-12,21
1988-02-13,21.2
1988-02-14,20.6
1988-02-15,20.8
1988-02-16,21.1
1988-02-17,20.9
1988-02-18,24.8
1988-02-19,34.2
1988-02-20,36.1
1988-02-21,35.6
1988-02-22,34.9
1988-02-23,34.3
1988-02-24,34.2
1988-02-25,33.6
1988-02-26,32.4
1988-02-27,31.4
1988-02-28,31.4
1988-02-29,31.4
1988-03-01,30
1988-03-02,32
1988-03-03,55.3
1988-03-04,69.4
1988-03-05,65.8
1988-03-06,59.8
1988-03-07,54.3
1988-03-08,48.5
1988-03-09,45.1
1988-03-10,41
1988-03-11,36.1
1988-03-12,33.7
1988-03-13,31.1
1988-03-14,28.9
1988-03-15,21.3
1988-03-16,20.2
1988-03-17,15.5
1988-03-18,6.63
1988-03-19,5.33
1988-03-20,4.52
1988-03-21,4.76
1988-03-22,4.7
1988-03-23,4.63
1988-03-24,5.88
1988-03-25,6.77
1988-03-26,5.39
1988-03-27,6.95
1988-03-28,10
1988-03-29,11
1988-03-30,13
1988-03-31,30
1988-04-01,33
1988-04-02,41.7
1988-04-03,61.9
1988-04-04,86.5
1988-04-05,105
1988-04-06,118
1988-04-07,130
1988-04-08,146
1988-04-09,163
1988-04-10,169
1988-04-11,207
1988-04-12,182
1988-04-13,183
1988-04-14,186
1988-04-15,179
1988-04-16,165
1988-04-17,161
1988-04-18,151
1988-04-19,119
1988-04-20,62.7
1988-04-21,51.3
1988-04-22,43.4
1988-04-23,34.1
1988-04-24,34.7
1988-04-25,33.3
1988-04-26,32.5
1988-04-27,32.2
1988-04-28,33
1988-04-29,30.4
1988-04-30,26.9
1988-05-01,26.4
1988-05-02,26.6
1988-05-03,26.9
1988-05-04,27.5
1988-05-05,25.6
1988-05-06,19.3
1988-05-07,19.4
1988-05-08,18.6
1988-05-09,18.9
1988-05-10,21
1988-05-11,27.6
1988-05-12,25.8
1988-05-13,20
1988-05-14,18.8
1988-05-15,18.7
1988-05-16,20.4
1988-05-17,20.1
1988-05-18,22.8
1988-05-19,23.1
1988-05-20,23.1
1988-05-21,22.9
1988-05-22,22.5
1988-05-23,22.9
1988-05-24,22.7
1988-05-25,23
1988-05-26,22.1
1988-05-27,21.6
1988-05-28,21.9
1988-05-29,21.8
1988-05-30,21.4
1988-05-31,19.4
1988-06-01,15.8
1988-06-02,13.8
1988-06-03,15.6
1988-06-04,15.4
1988-06-05,14.5
1988-06-06,14.9
1988-06-07,12.9
1988-06-08,4.67
1988-06-09,4.21
1988-06-10,4.19
1988-06-11,4.15
1988-06-12,4.1
1988-06-13,4.14
1988-06-14,4.11
1988-06-15,4.09
1988-06-16,3.82
1988-06-17,2.3
1988-06-18,1.12
1988-06-19,0.847
1988-06-20,0.874
1988-06-21,0.679
1988-06-22,0.603
1988-06-23,0.567
1988-06-24,0.511
1988-06-25,0.527
1988-06-26,0.534
1988-06-27,0.535
1988-06-28,0.579
1988-06-29,0.586
1988-06-30,0.574
1988-07-01,0.568
1988-07-02,0.575
1988-07-03,0.577
1988-07-04,0.577
1988-07-05,0.588
1988-07-06,0.58
1988-07-07,0.593
1988-07-08,0.595
1988-07-09,0.61
1988-07-10,0.604
1988-07-11,0.692
1988-07-12,0.67
1988-07-13,0.672
1988-07-14,0.748
1988-07-15,0.724
1988-07-16,0.716
1988-07-17,0.728
1988-07-18,0.75
1988-07-19,0.798
1988-07-20,0.863
1988-07-21,0.881
1988-07-22,0.925
1988-07-23,0.956
1988-07-24,1.12
1988-07-25,1.12
1988-07-26,1.13
1988-07-27,1.15
1988-07-28,1.16
1988-07-29,1.13
1988-07-30,1.13
1988-07-31,1.14
1988-08-01,1.18
1988-08-02,1.2
1988-08-03,1.22
1988-08-04,1.28
1988-08-05,1.29
1988-08-06,1.34
1988-08-07,1.3
1988-08-08,1.33
1988-08-09,1.48
1988-08-10,1.42
1988-08-11,1.4
1988-08-12,1.41
1988-08-13,1.41
1988-08-14,1.48
1988-08-15,1.51
1988-08-16,1.49
1988-08-17,1.58
1988-08-18,1.56
1988-08-19,1.52
1988-08-20,1.5
1988-08-21,1.53
1988-08-22,1.52
1988-08-23,1.5
1988-08-24,1.59
1988-08-25,1.66
1988-08-26,1.69
1988-08-27,1.63
1988-08-28,1.57
1988-08-29,1.57
1988-08-30,1.57
1988-08-31,1.5
1988-09-01,1.52
1988-09-02,1.58
1988-09-03,1.6
1988-09-04,1.67
1988-09-05,1.87
1988-09-06,1.75
1988-09-07,1.68
1988-09-08,1.66
1988-09-09,1.55
1988-09-10,1.46
1988-09-11,1.45
1988-09-12,1.51
1988-09-13,1.53
1988-09-14,1.53
1988-09-15,1.54
1988-09-16,1.57
1988-09-17,1.58
1988-09-18,1.58
1988-09-19,1.58
1988-09-20,1.66
1988-09-21,1.56
1988-09-22,1.52
1988-09-23,1.55
1988-09-24,1.52
1988-09-25,1.51
1988-09-26,1.54
1988-09-27,1.55
1988-09-28,1.48
1988-09-29,1.39
1988-09-30,1.35
1988-10-01,1.4
1988-10-02,1.78
1988-10-03,1.87
1988-10-04,1.66
1988-10-05,1.69
1988-10-06,1.71
1988-10-07,1.71
1988-10-08,1.85
1988-10-09,2.01
1988-10-10,2.31
1988-10-11,2.49
1988-10-12,2.46
1988-10-13,2.38
1988-10-14,2.25
1988-10-15,2.34
1988-10-16,2.25
1988-10-17,2.07
1988-10-18,2.98
1988-10-19,3.22
1988-10-20,2.79
1988-10-21,2.5
1988-10-22,2.24
1988-10-23,2.07
1988-10-24,2.13
1988-10-25,2.68
1988-10-26,3.7
1988-10-27,5.53
1988-10-28,6.77
1988-10-29,7.31
1988-10-30,7.1
1988-10-31,6.05
1988-11-01,5.41
1988-11-02,5.17
1988-11-03,4.7
1988-11-04,4.7
1988-11-05,5.08
1988-11-06,5.36
1988-11-07,4.93
1988-11-08,4.53
1988-11-09,4.38
1988-11-10,6.53
1988-11-11,11.2
1988-11-12,15
1988-11-13,15.4
1988-11-14,32.2
1988-11-15,74.5
1988-11-16,72
1988-11-17,75.5
1988-11-18,100
1988-11-19,105
1988-11-20,101
1988-11-21,96.9
1988-11-22,92
1988-11-23,89.8
1988-11-24,72.1
1988-11-25,26.9
1988-11-26,23.7
1988-11-27,22.3
1988-11-28,20.9
1988-11-29,19.8
1988-11-30,16.6
1988-12-01,4.52
1988-12-02,3.44
1988-12-03,3.41
1988-12-04,3.21
1988-12-05,3.13
1988-12-06,3.11
1988-12-07,3.04
1988-12-08,2.96
1988-12-09,2.98
1988-12-10,2.81
1988-12-11,2.68
1988-12-12,2.45
1988-12-13,2.34
1988-12-14,2.47
1988-12-15,2.5
1988-12-16,2.58
1988-12-17,2.61
1988-12-18,2.6
1988-12-19,2.55
1988-12-20,2.68
1988-12-21,2.98
1988-12-22,2.94
1988-12-23,2.99
1988-12-24,3.12
1988-12-25,3.29
1988-12-26,3.36
1988-12-27,3.63
1988-12-28,4.52
1988-12-29,4.73
1988-12-30,4.54
1988-12-31,4.38
1989-01-01,4.22
1989-01-02,4.16
1989-01-03,4.13
1989-01-04,3.97
1989-01-05,3.91
1989-01-06,3.66
1989-01-07,3.55
1989-01-08,3.98
1989-01-09,4.1
1989-01-10,3.95
1989-01-11,3.82
1989-01-12,3.82
1989-01-13,3.82
1989-01-14,3.72
1989-01-15,3.62
1989-01-16,3.65
1989-01-17,3.7
1989-01-18,3.64
1989-01-19,3.65
1989-01-20,3.55
1989-01-21,3.39
1989-01-22,3.36
1989-01-23,3.33
1989-01-24,3.18
1989-01-25,3.06
1989-01-26,3.1
1989-01-27,3.11
1989-01-28,3.03
1989-01-29,2.97
1989-01-30,3.03
1989-01-31,3.05
1989-02-01,3.08
1989-02-02,3.04
1989-02-03,2.97
1989-02-04,2.91
1989-02-05,2.85
1989-02-06,2.89
1989-02-07,2.94
1989-02-08,2.95
1989-02-09,2.95
1989-02-10,2.93
1989-02-11,2.96
1989-02-12,2.99
1989-02-13,2.95
1989-02-14,3.02
1989-02-15,2.99
1989-02-16,2.91
1989-02-17,2.79
1989-02-18,2.8
1989-02-19,2.86
1989-02-20,2.86
1989-02-21,2.95
1989-02-22,2.92
1989-02-23,2.81
1989-02-24,2.71
1989-02-25,2.74
1989-02-26,2.81
1989-02-27,2.75
1989-02-28,2.63
1989-03-01,2.63
1989-03-02,2.64
1989-03-03,2.65
1989-03-04,2.64
1989-03-05,2.73
1989-03-06,4.39
1989-03-07,25.1
1989-03-08,25.1
1989-03-09,24.8
1989-03-10,26.3
1989-03-11,27.8
1989-03-12,26.9
1989-03-13,24.9
1989-03-14,26
1989-03-15,28.4
1989-03-16,30.9
1989-03-17,39.9
1989-03-18,39.7
1989-03-19,38.6
1989-03-20,36.9
1989-03-21,35.3
1989-03-22,31.6
1989-03-23,28.5
1989-03-24,28.7
1989-03-25,27.9
1989-03-26,27.2
1989-03-27,27.1
1989-03-28,30.8
1989-03-29,52
1989-03-30,63.2
1989-03-31,68.9
1989-04-01,76.7
1989-04-02,83.6
1989-04-03,92
1989-04-04,101
1989-04-05,113
1989-04-06,123
1989-04-07,129
1989-04-08,134
1989-04-09,134
1989-04-10,136
1989-04-11,137
1989-04-12,137
1989-04-13,136
1989-04-14,133
1989-04-15,132
1989-04-16,130
1989-04-17,130
1989-04-18,129
1989-04-19,129
1989-04-20,129
1989-04-21,125
1989-04-22,121
1989-04-23,118
1989-04-24,114
1989-04-25,110
1989-04-26,90.7
1989-04-27,29.4
1989-04-28,24.7
1989-04-29,24.6
1989-04-30,25.8
1989-05-01,25.4
1989-05-02,26
1989-05-03,26.6
1989-05-04,26.5
1989-05-05,24.8
1989-05-06,25.9
1989-05-07,26.2
1989-05-08,27.4
1989-05-09,27.1
1989-05-10,24.4
1989-05-11,23.4
1989-05-12,21.3
1989-05-13,21.9
1989-05-14,24.3
1989-05-15,27.5
1989-05-16,37.9
1989-05-17,40.9
1989-05-18,38.8
1989-05-19,33.9
1989-05-20,31.4
1989-05-21,29.9
1989-05-22,28.1
1989-05-23,27.1
1989-05-24,23.9
1989-05-25,18.7
1989-05-26,18.3
1989-05-27,17.3
1989-05-28,16.9
1989-05-29,16.2
1989-05-30,16.5
1989-05-31,20.9
1989-06-01,20.5
1989-06-02,20.5
1989-06-03,20.8
1989-06-04,20.4
1989-06-05,20.3
1989-06-06,20.6
1989-06-07,20.8
1989-06-08,20.5
1989-06-09,15
1989-06-10,5.39
1989-06-11,4.89
1989-06-12,4.37
1989-06-13,3.99
1989-06-14,3.9
1989-06-15,3.77
1989-06-16,3.65
1989-06-17,3.67
1989-06-18,3.66
1989-06-19,3.55
1989-06-20,3.68
1989-06-21,3.49
1989-06-22,2.72
1989-06-23,18.3
1989-06-24,93.6
1989-06-25,102
1989-06-26,104
1989-06-27,102
1989-06-28,95.9
1989-06-29,72.2
1989-06-30,7.21
1989-07-01,3.16
1989-07-02,2.86
1989-07-03,2.76
1989-07-04,2.66
1989-07-05,2.55
1989-07-06,2.55
1989-07-07,2.53
1989-07-08,2.46
1989-07-09,2.37
1989-07-10,2.32
1989-07-11,2.29
1989-07-12,2.22
1989-07-13,2.18
1989-07-14,2.12
1989-07-15,2.13
1989-07-16,2.14
1989-07-17,2.11
1989-07-18,2.07
1989-07-19,2.19
1989-07-20,2.26
1989-07-21,2.18
1989-07-22,2.21
1989-07-23,2.21
1989-07-24,2.26
1989-07-25,2.31
1989-07-26,2.35
1989-07-27,2.39
1989-07-28,2.4
1989-07-29,2.42
1989-07-30,2.41
1989-07-31,2.46
1989-08-01,2.51
1989-08-02,2.84
1989-08-03,2.74
1989-08-04,2.78
1989-08-05,2.79
1989-08-06,2.77
1989-08-07,2.79
1989-08-08,2.98
1989-08-09,2.87
1989-08-10,1.19
1989-08-11,0.59
1989-08-12,0.415
1989-08-13,0.373
1989-08-14,0.379
1989-08-15,0.376
1989-08-16,0.378
1989-08-17,0.373
1989-08-18,0.377
1989-08-19,0.382
1989-08-20,0.38
1989-08-21,0.4
1989-08-22,0.392
1989-08-23,0.39
1989-08-24,0.388
1989-08-25,0.383
1989-08-26,0.38
1989-08-27,0.377
1989-08-28,0.37
1989-08-29,0.366
1989-08-30,0.448
1989-08-31,0.431
1989-09-01,0.459
1989-09-02,0.479
1989-09-03,0.428
1989-09-04,0.408
1989-09-05,0.397
1989-09-06,0.383
1989-09-07,0.374
1989-09-08,0.383
1989-09-09,0.479
1989-09-10,0.566
1989-09-11,0.522
1989-09-12,0.43
1989-09-13,0.399
1989-09-14,0.403
1989-09-15,0.394
1989-09-16,0.406
1989-09-17,0.43
1989-09-18,0.428
1989-09-19,0.424
1989-09-20,0.424
1989-09-21,0.434
1989-09-22,0.465
1989-09-23,0.487
1989-09-24,0.447
1989-09-25,0.43
1989-09-26,0.428
1989-09-27,0.424
1989-09-28,0.426
1989-09-29,0.435
1989-09-30,0.449
1989-10-01,0.463
1989-10-02,0.467
1989-10-03,0.461
1989-10-04,0.452
1989-10-05,0.456
1989-10-06,0.496
1989-10-07,0.494
1989-10-08,0.471
1989-10-09,0.453
1989-10-10,0.487
1989-10-11,0.575
1989-10-12,0.542
1989-10-13,0.507
1989-10-14,0.472
1989-10-15,0.474
1989-10-16,0.562
1989-10-17,0.578
1989-10-18,0.542
1989-10-19,0.517
1989-10-20,0.553
1989-10-21,0.627
1989-10-22,0.644
1989-10-23,0.606
1989-10-24,0.569
1989-10-25,0.542
1989-10-26,0.629
1989-10-27,0.568
1989-10-28,0.494
1989-10-29,0.571
1989-10-30,0.56
1989-10-31,0.5
1989-11-01,0.509
1989-11-02,0.53
1989-11-03,0.556
1989-11-04,0.552
1989-11-05,0.556
1989-11-06,0.699
1989-11-07,0.952
1989-11-08,0.873
1989-11-09,0.785
1989-11-10,0.974
1989-11-11,1.16
1989-11-12,1.11
1989-11-13,0.986
1989-11-14,0.942
1989-11-15,1.12
1989-11-16,2.51
1989-11-17,3.58
1989-11-18,2.88
1989-11-19,2.98
1989-11-20,3.72
1989-11-21,4.39
1989-11-22,3.87
1989-11-23,3.51
1989-11-24,3.28
1989-11-25,2.99
1989-11-26,2.85
1989-11-27,2.69
1989-11-28,3.66
1989-11-29,3.83
1989-11-30,3.55
1989-12-01,3.17
1989-12-02,2.93
1989-12-03,2.7
1989-12-04,2.47
1989-12-05,2.26
1989-12-06,2.14
1989-12-07,1.95
1989-12-08,1.77
1989-12-09,1.66
1989-12-10,1.62
1989-12-11,1.56
1989-12-12,1.49
1989-12-13,1.46
1989-12-14,1.42
1989-12-15,1.39
1989-12-16,1.36
1989-12-17,1.33
1989-12-18,1.3
1989-12-19,1.28
1989-12-20,1.25
1989-12-21,1.23
1989-12-22,1.2
1989-12-23,1.18
1989-12-24,1.16
1989-12-25,1.14
1989-12-26,1.13
1989-12-27,1.12
1989-12-28,1.1
1989-12-29,1.1
1989-12-30,1.09
1989-12-31,1.09
1990-01-01,1.7
1990-01-02,1.8
1990-01-03,1.82
1990-01-04,2.55
1990-01-05,2.75
1990-01-06,2.63
1990-01-07,2.53
1990-01-08,2.49
1990-01-09,2.53
1990-01-10,2.5
1990-01-11,2.45
1990-01-12,2.37
1990-01-13,2.16
1990-01-14,2.16
1990-01-15,2.07
1990-01-16,1.94
1990-01-17,2.23
1990-01-18,3.49
1990-01-19,3.81
1990-01-20,3.54
1990-01-21,3.35
1990-01-22,3.25
1990-01-23,3.1
1990-01-24,3
1990-01-25,3.05
1990-01-26,4.11
1990-01-27,10.6
1990-01-28,9.8
1990-01-29,9.29
1990-01-30,12.3
1990-01-31,30.9
1990-02-01,32.2
1990-02-02,31.1
1990-02-03,29.2
1990-02-04,27.5
1990-02-05,25.8
1990-02-06,24.1
1990-02-07,23.1
1990-02-08,21.5
1990-02-09,18.6
1990-02-10,18.3
1990-02-11,18
1990-02-12,23
1990-02-13,34
1990-02-14,33.3
1990-02-15,32.3
1990-02-16,29.2
1990-02-17,23.3
1990-02-18,24
1990-02-19,20.5
1990-02-20,17.2
1990-02-21,19.2
1990-02-22,20.4
1990-02-23,25.5
1990-02-24,24.9
1990-02-25,22.8
1990-02-26,19.5
1990-02-27,11.5
1990-02-28,9.97
1990-03-01,6.32
1990-03-02,5.63
1990-03-03,6.4
1990-03-04,7.15
1990-03-05,7.89
1990-03-06,8.02
1990-03-07,9.05
1990-03-08,9.22
1990-03-09,8.9
1990-03-10,13.9
1990-03-11,12
1990-03-12,17.8
1990-03-13,33.8
1990-03-14,42.6
1990-03-15,65.1
1990-03-16,72.9
1990-03-17,78.7
1990-03-18,84.3
1990-03-19,93.7
1990-03-20,104
1990-03-21,106
1990-03-22,109
1990-03-23,113
1990-03-24,114
1990-03-25,115
1990-03-26,116
1990-03-27,116
1990-03-28,115
1990-03-29,113
1990-03-30,112
1990-03-31,111
1990-04-01,109
1990-04-02,109
1990-04-03,114
1990-04-04,116
1990-04-05,118
1990-04-06,119
1990-04-07,118
1990-04-08,115
1990-04-09,113
1990-04-10,112
1990-04-11,111
1990-04-12,109
1990-04-13,108
1990-04-14,105
1990-04-15,104
1990-04-16,102
1990-04-17,102
1990-04-18,97.6
1990-04-19,89
1990-04-20,66.1
1990-04-21,20.3
1990-04-22,17.8
1990-04-23,17.5
1990-04-24,16.9
1990-04-25,13.6
1990-04-26,13.9
1990-04-27,13.7
1990-04-28,13.2
1990-04-29,12.3
1990-04-30,12.4
1990-05-01,11.8
1990-05-02,11
1990-05-03,11.3
1990-05-04,12.5
1990-05-05,12.7
1990-05-06,12.7
1990-05-07,13
1990-05-08,14.7
1990-05-09,15
1990-05-10,14.5
1990-05-11,13.9
1990-05-12,14.1
1990-05-13,14.7
1990-05-14,15
1990-05-15,15.1
1990-05-16,15.2
1990-05-17,16.7
1990-05-18,17.5
1990-05-19,15
1990-05-20,13.6
1990-05-21,13.2
1990-05-22,13.2
1990-05-23,16.9
1990-05-24,43.4
1990-05-25,51.6
1990-05-26,56.8
1990-05-27,55.4
1990-05-28,53.5
1990-05-29,51.8
1990-05-30,49.5
1990-05-31,46
1990-06-01,42.2
1990-06-02,40.8
1990-06-03,38.3
1990-06-04,31
1990-06-05,9.21
1990-06-06,5.94
1990-06-07,2.37
1990-06-08,1.9
1990-06-09,1.94
1990-06-10,1.89
1990-06-11,1.84
1990-06-12,1.8
1990-06-13,1.82
1990-06-14,1.77
1990-06-15,1.03
1990-06-16,0.62
1990-06-17,0.525
1990-06-18,0.504
1990-06-19,0.481
1990-06-20,0.385
1990-06-21,0.358
1990-06-22,0.348
1990-06-23,0.387
1990-06-24,0.42
1990-06-25,0.39
1990-06-26,0.374
1990-06-27,0.362
1990-06-28,0.347
1990-06-29,0.354
1990-06-30,0.375
1990-07-01,0.395
1990-07-02,0.415
1990-07-03,0.437
1990-07-04,0.397
1990-07-05,0.376
1990-07-06,0.365
1990-07-07,0.354
1990-07-08,0.373
1990-07-09,0.46
1990-07-10,0.449
1990-07-11,0.445
1990-07-12,0.428
1990-07-13,0.403
1990-07-14,0.39
1990-07-15,0.441
1990-07-16,0.469
1990-07-17,0.466
1990-07-18,0.543
1990-07-19,0.526
1990-07-20,0.616
1990-07-21,0.625
1990-07-22,0.589
1990-07-23,0.587
1990-07-24,0.6
1990-07-25,0.611
1990-07-26,0.615
1990-07-27,0.619
1990-07-28,0.629
1990-07-29,0.644
1990-07-30,0.727
1990-07-31,0.773
1990-08-01,0.746
1990-08-02,0.753
1990-08-03,0.76
1990-08-04,0.775
1990-08-05,0.84
1990-08-06,0.836
1990-08-07,0.834
1990-08-08,0.848
1990-08-09,0.854
1990-08-10,0.874
1990-08-11,0.872
1990-08-12,0.887
1990-08-13,0.917
1990-08-14,0.907
1990-08-15,0.91
1990-08-16,0.948
1990-08-17,0.984
1990-08-18,0.99
1990-08-19,0.989
1990-08-20,0.994
1990-08-21,1.05
1990-08-22,1.06
1990-08-23,1.06
1990-08-24,1.07
1990-08-25,1.08
1990-08-26,1.1
1990-08-27,1.12
1990-08-28,1.13
1990-08-29,1.12
1990-08-30,1.14
1990-08-31,1.17
1990-09-01,1.18
1990-09-02,1.17
1990-09-03,1.17
1990-09-04,1.21
1990-09-05,1.23
1990-09-06,1.22
1990-09-07,1.21
1990-09-08,1.19
1990-09-09,1.18
1990-09-10,1.19
1990-09-11,1.18
1990-09-12,1.17
1990-09-13,1.16
1990-09-14,1.17
1990-09-15,1.19
1990-09-16,1.07
1990-09-17,1.04
1990-09-18,1.05
1990-09-19,1.06
1990-09-20,1.07
1990-09-21,1.08
1990-09-22,1.17
1990-09-23,1.13
1990-09-24,1.09
1990-09-25,1.1
1990-09-26,1.13
1990-09-27,1.12
1990-09-28,1.11
1990-09-29,1.12
1990-09-30,1.18
1990-10-01,1.12
1990-10-02,1.08
1990-10-03,0.964
1990-10-04,0.946
1990-10-05,0.817
1990-10-06,0.74
1990-10-07,0.702
1990-10-08,0.692
1990-10-09,0.8
1990-10-10,0.864
1990-10-11,0.865
1990-10-12,4.94
1990-10-13,26.6
1990-10-14,25.9
1990-10-15,24.8
1990-10-16,20.3
1990-10-17,12.3
1990-10-18,3.61
1990-10-19,2.72
1990-10-20,2.08
1990-10-21,1.69
1990-10-22,1.5
1990-10-23,1.37
1990-10-24,1.3
1990-10-25,1.26
1990-10-26,1.21
1990-10-27,1.19
1990-10-28,1.23
1990-10-29,1.24
1990-10-30,1.27
1990-10-31,1.29
1990-11-01,1.28
1990-11-02,1.29
1990-11-03,1.32
1990-11-04,1.34
1990-11-05,1.48
1990-11-06,3.6
1990-11-07,3.92
1990-11-08,3.38
1990-11-09,3.14
1990-11-10,3.14
1990-11-11,3.18
1990-11-12,3.12
1990-11-13,2.89
1990-11-14,2.7
1990-11-15,2.55
1990-11-16,2.58
1990-11-17,2.76
1990-11-18,2.66
1990-11-19,2.5
1990-11-20,2.4
1990-11-21,2.36
1990-11-22,3.98
1990-11-23,5.2
1990-11-24,4.94
1990-11-25,4.76
1990-11-26,4.43
1990-11-27,6.31
1990-11-28,23.7
1990-11-29,76.2
1990-11-30,114
1990-12-01,131
1990-12-02,132
1990-12-03,135
1990-12-04,135
1990-12-05,130
1990-12-06,130
1990-12-07,129
1990-12-08,124
1990-12-09,119
1990-12-10,113
1990-12-11,107
1990-12-12,101
1990-12-13,77.9
1990-12-14,33.3
1990-12-15,31.3
1990-12-16,30.7
1990-12-17,30
1990-12-18,29.9
1990-12-19,29.6
1990-12-20,26.1
1990-12-21,10.6
1990-12-22,5.18
1990-12-23,5.21
1990-12-24,5.27
1990-12-25,5.16
1990-12-26,5.21
1990-12-27,5.25
1990-12-28,5.08
1990-12-29,7.25
1990-12-30,28.2
1990-12-31,26.1
1991-01-01,25.5
1991-01-02,28.7
1991-01-03,41.3
1991-01-04,42.4
1991-01-05,40.9
1991-01-06,39.4
1991-01-07,37.2
1991-01-08,35.6
1991-01-09,35.4
1991-01-10,34.3
1991-01-11,32
1991-01-12,26.3
1991-01-13,27.2
1991-01-14,27.2
1991-01-15,26.9
1991-01-16,26.6
1991-01-17,27.3
1991-01-18,28
1991-01-19,27.9
1991-01-20,26.3
1991-01-21,25.7
1991-01-22,24.6
1991-01-23,22.1
1991-01-24,16.3
1991-01-25,4.28
1991-01-26,3.54
1991-01-27,3.5
1991-01-28,3.54
1991-01-29,3.49
1991-01-30,3.4
1991-01-31,3.29
1991-02-01,3.26
1991-02-02,3.27
1991-02-03,3.17
1991-02-04,3.18
1991-02-05,3.14
1991-02-06,3.23
1991-02-07,3.25
1991-02-08,3.34
1991-02-09,3.36
1991-02-10,3.3
1991-02-11,3.3
1991-02-12,3.27
1991-02-13,3.31
1991-02-14,3.42
1991-02-15,3.52
1991-02-16,3.48
1991-02-17,3.39
1991-02-18,3.36
1991-02-19,3.51
1991-02-20,3.79
1991-02-21,3.88
1991-02-22,3.94
1991-02-23,3.86
1991-02-24,3.89
1991-02-25,3.85
1991-02-26,3.74
1991-02-27,3.72
1991-02-28,3.66
1991-03-01,3.6
1991-03-02,4.61
1991-03-03,5.85
1991-03-04,6.11
1991-03-05,13.5
1991-03-06,38.1
1991-03-07,62.6
1991-03-08,98.2
1991-03-09,99.6
1991-03-10,98.3
1991-03-11,97.3
1991-03-12,95.6
1991-03-13,95.7
1991-03-14,95.4
1991-03-15,94
1991-03-16,90.9
1991-03-17,87.7
1991-03-18,84.8
1991-03-19,82
1991-03-20,78.9
1991-03-21,76.7
1991-03-22,74.4
1991-03-23,71.7
1991-03-24,74.8
1991-03-25,75.1
1991-03-26,74.6
1991-03-27,79.6
1991-03-28,97.8
1991-03-29,109
1991-03-30,114
1991-03-31,116
1991-04-01,118
1991-04-02,120
1991-04-03,122
1991-04-04,125
1991-04-05,130
1991-04-06,135
1991-04-07,140
1991-04-08,149
1991-04-09,176
1991-04-10,196
1991-04-11,209
1991-04-12,217
1991-04-13,221
1991-04-14,222
1991-04-15,224
1991-04-16,228
1991-04-17,231
1991-04-18,231
1991-04-19,228
1991-04-20,222
1991-04-21,216
1991-04-22,208
1991-04-23,201
1991-04-24,192
1991-04-25,140
1991-04-26,48.4
1991-04-27,40.9
1991-04-28,37.7
1991-04-29,35.9
1991-04-30,35.1
1991-05-01,30.5
1991-05-02,22
1991-05-03,23.3
1991-05-04,22.8
1991-05-05,22.4
1991-05-06,23.5
1991-05-07,23.6
1991-05-08,23.9
1991-05-09,24.1
1991-05-10,23.2
1991-05-11,23.1
1991-05-12,23.3
1991-05-13,23.4
1991-05-14,23.6
1991-05-15,22.7
1991-05-16,16.6
1991-05-17,18.7
1991-05-18,18.8
1991-05-19,19.6
1991-05-20,19.6
1991-05-21,19.4
1991-05-22,19
1991-05-23,17.4
1991-05-24,16.3
1991-05-25,15.9
1991-05-26,18.1
1991-05-27,19.4
1991-05-28,19.4
1991-05-29,19.4
1991-05-30,19.7
1991-05-31,19.3
1991-06-01,19.7
1991-06-02,19.6
1991-06-03,20.6
1991-06-04,21.4
1991-06-05,21.9
1991-06-06,22.1
1991-06-07,21.9
1991-06-08,21.6
1991-06-09,21.4
1991-06-10,21.3
1991-06-11,21.4
1991-06-12,21.4
1991-06-13,18.3
1991-06-14,9.87
1991-06-15,9.45
1991-06-16,9.55
1991-06-17,9.48
1991-06-18,9.42
1991-06-19,9.42
1991-06-20,9.29
1991-06-21,9.19
1991-06-22,9.09
1991-06-23,9
1991-06-24,8.94
1991-06-25,8.88
1991-06-26,8.82
1991-06-27,7.62
1991-06-28,2
1991-06-29,0.925
1991-06-30,0.792
1991-07-01,0.66
1991-07-02,0.598
1991-07-03,0.556
1991-07-04,0.524
1991-07-05,0.557
1991-07-06,0.559
1991-07-07,0.568
1991-07-08,0.564
1991-07-09,0.56
1991-07-10,0.569
1991-07-11,0.578
1991-07-12,0.586
1991-07-13,0.604
1991-07-14,0.605
1991-07-15,0.61
1991-07-16,0.628
1991-07-17,0.646
1991-07-18,0.673
1991-07-19,0.685
1991-07-20,0.715
1991-07-21,0.817
1991-07-22,0.938
1991-07-23,1.17
1991-07-24,1
1991-07-25,0.967
1991-07-26,0.933
1991-07-27,0.899
1991-07-28,0.887
1991-07-29,0.948
1991-07-30,1.16
1991-07-31,1.09
1991-08-01,1.06
1991-08-02,1.01
1991-08-03,0.971
1991-08-04,0.97
1991-08-05,0.982
1991-08-06,0.96
1991-08-07,0.962
1991-08-08,0.989
1991-08-09,1
1991-08-10,1
1991-08-11,1.02
1991-08-12,1.01
1991-08-13,1.01
1991-08-14,1.02
1991-08-15,1.04
1991-08-16,1.07
1991-08-17,1.08
1991-08-18,1.19
1991-08-19,1.08
1991-08-20,1.01
1991-08-21,0.998
1991-08-22,1.01
1991-08-23,1.03
1991-08-24,1.06
1991-08-25,1.05
1991-08-26,1.04
1991-08-27,1.03
1991-08-28,1.05
1991-08-29,1.06
1991-08-30,1.07
1991-08-31,1.07
1991-09-01,1.09
1991-09-02,1.12
1991-09-03,1.14
1991-09-04,1.24
1991-09-05,1.14
1991-09-06,1.15
1991-09-07,1.16
1991-09-08,1.17
1991-09-09,1.18
1991-09-10,1.21
1991-09-11,1.21
1991-09-12,1.18
1991-09-13,1.17
1991-09-14,1.19
1991-09-15,1.33
1991-09-16,1.28
1991-09-17,1.24
1991-09-18,1.21
1991-09-19,1.18
1991-09-20,1.17
1991-09-21,1.17
1991-09-22,1.19
1991-09-23,1.27
1991-09-24,1.24
1991-09-25,1.22
1991-09-26,1.35
1991-09-27,1.44
1991-09-28,1.37
1991-09-29,1.38
1991-09-30,1.36
1991-10-01,1.46
1991-10-02,1.49
1991-10-03,1.61
1991-10-04,1.67
1991-10-05,1.7
1991-10-06,1.76
1991-10-07,1.74
1991-10-08,1.59
1991-10-09,1.4
1991-10-10,1.33
1991-10-11,1.31
1991-10-12,1.26
1991-10-13,1.26
1991-10-14,7.26
1991-10-15,62.8
1991-10-16,65
1991-10-17,60.7
1991-10-18,56.6
1991-10-19,54
1991-10-20,54.6
1991-10-21,46.2
1991-10-22,28
1991-10-23,19.1
1991-10-24,3.74
1991-10-25,2.47
1991-10-26,2.61
1991-10-27,5.36
1991-10-28,5.62
1991-10-29,4.78
1991-10-30,4.44
1991-10-31,4.21
1991-11-01,4.01
1991-11-02,3.85
1991-11-03,3.59
1991-11-04,3.4
1991-11-05,3.32
1991-11-06,3.06
1991-11-07,2.9
1991-11-08,2.79
1991-11-09,2.67
1991-11-10,2.53
1991-11-11,2.43
1991-11-12,2.38
1991-11-13,2.32
1991-11-14,2.25
1991-11-15,2.74
1991-11-16,3.31
1991-11-17,3.1
1991-11-18,2.93
1991-11-19,2.79
1991-11-20,2.94
1991-11-21,6.54
1991-11-22,25.4
1991-11-23,24.5
1991-11-24,23.8
1991-11-25,23.5
1991-11-26,23
1991-11-27,22.9
1991-11-28,23.1
1991-11-29,23.4
1991-11-30,24.5
1991-12-01,23.8
1991-12-02,24.4
1991-12-03,26
1991-12-04,34
1991-12-05,58.4
1991-12-06,65.6
1991-12-07,62.1
1991-12-08,59.8
1991-12-09,74.5
1991-12-10,60.9
1991-12-11,57.1
1991-12-12,55.4
1991-12-13,57.7
1991-12-14,58.8
1991-12-15,59.2
1991-12-16,59.8
1991-12-17,63.8
1991-12-18,75.1
1991-12-19,75.8
1991-12-20,77
1991-12-21,74.9
1991-12-22,73.5
1991-12-23,71.3
1991-12-24,68.4
1991-12-25,64.1
1991-12-26,60.5
1991-12-27,58.6
1991-12-28,56.5
1991-12-29,54.4
1991-12-30,49.6
1991-12-31,51.6
1992-01-01,46.9
1992-01-02,41.6
1992-01-03,20.9
1992-01-04,5.14
1992-01-05,3.84
1992-01-06,3.7
1992-01-07,3.62
1992-01-08,3.48
1992-01-09,3.4
1992-01-10,3.31
1992-01-11,3.18
1992-01-12,3.03
1992-01-13,3.05
1992-01-14,3.1
1992-01-15,3.17
1992-01-16,3.16
1992-01-17,3.23
1992-01-18,3.21
1992-01-19,3.11
1992-01-20,3.13
1992-01-21,3.04
1992-01-22,2.99
1992-01-23,2.99
1992-01-24,3.34
1992-01-25,3.26
1992-01-26,3.11
1992-01-27,3.07
1992-01-28,3.07
1992-01-29,2.98
1992-01-30,2.89
1992-01-31,2.9
1992-02-01,2.82
1992-02-02,2.74
1992-02-03,2.71
1992-02-04,2.69
1992-02-05,2.66
1992-02-06,2.59
1992-02-07,2.55
1992-02-08,2.54
1992-02-09,2.56
1992-02-10,2.59
1992-02-11,2.71
1992-02-12,2.68
1992-02-13,2.62
1992-02-14,2.59
1992-02-15,2.65
1992-02-16,2.69
1992-02-17,2.66
1992-02-18,2.62
1992-02-19,2.6
1992-02-20,2.59
1992-02-21,2.69
1992-02-22,2.62
1992-02-23,2.61
1992-02-24,2.55
1992-02-25,2.55
1992-02-26,2.58
1992-02-27,3.82
1992-02-28,15.7
1992-02-29,17.2
1992-03-01,17.5
1992-03-02,18.3
1992-03-03,19.7
1992-03-04,21.5
1992-03-05,21.7
1992-03-06,20.3
1992-03-07,20.8
1992-03-08,21.9
1992-03-09,21.4
1992-03-10,30.1
1992-03-11,49
1992-03-12,52.5
1992-03-13,53.9
1992-03-14,59.7
1992-03-15,58.6
1992-03-16,57.6
1992-03-17,57
1992-03-18,55.5
1992-03-19,54.9
1992-03-20,53.9
1992-03-21,53.7
1992-03-22,53.5
1992-03-23,52.7
1992-03-24,52
1992-03-25,51.7
1992-03-26,51.1
1992-03-27,49.7
1992-03-28,48.4
1992-03-29,47.5
1992-03-30,47
1992-03-31,49.1
1992-04-01,50.4
1992-04-02,50.3
1992-04-03,50
1992-04-04,50.3
1992-04-05,50.6
1992-04-06,50.7
1992-04-07,51.5
1992-04-08,52.7
1992-04-09,51.8
1992-04-10,49.8
1992-04-11,51.5
1992-04-12,52.8
1992-04-13,52.9
1992-04-14,52.2
1992-04-15,51.3
1992-04-16,52.5
1992-04-17,55.3
1992-04-18,56.9
1992-04-19,58.2
1992-04-20,62.3
1992-04-21,80.2
1992-04-22,95.9
1992-04-23,107
1992-04-24,111
1992-04-25,115
1992-04-26,119
1992-04-27,122
1992-04-28,125
1992-04-29,127
1992-04-30,119
1992-05-01,64.5
1992-05-02,58.9
1992-05-03,54.9
1992-05-04,51.6
1992-05-05,49.6
1992-05-06,31
1992-05-07,30.8
1992-05-08,24.6
1992-05-09,16.3
1992-05-10,14
1992-05-11,14.1
1992-05-12,17.7
1992-05-13,19.4
1992-05-14,19.8
1992-05-15,18.4
1992-05-16,17.1
1992-05-17,17.2
1992-05-18,15.9
1992-05-19,15.5
1992-05-20,16.7
1992-05-21,16.1
1992-05-22,14.3
1992-05-23,14.1
1992-05-24,13.9
1992-05-25,15
1992-05-26,15.6
1992-05-27,15.6
1992-05-28,17.4
1992-05-29,14.9
1992-05-30,4.27
1992-05-31,2.87
1992-06-01,2.62
1992-06-02,2.46
1992-06-03,1.58
1992-06-04,0.851
1992-06-05,0.458
1992-06-06,0.283
1992-06-07,0.197
1992-06-08,0.162
1992-06-09,0.147
1992-06-10,0.14
1992-06-11,0.145
1992-06-12,0.14
1992-06-13,0.15
1992-06-14,0.156
1992-06-15,0.153
1992-06-16,0.151
1992-06-17,0.158
1992-06-18,0.202
1992-06-19,0.294
1992-06-20,0.546
1992-06-21,0.92
1992-06-22,1.02
1992-06-23,0.975
1992-06-24,0.901
1992-06-25,0.821
1992-06-26,0.764
1992-06-27,0.675
1992-06-28,0.606
1992-06-29,0.554
1992-06-30,0.52
1992-07-01,0.501
1992-07-02,0.454
1992-07-03,0.742
1992-07-04,1.01
1992-07-05,0.813
1992-07-06,0.663
1992-07-07,0.579
1992-07-08,0.553
1992-07-09,0.724
1992-07-10,0.747
1992-07-11,0.79
1992-07-12,0.754
1992-07-13,1.28
1992-07-14,1.35
1992-07-15,1.12
1992-07-16,0.922
1992-07-17,0.791
1992-07-18,0.756
1992-07-19,0.735
1992-07-20,0.765
1992-07-21,0.857
1992-07-22,0.869
1992-07-23,0.732
1992-07-24,0.643
1992-07-25,0.596
1992-07-26,0.587
1992-07-27,0.576
1992-07-28,0.57
1992-07-29,0.604
1992-07-30,0.588
1992-07-31,0.584
1992-08-01,0.586
1992-08-02,0.607
1992-08-03,0.627
1992-08-04,0.604
1992-08-05,0.59
1992-08-06,0.575
1992-08-07,0.565
1992-08-08,0.607
1992-08-09,0.67
1992-08-10,0.667
1992-08-11,0.664
1992-08-12,0.636
1992-08-13,0.612
1992-08-14,0.602
1992-08-15,0.59
1992-08-16,0.591
1992-08-17,0.633
1992-08-18,0.636
1992-08-19,0.675
1992-08-20,0.664
1992-08-21,0.643
1992-08-22,0.64
1992-08-23,0.632
1992-08-24,0.632
1992-08-25,0.637
1992-08-26,0.637
1992-08-27,0.639
1992-08-28,1.01
1992-08-29,1.54
1992-08-30,1.73
1992-08-31,1.73
1992-09-01,1.38
1992-09-02,1.11
1992-09-03,1.03
1992-09-04,0.989
1992-09-05,0.89
1992-09-06,0.854
1992-09-07,3.95
1992-09-08,6.04
1992-09-09,4.24
1992-09-10,3.49
1992-09-11,3.3
1992-09-12,2.98
1992-09-13,2.64
1992-09-14,2.34
1992-09-15,2.06
1992-09-16,1.83
1992-09-17,1.75
1992-09-18,1.78
1992-09-19,2.25
1992-09-20,2.07
1992-09-21,8.57
1992-09-22,64.7
1992-09-23,106
1992-09-24,101
1992-09-25,102
1992-09-26,102
1992-09-27,102
1992-09-28,102
1992-09-29,95
1992-09-30,92.8
1992-10-01,89.5
1992-10-02,88.9
1992-10-03,88.6
1992-10-04,85.3
1992-10-05,82
1992-10-06,79.9
1992-10-07,75.7
1992-10-08,61.6
1992-10-09,30.6
1992-10-10,20.9
1992-10-11,19.6
1992-10-12,18.4
1992-10-13,17.1
1992-10-14,3.98
1992-10-15,2.52
1992-10-16,4.07
1992-10-17,11.2
1992-10-18,10.9
1992-10-19,11.4
1992-10-20,10.7
1992-10-21,12.6
1992-10-22,11.9
1992-10-23,12.3
1992-10-24,19.5
1992-10-25,20.2
1992-10-26,17.7
1992-10-27,17.3
1992-10-28,17.5
1992-10-29,17.9
1992-10-30,18.8
1992-10-31,18.7
1992-11-01,17.5
1992-11-02,17.4
1992-11-03,26.1
1992-11-04,32.1
1992-11-05,34.7
1992-11-06,50.8
1992-11-07,54.4
1992-11-08,54.5
1992-11-09,53.3
1992-11-10,54.8
1992-11-11,58.1
1992-11-12,74
1992-11-13,122
1992-11-14,126
1992-11-15,129
1992-11-16,144
1992-11-17,214
1992-11-18,231
1992-11-19,219
1992-11-20,210
1992-11-21,204
1992-11-22,202
1992-11-23,207
1992-11-24,209
1992-11-25,207
1992-11-26,205
1992-11-27,207
1992-11-28,204
1992-11-29,195
1992-11-30,187
1992-12-01,180
1992-12-02,164
1992-12-03,125
1992-12-04,118
1992-12-05,117
1992-12-06,113
1992-12-07,108
1992-12-08,104
1992-12-09,99.5
1992-12-10,95.4
1992-12-11,91.4
1992-12-12,87.1
1992-12-13,86.4
1992-12-14,71.1
1992-12-15,36.5
1992-12-16,35.8
1992-12-17,29.1
1992-12-18,7.8
1992-12-19,6.63
1992-12-20,6.48
1992-12-21,6.45
1992-12-22,6.44
1992-12-23,6.29
1992-12-24,6.09
1992-12-25,5.97
1992-12-26,5.94
1992-12-27,5.9
1992-12-28,5.88
1992-12-29,5.88
1992-12-30,6.04
1992-12-31,6.11
1993-01-01,6.08
1993-01-02,5.99
1993-01-03,6
1993-01-04,7.45
1993-01-05,22.5
1993-01-06,54
1993-01-07,54.1
1993-01-08,54.2
1993-01-09,53.2
1993-01-10,52
1993-01-11,50.1
1993-01-12,48.1
1993-01-13,46.3
1993-01-14,45.6
1993-01-15,43.8
1993-01-16,42
1993-01-17,40.9
1993-01-18,40.7
1993-01-19,39.6
1993-01-20,41.7
1993-01-21,40.8
1993-01-22,40.3
1993-01-23,38.8
1993-01-24,37.1
1993-01-25,37.6
1993-01-26,33.5
1993-01-27,24.1
1993-01-28,23.5
1993-01-29,18.6
1993-01-30,6.5
1993-01-31,6.25
1993-02-01,8.6
1993-02-02,18.1
1993-02-03,18.2
1993-02-04,17.9
1993-02-05,17.9
1993-02-06,17.6
1993-02-07,17.5
1993-02-08,16.9
1993-02-09,11.5
1993-02-10,5.65
1993-02-11,5.55
1993-02-12,5.5
1993-02-13,5.45
1993-02-14,5.4
1993-02-15,5.35
1993-02-16,5.3
1993-02-17,5.25
1993-02-18,5.2
1993-02-19,5.15
1993-02-20,5.13
1993-02-21,5.16
1993-02-22,5.37
1993-02-23,5.37
1993-02-24,5.33
1993-02-25,5.35
1993-02-26,5.44
1993-02-27,5.46
1993-02-28,5.61
1993-03-01,5.57
1993-03-02,5.49
1993-03-03,5.43
1993-03-04,5.26
1993-03-05,5.25
1993-03-06,5.26
1993-03-07,5.22
1993-03-08,5.14
1993-03-09,5.05
1993-03-10,5
1993-03-11,5
1993-03-12,4.97
1993-03-13,4.97
1993-03-14,4.97
1993-03-15,5.04
1993-03-16,5.16
1993-03-17,5.3
1993-03-18,5.19
1993-03-19,5.21
1993-03-20,5.28
1993-03-21,5.33
1993-03-22,5.25
1993-03-23,5.23
1993-03-24,5.33
1993-03-25,5.33
1993-03-26,5.24
1993-03-27,5.38
1993-03-28,5.87
1993-03-29,6.79
1993-03-30,8.34
1993-03-31,19.8
1993-04-01,62.6
1993-04-02,67
1993-04-03,66.2
1993-04-04,62.8
1993-04-05,69.4
1993-04-06,67.8
1993-04-07,61.8
1993-04-08,58.3
1993-04-09,57.7
1993-04-10,63.6
1993-04-11,70.5
1993-04-12,78
1993-04-13,84.1
1993-04-14,87.4
1993-04-15,88.8
1993-04-16,90.9
1993-04-17,67.7
1993-04-18,67.5
1993-04-19,70.3
1993-04-20,63.6
1993-04-21,32.4
1993-04-22,23.1
1993-04-23,24.9
1993-04-24,24.8
1993-04-25,24.3
1993-04-26,29.5
1993-04-27,35.4
1993-04-28,22.6
1993-04-29,19.8
1993-04-30,18.1
1993-05-01,17.1
1993-05-02,15.8
1993-05-03,14.4
1993-05-04,13.5
1993-05-05,15
1993-05-06,15.7
1993-05-07,14.3
1993-05-08,14.6
1993-05-09,14
1993-05-10,15.1
1993-05-11,18.9
1993-05-12,18
1993-05-13,18.2
1993-05-14,18.5
1993-05-15,19.7
1993-05-16,19.6
1993-05-17,19.2
1993-05-18,19
1993-05-19,19.5
1993-05-20,19.5
1993-05-21,18.4
1993-05-22,18
1993-05-23,17.9
1993-05-24,17.1
1993-05-25,17.8
1993-05-26,19.4
1993-05-27,18
1993-05-28,16.8
1993-05-29,17.3
1993-05-30,17.6
1993-05-31,14.1
1993-06-01,12.9
1993-06-02,17
1993-06-03,17.3
1993-06-04,16.6
1993-06-05,17.2
1993-06-06,15.9
1993-06-07,15.2
1993-06-08,14.5
1993-06-09,14
1993-06-10,14.2
1993-06-11,14.6
1993-06-12,15.4
1993-06-13,16.8
1993-06-14,18.3
1993-06-15,30.8
1993-06-16,23.6
1993-06-17,6.02
1993-06-18,4.4
1993-06-19,3.84
1993-06-20,4.26
1993-06-21,5.37
1993-06-22,5.25
1993-06-23,4.58
1993-06-24,4.29
1993-06-25,4.73
1993-06-26,7.6
1993-06-27,13.2
1993-06-28,33.9
1993-06-29,55
1993-06-30,64.8
1993-07-01,64
1993-07-02,65.1
1993-07-03,63.8
1993-07-04,63.8
1993-07-05,62.7
1993-07-06,61.2
1993-07-07,60.5
1993-07-08,46.7
1993-07-09,6.67
1993-07-10,4.34
1993-07-11,3.9
1993-07-12,3.67
1993-07-13,3.27
1993-07-14,3.29
1993-07-15,3.35
1993-07-16,3.27
1993-07-17,3.24
1993-07-18,3.25
1993-07-19,3.25
1993-07-20,3.32
1993-07-21,3.48
1993-07-22,3.58
1993-07-23,3.47
1993-07-24,3.54
1993-07-25,3.59
1993-07-26,4.52
1993-07-27,4.3
1993-07-28,3.99
1993-07-29,4.52
1993-07-30,4.22
1993-07-31,4.1
1993-08-01,3.91
1993-08-02,3.84
1993-08-03,3.9
1993-08-04,3.95
1993-08-05,3.94
1993-08-06,3.91
1993-08-07,3.86
1993-08-08,3.87
1993-08-09,3.89
1993-08-10,3.89
1993-08-11,3.94
1993-08-12,3.94
1993-08-13,3.92
1993-08-14,3.91
1993-08-15,3.94
1993-08-16,3.97
1993-08-17,4.04
1993-08-18,4.05
1993-08-19,4.01
1993-08-20,4.25
1993-08-21,4.08
1993-08-22,4.13
1993-08-23,4.09
1993-08-24,4.06
1993-08-25,4.05
1993-08-26,4.05
1993-08-27,4.16
1993-08-28,4.21
1993-08-29,4.2
1993-08-30,4.17
1993-08-31,4.34
1993-09-01,4.26
1993-09-02,4.22
1993-09-03,4.7
1993-09-04,4.78
1993-09-05,4.51
1993-09-06,4.32
1993-09-07,4.24
1993-09-08,4.2
1993-09-09,4.36
1993-09-10,5.4
1993-09-11,5.3
1993-09-12,5.05
1993-09-13,5.05
1993-09-14,5.16
1993-09-15,7.21
1993-09-16,6.84
1993-09-17,6.32
1993-09-18,6.08
1993-09-19,5.82
1993-09-20,5.48
1993-09-21,5.2
1993-09-22,5.02
1993-09-23,5.19
1993-09-24,5.08
1993-09-25,4.95
1993-09-26,4.88
1993-09-27,4.93
1993-09-28,5.14
1993-09-29,5.07
1993-09-30,4.83
1993-10-01,4.7
1993-10-02,4.79
1993-10-03,4.81
1993-10-04,8.5
1993-10-05,19.3
1993-10-06,19.3
1993-10-07,18
1993-10-08,19.2
1993-10-09,23.8
1993-10-10,23.7
1993-10-11,22.8
1993-10-12,22.6
1993-10-13,23.1
1993-10-14,22.5
1993-10-15,22.5
1993-10-16,23.1
1993-10-17,26.2
1993-10-18,36.4
1993-10-19,44.7
1993-10-20,76.3
1993-10-21,90.3
1993-10-22,116
1993-10-23,123
1993-10-24,123
1993-10-25,123
1993-10-26,119
1993-10-27,115
1993-10-28,112
1993-10-29,108
1993-10-30,108
1993-10-31,105
1993-11-01,98.4
1993-11-02,93.6
1993-11-03,97.1
1993-11-04,89.6
1993-11-05,71.7
1993-11-06,65.8
1993-11-07,63.4
1993-11-08,49.7
1993-11-09,26.5
1993-11-10,8.05
1993-11-11,7.25
1993-11-12,9.94
1993-11-13,15.6
1993-11-14,12.8
1993-11-15,13.3
1993-11-16,15.7
1993-11-17,14.9
1993-11-18,14.4
1993-11-19,13.6
1993-11-20,13.4
1993-11-21,13.2
1993-11-22,13
1993-11-23,12.3
1993-11-24,11.5
1993-11-25,11
1993-11-26,10.1
1993-11-27,9.89
1993-11-28,11.4
1993-11-29,12.8
1993-11-30,14.1
1993-12-01,14.6
1993-12-02,21.1
1993-12-03,40.2
1993-12-04,42.4
1993-12-05,40.2
1993-12-06,39.7
1993-12-07,39.3
1993-12-08,38.2
1993-12-09,37.1
1993-12-10,40.5
1993-12-11,40.6
1993-12-12,36.5
1993-12-13,34.4
1993-12-14,28.9
1993-12-15,20.5
1993-12-16,6
1993-12-17,5.09
1993-12-18,5.51
1993-12-19,5.38
1993-12-20,5.38
1993-12-21,5.38
1993-12-22,5.42
1993-12-23,5.34
1993-12-24,5.26
1993-12-25,5.22
1993-12-26,5.11
1993-12-27,4.96
1993-12-28,5.06
1993-12-29,5.19
1993-12-30,5.32
1993-12-31,5.28
1994-01-01,5.26
1994-01-02,5.28
1994-01-03,5.13
1994-01-04,5.07
1994-01-05,5.16
1994-01-06,5.23
1994-01-07,5.19
1994-01-08,5.1
1994-01-09,5.09
1994-01-10,5.08
1994-01-11,5.03
1994-01-12,5.07
1994-01-13,5.15
1994-01-14,5.11
1994-01-15,4.98
1994-01-16,5.11
1994-01-17,5.43
1994-01-18,5.38
1994-01-19,5.23
1994-01-20,5.65
1994-01-21,5.6
1994-01-22,5.6
1994-01-23,5.5
1994-01-24,5.48
1994-01-25,5.32
1994-01-26,5.19
1994-01-27,5.36
1994-01-28,5.86
1994-01-29,5.89
1994-01-30,5.67
1994-01-31,5.68
1994-02-01,5.72
1994-02-02,5.69
1994-02-03,5.67
1994-02-04,5.63
1994-02-05,5.56
1994-02-06,5.45
1994-02-07,5.4
1994-02-08,5.36
1994-02-09,5.43
1994-02-10,5.53
1994-02-11,5.48
1994-02-12,5.56
1994-02-13,5.81
1994-02-14,5.62
1994-02-15,5.56
1994-02-16,5.54
1994-02-17,5.44
1994-02-18,5.28
1994-02-19,5.04
1994-02-20,5.16
1994-02-21,5.34
1994-02-22,5.25
1994-02-23,5.24
1994-02-24,5.25
1994-02-25,5.14
1994-02-26,5.18
1994-02-27,5.26
1994-02-28,6.16
1994-03-01,17.2
1994-03-02,17.2
1994-03-03,16.8
1994-03-04,16.8
1994-03-05,17.8
1994-03-06,16.2
1994-03-07,13.4
1994-03-08,8.62
1994-03-09,17.3
1994-03-10,12
1994-03-11,5.8
1994-03-12,5.5
1994-03-13,5.3
1994-03-14,5.2
1994-03-15,5.05
1994-03-16,5
1994-03-17,5
1994-03-18,4.99
1994-03-19,4.97
1994-03-20,4.95
1994-03-21,4.93
1994-03-22,4.91
1994-03-23,4.89
1994-03-24,4.87
1994-03-25,4.85
1994-03-26,4.84
1994-03-27,4.83
1994-03-28,4.82
1994-03-29,4.81
1994-03-30,4.8
1994-03-31,4.8
1994-04-01,4.78
1994-04-02,4.76
1994-04-03,4.74
1994-04-04,4.72
1994-04-05,4.7
1994-04-06,4.69
1994-04-07,4.67
1994-04-08,4.65
1994-04-09,4.64
1994-04-10,4.63
1994-04-11,4.62
1994-04-12,4.61
1994-04-13,4.6
1994-04-14,4.6
1994-04-15,7.2
1994-04-16,13.7
1994-04-17,13.7
1994-04-18,13.7
1994-04-19,15.4
1994-04-20,17
1994-04-21,16.2
1994-04-22,16
1994-04-23,17
1994-04-24,17
1994-04-25,16.8
1994-04-26,16.7
1994-04-27,17.3
1994-04-28,17.3
1994-04-29,17.3
1994-04-30,13.1
1994-05-01,13.1
1994-05-02,13.4
1994-05-03,14.4
1994-05-04,16.3
1994-05-05,16.4
1994-05-06,16.8
1994-05-07,14.4
1994-05-08,16
1994-05-09,14.8
1994-05-10,12.2
1994-05-11,17.5
1994-05-12,43.3
1994-05-13,80.3
1994-05-14,90
1994-05-15,88.2
1994-05-16,107
1994-05-17,110
1994-05-18,97.6
1994-05-19,97.6
1994-05-20,84.4
1994-05-21,73.2
1994-05-22,73.2
1994-05-23,73.2
1994-05-24,47.6
1994-05-25,16.4
1994-05-26,14.9
1994-05-27,17.6
1994-05-28,16.5
1994-05-29,15.9
1994-05-30,14
1994-05-31,13
1994-06-01,16.4
1994-06-02,20.5
1994-06-03,21.6
1994-06-04,19.2
1994-06-05,18.5
1994-06-06,17
1994-06-07,5.87
1994-06-08,4.42
1994-06-09,4.09
1994-06-10,3.84
1994-06-11,3.66
1994-06-12,3.65
1994-06-13,3.86
1994-06-14,4
1994-06-15,3.81
1994-06-16,3.78
1994-06-17,3.62
1994-06-18,3.64
1994-06-19,3.64
1994-06-20,3.59
1994-06-21,3.66
1994-06-22,3.69
1994-06-23,3.42
1994-06-24,1.38
1994-06-25,0.882
1994-06-26,0.835
1994-06-27,0.828
1994-06-28,0.745
1994-06-29,0.771
1994-06-30,1.07
1994-07-01,1.09
1994-07-02,1.32
1994-07-03,1.16
1994-07-04,1.02
1994-07-05,1.12
1994-07-06,1.36
1994-07-07,1.46
1994-07-08,1.62
1994-07-09,1.77
1994-07-10,1.69
1994-07-11,1.48
1994-07-12,1.32
1994-07-13,1.33
1994-07-14,1.23
1994-07-15,1.07
1994-07-16,0.989
1994-07-17,0.908
1994-07-18,0.826
1994-07-19,0.732
1994-07-20,0.657
1994-07-21,0.657
1994-07-22,0.991
1994-07-23,1.23
1994-07-24,1.14
1994-07-25,1.01
1994-07-26,0.999
1994-07-27,0.898
1994-07-28,0.772
1994-07-29,0.657
1994-07-30,0.612
1994-07-31,0.591
1994-08-01,0.744
1994-08-02,1.24
1994-08-03,1.53
1994-08-04,2.33
1994-08-05,2.66
1994-08-06,2.3
1994-08-07,1.92
1994-08-08,1.63
1994-08-09,1.46
1994-08-10,1.33
1994-08-11,1.22
1994-08-12,1.08
1994-08-13,1.01
1994-08-14,1.09
1994-08-15,1.02
1994-08-16,0.939
1994-08-17,0.885
1994-08-18,0.849
1994-08-19,0.827
1994-08-20,0.851
1994-08-21,0.82
1994-08-22,0.77
1994-08-23,0.74
1994-08-24,0.716
1994-08-25,0.784
1994-08-26,0.744
1994-08-27,0.714
1994-08-28,0.736
1994-08-29,0.796
1994-08-30,0.859
1994-08-31,0.729
1994-09-01,0.697
1994-09-02,0.76
1994-09-03,0.804
1994-09-04,0.865
1994-09-05,0.88
1994-09-06,0.888
1994-09-07,0.804
1994-09-08,0.837
1994-09-09,0.852
1994-09-10,0.867
1994-09-11,0.885
1994-09-12,0.872
1994-09-13,0.828
1994-09-14,0.786
1994-09-15,0.808
1994-09-16,0.751
1994-09-17,0.715
1994-09-18,0.68
1994-09-19,0.656
1994-09-20,0.666
1994-09-21,0.676
1994-09-22,0.674
1994-09-23,0.656
1994-09-24,0.647
1994-09-25,0.638
1994-09-26,0.654
1994-09-27,0.658
1994-09-28,0.735
1994-09-29,0.806
1994-09-30,0.712
1994-10-01,0.645
1994-10-02,0.64
1994-10-03,0.765
1994-10-04,0.627
1994-10-05,0.581
1994-10-06,0.574
1994-10-07,0.584
1994-10-08,0.581
1994-10-09,0.629
1994-10-10,0.644
1994-10-11,0.608
1994-10-12,0.584
1994-10-13,0.583
1994-10-14,0.57
1994-10-15,1.13
1994-10-16,0.937
1994-10-17,0.587
1994-10-18,0.565
1994-10-19,0.734
1994-10-20,0.822
1994-10-21,0.736
1994-10-22,0.662
1994-10-23,1.37
1994-10-24,1.49
1994-10-25,1.68
1994-10-26,2.25
1994-10-27,2.13
1994-10-28,1.97
1994-10-29,1.87
1994-10-30,2.05
1994-10-31,2.04
1994-11-01,2.44
1994-11-02,2.67
1994-11-03,2.46
1994-11-04,5.9
1994-11-05,20.6
1994-11-06,29.1
1994-11-07,67.4
1994-11-08,95.4
1994-11-09,96.8
1994-11-10,92.2
1994-11-11,67.5
1994-11-12,66.3
1994-11-13,66.8
1994-11-14,67
1994-11-15,67.6
1994-11-16,69.6
1994-11-17,54.7
1994-11-18,6.53
1994-11-19,3.1
1994-11-20,2.57
1994-11-21,2.37
1994-11-22,2.35
1994-11-23,2.33
1994-11-24,2.21
1994-11-25,2.13
1994-11-26,2.09
1994-11-27,2
1994-11-28,2.21
1994-11-29,2.59
1994-11-30,37.2
1994-12-01,49.2
1994-12-02,48.6
1994-12-03,47.9
1994-12-04,45.7
1994-12-05,46.7
1994-12-06,50.1
1994-12-07,51.1
1994-12-08,53.7
1994-12-09,53.7
1994-12-10,53.6
1994-12-11,53.5
1994-12-12,52.3
1994-12-13,52.1
1994-12-14,52.9
1994-12-15,45.3
1994-12-16,26.3
1994-12-17,22.8
1994-12-18,22.6
1994-12-19,17.3
1994-12-20,14.8
1994-12-21,28.5
1994-12-22,27.3
1994-12-23,25.7
1994-12-24,24
1994-12-25,22.3
1994-12-26,20.8
1994-12-27,19.4
1994-12-28,15.4
1994-12-29,3.93
1994-12-30,2.6
1994-12-31,2.4
1995-01-01,2.46
1995-01-02,2.56
1995-01-03,2.65
1995-01-04,2.73
1995-01-05,3.61
1995-01-06,8.53
1995-01-07,7.73
1995-01-08,6.5
1995-01-09,5.27
1995-01-10,2.83
1995-01-11,2.4
1995-01-12,2.47
1995-01-13,2.81
1995-01-14,3.17
1995-01-15,10.5
1995-01-16,49.7
1995-01-17,100
1995-01-18,102
1995-01-19,104
1995-01-20,106
1995-01-21,110
1995-01-22,112
1995-01-23,114
1995-01-24,114
1995-01-25,113
1995-01-26,110
1995-01-27,104
1995-01-28,92.6
1995-01-29,89.8
1995-01-30,85.4
1995-01-31,80.8
1995-02-01,77.2
1995-02-02,65.4
1995-02-03,38
1995-02-04,27.3
1995-02-05,26.5
1995-02-06,29.1
1995-02-07,24.6
1995-02-08,24.4
1995-02-09,25.3
1995-02-10,25.2
1995-02-11,26.7
1995-02-12,27.1
1995-02-13,27.5
1995-02-14,28
1995-02-15,29.2
1995-02-16,30.4
1995-02-17,32.2
1995-02-18,34.1
1995-02-19,35.5
1995-02-20,34.9
1995-02-21,35.4
1995-02-22,32.5
1995-02-23,31
1995-02-24,25.9
1995-02-25,22.7
1995-02-26,23.3
1995-02-27,18
1995-02-28,4.32
1995-03-01,2.98
1995-03-02,2.79
1995-03-03,2.71
1995-03-04,2.79
1995-03-05,2.74
1995-03-06,2.88
1995-03-07,3.06
1995-03-08,7.2
1995-03-09,31.1
1995-03-10,32.8
1995-03-11,32.3
1995-03-12,31.7
1995-03-13,30.8
1995-03-14,26.2
1995-03-15,17.8
1995-03-16,19.1
1995-03-17,20.6
1995-03-18,22.3
1995-03-19,26.1
1995-03-20,29.2
1995-03-21,34
1995-03-22,41.9
1995-03-23,55.3
1995-03-24,61.7
1995-03-25,67.2
1995-03-26,66.9
1995-03-27,56.1
1995-03-28,16.3
1995-03-29,7.05
1995-03-30,6.01
1995-03-31,5.63
1995-04-01,5.31
1995-04-02,4.97
1995-04-03,4.79
1995-04-04,4.65
1995-04-05,4.42
1995-04-06,4.17
1995-04-07,4.1
1995-04-08,3.97
1995-04-09,3.87
1995-04-10,11.4
1995-04-11,24.5
1995-04-12,19.5
1995-04-13,16.5
1995-04-14,16.1
1995-04-15,17
1995-04-16,17.3
1995-04-17,17.2
1995-04-18,16.8
1995-04-19,16.7
1995-04-20,16.4
1995-04-21,18.6
1995-04-22,21.2
1995-04-23,19
1995-04-24,18
1995-04-25,18.2
1995-04-26,17.8
1995-04-27,17.7
1995-04-28,17.8
1995-04-29,18.5
1995-04-30,19.6
1995-05-01,19.3
1995-05-02,18.5
1995-05-03,19.1
1995-05-04,18.6
1995-05-05,20.8
1995-05-06,24.5
1995-05-07,22.6
1995-05-08,19.3
1995-05-09,15.5
1995-05-10,17.2
1995-05-11,44.9
1995-05-12,89.4
1995-05-13,98.5
1995-05-14,91.9
1995-05-15,92.9
1995-05-16,86
1995-05-17,77.1
1995-05-18,80.5
1995-05-19,81.9
1995-05-20,80.8
1995-05-21,79.1
1995-05-22,77.7
1995-05-23,76.7
1995-05-24,77.8
1995-05-25,72.1
1995-05-26,57.9
1995-05-27,55.8
1995-05-28,55.1
1995-05-29,56.3
1995-05-30,50.5
1995-05-31,31.7
1995-06-01,23.6
1995-06-02,18
1995-06-03,17.3
1995-06-04,17.4
1995-06-05,17.4
1995-06-06,17.1
1995-06-07,16.7
1995-06-08,14.6
1995-06-09,4.24
1995-06-10,2.67
1995-06-11,2.46
1995-06-12,2.38
1995-06-13,2.37
1995-06-14,2.38
1995-06-15,2.39
1995-06-16,2.41
1995-06-17,2.4
1995-06-18,2.41
1995-06-19,2.41
1995-06-20,2.45
1995-06-21,2.45
1995-06-22,2.44
1995-06-23,2.42
1995-06-24,2.43
1995-06-25,2.42
1995-06-26,2.55
1995-06-27,2.5
1995-06-28,2.32
1995-06-29,2.15
1995-06-30,2.17
1995-07-01,2.27
1995-07-02,2.18
1995-07-03,2.16
1995-07-04,2.2
1995-07-05,2.3
1995-07-06,2.3
1995-07-07,2.36
1995-07-08,2.34
1995-07-09,2.35
1995-07-10,2.3
1995-07-11,2.27
1995-07-12,2.29
1995-07-13,2.29
1995-07-14,2.3
1995-07-15,2.36
1995-07-16,2.3
1995-07-17,2.4
1995-07-18,2.37
1995-07-19,2.34
1995-07-20,2.35
1995-07-21,2.33
1995-07-22,2.31
1995-07-23,2.61
1995-07-24,2.58
1995-07-25,2.42
1995-07-26,2.42
1995-07-27,2.3
1995-07-28,2.28
1995-07-29,2.29
1995-07-30,2.31
1995-07-31,2.33
1995-08-01,2.38
1995-08-02,2.34
1995-08-03,2.51
1995-08-04,2.76
1995-08-05,2.78
1995-08-06,2.74
1995-08-07,2.67
1995-08-08,2.64
1995-08-09,2.55
1995-08-10,2.51
1995-08-11,2.68
1995-08-12,2.83
1995-08-13,2.69
1995-08-14,2.61
1995-08-15,2.56
1995-08-16,2.54
1995-08-17,2.56
1995-08-18,2.72
1995-08-19,3.09
1995-08-20,2.78
1995-08-21,2.72
1995-08-22,2.72
1995-08-23,2.71
1995-08-24,2.76
1995-08-25,2.78
1995-08-26,2.81
1995-08-27,2.84
1995-08-28,2.79
1995-08-29,2.82
1995-08-30,2.85
1995-08-31,3.28
1995-09-01,3.07
1995-09-02,2.97
1995-09-03,2.94
1995-09-04,2.89
1995-09-05,2.87
1995-09-06,2.86
1995-09-07,2.91
1995-09-08,2.86
1995-09-09,2.8
1995-09-10,2.77
1995-09-11,2.77
1995-09-12,2.74
1995-09-13,2.77
1995-09-14,2.8
1995-09-15,2.76
1995-09-16,2.77
1995-09-17,3.48
1995-09-18,3.13
1995-09-19,2.96
1995-09-20,2.88
1995-09-21,2.76
1995-09-22,2.78
1995-09-23,2.67
1995-09-24,2.56
1995-09-25,2.52
1995-09-26,2.58
1995-09-27,2.6
1995-09-28,2.51
1995-09-29,2.43
1995-09-30,2.52
1995-10-01,2.41
1995-10-02,2.33
1995-10-03,2.23
1995-10-04,2.24
1995-10-05,2.19
1995-10-06,2.25
1995-10-07,2.19
1995-10-08,2.12
1995-10-09,2
1995-10-10,1.89
1995-10-11,1.82
1995-10-12,1.81
1995-10-13,1.86
1995-10-14,1.94
1995-10-15,2.15
1995-10-16,2.32
1995-10-17,2.31
1995-10-18,2.18
1995-10-19,2.05
1995-10-20,1.95
1995-10-21,2.49
1995-10-22,2.93
1995-10-23,3.45
1995-10-24,3.68
1995-10-25,3.79
1995-10-26,3.66
1995-10-27,3.61
1995-10-28,4.07
1995-10-29,4.15
1995-10-30,8.12
1995-10-31,25.4
1995-11-01,28.1
1995-11-02,55.8
1995-11-03,82.4
1995-11-04,86.3
1995-11-05,85.9
1995-11-06,85.6
1995-11-07,92.4
1995-11-08,95.6
1995-11-09,110
1995-11-10,110
1995-11-11,116
1995-11-12,119
1995-11-13,125
1995-11-14,147
1995-11-15,152
1995-11-16,155
1995-11-17,156
1995-11-18,158
1995-11-19,157
1995-11-20,151
1995-11-21,146
1995-11-22,134
1995-11-23,128
1995-11-24,123
1995-11-25,117
1995-11-26,113
1995-11-27,113
1995-11-28,112
1995-11-29,110
1995-11-30,99.4
1995-12-01,76.2
1995-12-02,71.1
1995-12-03,68
1995-12-04,66.6
1995-12-05,64.9
1995-12-06,60.4
1995-12-07,51.7
1995-12-08,53.1
1995-12-09,51.7
1995-12-10,51.1
1995-12-11,51.8
1995-12-12,49.1
1995-12-13,42.1
1995-12-14,37.5
1995-12-15,27.6
1995-12-16,19.2
1995-12-17,20
1995-12-18,19.6
1995-12-19,19.4
1995-12-20,13.8
1995-12-21,4.29
1995-12-22,3.71
1995-12-23,3.51
1995-12-24,3.36
1995-12-25,3.43
1995-12-26,3.38
1995-12-27,3.31
1995-12-28,3.19
1995-12-29,3.07
1995-12-30,2.97
1995-12-31,3.01
1996-01-01,3.01
1996-01-02,2.97
1996-01-03,2.91
1996-01-04,2.85
1996-01-05,2.89
1996-01-06,2.9
1996-01-07,2.93
1996-01-08,2.95
1996-01-09,2.94
1996-01-10,2.91
1996-01-11,2.94
1996-01-12,2.94
1996-01-13,2.95
1996-01-14,2.93
1996-01-15,2.88
1996-01-16,2.92
1996-01-17,3.23
1996-01-18,3.65
1996-01-19,5.88
1996-01-20,7.39
1996-01-21,6.38
1996-01-22,6.05
1996-01-23,14
1996-01-24,33.5
1996-01-25,28.3
1996-01-26,28.7
1996-01-27,42.8
1996-01-28,43.9
1996-01-29,44.6
1996-01-30,45.6
1996-01-31,45.3
1996-02-01,46.6
1996-02-02,46.8
1996-02-03,46.2
1996-02-04,45.2
1996-02-05,44.2
1996-02-06,47.2
1996-02-07,61.7
1996-02-08,60.7
1996-02-09,59.2
1996-02-10,58.8
1996-02-11,58.6
1996-02-12,59.1
1996-02-13,67.3
1996-02-14,67.8
1996-02-15,67
1996-02-16,61.7
1996-02-17,59
1996-02-18,59.3
1996-02-19,57.3
1996-02-20,47.6
1996-02-21,40.9
1996-02-22,40
1996-02-23,40
1996-02-24,43.4
1996-02-25,42.8
1996-02-26,42
1996-02-27,42.3
1996-02-28,42.8
1996-02-29,42.8
1996-03-01,40.1
1996-03-02,34.9
1996-03-03,34.4
1996-03-04,33.3
1996-03-05,32.3
1996-03-06,31.1
1996-03-07,30.5
1996-03-08,32
1996-03-09,31
1996-03-10,29.5
1996-03-11,36.7
1996-03-12,58.9
1996-03-13,57.6
1996-03-14,54.7
1996-03-15,55.3
1996-03-16,56.3
1996-03-17,54.5
1996-03-18,52.5
1996-03-19,51.9
1996-03-20,52.5
1996-03-21,50.6
1996-03-22,46.6
1996-03-23,43.3
1996-03-24,43.3
1996-03-25,39.6
1996-03-26,33.4
1996-03-27,29.4
1996-03-28,38.9
1996-03-29,43.3
1996-03-30,39.5
1996-03-31,39.3
1996-04-01,39.9
1996-04-02,41
1996-04-03,39
1996-04-04,38.7
1996-04-05,38.2
1996-04-06,38.7
1996-04-07,37.8
1996-04-08,34.9
1996-04-09,34.2
1996-04-10,33.7
1996-04-11,33
1996-04-12,27.3
1996-04-13,24.7
1996-04-14,26.1
1996-04-15,32
1996-04-16,51.9
1996-04-17,61.2
1996-04-18,63.5
1996-04-19,67.1
1996-04-20,74.2
1996-04-21,81
1996-04-22,95.2
1996-04-23,114
1996-04-24,124
1996-04-25,136
1996-04-26,148
1996-04-27,160
1996-04-28,170
1996-04-29,178
1996-04-30,189
1996-05-01,196
1996-05-02,198
1996-05-03,195
1996-05-04,197
1996-05-05,195
1996-05-06,194
1996-05-07,172
1996-05-08,126
1996-05-09,115
1996-05-10,98.3
1996-05-11,53.7
1996-05-12,50.3
1996-05-13,49.6
1996-05-14,51.5
1996-05-15,36.5
1996-05-16,46
1996-05-17,36.2
1996-05-18,45.4
1996-05-19,50.5
1996-05-20,48.6
1996-05-21,44.5
1996-05-22,33.3
1996-05-23,33.1
1996-05-24,33.2
1996-05-25,34.3
1996-05-26,32.1
1996-05-27,29.9
1996-05-28,36
1996-05-29,30.4
1996-05-30,28.7
1996-05-31,29.4
1996-06-01,32.7
1996-06-02,30.5
1996-06-03,29.8
1996-06-04,33.9
1996-06-05,36.5
1996-06-06,24
1996-06-07,5.73
1996-06-08,4.52
1996-06-09,4.11
1996-06-10,3.84
1996-06-11,4.09
1996-06-12,3.96
1996-06-13,3.93
1996-06-14,3.87
1996-06-15,3.65
1996-06-16,3.68
1996-06-17,3.71
1996-06-18,3.86
1996-06-19,3.92
1996-06-20,3.93
1996-06-21,3.79
1996-06-22,4.05
1996-06-23,3.86
1996-06-24,3.84
1996-06-25,3.87
1996-06-26,3.82
1996-06-27,3.77
1996-06-28,3.79
1996-06-29,4.02
1996-06-30,4.19
1996-07-01,3.99
1996-07-02,4.19
1996-07-03,4.11
1996-07-04,4.01
1996-07-05,3.96
1996-07-06,3.96
1996-07-07,3.95
1996-07-08,3.9
1996-07-09,3.87
1996-07-10,3.85
1996-07-11,3.82
1996-07-12,3.85
1996-07-13,3.93
1996-07-14,3.94
1996-07-15,3.9
1996-07-16,3.81
1996-07-17,3.77
1996-07-18,3.82
1996-07-19,4.38
1996-07-20,3.83
1996-07-21,3.72
1996-07-22,3.76
1996-07-23,3.6
1996-07-24,7.02
1996-07-25,16
1996-07-26,15.5
1996-07-27,15.9
1996-07-28,16
1996-07-29,16.9
1996-07-30,14
1996-07-31,4.81
1996-08-01,4.12
1996-08-02,4.09
1996-08-03,4.1
1996-08-04,4.09
1996-08-05,4.06
1996-08-06,4.02
1996-08-07,4.28
1996-08-08,4.19
1996-08-09,4.1
1996-08-10,4.12
1996-08-11,4.08
1996-08-12,4.1
1996-08-13,4.1
1996-08-14,4.13
1996-08-15,4.2
1996-08-16,4.13
1996-08-17,4.1
1996-08-18,4.19
1996-08-19,4.52
1996-08-20,4.82
1996-08-21,4.58
1996-08-22,4.53
1996-08-23,4.58
1996-08-24,4.44
1996-08-25,4.38
1996-08-26,4.49
1996-08-27,4.51
1996-08-28,4.47
1996-08-29,4.45
1996-08-30,4.45
1996-08-31,4.45
1996-09-01,4.44
1996-09-02,4.45
1996-09-03,4.42
1996-09-04,4.34
1996-09-05,4.32
1996-09-06,4.35
1996-09-07,4.35
1996-09-08,4.4
1996-09-09,4.41
1996-09-10,4.4
1996-09-11,4.44
1996-09-12,4.49
1996-09-13,4.58
1996-09-14,4.77
1996-09-15,4.68
1996-09-16,4.61
1996-09-17,4.64
1996-09-18,4.88
1996-09-19,4.9
1996-09-20,4.75
1996-09-21,4.62
1996-09-22,4.55
1996-09-23,4.39
1996-09-24,4.6
1996-09-25,4.68
1996-09-26,4.43
1996-09-27,4.44
1996-09-28,5.28
1996-09-29,5.47
1996-09-30,5.76
1996-10-01,5.2
1996-10-02,4.87
1996-10-03,4.55
1996-10-04,4.31
1996-10-05,4.24
1996-10-06,4.13
1996-10-07,4.16
1996-10-08,4.32
1996-10-09,4.14
1996-10-10,4.01
1996-10-11,3.91
1996-10-12,3.83
1996-10-13,3.75
1996-10-14,3.8
1996-10-15,3.88
1996-10-16,3.82
1996-10-17,3.75
1996-10-18,3.61
1996-10-19,3.86
1996-10-20,3.75
1996-10-21,3.63
1996-10-22,3.49
1996-10-23,3.41
1996-10-24,3.79
1996-10-25,4.37
1996-10-26,4.11
1996-10-27,3.97
1996-10-28,4.04
1996-10-29,4.01
1996-10-30,4.57
1996-10-31,5.28
1996-11-01,5.11
1996-11-02,5.14
1996-11-03,4.92
1996-11-04,4.85
1996-11-05,4.93
1996-11-06,5.01
1996-11-07,6.52
1996-11-08,27.5
1996-11-09,92.5
1996-11-10,99.3
1996-11-11,101
1996-11-12,102
1996-11-13,94.4
1996-11-14,92.6
1996-11-15,93.4
1996-11-16,90.8
1996-11-17,91.7
1996-11-18,94.3
1996-11-19,91.4
1996-11-20,76.5
1996-11-21,28.2
1996-11-22,25.6
1996-11-23,25.2
1996-11-24,25.7
1996-11-25,20.3
1996-11-26,4.97
1996-11-27,4
1996-11-28,3.92
1996-11-29,3.88
1996-11-30,3.88
1996-12-01,4.15
1996-12-02,4.74
1996-12-03,4.74
1996-12-04,4.68
1996-12-05,4.6
1996-12-06,4.57
1996-12-07,4.68
1996-12-08,4.65
1996-12-09,4.56
1996-12-10,4.6
1996-12-11,4.5
1996-12-12,4.42
1996-12-13,4.65
1996-12-14,4.79
1996-12-15,4.84
1996-12-16,4.87
1996-12-17,5.63
1996-12-18,6.97
1996-12-19,6.39
1996-12-20,6.25
1996-12-21,6.06
1996-12-22,5.83
1996-12-23,5.67
1996-12-24,6.79
1996-12-25,7.24
1996-12-26,11.7
1996-12-27,33.2
1996-12-28,61.7
1996-12-29,61.6
1996-12-30,59.5
1996-12-31,60.2
1997-01-01,68.3
1997-01-02,66.8
1997-01-03,64.8
1997-01-04,62.6
1997-01-05,65.1
1997-01-06,67.6
1997-01-07,67.4
1997-01-08,66.6
1997-01-09,66.1
1997-01-10,66.2
1997-01-11,65.6
1997-01-12,64.2
1997-01-13,62.3
1997-01-14,60.9
1997-01-15,59.1
1997-01-16,57.7
1997-01-17,61.4
1997-01-18,62.6
1997-01-19,57.2
1997-01-20,53.8
1997-01-21,51.7
1997-01-22,55.5
1997-01-23,59.2
1997-01-24,59.3
1997-01-25,59.2
1997-01-26,60.4
1997-01-27,59.3
1997-01-28,64.2
1997-01-29,82.2
1997-01-30,79.6
1997-01-31,78.8
1997-02-01,81.6
1997-02-02,82.1
1997-02-03,81.9
1997-02-04,81.2
1997-02-05,81.6
1997-02-06,80.1
1997-02-07,78
1997-02-08,75.2
1997-02-09,73.8
1997-02-10,73.2
1997-02-11,70.4
1997-02-12,63.3
1997-02-13,60.1
1997-02-14,57.3
1997-02-15,56.6
1997-02-16,53.7
1997-02-17,51.4
1997-02-18,46.7
1997-02-19,43.9
1997-02-20,39.5
1997-02-21,37.1
1997-02-22,42.4
1997-02-23,43.9
1997-02-24,44.4
1997-02-25,43.8
1997-02-26,44.2
1997-02-27,52
1997-02-28,69.2
1997-03-01,72.4
1997-03-02,72.4
1997-03-03,71.6
1997-03-04,77.8
1997-03-05,86.5
1997-03-06,85.4
1997-03-07,89.4
1997-03-08,89.3
1997-03-09,85.6
1997-03-10,82.2
1997-03-11,81.1
1997-03-12,79.8
1997-03-13,78.2
1997-03-14,74.9
1997-03-15,73.5
1997-03-16,71.3
1997-03-17,74.4
1997-03-18,66
1997-03-19,63.7
1997-03-20,63.5
1997-03-21,59.4
1997-03-22,55.3
1997-03-23,53.2
1997-03-24,52.6
1997-03-25,48.4
1997-03-26,48.4
1997-03-27,46.6
1997-03-28,45.6
1997-03-29,46.3
1997-03-30,47.3
1997-03-31,47.7
1997-04-01,47.7
1997-04-02,49.2
1997-04-03,48.6
1997-04-04,49.4
1997-04-05,51.4
1997-04-06,60.5
1997-04-07,77.5
1997-04-08,89.4
1997-04-09,93.2
1997-04-10,99.8
1997-04-11,107
1997-04-12,112
1997-04-13,115
1997-04-14,118
1997-04-15,120
1997-04-16,125
1997-04-17,129
1997-04-18,131
1997-04-19,131
1997-04-20,134
1997-04-21,136
1997-04-22,138
1997-04-23,139
1997-04-24,139
1997-04-25,140
1997-04-26,141
1997-04-27,141
1997-04-28,143
1997-04-29,145
1997-04-30,147
1997-05-01,148
1997-05-02,147
1997-05-03,151
1997-05-04,158
1997-05-05,160
1997-05-06,163
1997-05-07,171
1997-05-08,179
1997-05-09,179
1997-05-10,177
1997-05-11,173
1997-05-12,172
1997-05-13,169
1997-05-14,157
1997-05-15,117
1997-05-16,71.3
1997-05-17,60.6
1997-05-18,60.1
1997-05-19,60.8
1997-05-20,60.8
1997-05-21,60.2
1997-05-22,56
1997-05-23,47.7
1997-05-24,46.1
1997-05-25,46
1997-05-26,37.3
1997-05-27,32.5
1997-05-28,32.9
1997-05-29,33.2
1997-05-30,33.5
1997-05-31,33.7
1997-06-01,34.1
1997-06-02,34.3
1997-06-03,34.7
1997-06-04,35.6
1997-06-05,37.1
1997-06-06,36.7
1997-06-07,36.1
1997-06-08,34.8
1997-06-09,28.6
1997-06-10,6.24
1997-06-11,4.76
1997-06-12,4.63
1997-06-13,4.56
1997-06-14,4.45
1997-06-15,4.43
1997-06-16,4.64
1997-06-17,4.69
1997-06-18,4.53
1997-06-19,4.67
1997-06-20,4.95
1997-06-21,4.77
1997-06-22,4.62
1997-06-23,4.51
1997-06-24,4.99
1997-06-25,4.81
1997-06-26,4.71
1997-06-27,4.82
1997-06-28,4.8
1997-06-29,4.67
1997-06-30,4.76
1997-07-01,4.95
1997-07-02,4.83
1997-07-03,4.81
1997-07-04,4.78
1997-07-05,4.72
1997-07-06,4.7
1997-07-07,4.67
1997-07-08,4.44
1997-07-09,3.33
1997-07-10,2.24
1997-07-11,1.82
1997-07-12,1.59
1997-07-13,1.49
1997-07-14,1.49
1997-07-15,1.54
1997-07-16,1.58
1997-07-17,1.6
1997-07-18,1.61
1997-07-19,1.57
1997-07-20,1.52
1997-07-21,1.51
1997-07-22,1.49
1997-07-23,1.45
1997-07-24,1.41
1997-07-25,1.36
1997-07-26,1.36
1997-07-27,1.41
1997-07-28,1.38
1997-07-29,1.36
1997-07-30,1.35
1997-07-31,1.34
1997-08-01,1.37
1997-08-02,1.4
1997-08-03,1.41
1997-08-04,1.42
1997-08-05,1.4
1997-08-06,1.39
1997-08-07,1.41
1997-08-08,1.44
1997-08-09,1.45
1997-08-10,1.45
1997-08-11,1.5
1997-08-12,1.48
1997-08-13,1.54
1997-08-14,1.5
1997-08-15,1.51
1997-08-16,1.53
1997-08-17,1.49
1997-08-18,1.47
1997-08-19,1.45
1997-08-20,1.46
1997-08-21,1.65
1997-08-22,1.63
1997-08-23,1.56
1997-08-24,1.57
1997-08-25,1.55
1997-08-26,1.54
1997-08-27,1.56
1997-08-28,1.57
1997-08-29,1.58
1997-08-30,1.59
1997-08-31,1.6
1997-09-01,1.6
1997-09-02,1.57
1997-09-03,1.53
1997-09-04,1.5
1997-09-05,1.53
1997-09-06,1.58
1997-09-07,1.6
1997-09-08,1.6
1997-09-09,1.58
1997-09-10,1.59
1997-09-11,1.55
1997-09-12,1.51
1997-09-13,1.51
1997-09-14,1.51
1997-09-15,1.52
1997-09-16,1.54
1997-09-17,1.62
1997-09-18,1.62
1997-09-19,1.64
1997-09-20,1.74
1997-09-21,1.61
1997-09-22,1.58
1997-09-23,1.56
1997-09-24,1.57
1997-09-25,1.6
1997-09-26,1.58
1997-09-27,1.57
1997-09-28,1.56
1997-09-29,1.62
1997-09-30,1.97
1997-10-01,1.79
1997-10-02,1.65
1997-10-03,1.56
1997-10-04,1.57
1997-10-05,1.68
1997-10-06,1.56
1997-10-07,1.5
1997-10-08,1.43
1997-10-09,1.31
1997-10-10,1.26
1997-10-11,1.19
1997-10-12,1.14
1997-10-13,1.12
1997-10-14,1.08
1997-10-15,1.1
1997-10-16,1.13
1997-10-17,1.14
1997-10-18,1.14
1997-10-19,1.14
1997-10-20,1.13
1997-10-21,1.17
1997-10-22,1.35
1997-10-23,1.36
1997-10-24,1.35
1997-10-25,1.36
1997-10-26,1.36
1997-10-27,1.56
1997-10-28,1.53
1997-10-29,1.64
1997-10-30,1.95
1997-10-31,2.15
1997-11-01,3.15
1997-11-02,3.6
1997-11-03,3.61
1997-11-04,3.35
1997-11-05,3.28
1997-11-06,3.13
1997-11-07,2.91
1997-11-08,2.72
1997-11-09,2.57
1997-11-10,2.38
1997-11-11,2.47
1997-11-12,2.64
1997-11-13,2.39
1997-11-14,2.21
1997-11-15,2.09
1997-11-16,1.99
1997-11-17,1.89
1997-11-18,1.78
1997-11-19,1.74
1997-11-20,1.8
1997-11-21,1.9
1997-11-22,1.94
1997-11-23,1.92
1997-11-24,1.94
1997-11-25,1.9
1997-11-26,2.05
1997-11-27,2.6
1997-11-28,2.97
1997-11-29,3.43
1997-11-30,3.36
1997-12-01,3.14
1997-12-02,2.94
1997-12-03,2.78
1997-12-04,2.7
1997-12-05,2.58
1997-12-06,2.52
1997-12-07,2.44
1997-12-08,2.37
1997-12-09,2.24
1997-12-10,2.1
1997-12-11,1.99
1997-12-12,1.9
1997-12-13,1.9
1997-12-14,1.92
1997-12-15,1.89
1997-12-16,1.86
1997-12-17,1.81
1997-12-18,1.75
1997-12-19,1.7
1997-12-20,1.69
1997-12-21,1.67
1997-12-22,1.62
1997-12-23,1.58
1997-12-24,1.56
1997-12-25,1.57
1997-12-26,1.58
1997-12-27,1.62
1997-12-28,1.62
1997-12-29,1.59
1997-12-30,1.57
1997-12-31,1.57
1998-01-01,1.64
1998-01-02,1.72
1998-01-03,1.78
1998-01-04,2
1998-01-05,2.35
1998-01-06,4.6
1998-01-07,5.41
1998-01-08,5.15
1998-01-09,4.98
1998-01-10,4.8
1998-01-11,4.6
1998-01-12,4.41
1998-01-13,4.22
1998-01-14,3.85
1998-01-15,3.74
1998-01-16,3.53
1998-01-17,3.3
1998-01-18,3.11
1998-01-19,2.93
1998-01-20,2.78
1998-01-21,2.65
1998-01-22,2.52
1998-01-23,2.46
1998-01-24,2.43
1998-01-25,2.37
1998-01-26,2.28
1998-01-27,2.18
1998-01-28,2.11
1998-01-29,2.11
1998-01-30,2.15
1998-01-31,2.11
1998-02-01,2.06
1998-02-02,1.99
1998-02-03,1.95
1998-02-04,1.89
1998-02-05,1.85
1998-02-06,1.83
1998-02-07,1.8
1998-02-08,1.75
1998-02-09,1.71
1998-02-10,1.69
1998-02-11,1.68
1998-02-12,1.74
1998-02-13,1.77
1998-02-14,1.77
1998-02-15,1.72
1998-02-16,1.7
1998-02-17,1.68
1998-02-18,1.72
1998-02-19,1.76
1998-02-20,1.79
1998-02-21,1.84
1998-02-22,1.85
1998-02-23,1.85
1998-02-24,1.86
1998-02-25,1.87
1998-02-26,1.88
1998-02-27,1.92
1998-02-28,2.11
1998-03-01,2.31
1998-03-02,2.62
1998-03-03,4.25
1998-03-04,11.2
1998-03-05,20.8
1998-03-06,30
1998-03-07,29.3
1998-03-08,29
1998-03-09,31.1
1998-03-10,46.7
1998-03-11,73.4
1998-03-12,76.1
1998-03-13,85
1998-03-14,84.6
1998-03-15,83.8
1998-03-16,85.6
1998-03-17,78.8
1998-03-18,61.8
1998-03-19,44.6
1998-03-20,41.7
1998-03-21,40.1
1998-03-22,37.3
1998-03-23,34.5
1998-03-24,31.8
1998-03-25,28.9
1998-03-26,29.2
1998-03-27,36.3
1998-03-28,41.4
1998-03-29,50.8
1998-03-30,65.2
1998-03-31,91
1998-04-01,125
1998-04-02,150
1998-04-03,165
1998-04-04,177
1998-04-05,191
1998-04-06,197
1998-04-07,202
1998-04-08,202
1998-04-09,189
1998-04-10,93.6
1998-04-11,65.6
1998-04-12,73.4
1998-04-13,79.9
1998-04-14,78.1
1998-04-15,73
1998-04-16,71.7
1998-04-17,72.4
1998-04-18,70.7
1998-04-19,69.2
1998-04-20,67
1998-04-21,51.4
1998-04-22,46.3
1998-04-23,41.5
1998-04-24,30.3
1998-04-25,26.7
1998-04-26,26.2
1998-04-27,27.7
1998-04-28,25.4
1998-04-29,28.5
1998-04-30,26.3
1998-05-01,21.8
1998-05-02,25
1998-05-03,25
1998-05-04,24.8
1998-05-05,25.3
1998-05-06,27.2
1998-05-07,25.7
1998-05-08,23.2
1998-05-09,21.5
1998-05-10,21.4
1998-05-11,22.9
1998-05-12,23.2
1998-05-13,23.1
1998-05-14,22.8
1998-05-15,21.7
1998-05-16,18.4
1998-05-17,17.9
1998-05-18,15.8
1998-05-19,15.7
1998-05-20,15.3
1998-05-21,12.6
1998-05-22,10.1
1998-05-23,6.7
1998-05-24,6.6
1998-05-25,6.5
1998-05-26,6.3
1998-05-27,6
1998-05-28,5.5
1998-05-29,5
1998-05-30,4.6
1998-05-31,4.1
1998-06-01,3.6
1998-06-02,3.2
1998-06-03,2.85
1998-06-04,2.6
1998-06-05,2.4
1998-06-06,2.2
1998-06-07,2
1998-06-08,1.8
1998-06-09,1.6
1998-06-10,1.4
1998-06-11,1.28
1998-06-12,1.15
1998-06-13,1.05
1998-06-14,0.99
1998-06-15,0.95
1998-06-16,0.92
1998-06-17,0.9
1998-06-18,0.88
1998-06-19,0.86
1998-06-20,0.85
1998-06-21,0.84
1998-06-22,0.842
1998-06-23,0.846
1998-06-24,0.847
1998-06-25,0.848
1998-06-26,0.849
1998-06-27,0.85
1998-06-28,0.86
1998-06-29,0.87
1998-06-30,0.88
1998-07-01,0.9
1998-07-02,0.92
1998-07-03,0.94
1998-07-04,0.96
1998-07-05,0.97
1998-07-06,0.98
1998-07-07,0.99
1998-07-08,1
1998-07-09,1.02
1998-07-10,1.04
1998-07-11,1.05
1998-07-12,1.07
1998-07-13,1.09
1998-07-14,1.07
1998-07-15,1.09
1998-07-16,1.12
1998-07-17,1.14
1998-07-18,1.15
1998-07-19,1.13
1998-07-20,1.14
1998-07-21,1.14
1998-07-22,1.14
1998-07-23,1.17
1998-07-24,1.18
1998-07-25,1.16
1998-07-26,1.16
1998-07-27,1.22
1998-07-28,1.28
1998-07-29,1.33
1998-07-30,1.32
1998-07-31,1.32
1998-08-01,1.29
1998-08-02,1.27
1998-08-03,1.28
1998-08-04,1.29
1998-08-05,1.28
1998-08-06,1.34
1998-08-07,1.36
1998-08-08,1.35
1998-08-09,1.32
1998-08-10,1.31
1998-08-11,1.29
1998-08-12,1.28
1998-08-13,1.28
1998-08-14,1.28
1998-08-15,1.28
1998-08-16,1.29
1998-08-17,1.32
1998-08-18,1.34
1998-08-19,1.33
1998-08-20,1.34
1998-08-21,1.34
1998-08-22,1.34
1998-08-23,1.39
1998-08-24,1.51
1998-08-25,1.48
1998-08-26,1.46
1998-08-27,1.45
1998-08-28,1.46
1998-08-29,1.48
1998-08-30,1.45
1998-08-31,1.44
1998-09-01,1.43
1998-09-02,1.52
1998-09-03,1.52
1998-09-04,1.48
1998-09-05,1.47
1998-09-06,1.47
1998-09-07,1.47
1998-09-08,1.45
1998-09-09,1.45
1998-09-10,1.47
1998-09-11,1.48
1998-09-12,1.46
1998-09-13,1.45
1998-09-14,1.54
1998-09-15,1.59
1998-09-16,1.52
1998-09-17,1.42
1998-09-18,1.4
1998-09-19,1.38
1998-09-20,1.37
1998-09-21,1.37
1998-09-22,1.38
1998-09-23,1.35
1998-09-24,1.35
1998-09-25,1.36
1998-09-26,1.44
1998-09-27,1.56
1998-09-28,1.41
1998-09-29,1.38
1998-09-30,1.39
1998-10-01,1.4
1998-10-02,1.38
1998-10-03,1.34
1998-10-04,1.33
1998-10-05,1.3
1998-10-06,1.23
1998-10-07,1.16
1998-10-08,1.11
1998-10-09,1.08
1998-10-10,1.07
1998-10-11,1.06
1998-10-12,1.05
1998-10-13,1
1998-10-14,0.995
1998-10-15,0.978
1998-10-16,0.957
1998-10-17,0.961
1998-10-18,0.966
1998-10-19,0.929
1998-10-20,0.894
1998-10-21,0.869
1998-10-22,0.849
1998-10-23,0.852
1998-10-24,0.855
1998-10-25,0.857
1998-10-26,0.872
1998-10-27,0.861
1998-10-28,0.868
1998-10-29,0.87
1998-10-30,0.836
1998-10-31,0.828
1998-11-01,0.832
1998-11-02,0.843
1998-11-03,0.852
1998-11-04,0.852
1998-11-05,0.848
1998-11-06,0.848
1998-11-07,0.858
1998-11-08,0.869
1998-11-09,0.865
1998-11-10,0.892
1998-11-11,0.866
1998-11-12,0.752
1998-11-13,0.708
1998-11-14,0.702
1998-11-15,0.759
1998-11-16,0.759
1998-11-17,0.756
1998-11-18,0.75
1998-11-19,0.705
1998-11-20,0.694
1998-11-21,0.698
1998-11-22,0.688
1998-11-23,0.672
1998-11-24,0.66
1998-11-25,0.665
1998-11-26,0.726
1998-11-27,0.753
1998-11-28,0.741
1998-11-29,0.708
1998-11-30,0.709
1998-12-01,0.846
1998-12-02,0.837
1998-12-03,0.81
1998-12-04,0.786
1998-12-05,0.774
1998-12-06,0.796
1998-12-07,0.956
1998-12-08,0.994
1998-12-09,0.916
1998-12-10,0.851
1998-12-11,0.82
1998-12-12,0.781
1998-12-13,0.746
1998-12-14,0.724
1998-12-15,0.706
1998-12-16,0.705
1998-12-17,0.705
1998-12-18,0.707
1998-12-19,0.72
1998-12-20,0.724
1998-12-21,0.739
1998-12-22,0.794
1998-12-23,0.837
1998-12-24,0.868
1998-12-25,0.834
1998-12-26,0.807
1998-12-27,0.839
1998-12-28,0.833
1998-12-29,0.834
1998-12-30,0.858
1998-12-31,0.855
1999-01-01,0.853
1999-01-02,0.856
1999-01-03,0.861
1999-01-04,0.88
1999-01-05,0.9
1999-01-06,0.925
1999-01-07,0.95
1999-01-08,0.98
1999-01-09,1.01
1999-01-10,1.05
1999-01-11,1.08
1999-01-12,1.12
1999-01-13,1.16
1999-01-14,1.2
1999-01-15,1.24
1999-01-16,1.25
1999-01-17,1.24
1999-01-18,1.22
1999-01-19,1.27
1999-01-20,1.3
1999-01-21,1.29
1999-01-22,1.3
1999-01-23,1.84
1999-01-24,2.69
1999-01-25,2.79
1999-01-26,2.73
1999-01-27,2.96
1999-01-28,3.14
1999-01-29,3.04
1999-01-30,2.94
1999-01-31,2.76
1999-02-01,7.66
1999-02-02,25.3
1999-02-03,29
1999-02-04,29.8
1999-02-05,26.2
1999-02-06,25.3
1999-02-07,24.3
1999-02-08,23.1
1999-02-09,25.3
1999-02-10,44.9
1999-02-11,46
1999-02-12,43.9
1999-02-13,42.5
1999-02-14,41.2
1999-02-15,39.9
1999-02-16,40.6
1999-02-17,47.3
1999-02-18,46.1
1999-02-19,46.8
1999-02-20,52.4
1999-02-21,49.2
1999-02-22,45
1999-02-23,41
1999-02-24,39.3
1999-02-25,36.1
1999-02-26,32.1
1999-02-27,29.5
1999-02-28,28.4
1999-03-01,27
1999-03-02,24.7
1999-03-03,21.5
1999-03-04,19.3
1999-03-05,18.1
1999-03-06,16.1
1999-03-07,14
1999-03-08,10.6
1999-03-09,5.09
1999-03-10,5.77
1999-03-11,4.9
1999-03-12,3.51
1999-03-13,2.2
1999-03-14,1.9
1999-03-15,1.81
1999-03-16,1.74
1999-03-17,1.88
1999-03-18,2.21
1999-03-19,2.6
1999-03-20,4.33
1999-03-21,3.76
1999-03-22,3.84
1999-03-23,3.98
1999-03-24,3.86
1999-03-25,3.75
1999-03-26,3.95
1999-03-27,4.33
1999-03-28,4.9
1999-03-29,6.05
1999-03-30,6.59
1999-03-31,5.58
1999-04-01,5.88
1999-04-02,6.51
1999-04-03,6.69
1999-04-04,6.37
1999-04-05,5.49
1999-04-06,4.72
1999-04-07,4.64
1999-04-08,4.69
1999-04-09,4.27
1999-04-10,3.94
1999-04-11,4.21
1999-04-12,3.99
1999-04-13,4.87
1999-04-14,4.2
1999-04-15,3.61
1999-04-16,4.13
1999-04-17,3.94
1999-04-18,3.48
1999-04-19,2.71
1999-04-20,2.42
1999-04-21,3
1999-04-22,8.2
1999-04-23,8.09
1999-04-24,7.46
1999-04-25,7.28
1999-04-26,7.22
1999-04-27,7.45
1999-04-28,7.47
1999-04-29,7.51
1999-04-30,7.48
1999-05-01,7.57
1999-05-02,7.63
1999-05-03,7.54
1999-05-04,6.69
1999-05-05,6.54
1999-05-06,6.51
1999-05-07,6.3
1999-05-08,7.08
1999-05-09,6.9
1999-05-10,6.72
1999-05-11,6.55
1999-05-12,6.4
1999-05-13,6.25
1999-05-14,6.32
1999-05-15,6.56
1999-05-16,7.43
1999-05-17,6.77
1999-05-18,6.12
1999-05-19,6.7
1999-05-20,6.58
1999-05-21,7.79
1999-05-22,7.83
1999-05-23,8.6
1999-05-24,8.52
1999-05-25,7.92
1999-05-26,10.9
1999-05-27,12.2
1999-05-28,7.07
1999-05-29,4.49
1999-05-30,3.55
1999-05-31,3.23
1999-06-01,2.17
1999-06-02,1.91
1999-06-03,2.25
1999-06-04,2.27
1999-06-05,2.21
1999-06-06,2.09
1999-06-07,2.11
1999-06-08,2.08
1999-06-09,2.02
1999-06-10,1.85
1999-06-11,1.69
1999-06-12,1.63
1999-06-13,1.55
1999-06-14,1.55
1999-06-15,1.54
1999-06-16,1.48
1999-06-17,1.41
1999-06-18,1.36
1999-06-19,1.3
1999-06-20,1.27
1999-06-21,1.27
1999-06-22,1.26
1999-06-23,1.28
1999-06-24,1.31
1999-06-25,1.43
1999-06-26,1.34
1999-06-27,1.35
1999-06-28,1.43
1999-06-29,1.57
1999-06-30,1.51
1999-07-01,1.68
1999-07-02,2.37
1999-07-03,2.27
1999-07-04,3.06
1999-07-05,4.22
1999-07-06,4.78
1999-07-07,23
1999-07-08,64.9
1999-07-09,72
1999-07-10,71.8
1999-07-11,71.7
1999-07-12,71.5
1999-07-13,56.1
1999-07-14,8.84
1999-07-15,5.31
1999-07-16,4.65
1999-07-17,4.15
1999-07-18,3.81
1999-07-19,3.65
1999-07-20,3.33
1999-07-21,3.35
1999-07-22,3.41
1999-07-23,3.39
1999-07-24,3.38
1999-07-25,3.34
1999-07-26,3.24
1999-07-27,3.19
1999-07-28,3.09
1999-07-29,3
1999-07-30,2.94
1999-07-31,3.12
1999-08-01,3.01
1999-08-02,2.81
1999-08-03,2.7
1999-08-04,2.72
1999-08-05,2.68
1999-08-06,2.72
1999-08-07,2.7
1999-08-08,2.91
1999-08-09,2.74
1999-08-10,2.72
1999-08-11,2.76
1999-08-12,2.73
1999-08-13,2.77
1999-08-14,2.76
1999-08-15,2.73
1999-08-16,2.68
1999-08-17,2.79
1999-08-18,2.73
1999-08-19,2.68
1999-08-20,2.65
1999-08-21,2.65
1999-08-22,2.65
1999-08-23,2.64
1999-08-24,2.64
1999-08-25,2.63
1999-08-26,2.57
1999-08-27,2.57
1999-08-28,2.54
1999-08-29,2.53
1999-08-30,2.52
1999-08-31,2.51
1999-09-01,2.54
1999-09-02,2.53
1999-09-03,2.55
1999-09-04,2.56
1999-09-05,2.55
1999-09-06,2.68
1999-09-07,2.66
1999-09-08,2.54
1999-09-09,2.56
1999-09-10,2.58
1999-09-11,2.6
1999-09-12,2.54
1999-09-13,2.57
1999-09-14,2.57
1999-09-15,2.52
1999-09-16,2.5
1999-09-17,2.48
1999-09-18,2.48
1999-09-19,2.49
1999-09-20,2.53
1999-09-21,2.56
1999-09-22,2.56
1999-09-23,2.5
1999-09-24,2.59
1999-09-25,2.6
1999-09-26,2.52
1999-09-27,2.47
1999-09-28,2.46
1999-09-29,2.59
1999-09-30,3.32
1999-10-01,3.24
1999-10-02,3.01
1999-10-03,3.14
1999-10-04,4.45
1999-10-05,10.6
1999-10-06,11.6
1999-10-07,9.5
1999-10-08,8.8
1999-10-09,8.64
1999-10-10,8.5
1999-10-11,9.23
1999-10-12,7.82
1999-10-13,8.47
1999-10-14,9.86
1999-10-15,1.41
1999-10-16,0.536
1999-10-17,0.453
1999-10-18,0.451
1999-10-19,0.446
1999-10-20,0.44
1999-10-21,0.417
1999-10-22,0.524
1999-10-23,6.27
1999-10-24,7.96
1999-10-25,6.54
1999-10-26,2.82
1999-10-27,2.59
1999-10-28,2.79
1999-10-29,3.58
1999-10-30,3.9
1999-10-31,4.1
1999-11-01,5.54
1999-11-02,11.5
1999-11-03,8.77
1999-11-04,7.7
1999-11-05,8.63
1999-11-06,8.15
1999-11-07,7.96
1999-11-08,6.54
1999-11-09,2.11
1999-11-10,2.05
1999-11-11,2.16
1999-11-12,2.06
1999-11-13,1.77
1999-11-14,2.83
1999-11-15,3.39
1999-11-16,3.91
1999-11-17,4.6
1999-11-18,4.92
1999-11-19,6.75
1999-11-20,10.5
1999-11-21,10.9
1999-11-22,11.5
1999-11-23,12
1999-11-24,12.4
1999-11-25,13.6
1999-11-26,11.7
1999-11-27,13.1
1999-11-28,14
1999-11-29,14.3
1999-11-30,14.3
1999-12-01,14.1
1999-12-02,14
1999-12-03,14
1999-12-04,15.3
1999-12-05,16.7
1999-12-06,13.4
1999-12-07,5.32
1999-12-08,5.09
1999-12-09,4.97
1999-12-10,4.77
1999-12-11,4.73
1999-12-12,4.62
1999-12-13,4.46
1999-12-14,4.44
1999-12-15,4.36
1999-12-16,4.45
1999-12-17,5.21
1999-12-18,4.86
1999-12-19,4.67
1999-12-20,4.73
1999-12-21,4.96
1999-12-22,4.99
1999-12-23,4.61
1999-12-24,2.98
1999-12-25,3.27
1999-12-26,3.73
1999-12-27,4.31
1999-12-28,4.97
1999-12-29,5.6
1999-12-30,6.24
1999-12-31,10.2
2000-01-01,11.3
2000-01-02,12.4
2000-01-03,13.1
2000-01-04,13.7
2000-01-05,16.4
2000-01-06,18.6
2000-01-07,16.8
2000-01-08,15.7
2000-01-09,14.7
2000-01-10,13.9
2000-01-11,13.8
2000-01-12,13.9
2000-01-13,14
2000-01-14,13.9
2000-01-15,9.03
2000-01-16,4.29
2000-01-17,3.86
2000-01-18,3.73
2000-01-19,3.68
2000-01-20,3.68
2000-01-21,3.68
2000-01-22,3.68
2000-01-23,3.68
2000-01-24,3.69
2000-01-25,3.7
2000-01-26,3.71
2000-01-27,3.71
2000-01-28,3.63
2000-01-29,3.45
2000-01-30,3.38
2000-01-31,3.31
2000-02-01,3.14
2000-02-02,3.08
2000-02-03,3.12
2000-02-04,3.25
2000-02-05,3.34
2000-02-06,3.32
2000-02-07,3.26
2000-02-08,3.24
2000-02-09,3.25
2000-02-10,3.28
2000-02-11,3.26
2000-02-12,3.19
2000-02-13,3.19
2000-02-14,3.2
2000-02-15,3.18
2000-02-16,3.31
2000-02-17,3.29
2000-02-18,3.26
2000-02-19,3.29
2000-02-20,3.36
2000-02-21,3.31
2000-02-22,3.22
2000-02-23,3.25
2000-02-24,3.41
2000-02-25,4.08
2000-02-26,4.98
2000-02-27,7.02
2000-02-28,8.1
2000-02-29,7.62
2000-03-01,7.49
2000-03-02,8.03
2000-03-03,7.74
2000-03-04,7.14
2000-03-05,6.7
2000-03-06,6.33
2000-03-07,6.06
2000-03-08,6.08
2000-03-09,7.94
2000-03-10,15.2
2000-03-11,14.6
2000-03-12,13.8
2000-03-13,12.9
2000-03-14,12.3
2000-03-15,11.7
2000-03-16,11.4
2000-03-17,10.2
2000-03-18,7.33
2000-03-19,4.79
2000-03-20,4.37
2000-03-21,4.47
2000-03-22,4.55
2000-03-23,4.57
2000-03-24,4.5
2000-03-25,4.36
2000-03-26,4.94
2000-03-27,4.68
2000-03-28,4.64
2000-03-29,4.97
2000-03-30,5.07
2000-03-31,4.87
2000-04-01,4.65
2000-04-02,4.47
2000-04-03,4.36
2000-04-04,4.34
2000-04-05,4.4
2000-04-06,4.35
2000-04-07,6.61
2000-04-08,23.1
2000-04-09,25.8
2000-04-10,23.5
2000-04-11,17
2000-04-12,12.8
2000-04-13,10.8
2000-04-14,9.67
2000-04-15,9.06
2000-04-16,8.38
2000-04-17,8.8
2000-04-18,10.4
2000-04-19,11.5
2000-04-20,11.8
2000-04-21,15.2
2000-04-22,14.7
2000-04-23,13.2
2000-04-24,13
2000-04-25,12.5
2000-04-26,12.9
2000-04-27,16.8
2000-04-28,34
2000-04-29,14.2
2000-04-30,12.7
2000-05-01,12.5
2000-05-02,11.4
2000-05-03,12.4
2000-05-04,12.3
2000-05-05,10.1
2000-05-06,9.83
2000-05-07,10.2
2000-05-08,9.45
2000-05-09,16.1
2000-05-10,61.7
2000-05-11,75.9
2000-05-12,103
2000-05-13,109
2000-05-14,108
2000-05-15,110
2000-05-16,115
2000-05-17,116
2000-05-18,113
2000-05-19,110
2000-05-20,110
2000-05-21,104
2000-05-22,73.1
2000-05-23,68.3
2000-05-24,67.2
2000-05-25,53.7
2000-05-26,22.6
2000-05-27,5.07
2000-05-28,3.87
2000-05-29,3.67
2000-05-30,3.56
2000-05-31,3.38
2000-06-01,3.23
2000-06-02,3.19
2000-06-03,2.99
2000-06-04,2.91
2000-06-05,2.81
2000-06-06,2.77
2000-06-07,2.71
2000-06-08,2.72
2000-06-09,2.74
2000-06-10,2.7
2000-06-11,2.91
2000-06-12,2.77
2000-06-13,2.72
2000-06-14,2.84
2000-06-15,2.71
2000-06-16,2.69
2000-06-17,2.67
2000-06-18,2.63
2000-06-19,2.62
2000-06-20,2.63
2000-06-21,2.67
2000-06-22,2.61
2000-06-23,2.57
2000-06-24,2.53
2000-06-25,2.82
2000-06-26,2.79
2000-06-27,2.88
2000-06-28,2.73
2000-06-29,2.58
2000-06-30,2.53
2000-07-01,2.49
2000-07-02,2.46
2000-07-03,2.48
2000-07-04,2.52
2000-07-05,2.63
2000-07-06,3.11
2000-07-07,3.32
2000-07-08,3.31
2000-07-09,3.25
2000-07-10,3.15
2000-07-11,3.05
2000-07-12,2.98
2000-07-13,2.96
2000-07-14,3.25
2000-07-15,3.26
2000-07-16,3.28
2000-07-17,3.16
2000-07-18,3
2000-07-19,2.93
2000-07-20,2.9
2000-07-21,2.9
2000-07-22,2.92
2000-07-23,2.92
2000-07-24,2.92
2000-07-25,2.89
2000-07-26,2.88
2000-07-27,2.91
2000-07-28,2.93
2000-07-29,2.95
2000-07-30,2.96
2000-07-31,3.13
2000-08-01,27.2
2000-08-02,89.4
2000-08-03,93.5
2000-08-04,87.3
2000-08-05,76.7
2000-08-06,76.9
2000-08-07,74.9
2000-08-08,71.2
2000-08-09,68.6
2000-08-10,67.6
2000-08-11,51.8
2000-08-12,31.2
2000-08-13,27.8
2000-08-14,19.4
2000-08-15,5.1
2000-08-16,4.26
2000-08-17,4.21
2000-08-18,4.05
2000-08-19,4.04
2000-08-20,4
2000-08-21,3.96
2000-08-22,3.94
2000-08-23,4.19
2000-08-24,3.99
2000-08-25,3.73
2000-08-26,3.58
2000-08-27,3.79
2000-08-28,3.48
2000-08-29,2.03
2000-08-30,1.01
2000-08-31,0.57
2000-09-01,0.414
2000-09-02,0.341
2000-09-03,0.32
2000-09-04,0.308
2000-09-05,0.283
2000-09-06,0.258
2000-09-07,0.245
2000-09-08,0.24
2000-09-09,0.238
2000-09-10,0.299
2000-09-11,0.561
2000-09-12,0.558
2000-09-13,0.466
2000-09-14,0.391
2000-09-15,0.432
2000-09-16,0.39
2000-09-17,0.335
2000-09-18,0.335
2000-09-19,0.331
2000-09-20,0.302
2000-09-21,0.448
2000-09-22,0.524
2000-09-23,0.539
2000-09-24,0.574
2000-09-25,0.526
2000-09-26,0.463
2000-09-27,0.426
2000-09-28,0.398
2000-09-29,0.365
2000-09-30,0.329
2000-10-01,0.32
2000-10-02,0.319
2000-10-03,0.309
2000-10-04,0.286
2000-10-05,0.272
2000-10-06,0.273
2000-10-07,0.432
2000-10-08,0.58
2000-10-09,0.55
2000-10-10,0.567
2000-10-11,1.18
2000-10-12,1.56
2000-10-13,1.39
2000-10-14,1.11
2000-10-15,0.896
2000-10-16,0.734
2000-10-17,0.659
2000-10-18,0.609
2000-10-19,0.576
2000-10-20,0.558
2000-10-21,0.53
2000-10-22,0.481
2000-10-23,0.455
2000-10-24,0.464
2000-10-25,0.462
2000-10-26,0.437
2000-10-27,0.448
2000-10-28,0.423
2000-10-29,0.463
2000-10-30,0.528
2000-10-31,0.517
2000-11-01,0.469
2000-11-02,0.422
2000-11-03,0.395
2000-11-04,0.384
2000-11-05,0.369
2000-11-06,0.365
2000-11-07,0.363
2000-11-08,0.363
2000-11-09,0.368
2000-11-10,0.463
2000-11-11,0.626
2000-11-12,0.628
2000-11-13,0.61
2000-11-14,0.719
2000-11-15,0.972
2000-11-16,1.17
2000-11-17,1.46
2000-11-18,1.46
2000-11-19,1.63
2000-11-20,1.93
2000-11-21,2.19
2000-11-22,2.19
2000-11-23,2.11
2000-11-24,1.97
2000-11-25,1.86
2000-11-26,1.97
2000-11-27,2.4
2000-11-28,2.75
2000-11-29,2.92
2000-11-30,2.79
2000-12-01,2.63
2000-12-02,2.33
2000-12-03,2.09
2000-12-04,1.93
2000-12-05,1.91
2000-12-06,1.9
2000-12-07,1.88
2000-12-08,1.8
2000-12-09,1.67
2000-12-10,1.62
2000-12-11,1.58
2000-12-12,1.72
2000-12-13,1.66
2000-12-14,1.62
2000-12-15,1.6
2000-12-16,1.54
2000-12-17,1.92
2000-12-18,2.42
2000-12-19,2.49
2000-12-20,3.32
2000-12-21,10.2
2000-12-22,10.4
2000-12-23,10.6
2000-12-24,10.6
2000-12-25,10.6
2000-12-26,10.6
2000-12-27,10.6
2000-12-28,10.5
2000-12-29,8.7
2000-12-30,2.18
2000-12-31,1.62
2001-01-01,1.53
2001-01-02,1.46
2001-01-03,1.43
2001-01-04,1.39
2001-01-05,1.42
2001-01-06,1.45
2001-01-07,1.41
2001-01-08,1.42
2001-01-09,1.4
2001-01-10,1.39
2001-01-11,1.32
2001-01-12,1.28
2001-01-13,1.25
2001-01-14,1.24
2001-01-15,1.23
2001-01-16,1.23
2001-01-17,1.22
2001-01-18,1.19
2001-01-19,1.17
2001-01-20,1.15
2001-01-21,1.12
2001-01-22,1.02
2001-01-23,0.966
2001-01-24,1.06
2001-01-25,1.11
2001-01-26,1.1
2001-01-27,1.09
2001-01-28,1.09
2001-01-29,1.08
2001-01-30,1.2
2001-01-31,1.34
2001-02-01,1.33
2001-02-02,1.33
2001-02-03,1.34
2001-02-04,1.34
2001-02-05,1.35
2001-02-06,1.36
2001-02-07,1.35
2001-02-08,1.33
2001-02-09,1.72
2001-02-10,3.11
2001-02-11,3.57
2001-02-12,3.7
2001-02-13,3.59
2001-02-14,3.47
2001-02-15,4.85
2001-02-16,16.4
2001-02-17,8.67
2001-02-18,9.24
2001-02-19,9.99
2001-02-20,10.3
2001-02-21,9.89
2001-02-22,13.4
2001-02-23,24.2
2001-02-24,20
2001-02-25,20.1
2001-02-26,23.7
2001-02-27,39.1
2001-02-28,41.4
2001-03-01,41.1
2001-03-02,37.5
2001-03-03,34.2
2001-03-04,32.6
2001-03-05,34.1
2001-03-06,43.9
2001-03-07,42.5
2001-03-08,41.3
2001-03-09,42.4
2001-03-10,45.1
2001-03-11,45.8
2001-03-12,43.9
2001-03-13,40.6
2001-03-14,38.2
2001-03-15,36.2
2001-03-16,32.4
2001-03-17,28.8
2001-03-18,29.6
2001-03-19,28.4
2001-03-20,24.4
2001-03-21,20.5
2001-03-22,21.1
2001-03-23,21.5
2001-03-24,21.5
2001-03-25,20.8
2001-03-26,18.1
2001-03-27,14.6
2001-03-28,15.1
2001-03-29,14.4
2001-03-30,12.8
2001-03-31,9.12
2001-04-01,8.88
2001-04-02,9.29
2001-04-03,9.95
2001-04-04,10.9
2001-04-05,12.7
2001-04-06,16.4
2001-04-07,21.9
2001-04-08,32.9
2001-04-09,45.6
2001-04-10,51.7
2001-04-11,58.7
2001-04-12,71.1
2001-04-13,77.5
2001-04-14,90.2
2001-04-15,98.8
2001-04-16,108
2001-04-17,113
2001-04-18,117
2001-04-19,109
2001-04-20,46.3
2001-04-21,40.1
2001-04-22,44.3
2001-04-23,40.1
2001-04-24,19.4
2001-04-25,11.3
2001-04-26,9.43
2001-04-27,9.35
2001-04-28,8.74
2001-04-29,8.5
2001-04-30,8.58
2001-05-01,9.59
2001-05-02,9.89
2001-05-03,9.73
2001-05-04,9.31
2001-05-05,9.29
2001-05-06,9.56
2001-05-07,9.16
2001-05-08,7.75
2001-05-09,8.56
2001-05-10,8.95
2001-05-11,8.29
2001-05-12,8.86
2001-05-13,9.27
2001-05-14,9.15
2001-05-15,9.44
2001-05-16,9.74
2001-05-17,9.92
2001-05-18,9.99
2001-05-19,10
2001-05-20,9.88
2001-05-21,9.77
2001-05-22,10.6
2001-05-23,12.5
2001-05-24,11
2001-05-25,9.58
2001-05-26,4.15
2001-05-27,3.34
2001-05-28,3.38
2001-05-29,3.8
2001-05-30,10.3
2001-05-31,15.3
2001-06-01,13.7
2001-06-02,3.75
2001-06-03,2.63
2001-06-04,2.86
2001-06-05,2.74
2001-06-06,3.1
2001-06-07,11.6
2001-06-08,18.3
2001-06-09,3.33
2001-06-10,1.97
2001-06-11,1.84
2001-06-12,1.8
2001-06-13,1.72
2001-06-14,1.68
2001-06-15,1.7
2001-06-16,1.74
2001-06-17,2.13
2001-06-18,1.71
2001-06-19,1.47
2001-06-20,1.37
2001-06-21,1.34
2001-06-22,2.04
2001-06-23,2.24
2001-06-24,2.08
2001-06-25,1.94
2001-06-26,1.91
2001-06-27,1.83
2001-06-28,1.73
2001-06-29,1.73
2001-06-30,1.74
2001-07-01,1.81
2001-07-02,1.75
2001-07-03,1.82
2001-07-04,1.87
2001-07-05,1.82
2001-07-06,1.76
2001-07-07,1.8
2001-07-08,1.84
2001-07-09,1.84
2001-07-10,1.83
2001-07-11,1.81
2001-07-12,1.81
2001-07-13,1.84
2001-07-14,1.85
2001-07-15,1.85
2001-07-16,1.87
2001-07-17,1.9
2001-07-18,1.88
2001-07-19,1.86
2001-07-20,1.88
2001-07-21,1.93
2001-07-22,1.95
2001-07-23,1.97
2001-07-24,1.99
2001-07-25,1.94
2001-07-26,1.94
2001-07-27,1.96
2001-07-28,1.97
2001-07-29,1.98
2001-07-30,1.98
2001-07-31,1.97
2001-08-01,1.95
2001-08-02,1.97
2001-08-03,1.99
2001-08-04,1.97
2001-08-05,2
2001-08-06,2.04
2001-08-07,2.09
2001-08-08,2.06
2001-08-09,2.03
2001-08-10,2.02
2001-08-11,1.97
2001-08-12,1.97
2001-08-13,1.97
2001-08-14,1.94
2001-08-15,1.91
2001-08-16,1.92
2001-08-17,1.9
2001-08-18,1.07
2001-08-19,0.635
2001-08-20,0.673
2001-08-21,0.649
2001-08-22,0.592
2001-08-23,0.579
2001-08-24,0.574
2001-08-25,0.564
2001-08-26,0.597
2001-08-27,0.59
2001-08-28,0.589
2001-08-29,0.568
2001-08-30,0.56
2001-08-31,0.647
2001-09-01,0.597
2001-09-02,0.56
2001-09-03,0.553
2001-09-04,0.59
2001-09-05,0.56
2001-09-06,0.554
2001-09-07,0.563
2001-09-08,0.605
2001-09-09,0.592
2001-09-10,0.649
2001-09-11,0.633
2001-09-12,0.577
2001-09-13,0.655
2001-09-14,0.613
2001-09-15,0.57
2001-09-16,0.546
2001-09-17,0.538
2001-09-18,0.532
2001-09-19,0.56
2001-09-20,0.84
2001-09-21,0.826
2001-09-22,0.83
2001-09-23,0.749
2001-09-24,0.674
2001-09-25,0.614
2001-09-26,0.66
2001-09-27,0.766
2001-09-28,0.715
2001-09-29,0.652
2001-09-30,0.604
2001-10-01,0.58
2001-10-02,0.564
2001-10-03,0.553
2001-10-04,0.545
2001-10-05,0.557
2001-10-06,0.693
2001-10-07,0.829
2001-10-08,0.764
2001-10-09,0.721
2001-10-10,0.699
2001-10-11,0.666
2001-10-12,0.65
2001-10-13,0.706
2001-10-14,0.776
2001-10-15,1.23
2001-10-16,1.43
2001-10-17,2.37
2001-10-18,10.1
2001-10-19,40.7
2001-10-20,42.5
2001-10-21,42
2001-10-22,45
2001-10-23,64.3
2001-10-24,87.9
2001-10-25,95.5
2001-10-26,117
2001-10-27,126
2001-10-28,126
2001-10-29,125
2001-10-30,123
2001-10-31,120
2001-11-01,118
2001-11-02,113
2001-11-03,100
2001-11-04,98.2
2001-11-05,94.2
2001-11-06,68.7
2001-11-07,17.5
2001-11-08,28.3
2001-11-09,21.5
2001-11-10,7.66
2001-11-11,12.7
2001-11-12,11.5
2001-11-13,10.8
2001-11-14,9.93
2001-11-15,4.06
2001-11-16,3.45
2001-11-17,3.51
2001-11-18,3.44
2001-11-19,3.22
2001-11-20,3
2001-11-21,2.87
2001-11-22,3.02
2001-11-23,2.9
2001-11-24,2.91
2001-11-25,3.01
2001-11-26,2.99
2001-11-27,3.08
2001-11-28,3.1
2001-11-29,3.15
2001-11-30,3.5
2001-12-01,4.29
2001-12-02,4.62
2001-12-03,8.96
2001-12-04,30
2001-12-05,28.1
2001-12-06,33.2
2001-12-07,61.9
2001-12-08,66.5
2001-12-09,67
2001-12-10,66.9
2001-12-11,70.1
2001-12-12,69.1
2001-12-13,67.2
2001-12-14,65.2
2001-12-15,59.7
2001-12-16,57
2001-12-17,55.4
2001-12-18,49.4
2001-12-19,39.3
2001-12-20,40.7
2001-12-21,34.2
2001-12-22,32.1
2001-12-23,32.5
2001-12-24,32.9
2001-12-25,33.1
2001-12-26,32.9
2001-12-27,32.2
2001-12-28,31.3
2001-12-29,30
2001-12-30,29.4
2001-12-31,29.8
2002-01-01,28.4
2002-01-02,26.2
2002-01-03,21.6
2002-01-04,5.26
2002-01-05,3.51
2002-01-06,3.41
2002-01-07,3.38
2002-01-08,3.34
2002-01-09,3.45
2002-01-10,3.75
2002-01-11,4
2002-01-12,4.24
2002-01-13,4.4
2002-01-14,4.12
2002-01-15,4.32
2002-01-16,4.35
2002-01-17,4.25
2002-01-18,4.31
2002-01-19,4.24
2002-01-20,4.09
2002-01-21,4.2
2002-01-22,4.37
2002-01-23,4.13
2002-01-24,3.9
2002-01-25,3.79
2002-01-26,3.69
2002-01-27,3.62
2002-01-28,3.61
2002-01-29,3.55
2002-01-30,3.49
2002-01-31,3.48
2002-02-01,3.52
2002-02-02,3.49
2002-02-03,3.51
2002-02-04,3.53
2002-02-05,3.41
2002-02-06,3.33
2002-02-07,3.29
2002-02-08,3.29
2002-02-09,3.3
2002-02-10,3.28
2002-02-11,3.24
2002-02-12,3.23
2002-02-13,3.27
2002-02-14,3.25
2002-02-15,3.17
2002-02-16,3.11
2002-02-17,3.05
2002-02-18,3.09
2002-02-19,3.15
2002-02-20,3.58
2002-02-21,4.75
2002-02-22,5.41
2002-02-23,5.2
2002-02-24,4.98
2002-02-25,8
2002-02-26,24.2
2002-02-27,37
2002-02-28,40.8
2002-03-01,41.8
2002-03-02,42.3
2002-03-03,43.9
2002-03-04,56
2002-03-05,88.7
2002-03-06,97
2002-03-07,90.6
2002-03-08,83.9
2002-03-09,87.8
2002-03-10,135
2002-03-11,141
2002-03-12,104
2002-03-13,104
2002-03-14,106
2002-03-15,106
2002-03-16,110
2002-03-17,108
2002-03-18,108
2002-03-19,108
2002-03-20,107
2002-03-21,106
2002-03-22,104
2002-03-23,102
2002-03-24,98.6
2002-03-25,95.3
2002-03-26,93.1
2002-03-27,87.9
2002-03-28,84
2002-03-29,81.8
2002-03-30,81.6
2002-03-31,79.9
2002-04-01,79.7
2002-04-02,78.3
2002-04-03,77.7
2002-04-04,78.7
2002-04-05,75
2002-04-06,71.1
2002-04-07,68.3
2002-04-08,67.3
2002-04-09,82.1
2002-04-10,88.3
2002-04-11,94.4
2002-04-12,105
2002-04-13,112
2002-04-14,119
2002-04-15,124
2002-04-16,131
2002-04-17,139
2002-04-18,143
2002-04-19,149
2002-04-20,153
2002-04-21,155
2002-04-22,155
2002-04-23,153
2002-04-24,150
2002-04-25,131
2002-04-26,88.4
2002-04-27,83.8
2002-04-28,80.2
2002-04-29,77.5
2002-04-30,60.4
2002-05-01,27.6
2002-05-02,22.1
2002-05-03,22.6
2002-05-04,23.2
2002-05-05,23.2
2002-05-06,21.4
2002-05-07,13.8
2002-05-08,14.6
2002-05-09,18.7
2002-05-10,18.9
2002-05-11,19.5
2002-05-12,19.3
2002-05-13,19.7
2002-05-14,20.8
2002-05-15,20
2002-05-16,16.8
2002-05-17,14.9
2002-05-18,16.9
2002-05-19,17.1
2002-05-20,17.5
2002-05-21,18.2
2002-05-22,20
2002-05-23,19.1
2002-05-24,15.1
2002-05-25,16.2
2002-05-26,12.5
2002-05-27,12.4
2002-05-28,14
2002-05-29,14.1
2002-05-30,13
2002-05-31,12.2
2002-06-01,13.2
2002-06-02,12.2
2002-06-03,11
2002-06-04,9.49
2002-06-05,9.08
2002-06-06,10
2002-06-07,10.3
2002-06-08,9.43
2002-06-09,9.12
2002-06-10,9.04
2002-06-11,11.8
2002-06-12,15.1
2002-06-13,15.9
2002-06-14,16
2002-06-15,18
2002-06-16,18.5
2002-06-17,14.6
2002-06-18,11.7
2002-06-19,10.4
2002-06-20,9.29
2002-06-21,4.56
2002-06-22,4.07
2002-06-23,4.08
2002-06-24,3.87
2002-06-25,3.86
2002-06-26,3.81
2002-06-27,3.69
2002-06-28,3.83
2002-06-29,3.81
2002-06-30,3.68
2002-07-01,3.62
2002-07-02,3.67
2002-07-03,3.65
2002-07-04,3.58
2002-07-05,3.49
2002-07-06,3.5
2002-07-07,3.53
2002-07-08,3.6
2002-07-09,3.48
2002-07-10,3.33
2002-07-11,3.36
2002-07-12,3.39
2002-07-13,3.35
2002-07-14,3.34
2002-07-15,3.31
2002-07-16,3.31
2002-07-17,3.25
2002-07-18,2.1
2002-07-19,1.02
2002-07-20,0.582
2002-07-21,0.493
2002-07-22,0.541
2002-07-23,0.533
2002-07-24,0.508
2002-07-25,0.527
2002-07-26,0.554
2002-07-27,0.575
2002-07-28,0.585
2002-07-29,0.6
2002-07-30,0.659
2002-07-31,0.629
2002-08-01,0.633
2002-08-02,0.868
2002-08-03,0.755
2002-08-04,0.706
2002-08-05,0.703
2002-08-06,0.688
2002-08-07,0.688
2002-08-08,0.696
2002-08-09,0.703
2002-08-10,0.692
2002-08-11,0.696
2002-08-12,0.714
2002-08-13,0.734
2002-08-14,0.802
2002-08-15,0.81
2002-08-16,0.793
2002-08-17,0.782
2002-08-18,0.769
2002-08-19,0.776
2002-08-20,0.777
2002-08-21,0.772
2002-08-22,0.949
2002-08-23,0.972
2002-08-24,0.866
2002-08-25,0.806
2002-08-26,0.785
2002-08-27,0.794
2002-08-28,0.798
2002-08-29,0.808
2002-08-30,0.818
2002-08-31,0.829
2002-09-01,0.831
2002-09-02,0.837
2002-09-03,0.831
2002-09-04,0.779
2002-09-05,0.766
2002-09-06,0.767
2002-09-07,0.765
2002-09-08,0.771
2002-09-09,0.79
2002-09-10,0.802
2002-09-11,0.811
2002-09-12,0.814
2002-09-13,0.818
2002-09-14,0.815
2002-09-15,0.82
2002-09-16,0.829
2002-09-17,0.821
2002-09-18,0.851
2002-09-19,0.872
2002-09-20,0.914
2002-09-21,0.934
2002-09-22,0.843
2002-09-23,0.833
2002-09-24,0.82
2002-09-25,0.793
2002-09-26,0.771
2002-09-27,0.762
2002-09-28,0.76
2002-09-29,0.758
2002-09-30,0.838
2002-10-01,0.829
2002-10-02,0.775
2002-10-03,0.764
2002-10-04,0.754
2002-10-05,0.844
2002-10-06,0.811
2002-10-07,0.769
2002-10-08,0.728
2002-10-09,0.739
2002-10-10,0.747
2002-10-11,0.746
2002-10-12,0.751
2002-10-13,0.76
2002-10-14,0.746
2002-10-15,0.722
2002-10-16,0.715
2002-10-17,0.713
2002-10-18,0.762
2002-10-19,0.936
2002-10-20,0.958
2002-10-21,0.918
2002-10-22,0.88
2002-10-23,0.826
2002-10-24,0.781
2002-10-25,0.757
2002-10-26,0.805
2002-10-27,0.814
2002-10-28,0.794
2002-10-29,0.764
2002-10-30,0.737
2002-10-31,0.732
2002-11-01,0.756
2002-11-02,0.774
2002-11-03,0.773
2002-11-04,0.763
2002-11-05,0.774
2002-11-06,0.814
2002-11-07,0.821
2002-11-08,0.802
2002-11-09,0.812
2002-11-10,0.94
2002-11-11,1.23
2002-11-12,1.18
2002-11-13,1.08
2002-11-14,1.04
2002-11-15,1.01
2002-11-16,0.926
2002-11-17,0.909
2002-11-18,0.916
2002-11-19,0.897
2002-11-20,0.926
2002-11-21,0.984
2002-11-22,1.02
2002-11-23,1.02
2002-11-24,1.11
2002-11-25,1.25
2002-11-26,1.35
2002-11-27,1.33
2002-11-28,1.39
2002-11-29,1.57
2002-11-30,1.74
2002-12-01,1.81
2002-12-02,1.88
2002-12-03,1.82
2002-12-04,1.78
2002-12-05,1.81
2002-12-06,1.96
2002-12-07,1.94
2002-12-08,1.94
2002-12-09,1.83
2002-12-10,1.75
2002-12-11,1.69
2002-12-12,1.65
2002-12-13,1.65
2002-12-14,1.59
2002-12-15,1.59
2002-12-16,1.57
2002-12-17,1.5
2002-12-18,1.43
2002-12-19,1.53
2002-12-20,2.34
2002-12-21,3.11
2002-12-22,3.05
2002-12-23,3.1
2002-12-24,3.18
2002-12-25,3.12
2002-12-26,2.99
2002-12-27,2.8
2002-12-28,2.66
2002-12-29,2.57
2002-12-30,2.42
2002-12-31,2.49
2003-01-01,2.49
2003-01-02,2.37
2003-01-03,2.35
2003-01-04,2.31
2003-01-05,2.23
2003-01-06,2.19
2003-01-07,2.09
2003-01-08,2.09
2003-01-09,2.08
2003-01-10,2.03
2003-01-11,2.03
2003-01-12,1.98
2003-01-13,1.96
2003-01-14,1.88
2003-01-15,1.85
2003-01-16,1.81
2003-01-17,1.76
2003-01-18,1.72
2003-01-19,1.69
2003-01-20,1.69
2003-01-21,1.67
2003-01-22,1.64
2003-01-23,1.6
2003-01-24,1.57
2003-01-25,1.58
2003-01-26,1.55
2003-01-27,1.53
2003-01-28,1.51
2003-01-29,1.49
2003-01-30,1.47
2003-01-31,1.46
2003-02-01,1.42
2003-02-02,1.35
2003-02-03,1.32
2003-02-04,1.45
2003-02-05,1.5
2003-02-06,1.53
2003-02-07,1.53
2003-02-08,1.49
2003-02-09,1.51
2003-02-10,1.52
2003-02-11,1.53
2003-02-12,1.51
2003-02-13,1.5
2003-02-14,1.49
2003-02-15,1.49
2003-02-16,1.48
2003-02-17,1.47
2003-02-18,1.46
2003-02-19,1.45
2003-02-20,1.41
2003-02-21,1.36
2003-02-22,1.31
2003-02-23,1.38
2003-02-24,1.35
2003-02-25,1.31
2003-02-26,1.3
2003-02-27,1.3
2003-02-28,1.3
2003-03-01,1.29
2003-03-02,1.27
2003-03-03,1.26
2003-03-04,1.25
2003-03-05,1.31
2003-03-06,1.31
2003-03-07,1.26
2003-03-08,1.28
2003-03-09,1.34
2003-03-10,1.3
2003-03-11,1.25
2003-03-12,1.23
2003-03-13,4.87
2003-03-14,18
2003-03-15,8.79
2003-03-16,8.76
2003-03-17,12.5
2003-03-18,20.5
2003-03-19,16.7
2003-03-20,13
2003-03-21,7.53
2003-03-22,9.48
2003-03-23,10.3
2003-03-24,11.3
2003-03-25,16.6
2003-03-26,22
2003-03-27,27.8
2003-03-28,35.9
2003-03-29,57.8
2003-03-30,71.6
2003-03-31,81.4
2003-04-01,90
2003-04-02,96.2
2003-04-03,102
2003-04-04,105
2003-04-05,105
2003-04-06,105
2003-04-07,104
2003-04-08,101
2003-04-09,95.9
2003-04-10,86.8
2003-04-11,58.2
2003-04-12,36
2003-04-13,31.4
2003-04-14,29.9
2003-04-15,17.6
2003-04-16,18.2
2003-04-17,16.3
2003-04-18,15.8
2003-04-19,15.1
2003-04-20,15.6
2003-04-21,15.6
2003-04-22,15.4
2003-04-23,15
2003-04-24,13.4
2003-04-25,13.4
2003-04-26,12.2
2003-04-27,11.5
2003-04-28,11.4
2003-04-29,12.1
2003-04-30,12.4
2003-05-01,15
2003-05-02,15.5
2003-05-03,15.3
2003-05-04,14.4
2003-05-05,14.5
2003-05-06,15.4
2003-05-07,15.9
2003-05-08,15.1
2003-05-09,14.4
2003-05-10,14
2003-05-11,14
2003-05-12,15.2
2003-05-13,21.8
2003-05-14,42.9
2003-05-15,44.5
2003-05-16,44.8
2003-05-17,43.9
2003-05-18,42.1
2003-05-19,40.3
2003-05-20,38.8
2003-05-21,37.4
2003-05-22,33.4
2003-05-23,25.8
2003-05-24,24.3
2003-05-25,23.1
2003-05-26,20.5
2003-05-27,14.9
2003-05-28,18.5
2003-05-29,25.8
2003-05-30,25.7
2003-05-31,25.2
2003-06-01,24.5
2003-06-02,22.7
2003-06-03,12.8
2003-06-04,3.21
2003-06-05,2.72
2003-06-06,2.69
2003-06-07,2.76
2003-06-08,2.75
2003-06-09,2.86
2003-06-10,2.78
2003-06-11,3.13
2003-06-12,3.14
2003-06-13,2.91
2003-06-14,2.74
2003-06-15,2.57
2003-06-16,2.45
2003-06-17,2.37
2003-06-18,2.27
2003-06-19,2.24
2003-06-20,2.24
2003-06-21,2.23
2003-06-22,2.2
2003-06-23,2.17
2003-06-24,2.19
2003-06-25,2.24
2003-06-26,2.32
2003-06-27,2.45
2003-06-28,1.28
2003-06-29,1.07
2003-06-30,0.982
2003-07-01,0.778
2003-07-02,0.607
2003-07-03,0.537
2003-07-04,0.526
2003-07-05,0.512
2003-07-06,0.513
2003-07-07,0.527
2003-07-08,0.523
2003-07-09,0.496
2003-07-10,0.482
2003-07-11,0.532
2003-07-12,0.677
2003-07-13,0.735
2003-07-14,0.657
2003-07-15,0.627
2003-07-16,0.722
2003-07-17,0.667
2003-07-18,0.602
2003-07-19,0.565
2003-07-20,0.548
2003-07-21,0.549
2003-07-22,0.709
2003-07-23,0.786
2003-07-24,0.748
2003-07-25,0.705
2003-07-26,0.684
2003-07-27,0.691
2003-07-28,0.673
2003-07-29,0.665
2003-07-30,0.67
2003-07-31,0.685
2003-08-01,0.734
2003-08-02,0.752
2003-08-03,0.748
2003-08-04,0.748
2003-08-05,0.74
2003-08-06,0.746
2003-08-07,0.752
2003-08-08,0.766
2003-08-09,0.792
2003-08-10,0.832
2003-08-11,0.881
2003-08-12,0.889
2003-08-13,0.915
2003-08-14,0.939
2003-08-15,0.981
2003-08-16,0.979
2003-08-17,0.962
2003-08-18,0.992
2003-08-19,1.02
2003-08-20,1.02
2003-08-21,1.02
2003-08-22,1.06
2003-08-23,1.05
2003-08-24,1.07
2003-08-25,1.09
2003-08-26,1.12
2003-08-27,1.12
2003-08-28,1.14
2003-08-29,1.37
2003-08-30,1.28
2003-08-31,1.2
2003-09-01,1.2
2003-09-02,1.21
2003-09-03,1.22
2003-09-04,1.23
2003-09-05,1.2
2003-09-06,1.17
2003-09-07,1.18
2003-09-08,1.2
2003-09-09,1.22
2003-09-10,1.23
2003-09-11,1.22
2003-09-12,1.21
2003-09-13,1.13
2003-09-14,1.07
2003-09-15,1.06
2003-09-16,0.999
2003-09-17,0.918
2003-09-18,0.905
2003-09-19,0.942
2003-09-20,4.81
2003-09-21,6.06
2003-09-22,5.74
2003-09-23,6.67
2003-09-24,20.6
2003-09-25,56.5
2003-09-26,62.3
2003-09-27,59.2
2003-09-28,57.7
2003-09-29,63.7
2003-09-30,79.5
2003-10-01,75.8
2003-10-02,74.5
2003-10-03,65.9
2003-10-04,9.49
2003-10-05,4.39
2003-10-06,3.92
2003-10-07,4.27
2003-10-08,8.15
2003-10-09,8.73
2003-10-10,9.76
2003-10-11,8.07
2003-10-12,7.57
2003-10-13,6.85
2003-10-14,6.33
2003-10-15,8.94
2003-10-16,14.2
2003-10-17,31.4
2003-10-18,35.7
2003-10-19,37.6
2003-10-20,37.6
2003-10-21,44.9
2003-10-22,56
2003-10-23,54.9
2003-10-24,49.7
2003-10-25,32.7
2003-10-26,29.1
2003-10-27,23.9
2003-10-28,9.56
2003-10-29,4.18
2003-10-30,4.08
2003-10-31,3.88
2003-11-01,3.66
2003-11-02,3.55
2003-11-03,3.52
2003-11-04,4.16
2003-11-05,6.56
2003-11-06,6.18
2003-11-07,5.26
2003-11-08,4.94
2003-11-09,4.75
2003-11-10,4.45
2003-11-11,4.3
2003-11-12,4.39
2003-11-13,20.1
2003-11-14,56.6
2003-11-15,68.6
2003-11-16,71.2
2003-11-17,84.4
2003-11-18,122
2003-11-19,163
2003-11-20,174
2003-11-21,179
2003-11-22,189
2003-11-23,189
2003-11-24,187
2003-11-25,187
2003-11-26,185
2003-11-27,182
2003-11-28,182
2003-11-29,184
2003-11-30,174
2003-12-01,169
2003-12-02,162
2003-12-03,155
2003-12-04,132
2003-12-05,96.8
2003-12-06,77.4
2003-12-07,73.2
2003-12-08,65.3
2003-12-09,36
2003-12-10,18.8
2003-12-11,18.4
2003-12-12,18.8
2003-12-13,19.6
2003-12-14,22
2003-12-15,22
2003-12-16,21.3
2003-12-17,17.5
2003-12-18,6.93
2003-12-19,6.32
2003-12-20,6.2
2003-12-21,6.14
2003-12-22,6.13
2003-12-23,6.16
2003-12-24,6.32
2003-12-25,6.44
2003-12-26,6.44
2003-12-27,6.28
2003-12-28,6.15
2003-12-29,6.59
2003-12-30,8.41
2003-12-31,10.1
2004-01-01,8.58
2004-01-02,8.8
2004-01-03,21.1
2004-01-04,21.1
2004-01-05,29.9
2004-01-06,55.9
2004-01-07,55.9
2004-01-08,55.9
2004-01-09,55.9
2004-01-10,55.9
2004-01-11,55.9
2004-01-12,55.9
2004-01-13,55.9
2004-01-14,55.9
2004-01-15,55.9
2004-01-16,55.9
2004-01-17,55.9
2004-01-18,55.9
2004-01-19,17.2
2004-01-20,6.1
2004-01-21,6.2
2004-01-22,6.32
2004-01-23,6.28
2004-01-24,6.12
2004-01-25,5.94
2004-01-26,5.87
2004-01-27,5.95
2004-01-28,6.28
2004-01-29,6.27
2004-01-30,6.19
2004-01-31,6.03
2004-02-01,5.95
2004-02-02,6.05
2004-02-03,6.23
2004-02-04,6.26
2004-02-05,6.15
2004-02-06,6.05
2004-02-07,6.04
2004-02-08,6.04
2004-02-09,6.05
2004-02-10,6.07
2004-02-11,6.06
2004-02-12,6.04
2004-02-13,5.95
2004-02-14,5.84
2004-02-15,5.8
2004-02-16,5.8
2004-02-17,5.8
2004-02-18,5.8
2004-02-19,5.8
2004-02-20,5.8
2004-02-21,5.8
2004-02-22,5.8
2004-02-23,5.8
2004-02-24,5.8
2004-02-25,5.8
2004-02-26,5.8
2004-02-27,5.8
2004-02-28,5.8
2004-02-29,5.8
2004-03-01,5.8
2004-03-02,5.8
2004-03-03,9.5
2004-03-04,20.7
2004-03-05,20.7
2004-03-06,20.7
2004-03-07,20.7
2004-03-08,20.7
2004-03-09,31.7
2004-03-10,40.1
2004-03-11,48.4
2004-03-12,48.1
2004-03-13,54.2
2004-03-14,53.2
2004-03-15,52.8
2004-03-16,51.6
2004-03-17,50
2004-03-18,48.3
2004-03-19,46.3
2004-03-20,44.1
2004-03-21,43.8
2004-03-22,28.7
2004-03-23,24.9
2004-03-24,24.9
2004-03-25,24.9
2004-03-26,24.9
2004-03-27,24.9
2004-03-28,24.9
2004-03-29,43.1
2004-03-30,58.9
2004-03-31,75.9
2004-04-01,105
2004-04-02,114
2004-04-03,126
2004-04-04,135
2004-04-05,144
2004-04-06,150
2004-04-07,156
2004-04-08,136
2004-04-09,74
2004-04-10,70.3
2004-04-11,71.1
2004-04-12,71.8
2004-04-13,71.9
2004-04-14,58.5
2004-04-15,27.6
2004-04-16,20.6
2004-04-17,15.9
2004-04-18,16.1
2004-04-19,16.2
2004-04-20,16.3
2004-04-21,16.3
2004-04-22,16.5
2004-04-23,16.3
2004-04-24,16.4
2004-04-25,17
2004-04-26,17.7
2004-04-27,16.6
2004-04-28,15.7
2004-04-29,16.1
2004-04-30,14.8
2004-05-01,15.6
2004-05-02,16.9
2004-05-03,25.7
2004-05-04,68.4
2004-05-05,77.4
2004-05-06,101
2004-05-07,105
2004-05-08,105
2004-05-09,105
2004-05-10,103
2004-05-11,99.2
2004-05-12,93.9
2004-05-13,84.2
2004-05-14,66
2004-05-15,62.7
2004-05-16,60
2004-05-17,54.4
2004-05-18,38.4
2004-05-19,31.2
2004-05-20,22.5
2004-05-21,7.46
2004-05-22,6.13
2004-05-23,6.09
2004-05-24,17.4
2004-05-25,61.7
2004-05-26,69.6
2004-05-27,70.9
2004-05-28,72.3
2004-05-29,71.9
2004-05-30,71.1
2004-05-31,74.8
2004-06-01,74.9
2004-06-02,68.8
2004-06-03,65.3
2004-06-04,45.8
2004-06-05,8.66
2004-06-06,22.8
2004-06-07,18.3
2004-06-08,6.02
2004-06-09,5.19
2004-06-10,5.29
2004-06-11,5.25
2004-06-12,5.13
2004-06-13,5.07
2004-06-14,5.1
2004-06-15,5.06
2004-06-16,4.96
2004-06-17,4.86
2004-06-18,4.8
2004-06-19,4.76
2004-06-20,4.76
2004-06-21,4.77
2004-06-22,4.78
2004-06-23,4.73
2004-06-24,5.02
2004-06-25,5.03
2004-06-26,4.95
2004-06-27,4.92
2004-06-28,4.91
2004-06-29,4.96
2004-06-30,4.97
2004-07-01,4.96
2004-07-02,4.97
2004-07-03,5.04
2004-07-04,5.17
2004-07-05,5.18
2004-07-06,5.08
2004-07-07,4.92
2004-07-08,4.91
2004-07-09,4.81
2004-07-10,4.77
2004-07-11,4.73
2004-07-12,4.56
2004-07-13,4.59
2004-07-14,4.8
2004-07-15,4.75
2004-07-16,4.72
2004-07-17,4.72
2004-07-18,4.72
2004-07-19,4.73
2004-07-20,4.74
2004-07-21,6.98
2004-07-22,13
2004-07-23,10.8
2004-07-24,5.3
2004-07-25,4.75
2004-07-26,4.65
2004-07-27,4.66
2004-07-28,4.74
2004-07-29,4.75
2004-07-30,4.77
2004-07-31,4.82
2004-08-01,4.86
2004-08-02,4.87
2004-08-03,5.08
2004-08-04,4.99
2004-08-05,4.93
2004-08-06,4.92
2004-08-07,4.91
2004-08-08,4.91
2004-08-09,4.91
2004-08-10,5.11
2004-08-11,5.09
2004-08-12,5.06
2004-08-13,5.02
2004-08-14,4.99
2004-08-15,5.01
2004-08-16,5.02
2004-08-17,5.03
2004-08-18,5.03
2004-08-19,5.03
2004-08-20,5.04
2004-08-21,5.04
2004-08-22,5.04
2004-08-23,5.05
2004-08-24,5.05
2004-08-25,5.06
2004-08-26,5.12
2004-08-27,5.15
2004-08-28,5.1
2004-08-29,5.08
2004-08-30,5.07
2004-08-31,5.06
2004-09-01,5.04
2004-09-02,5.02
2004-09-03,5.01
2004-09-04,5.01
2004-09-05,4.99
2004-09-06,4.91
2004-09-07,4.92
2004-09-08,4.87
2004-09-09,4.85
2004-09-10,4.83
2004-09-11,4.83
2004-09-12,4.82
2004-09-13,4.82
2004-09-14,4.81
2004-09-15,4.81
2004-09-16,4.77
2004-09-17,4.74
2004-09-18,4.73
2004-09-19,4.73
2004-09-20,4.72
2004-09-21,4.73
2004-09-22,4.74
2004-09-23,4.74
2004-09-24,4.74
2004-09-25,4.71
2004-09-26,4.68
2004-09-27,4.66
2004-09-28,4.65
2004-09-29,4.67
2004-09-30,4.69
2004-10-01,4.71
2004-10-02,4.75
2004-10-03,4.73
2004-10-04,4.7
2004-10-05,4.65
2004-10-06,4.64
2004-10-07,4.65
2004-10-08,4.66
2004-10-09,4.74
2004-10-10,4.6
2004-10-11,4.56
2004-10-12,4.54
2004-10-13,4.52
2004-10-14,4.46
2004-10-15,4.23
2004-10-16,4.15
2004-10-17,4.21
2004-10-18,4.14
2004-10-19,4.11
2004-10-20,4.09
2004-10-21,4.07
2004-10-22,4.04
2004-10-23,4.01
2004-10-24,3.84
2004-10-25,3.8
2004-10-26,3.78
2004-10-27,3.76
2004-10-28,3.7
2004-10-29,3.53
2004-10-30,3.45
2004-10-31,3.43
2004-11-01,3.41
2004-11-02,3.41
2004-11-03,3.42
2004-11-04,3.42
2004-11-05,3.54
2004-11-06,3.54
2004-11-07,3.53
2004-11-08,3.53
2004-11-09,3.52
2004-11-10,3.5
2004-11-11,3.49
2004-11-12,3.48
2004-11-13,3.47
2004-11-14,3.46
2004-11-15,3.46
2004-11-16,3.45
2004-11-17,3.45
2004-11-18,3.44
2004-11-19,3.44
2004-11-20,3.43
2004-11-21,3.41
2004-11-22,3.41
2004-11-23,3.42
2004-11-24,3.45
2004-11-25,3.46
2004-11-26,3.44
2004-11-27,3.44
2004-11-28,3.53
2004-11-29,3.61
2004-11-30,3.62
2004-12-01,3.75
2004-12-02,3.78
2004-12-03,3.74
2004-12-04,3.69
2004-12-05,3.77
2004-12-06,3.75
2004-12-07,3.85
2004-12-08,4.65
2004-12-09,4.7
2004-12-10,4.69
2004-12-11,4.84
2004-12-12,4.9
2004-12-13,4.97
2004-12-14,4.7
2004-12-15,4.62
2004-12-16,4.61
2004-12-17,4.57
2004-12-18,4.49
2004-12-19,4.39
2004-12-20,4.28
2004-12-21,4.17
2004-12-22,4.12
2004-12-23,4.23
2004-12-24,4.27
2004-12-25,4.26
2004-12-26,4.24
2004-12-27,4.19
2004-12-28,4.12
2004-12-29,4.07
2004-12-30,4.04
2004-12-31,4.41
2005-01-01,5.12
2005-01-02,5.21
2005-01-03,5.24
2005-01-04,5.22
2005-01-05,5.18
2005-01-06,6.67
2005-01-07,16.9
2005-01-08,16.5
2005-01-09,16
2005-01-10,15.6
2005-01-11,15.1
2005-01-12,14.6
2005-01-13,15.9
2005-01-14,22.9
2005-01-15,39.7
2005-01-16,42.1
2005-01-17,42.2
2005-01-18,41.8
2005-01-19,43
2005-01-20,46.6
2005-01-21,45.9
2005-01-22,45.4
2005-01-23,44.2
2005-01-24,42.3
2005-01-25,40.6
2005-01-26,40
2005-01-27,45.5
2005-01-28,45.4
2005-01-29,43.3
2005-01-30,40.8
2005-01-31,38.2
2005-02-01,35.5
2005-02-02,35.4
2005-02-03,33
2005-02-04,28.4
2005-02-05,25.4
2005-02-06,25.9
2005-02-07,25.9
2005-02-08,17.9
2005-02-09,4.54
2005-02-10,3.99
2005-02-11,3.91
2005-02-12,3.89
2005-02-13,3.88
2005-02-14,4.12
2005-02-15,6.02
2005-02-16,10.5
2005-02-17,11.2
2005-02-18,11.7
2005-02-19,11.9
2005-02-20,11.8
2005-02-21,11.6
2005-02-22,11.1
2005-02-23,10.2
2005-02-24,9.14
2005-02-25,8.73
2005-02-26,8.46
2005-02-27,7.63
2005-02-28,6.91
2005-03-01,7.14
2005-03-02,9.09
2005-03-03,16.2
2005-03-04,9.14
2005-03-05,6.16
2005-03-06,6.2
2005-03-07,6.33
2005-03-08,9.16
2005-03-09,10.7
2005-03-10,10.7
2005-03-11,9.59
2005-03-12,8.26
2005-03-13,7.36
2005-03-14,6.55
2005-03-15,4.1
2005-03-16,3.86
2005-03-17,3.85
2005-03-18,3.83
2005-03-19,3.83
2005-03-20,3.84
2005-03-21,3.85
2005-03-22,3.88
2005-03-23,3.9
2005-03-24,3.91
2005-03-25,3.95
2005-03-26,3.97
2005-03-27,3.99
2005-03-28,4.09
2005-03-29,4.44
2005-03-30,5.01
2005-03-31,6.26
2005-04-01,9.09
2005-04-02,9.36
2005-04-03,9.03
2005-04-04,10
2005-04-05,20.4
2005-04-06,39
2005-04-07,44.1
2005-04-08,54.5
2005-04-09,62.3
2005-04-10,66.5
2005-04-11,78.1
2005-04-12,88.2
2005-04-13,94
2005-04-14,97.8
2005-04-15,98
2005-04-16,102
2005-04-17,103
2005-04-18,104
2005-04-19,95.8
2005-04-20,53
2005-04-21,48.1
2005-04-22,51.1
2005-04-23,55.2
2005-04-24,63.9
2005-04-25,80.7
2005-04-26,121
2005-04-27,137
2005-04-28,163
2005-04-29,167
2005-04-30,168
2005-05-01,167
2005-05-02,163
2005-05-03,150
2005-05-04,117
2005-05-05,102
2005-05-06,67.8
2005-05-07,59.2
2005-05-08,57.4
2005-05-09,46.6
2005-05-10,31.5
2005-05-11,31.5
2005-05-12,23.4
2005-05-13,20.3
2005-05-14,18.4
2005-05-15,17.5
2005-05-16,17.7
2005-05-17,18.1
2005-05-18,19.2
2005-05-19,18.8
2005-05-20,18.6
2005-05-21,18.5
2005-05-22,18.2
2005-05-23,18.2
2005-05-24,17.7
2005-05-25,16.8
2005-05-26,16.7
2005-05-27,16.6
2005-05-28,16.4
2005-05-29,16.3
2005-05-30,14.4
2005-05-31,9.14
2005-06-01,8.28
2005-06-02,7.8
2005-06-03,6.03
2005-06-04,14.4
2005-06-05,5.54
2005-06-06,4.9
2005-06-07,4.63
2005-06-08,4.53
2005-06-09,4.44
2005-06-10,4.38
2005-06-11,4.35
2005-06-12,4.4
2005-06-13,5.28
2005-06-14,33.5
2005-06-15,60
2005-06-16,91.1
2005-06-17,117
2005-06-18,115
2005-06-19,105
2005-06-20,88.8
2005-06-21,59.1
2005-06-22,44.1
2005-06-23,13
2005-06-24,8.44
2005-06-25,5.99
2005-06-26,5.84
2005-06-27,5.82
2005-06-28,5.7
2005-06-29,5.44
2005-06-30,5.35
2005-07-01,5.27
2005-07-02,5.22
2005-07-03,5.19
2005-07-04,5.12
2005-07-05,5.24
2005-07-06,4.77
2005-07-07,2.41
2005-07-08,1.45
2005-07-09,1.18
2005-07-10,1.14
2005-07-11,1.13
2005-07-12,1.13
2005-07-13,1.15
2005-07-14,1.19
2005-07-15,1.19
2005-07-16,1.2
2005-07-17,1.28
2005-07-18,1.33
2005-07-19,1.29
2005-07-20,1.3
2005-07-21,1.31
2005-07-22,1.36
2005-07-23,1.38
2005-07-24,1.42
2005-07-25,1.46
2005-07-26,1.46
2005-07-27,1.45
2005-07-28,1.46
2005-07-29,1.47
2005-07-30,1.49
2005-07-31,1.53
2005-08-01,1.69
2005-08-02,1.62
2005-08-03,1.59
2005-08-04,1.61
2005-08-05,1.66
2005-08-06,1.62
2005-08-07,1.62
2005-08-08,1.63
2005-08-09,1.63
2005-08-10,1.66
2005-08-11,1.65
2005-08-12,1.71
2005-08-13,1.72
2005-08-14,1.69
2005-08-15,1.69
2005-08-16,1.7
2005-08-17,1.71
2005-08-18,1.71
2005-08-19,1.78
2005-08-20,1.88
2005-08-21,1.81
2005-08-22,1.79
2005-08-23,1.79
2005-08-24,1.8
2005-08-25,1.81
2005-08-26,1.82
2005-08-27,1.88
2005-08-28,1.92
2005-08-29,1.82
2005-08-30,1.82
2005-08-31,1.83
2005-09-01,1.82
2005-09-02,1.81
2005-09-03,1.85
2005-09-04,1.86
2005-09-05,1.85
2005-09-06,1.82
2005-09-07,1.79
2005-09-08,1.77
2005-09-09,1.75
2005-09-10,1.76
2005-09-11,1.77
2005-09-12,1.75
2005-09-13,1.73
2005-09-14,1.77
2005-09-15,1.81
2005-09-16,1.83
2005-09-17,1.84
2005-09-18,1.85
2005-09-19,1.85
2005-09-20,1.86
2005-09-21,1.87
2005-09-22,1.91
2005-09-23,1.93
2005-09-24,1.88
2005-09-25,1.9
2005-09-26,2.13
2005-09-27,1.92
2005-09-28,1.86
2005-09-29,1.9
2005-09-30,1.82
2005-10-01,1.79
2005-10-02,1.77
2005-10-03,1.78
2005-10-04,1.76
2005-10-05,1.72
2005-10-06,1.68
2005-10-07,1.57
2005-10-08,1.53
2005-10-09,1.53
2005-10-10,1.52
2005-10-11,1.52
2005-10-12,1.51
2005-10-13,1.46
2005-10-14,1.43
2005-10-15,1.45
2005-10-16,1.43
2005-10-17,1.43
2005-10-18,1.51
2005-10-19,1.59
2005-10-20,1.6
2005-10-21,1.59
2005-10-22,1.58
2005-10-23,1.57
2005-10-24,1.55
2005-10-25,1.49
2005-10-26,1.47
2005-10-27,1.48
2005-10-28,1.5
2005-10-29,1.51
2005-10-30,1.51
2005-10-31,1.53
2005-11-01,1.6
2005-11-02,1.58
2005-11-03,1.54
2005-11-04,1.52
2005-11-05,1.51
2005-11-06,1.66
2005-11-07,1.61
2005-11-08,1.66
2005-11-09,1.65
2005-11-10,1.63
2005-11-11,1.59
2005-11-12,1.57
2005-11-13,1.54
2005-11-14,1.51
2005-11-15,1.56
2005-11-16,2.14
2005-11-17,2.53
2005-11-18,2.62
2005-11-19,2.61
2005-11-20,2.62
2005-11-21,2.79
2005-11-22,3.09
2005-11-23,2.96
2005-11-24,2.85
2005-11-25,2.77
2005-11-26,2.75
2005-11-27,2.66
2005-11-28,2.68
2005-11-29,5.29
2005-11-30,10.1
2005-12-01,38.6
2005-12-02,51.5
2005-12-03,50.3
2005-12-04,49.6
2005-12-05,49.6
2005-12-06,49.9
2005-12-07,49.5
2005-12-08,48.3
2005-12-09,46.9
2005-12-10,44.5
2005-12-11,42.1
2005-12-12,36.6
2005-12-13,20
2005-12-14,18.8
2005-12-15,14.8
2005-12-16,3.71
2005-12-17,3.15
2005-12-18,3.12
2005-12-19,3.1
2005-12-20,3.08
2005-12-21,3.05
2005-12-22,3.04
2005-12-23,3
2005-12-24,3.01
2005-12-25,3.26
2005-12-26,3.87
2005-12-27,3.92
2005-12-28,3.76
2005-12-29,4.1
2005-12-30,14.4
2005-12-31,12.2
2006-01-01,12
2006-01-02,11.3
2006-01-03,10.4
2006-01-04,9.2
2006-01-05,4.48
2006-01-06,3.7
2006-01-07,3.54
2006-01-08,3.43
2006-01-09,3.89
2006-01-10,13.1
2006-01-11,12.9
2006-01-12,12.3
2006-01-13,11.4
2006-01-14,10.6
2006-01-15,11.3
2006-01-16,11.2
2006-01-17,10.8
2006-01-18,18.9
2006-01-19,49.7
2006-01-20,67.1
2006-01-21,66.5
2006-01-22,66.7
2006-01-23,63.1
2006-01-24,55.6
2006-01-25,52.8
2006-01-26,49.4
2006-01-27,49.5
2006-01-28,48.2
2006-01-29,46.7
2006-01-30,46.5
2006-01-31,44.6
2006-02-01,43.2
2006-02-02,41.7
2006-02-03,42.8
2006-02-04,43.4
2006-02-05,44.7
2006-02-06,44.4
2006-02-07,43.1
2006-02-08,39.8
2006-02-09,37
2006-02-10,36
2006-02-11,34
2006-02-12,32.2
2006-02-13,29.8
2006-02-14,29.6
2006-02-15,29
2006-02-16,25.4
2006-02-17,26
2006-02-18,26
2006-02-19,25.8
2006-02-20,25.3
2006-02-21,24.6
2006-02-22,23.7
2006-02-23,23
2006-02-24,23.9
2006-02-25,24.2
2006-02-26,23.9
2006-02-27,22.9
2006-02-28,20.8
2006-03-01,18.3
2006-03-02,17.9
2006-03-03,18.5
2006-03-04,17.9
2006-03-05,16.4
2006-03-06,14.8
2006-03-07,17.8
2006-03-08,18.3
2006-03-09,17.6
2006-03-10,22.5
2006-03-11,32.5
2006-03-12,35.1
2006-03-13,41.8
2006-03-14,55.6
2006-03-15,60.3
2006-03-16,64.4
2006-03-17,67.9
2006-03-18,69.8
2006-03-19,70.7
2006-03-20,72.9
2006-03-21,75.5
2006-03-22,73.6
2006-03-23,70.7
2006-03-24,68.7
2006-03-25,67.7
2006-03-26,66.5
2006-03-27,63.9
2006-03-28,61.1
2006-03-29,61.6
2006-03-30,60.4
2006-03-31,63.1
2006-04-01,82.3
2006-04-02,94.4
2006-04-03,105
2006-04-04,120
2006-04-05,129
2006-04-06,135
2006-04-07,142
2006-04-08,144
2006-04-09,148
2006-04-10,152
2006-04-11,159
2006-04-12,162
2006-04-13,173
2006-04-14,180
2006-04-15,188
2006-04-16,191
2006-04-17,193
2006-04-18,193
2006-04-19,192
2006-04-20,184
2006-04-21,159
2006-04-22,138
2006-04-23,130
2006-04-24,120
2006-04-25,102
2006-04-26,84
2006-04-27,35.8
2006-04-28,21.4
2006-04-29,21.1
2006-04-30,22.1
2006-05-01,20.8
2006-05-02,21.6
2006-05-03,24
2006-05-04,23.9
2006-05-05,23.8
2006-05-06,22.2
2006-05-07,21.6
2006-05-08,21.6
2006-05-09,20.9
2006-05-10,20.9
2006-05-11,21
2006-05-12,21.4
2006-05-13,22.8
2006-05-14,22.8
2006-05-15,22
2006-05-16,23.6
2006-05-17,24.4
2006-05-18,24
2006-05-19,23.8
2006-05-20,22.5
2006-05-21,22.8
2006-05-22,22.4
2006-05-23,22.4
2006-05-24,22.4
2006-05-25,22.2
2006-05-26,21.7
2006-05-27,21.8
2006-05-28,21.5
2006-05-29,21.9
2006-05-30,21.2
2006-05-31,21.5
2006-06-01,17.8
2006-06-02,5.24
2006-06-03,4.33
2006-06-04,4.15
2006-06-05,4.08
2006-06-06,4.05
2006-06-07,4.06
2006-06-08,4.01
2006-06-09,3.93
2006-06-10,3.84
2006-06-11,3.82
2006-06-12,3.85
2006-06-13,3.83
2006-06-14,3.84
2006-06-15,3.84
2006-06-16,3.84
2006-06-17,3.82
2006-06-18,3.91
2006-06-19,4.16
2006-06-20,4.04
2006-06-21,4.03
2006-06-22,4.15
2006-06-23,4.09
2006-06-24,4.05
2006-06-25,4.07
2006-06-26,4.08
2006-06-27,4.16
2006-06-28,4.15
2006-06-29,4.16
2006-06-30,4.21
2006-07-01,4.2
2006-07-02,4.25
2006-07-03,4.2
2006-07-04,4.19
2006-07-05,4.22
2006-07-06,4.2
2006-07-07,4.22
2006-07-08,4.26
2006-07-09,4.24
2006-07-10,4.32
2006-07-11,4.32
2006-07-12,4.37
2006-07-13,4.33
2006-07-14,4.38
2006-07-15,4.43
2006-07-16,4.41
2006-07-17,4.4
2006-07-18,4.41
2006-07-19,4.45
2006-07-20,4.59
2006-07-21,4.6
2006-07-22,4.49
2006-07-23,4.5
2006-07-24,4.52
2006-07-25,4.72
2006-07-26,4.88
2006-07-27,13.2
2006-07-28,34.7
2006-07-29,6.68
2006-07-30,4.67
2006-07-31,4.51
2006-08-01,4.42
2006-08-02,4.59
2006-08-03,54.6
2006-08-04,9.69
2006-08-05,15
2006-08-06,13
2006-08-07,11.3
2006-08-08,9.05
2006-08-09,4.65
2006-08-10,4.31
2006-08-11,4.58
2006-08-12,4.68
2006-08-13,4.7
2006-08-14,4.73
2006-08-15,4.74
2006-08-16,4.67
2006-08-17,4.67
2006-08-18,4.65
2006-08-19,4.24
2006-08-20,4.17
2006-08-21,3.85
2006-08-22,1.86
2006-08-23,1.36
2006-08-24,1.33
2006-08-25,1.32
2006-08-26,1.32
2006-08-27,1.35
2006-08-28,1.3
2006-08-29,1.29
2006-08-30,1.27
2006-08-31,1.27
2006-09-01,1.29
2006-09-02,1.29
2006-09-03,1.36
2006-09-04,1.3
2006-09-05,1.28
2006-09-06,1.29
2006-09-07,1.29
2006-09-08,1.28
2006-09-09,1.3
2006-09-10,1.27
2006-09-11,1.28
2006-09-12,1.27
2006-09-13,1.27
2006-09-14,1.25
2006-09-15,1.27
2006-09-16,1.29
2006-09-17,1.28
2006-09-18,1.3
2006-09-19,1.31
2006-09-20,1.34
2006-09-21,1.28
2006-09-22,1.25
2006-09-23,1.31
2006-09-24,4.03
2006-09-25,3.23
2006-09-26,1.61
2006-09-27,1.48
2006-09-28,1.52
2006-09-29,1.39
2006-09-30,1.36
2006-10-01,2.19
2006-10-02,6.53
2006-10-03,6.82
2006-10-04,6.92
2006-10-05,5.4
2006-10-06,1.99
2006-10-07,1.4
2006-10-08,1.3
2006-10-09,1.26
2006-10-10,1.23
2006-10-11,1.33
2006-10-12,1.52
2006-10-13,1.36
2006-10-14,1.38
2006-10-15,1.42
2006-10-16,1.72
2006-10-17,8.22
2006-10-18,11.2
2006-10-19,21.2
2006-10-20,44
2006-10-21,41.3
2006-10-22,43.1
2006-10-23,46.6
2006-10-24,46.1
2006-10-25,49.9
2006-10-26,60.1
2006-10-27,59.8
2006-10-28,59.8
2006-10-29,61.2
2006-10-30,57.7
2006-10-31,56
2006-11-01,53
2006-11-02,13.7
2006-11-03,4.1
2006-11-04,3.07
2006-11-05,3.06
2006-11-06,3.2
2006-11-07,3.35
2006-11-08,3.65
2006-11-09,3.59
2006-11-10,3.37
2006-11-11,3.29
2006-11-12,3.25
2006-11-13,3.09
2006-11-14,2.98
2006-11-15,2.91
2006-11-16,3.88
2006-11-17,5.83
2006-11-18,5.62
2006-11-19,5.01
2006-11-20,5.56
2006-11-21,12.3
2006-11-22,15.4
2006-11-23,18.5
2006-11-24,18.8
2006-11-25,17.8
2006-11-26,17.4
2006-11-27,16.5
2006-11-28,16.5
2006-11-29,16
2006-11-30,25.4
2006-12-01,53.7
2006-12-02,58.7
2006-12-03,59.5
2006-12-04,65.8
2006-12-05,95.4
2006-12-06,97.2
2006-12-07,94.2
2006-12-08,89
2006-12-09,83.8
2006-12-10,79.9
2006-12-11,73.1
2006-12-12,53.3
2006-12-13,51.7
2006-12-14,63.3
2006-12-15,97.8
2006-12-16,103
2006-12-17,102
2006-12-18,102
2006-12-19,101
2006-12-20,98.4
2006-12-21,93.4
2006-12-22,83.3
2006-12-23,84.2
2006-12-24,85
2006-12-25,85.4
2006-12-26,85.2
2006-12-27,84.2
2006-12-28,83.1
2006-12-29,80.6
2006-12-30,77.2
2006-12-31,74.4
2007-01-01,73.5
2007-01-02,71.2
2007-01-03,68
2007-01-04,63.5
2007-01-05,47.4
2007-01-06,47.6
2007-01-07,47.7
2007-01-08,49.6
2007-01-09,51.2
2007-01-10,50.4
2007-01-11,50.1
2007-01-12,49.8
2007-01-13,49.3
2007-01-14,48.1
2007-01-15,47.5
2007-01-16,46.6
2007-01-17,44.7
2007-01-18,42.9
2007-01-19,41.2
2007-01-20,38.9
2007-01-21,36.8
2007-01-22,35.5
2007-01-23,33.3
2007-01-24,27.9
2007-01-25,23.6
2007-01-26,4.85
2007-01-27,3.03
2007-01-28,2.73
2007-01-29,2.67
2007-01-30,2.74
2007-01-31,2.96
2007-02-01,3.02
2007-02-02,2.92
2007-02-03,2.89
2007-02-04,2.95
2007-02-05,2.96
2007-02-06,2.95
2007-02-07,2.99
2007-02-08,3.02
2007-02-09,3.02
2007-02-10,3.03
2007-02-11,3.09
2007-02-12,3.09
2007-02-13,3.02
2007-02-14,2.99
2007-02-15,2.91
2007-02-16,2.85
2007-02-17,2.92
2007-02-18,2.91
2007-02-19,2.86
2007-02-20,2.81
2007-02-21,2.72
2007-02-22,2.8
2007-02-23,2.76
2007-02-24,2.62
2007-02-25,2.61
2007-02-26,2.65
2007-02-27,2.78
2007-02-28,2.82
2007-03-01,2.76
2007-03-02,2.84
2007-03-03,2.7
2007-03-04,2.64
2007-03-05,2.59
2007-03-06,2.59
2007-03-07,2.6
2007-03-08,2.6
2007-03-09,2.55
2007-03-10,2.64
2007-03-11,2.69
2007-03-12,2.67
2007-03-13,2.68
2007-03-14,2.88
2007-03-15,3.15
2007-03-16,3.25
2007-03-17,3.25
2007-03-18,3.21
2007-03-19,3.18
2007-03-20,3.14
2007-03-21,3.1
2007-03-22,4.67
2007-03-23,11.9
2007-03-24,12.1
2007-03-25,12.1
2007-03-26,13.8
2007-03-27,17.5
2007-03-28,19.9
2007-03-29,15.7
2007-03-30,8.39
2007-03-31,7.48
2007-04-01,6.96
2007-04-02,7.18
2007-04-03,7.15
2007-04-04,9.91
2007-04-05,29.1
2007-04-06,64.8
2007-04-07,71.5
2007-04-08,74.2
2007-04-09,76.3
2007-04-10,77.6
2007-04-11,77.5
2007-04-12,80.2
2007-04-13,86.2
2007-04-14,83.6
2007-04-15,79.5
2007-04-16,69.1
2007-04-17,50.7
2007-04-18,50
2007-04-19,43.7
2007-04-20,21.8
2007-04-21,20.5
2007-04-22,19.5
2007-04-23,18.8
2007-04-24,19
2007-04-25,18.7
2007-04-26,18
2007-04-27,19
2007-04-28,19.9
2007-04-29,19.6
2007-04-30,19.1
2007-05-01,18.7
2007-05-02,18.7
2007-05-03,18.7
2007-05-04,18.5
2007-05-05,18.2
2007-05-06,17.4
2007-05-07,17.7
2007-05-08,21.2
2007-05-09,21
2007-05-10,21.3
2007-05-11,21
2007-05-12,22.2
2007-05-13,22.2
2007-05-14,21.7
2007-05-15,21.9
2007-05-16,23.2
2007-05-17,22.3
2007-05-18,20.5
2007-05-19,20.5
2007-05-20,19.5
2007-05-21,18.8
2007-05-22,19.2
2007-05-23,19.3
2007-05-24,20.1
2007-05-25,19.3
2007-05-26,18.9
2007-05-27,19
2007-05-28,18.8
2007-05-29,18.2
2007-05-30,18.5
2007-05-31,13.6
2007-06-01,3.18
2007-06-02,2.26
2007-06-03,2.18
2007-06-04,2.83
2007-06-05,2.97
2007-06-06,2.79
2007-06-07,2.67
2007-06-08,2.61
2007-06-09,8.68
2007-06-10,3.7
2007-06-11,3.11
2007-06-12,2.84
2007-06-13,2.65
2007-06-14,2.53
2007-06-15,2.43
2007-06-16,2.4
2007-06-17,2.36
2007-06-18,2.34
2007-06-19,2.28
2007-06-20,2.23
2007-06-21,2.22
2007-06-22,2.17
2007-06-23,2.14
2007-06-24,2.15
2007-06-25,2.16
2007-06-26,2.19
2007-06-27,2.31
2007-06-28,2.4
2007-06-29,2.32
2007-06-30,2.33
2007-07-01,2.35
2007-07-02,2.45
2007-07-03,2.86
2007-07-04,3.09
2007-07-05,3.03
2007-07-06,2.89
2007-07-07,2.78
2007-07-08,2.76
2007-07-09,2.87
2007-07-10,2.83
2007-07-11,3.23
2007-07-12,2.95
2007-07-13,2.82
2007-07-14,2.83
2007-07-15,2.84
2007-07-16,2.74
2007-07-17,2.64
2007-07-18,2.63
2007-07-19,2.87
2007-07-20,5.49
2007-07-21,18.2
2007-07-22,17.8
2007-07-23,14.1
2007-07-24,3.93
2007-07-25,2.88
2007-07-26,2.73
2007-07-27,2.68
2007-07-28,2.64
2007-07-29,2.6
2007-07-30,2.6
2007-07-31,2.62
2007-08-01,2.67
2007-08-02,2.7
2007-08-03,2.72
2007-08-04,2.74
2007-08-05,2.71
2007-08-06,2.74
2007-08-07,2.78
2007-08-08,2.74
2007-08-09,2.76
2007-08-10,2.78
2007-08-11,2.82
2007-08-12,2.88
2007-08-13,2.85
2007-08-14,2.84
2007-08-15,2.86
2007-08-16,2.86
2007-08-17,2.88
2007-08-18,2.89
2007-08-19,2.9
2007-08-20,2.9
2007-08-21,2.9
2007-08-22,2.91
2007-08-23,2.95
2007-08-24,3.09
2007-08-25,3.16
2007-08-26,3
2007-08-27,2.94
2007-08-28,2.93
2007-08-29,2.94
2007-08-30,2.94
2007-08-31,2.92
2007-09-01,2.94
2007-09-02,2.96
2007-09-03,2.97
2007-09-04,3.03
2007-09-05,3.1
2007-09-06,3.05
2007-09-07,3.07
2007-09-08,3.14
2007-09-09,3.04
2007-09-10,3.04
2007-09-11,3.22
2007-09-12,3.13
2007-09-13,3.06
2007-09-14,3.07
2007-09-15,3.05
2007-09-16,3.07
2007-09-17,3.05
2007-09-18,3.07
2007-09-19,3.05
2007-09-20,3.02
2007-09-21,3.02
2007-09-22,2.95
2007-09-23,2.96
2007-09-24,2.98
2007-09-25,2.98
2007-09-26,3.02
2007-09-27,2.95
2007-09-28,3.07
2007-09-29,3.08
2007-09-30,3.04
2007-10-01,2.97
2007-10-02,2.9
2007-10-03,2.82
2007-10-04,2.83
2007-10-05,2.82
2007-10-06,3.1
2007-10-07,3.01
2007-10-08,2.87
2007-10-09,2.99
2007-10-10,2.85
2007-10-11,2.73
2007-10-12,2.66
2007-10-13,2.79
2007-10-14,2.77
2007-10-15,2.72
2007-10-16,2.7
2007-10-17,2.7
2007-10-18,2.71
2007-10-19,2.71
2007-10-20,2.78
2007-10-21,2.8
2007-10-22,2.75
2007-10-23,2.78
2007-10-24,2.8
2007-10-25,2.73
2007-10-26,2.62
2007-10-27,2.9
2007-10-28,3.01
2007-10-29,2.83
2007-10-30,2.71
2007-10-31,2.61
2007-11-01,2.67
2007-11-02,2.57
2007-11-03,2.58
2007-11-04,2.56
2007-11-05,2.6
2007-11-06,2.91
2007-11-07,3.03
2007-11-08,2.91
2007-11-09,2.8
2007-11-10,2.72
2007-11-11,2.65
2007-11-12,2.61
2007-11-13,2.62
2007-11-14,2.58
2007-11-15,2.57
2007-11-16,2.52
2007-11-17,2.49
2007-11-18,2.52
2007-11-19,2.56
2007-11-20,2.96
2007-11-21,3.4
2007-11-22,3.99
2007-11-23,4.05
2007-11-24,3.92
2007-11-25,3.82
2007-11-26,3.8
2007-11-27,3.92
2007-11-28,3.82
2007-11-29,3.94
2007-11-30,4.02
2007-12-01,3.91
2007-12-02,3.86
2007-12-03,4
2007-12-04,3.93
2007-12-05,3.85
2007-12-06,3.82
2007-12-07,3.78
2007-12-08,3.71
2007-12-09,3.62
2007-12-10,3.53
2007-12-11,3.47
2007-12-12,3.48
2007-12-13,3.49
2007-12-14,3.52
2007-12-15,3.4
2007-12-16,3.42
2007-12-17,3.47
2007-12-18,3.45
2007-12-19,3.42
2007-12-20,3.38
2007-12-21,3.32
2007-12-22,3.28
2007-12-23,3.5
2007-12-24,3.99
2007-12-25,4.1
2007-12-26,4.1
2007-12-27,4.07
2007-12-28,4.04
2007-12-29,4.09
2007-12-30,4.18
2007-12-31,7.61
2008-01-01,28.3
2008-01-02,27.8
2008-01-03,26.5
2008-01-04,27.4
2008-01-05,27.9
2008-01-06,27.3
2008-01-07,27.6
2008-01-08,36.1
2008-01-09,85.8
2008-01-10,122
2008-01-11,160
2008-01-12,185
2008-01-13,191
2008-01-14,195
2008-01-15,199
2008-01-16,197
2008-01-17,195
2008-01-18,193
2008-01-19,188
2008-01-20,181
2008-01-21,177
2008-01-22,171
2008-01-23,165
2008-01-24,155
2008-01-25,137
2008-01-26,129
2008-01-27,122
2008-01-28,114
2008-01-29,109
2008-01-30,103
2008-01-31,99.4
2008-02-01,97.8
2008-02-02,96.3
2008-02-03,93.1
2008-02-04,89.6
2008-02-05,82.3
2008-02-06,68.1
2008-02-07,66.1
2008-02-08,64.8
2008-02-09,63.8
2008-02-10,63.6
2008-02-11,73.1
2008-02-12,63.5
2008-02-13,60.9
2008-02-14,56.4
2008-02-15,48.8
2008-02-16,51.6
2008-02-17,51.8
2008-02-18,53.4
2008-02-19,54.1
2008-02-20,54.3
2008-02-21,54.4
2008-02-22,54.3
2008-02-23,53.3
2008-02-24,52.3
2008-02-25,51.8
2008-02-26,54.1
2008-02-27,54.6
2008-02-28,52.7
2008-02-29,51
2008-03-01,49.8
2008-03-02,47.3
2008-03-03,45.5
2008-03-04,43.5
2008-03-05,39.8
2008-03-06,36.9
2008-03-07,37.5
2008-03-08,36.6
2008-03-09,35.5
2008-03-10,34
2008-03-11,32.2
2008-03-12,28.6
2008-03-13,25.5
2008-03-14,25.5
2008-03-15,24.2
2008-03-16,22.1
2008-03-17,18.9
2008-03-18,14.2
2008-03-19,15.2
2008-03-20,14.7
2008-03-21,13.7
2008-03-22,13.8
2008-03-23,13.2
2008-03-24,15.7
2008-03-25,14.4
2008-03-26,5.71
2008-03-27,5.02
2008-03-28,5.16
2008-03-29,5.07
2008-03-30,4.85
2008-03-31,7.65
2008-04-01,22.5
2008-04-02,28.4
2008-04-03,35.1
2008-04-04,41
2008-04-05,49.3
2008-04-06,53
2008-04-07,65.8
2008-04-08,85
2008-04-09,103
2008-04-10,118
2008-04-11,136
2008-04-12,172
2008-04-13,182
2008-04-14,203
2008-04-15,217
2008-04-16,223
2008-04-17,228
2008-04-18,231
2008-04-19,236
2008-04-20,241
2008-04-21,245
2008-04-22,247
2008-04-23,247
2008-04-24,245
2008-04-25,242
2008-04-26,238
2008-04-27,231
2008-04-28,226
2008-04-29,220
2008-04-30,232
2008-05-01,248
2008-05-02,213
2008-05-03,205
2008-05-04,206
2008-05-05,201
2008-05-06,190
2008-05-07,173
2008-05-08,178
2008-05-09,179
2008-05-10,179
2008-05-11,178
2008-05-12,176
2008-05-13,172
2008-05-14,163
2008-05-15,135
2008-05-16,72.6
2008-05-17,57.1
2008-05-18,57
2008-05-19,57.3
2008-05-20,56.8
2008-05-21,69.4
2008-05-22,77.5
2008-05-23,47.6
2008-05-24,39.5
2008-05-25,30.5
2008-05-26,27.1
2008-05-27,24.3
2008-05-28,24.6
2008-05-29,24.9
2008-05-30,22
2008-05-31,8.4
2008-06-01,7.47
2008-06-02,7.23
2008-06-03,7.09
2008-06-04,6.97
2008-06-05,6.97
2008-06-06,7.59
2008-06-07,7.81
2008-06-08,7.46
2008-06-09,10.8
2008-06-10,30.2
2008-06-11,43.8
2008-06-12,66.2
2008-06-13,63.1
2008-06-14,67.3
2008-06-15,60.5
2008-06-16,57
2008-06-17,54
2008-06-18,54.6
2008-06-19,60.9
2008-06-20,76
2008-06-21,74.2
2008-06-22,72.5
2008-06-23,70.4
2008-06-24,69.4
2008-06-25,49
2008-06-26,7.94
2008-06-27,7.4
2008-06-28,9.61
2008-06-29,9.62
2008-06-30,9.41
2008-07-01,9.32
2008-07-02,9.03
2008-07-03,8.99
2008-07-04,10.5
2008-07-05,16.9
2008-07-06,14
2008-07-07,10.5
2008-07-08,5.93
2008-07-09,5.45
2008-07-10,5.79
2008-07-11,6.19
2008-07-12,6.16
2008-07-13,6.14
2008-07-14,6.17
2008-07-15,6.2
2008-07-16,6.21
2008-07-17,6.05
2008-07-18,6.01
2008-07-19,5.99
2008-07-20,5.97
2008-07-21,6.48
2008-07-22,6.25
2008-07-23,6.08
2008-07-24,5.91
2008-07-25,5.19
2008-07-26,5.07
2008-07-27,5.01
2008-07-28,4.84
2008-07-29,3.77
2008-07-30,3.76
2008-07-31,3.67
2008-08-01,3.55
2008-08-02,3.52
2008-08-03,3.49
2008-08-04,3.47
2008-08-05,3.38
2008-08-06,2.29
2008-08-07,1.97
2008-08-08,2.22
2008-08-09,2.87
2008-08-10,4.05
2008-08-11,7.67
2008-08-12,29
2008-08-13,29.8
2008-08-14,33.5
2008-08-15,46.9
2008-08-16,48.8
2008-08-17,47.8
2008-08-18,46.9
2008-08-19,45.5
2008-08-20,31
2008-08-21,4.3
2008-08-22,2.79
2008-08-23,2.55
2008-08-24,2.47
2008-08-25,2.33
2008-08-26,2.27
2008-08-27,2.23
2008-08-28,2.18
2008-08-29,2.21
2008-08-30,2.14
2008-08-31,2.11
2008-09-01,2.09
2008-09-02,2.02
2008-09-03,1.91
2008-09-04,1.89
2008-09-05,1.88
2008-09-06,1.84
2008-09-07,1.82
2008-09-08,1.82
2008-09-09,1.95
2008-09-10,1.89
2008-09-11,1.88
2008-09-12,1.87
2008-09-13,1.87
2008-09-14,2.09
2008-09-15,13.4
2008-09-16,55.5
2008-09-17,56.7
2008-09-18,56.4
2008-09-19,56.4
2008-09-20,56.5
2008-09-21,55.6
2008-09-22,54.4
2008-09-23,37.5
2008-09-24,4.29
2008-09-25,2.5
2008-09-26,2.25
2008-09-27,2.12
2008-09-28,2.08
2008-09-29,2.03
2008-09-30,2.04
2008-10-01,2.04
2008-10-02,2
2008-10-03,1.96
2008-10-04,1.95
2008-10-05,1.95
2008-10-06,1.95
2008-10-07,1.94
2008-10-08,1.98
2008-10-09,2.23
2008-10-10,2.2
2008-10-11,2.17
2008-10-12,2.1
2008-10-13,1.97
2008-10-14,1.91
2008-10-15,1.89
2008-10-16,1.87
2008-10-17,1.84
2008-10-18,1.83
2008-10-19,1.8
2008-10-20,1.78
2008-10-21,1.86
2008-10-22,1.87
2008-10-23,1.85
2008-10-24,1.78
2008-10-25,1.81
2008-10-26,1.97
2008-10-27,3.46
2008-10-28,4.28
2008-10-29,3.7
2008-10-30,3.35
2008-10-31,3.41
2008-11-01,3.48
2008-11-02,3.46
2008-11-03,3.4
2008-11-04,3.39
2008-11-05,3.33
2008-11-06,3.21
2008-11-07,3.07
2008-11-08,3.42
2008-11-09,3.66
2008-11-10,7.37
2008-11-11,38.3
2008-11-12,37.5
2008-11-13,40.9
2008-11-14,45.5
2008-11-15,73
2008-11-16,78.3
2008-11-17,79
2008-11-18,88
2008-11-19,117
2008-11-20,115
2008-11-21,98
2008-11-22,65.9
2008-11-23,61.1
2008-11-24,48
2008-11-25,25.6
2008-11-26,27.7
2008-11-27,23.6
2008-11-28,19.6
2008-11-29,19.4
2008-11-30,19
2008-12-01,19
2008-12-02,19.1
2008-12-03,17.4
2008-12-04,5.18
2008-12-05,4.21
2008-12-06,4.17
2008-12-07,4.04
2008-12-08,3.98
2008-12-09,4.15
2008-12-10,4.79
2008-12-11,4.23
2008-12-12,3.99
2008-12-13,3.8
2008-12-14,3.77
2008-12-15,6.26
2008-12-16,20.5
2008-12-17,6.82
2008-12-18,18.5
2008-12-19,59.4
2008-12-20,57.3
2008-12-21,56.5
2008-12-22,56.4
2008-12-23,56.7
2008-12-24,57.6
2008-12-25,57
2008-12-26,56.1
2008-12-27,56.7
2008-12-28,86.2
2008-12-29,171
2008-12-30,182
2008-12-31,155
2009-01-01,145
2009-01-02,148
2009-01-03,156
2009-01-04,156
2009-01-05,154
2009-01-06,152
2009-01-07,150
2009-01-08,158
2009-01-09,147
2009-01-10,142
2009-01-11,136
2009-01-12,132
2009-01-13,117
2009-01-14,88.2
2009-01-15,83.9
2009-01-16,79.4
2009-01-17,67.6
2009-01-18,67.3
2009-01-19,66.6
2009-01-20,55.9
2009-01-21,22.9
2009-01-22,15.9
2009-01-23,5.29
2009-01-24,4.72
2009-01-25,4.68
2009-01-26,4.69
2009-01-27,4.7
2009-01-28,4.72
2009-01-29,4.68
2009-01-30,4.74
2009-01-31,4.76
2009-02-01,4.74
2009-02-02,4.71
2009-02-03,4.65
2009-02-04,4.61
2009-02-05,4.58
2009-02-06,4.57
2009-02-07,4.49
2009-02-08,4.44
2009-02-09,4.54
2009-02-10,4.51
2009-02-11,4.7
2009-02-12,5.9
2009-02-13,6.88
2009-02-14,6.87
2009-02-15,6.48
2009-02-16,6.29
2009-02-17,6.12
2009-02-18,5.95
2009-02-19,5.95
2009-02-20,5.89
2009-02-21,5.71
2009-02-22,5.58
2009-02-23,8.85
2009-02-24,20.5
2009-02-25,20
2009-02-26,17.5
2009-02-27,16.2
2009-02-28,14.9
2009-03-01,13.3
2009-03-02,13
2009-03-03,8.11
2009-03-04,7.75
2009-03-05,14.5
2009-03-06,27.2
2009-03-07,22.4
2009-03-08,23.3
2009-03-09,23.8
2009-03-10,23.4
2009-03-11,24.6
2009-03-12,24.9
2009-03-13,34.8
2009-03-14,53.3
2009-03-15,53.5
2009-03-16,52.8
2009-03-17,55.7
2009-03-18,67.3
2009-03-19,67.1
2009-03-20,67.2
2009-03-21,67.9
2009-03-22,67.8
2009-03-23,67
2009-03-24,67.6
2009-03-25,63.5
2009-03-26,60.2
2009-03-27,58.5
2009-03-28,58.8
2009-03-29,64.7
2009-03-30,77.4
2009-03-31,80.4
2009-04-01,87
2009-04-02,92.8
2009-04-03,105
2009-04-04,143
2009-04-05,165
2009-04-06,185
2009-04-07,190
2009-04-08,195
2009-04-09,198
2009-04-10,201
2009-04-11,200
2009-04-12,197
2009-04-13,194
2009-04-14,189
2009-04-15,167
2009-04-16,86.6
2009-04-17,43.8
2009-04-18,43.3
2009-04-19,43.1
2009-04-20,46.4
2009-04-21,49.1
2009-04-22,59.4
2009-04-23,72.5
2009-04-24,71.6
2009-04-25,74.2
2009-04-26,72.8
2009-04-27,71.7
2009-04-28,81.5
2009-04-29,114
2009-04-30,125
2009-05-01,146
2009-05-02,146
2009-05-03,143
2009-05-04,140
2009-05-05,134
2009-05-06,119
2009-05-07,83.4
2009-05-08,78.1
2009-05-09,77.6
2009-05-10,78.9
2009-05-11,80.2
2009-05-12,76.6
2009-05-13,70.9
2009-05-14,60.6
2009-05-15,61.3
2009-05-16,59
2009-05-17,57.2
2009-05-18,59.7
2009-05-19,54.3
2009-05-20,38.7
2009-05-21,32.3
2009-05-22,25.4
2009-05-23,20.1
2009-05-24,18.6
2009-05-25,19.3
2009-05-26,24.4
2009-05-27,25.3
2009-05-28,24.2
2009-05-29,20.3
2009-05-30,20.8
2009-05-31,21
2009-06-01,17.9
2009-06-02,5.68
2009-06-03,4.63
2009-06-04,4.5
2009-06-05,4.29
2009-06-06,4.13
2009-06-07,4.13
2009-06-08,4.2
2009-06-09,4.87
2009-06-10,4.85
2009-06-11,4.71
2009-06-12,4.57
2009-06-13,4.45
2009-06-14,4.36
2009-06-15,4.32
2009-06-16,4.32
2009-06-17,4.21
2009-06-18,4.16
2009-06-19,4.17
2009-06-20,4.44
2009-06-21,4.69
2009-06-22,4.6
2009-06-23,4.54
2009-06-24,4.41
2009-06-25,3.19
2009-06-26,2.87
2009-06-27,2.79
2009-06-28,2.79
2009-06-29,3
2009-06-30,2.96
2009-07-01,2.93
2009-07-02,2.87
2009-07-03,2.86
2009-07-04,2.75
2009-07-05,2.63
2009-07-06,2.75
2009-07-07,2.97
2009-07-08,2.97
2009-07-09,2.93
2009-07-10,2.82
2009-07-11,2.76
2009-07-12,2.68
2009-07-13,2.58
2009-07-14,2.51
2009-07-15,2.47
2009-07-16,2.43
2009-07-17,2.41
2009-07-18,2.37
2009-07-19,2.32
2009-07-20,2.31
2009-07-21,2.3
2009-07-22,2.29
2009-07-23,2.42
2009-07-24,4.5
2009-07-25,23.8
2009-07-26,25.5
2009-07-27,23.5
2009-07-28,19.8
2009-07-29,4.48
2009-07-30,32
2009-07-31,77.1
2009-08-01,27.4
2009-08-02,41.3
2009-08-03,36.1
2009-08-04,5.63
2009-08-05,3.02
2009-08-06,2.91
2009-08-07,2.81
2009-08-08,2.23
2009-08-09,2.28
2009-08-10,2.35
2009-08-11,2.33
2009-08-12,2.33
2009-08-13,2.32
2009-08-14,2.25
2009-08-15,2.17
2009-08-16,2.13
2009-08-17,2.11
2009-08-18,2.12
2009-08-19,2.13
2009-08-20,2.29
2009-08-21,2.65
2009-08-22,2.32
2009-08-23,2.18
2009-08-24,2.15
2009-08-25,2.14
2009-08-26,2.15
2009-08-27,2.15
2009-08-28,2.15
2009-08-29,2.24
2009-08-30,2.28
2009-08-31,2.21
2009-09-01,2.18
2009-09-02,2.18
2009-09-03,2.18
2009-09-04,2.18
2009-09-05,2.18
2009-09-06,2.18
2009-09-07,2.18
2009-09-08,2.17
2009-09-09,2.17
2009-09-10,2.18
2009-09-11,2.2
2009-09-12,2.17
2009-09-13,2.15
2009-09-14,2.14
2009-09-15,2.14
2009-09-16,2.16
2009-09-17,2.17
2009-09-18,2.17
2009-09-19,2.17
2009-09-20,2.17
2009-09-21,2.19
2009-09-22,2.2
2009-09-23,2.52
2009-09-24,2.39
2009-09-25,2.26
2009-09-26,2.24
2009-09-27,2.24
2009-09-28,2.53
2009-09-29,2.6
2009-09-30,2.39
2009-10-01,2.31
2009-10-02,2.28
2009-10-03,2.33
2009-10-04,2.44
2009-10-05,2.63
2009-10-06,2.75
2009-10-07,3.47
2009-10-08,3.76
2009-10-09,3.18
2009-10-10,3.16
2009-10-11,2.98
2009-10-12,2.86
2009-10-13,3.84
2009-10-14,9.57
2009-10-15,10.7
2009-10-16,10.2
2009-10-17,5.05
2009-10-18,4.32
2009-10-19,3.87
2009-10-20,3.54
2009-10-21,3.4
2009-10-22,3.54
2009-10-23,3.58
2009-10-24,3.57
2009-10-25,3.61
2009-10-26,3.66
2009-10-27,3.53
2009-10-28,3.26
2009-10-29,3.01
2009-10-30,3.2
2009-10-31,4.32
2009-11-01,4.59
2009-11-02,4.16
2009-11-03,4.05
2009-11-04,5.78
2009-11-05,17.7
2009-11-06,23.3
2009-11-07,38.2
2009-11-08,40
2009-11-09,39.8
2009-11-10,36.5
2009-11-11,21.6
2009-11-12,19.6
2009-11-13,15.8
2009-11-14,4.24
2009-11-15,2.74
2009-11-16,2.55
2009-11-17,2.52
2009-11-18,2.51
2009-11-19,2.44
2009-11-20,3.15
2009-11-21,3.98
2009-11-22,3.84
2009-11-23,16.1
2009-11-24,57.2
2009-11-25,57.3
2009-11-26,66.9
2009-11-27,88.2
2009-11-28,95.7
2009-11-29,93.5
2009-11-30,90.6
2009-12-01,88
2009-12-02,89.8
2009-12-03,86.7
2009-12-04,78.5
2009-12-05,77.4
2009-12-06,76.6
2009-12-07,76.8
2009-12-08,68.6
2009-12-09,62.5
2009-12-10,66.2
2009-12-11,74
2009-12-12,74.6
2009-12-13,72.5
2009-12-14,71.5
2009-12-15,71.2
2009-12-16,69.4
2009-12-17,68.7
2009-12-18,59.9
2009-12-19,46.1
2009-12-20,44.4
2009-12-21,38.8
2009-12-22,23.1
2009-12-23,18.5
2009-12-24,4.97
2009-12-25,3.72
2009-12-26,4.1
2009-12-27,13
2009-12-28,12.5
2009-12-29,11.3
2009-12-30,13.5
2009-12-31,17.7
2010-01-01,23
2010-01-02,23
2010-01-03,22.1
2010-01-04,18.7
2010-01-05,5.52
2010-01-06,4.65
2010-01-07,4.71
2010-01-08,4.75
2010-01-09,3.68
2010-01-10,3.45
2010-01-11,3.4
2010-01-12,3.4
2010-01-13,3.39
2010-01-14,3.36
2010-01-15,3.28
2010-01-16,3.21
2010-01-17,3.18
2010-01-18,3.14
2010-01-19,3.13
2010-01-20,3.11
2010-01-21,3.07
2010-01-22,3.04
2010-01-23,3.05
2010-01-24,3.06
2010-01-25,3.47
2010-01-26,4.11
2010-01-27,4.29
2010-01-28,4.3
2010-01-29,4.2
2010-01-30,4.16
2010-01-31,4.16
2010-02-01,4.18
2010-02-02,4.14
2010-02-03,4.09
2010-02-04,4.05
2010-02-05,3.97
2010-02-06,3.85
2010-02-07,3.73
2010-02-08,3.66
2010-02-09,3.61
2010-02-10,3.56
2010-02-11,3.49
2010-02-12,3.46
2010-02-13,3.44
2010-02-14,3.37
2010-02-15,3.33
2010-02-16,3.28
2010-02-17,3.24
2010-02-18,3.2
2010-02-19,3.15
2010-02-20,3.1
2010-02-21,3.08
2010-02-22,3.08
2010-02-23,6.18
2010-02-24,18
2010-02-25,17.4
2010-02-26,16.9
2010-02-27,16.5
2010-02-28,15.5
2010-03-01,15.5
2010-03-02,14.3
2010-03-03,15
2010-03-04,15.3
2010-03-05,15.7
2010-03-06,15.7
2010-03-07,15.8
2010-03-08,16.4
2010-03-09,21.3
2010-03-10,28.9
2010-03-11,30.7
2010-03-12,31.4
2010-03-13,33.8
2010-03-14,37.9
2010-03-15,46.7
2010-03-16,68.3
2010-03-17,59.7
2010-03-18,25.8
2010-03-19,22.3
2010-03-20,9.02
2010-03-21,7.49
2010-03-22,6.63
2010-03-23,6.08
2010-03-24,5.76
2010-03-25,5.42
2010-03-26,5.02
2010-03-27,4.68
2010-03-28,4.41
2010-03-29,4.3
2010-03-30,4.15
2010-03-31,3.92
2010-04-01,3.76
2010-04-02,3.69
2010-04-03,3.61
2010-04-04,3.51
2010-04-05,3.5
2010-04-06,3.56
2010-04-07,5.63
2010-04-08,16.8
2010-04-09,18.6
2010-04-10,16.8
2010-04-11,15.8
2010-04-12,15.2
2010-04-13,14.6
2010-04-14,14.2
2010-04-15,13.9
2010-04-16,13.8
2010-04-17,13.4
2010-04-18,12.8
2010-04-19,13.1
2010-04-20,14.1
2010-04-21,17
2010-04-22,16.7
2010-04-23,16.9
2010-04-24,17.5
2010-04-25,17.5
2010-04-26,16.4
2010-04-27,11
2010-04-28,10.7
2010-04-29,10.8
2010-04-30,11.1
2010-05-01,11.4
2010-05-02,11.4
2010-05-03,11.7
2010-05-04,11.7
2010-05-05,11.5
2010-05-06,11.8
2010-05-07,12.2
2010-05-08,11.8
2010-05-09,11.9
2010-05-10,12.3
2010-05-11,11.6
2010-05-12,11.1
2010-05-13,11.1
2010-05-14,12.1
2010-05-15,12.3
2010-05-16,12.3
2010-05-17,12.2
2010-05-18,11.8
2010-05-19,11.1
2010-05-20,10.8
2010-05-21,10.1
2010-05-22,9.91
2010-05-23,9.95
2010-05-24,10.5
2010-05-25,10.4
2010-05-26,9.9
2010-05-27,10.8
2010-05-28,10.9
2010-05-29,10.4
2010-05-30,10.2
2010-05-31,9.51
2010-06-01,8.14
2010-06-02,3.25
2010-06-03,2.64
2010-06-04,2.56
2010-06-05,2.55
2010-06-06,2.62
2010-06-07,2.62
2010-06-08,2.58
2010-06-09,2.57
2010-06-10,2.57
2010-06-11,2.57
2010-06-12,3.25
2010-06-13,3.37
2010-06-14,3.15
2010-06-15,2.91
2010-06-16,2.96
2010-06-17,3.09
2010-06-18,2.76
2010-06-19,2.53
2010-06-20,2.48
2010-06-21,2.43
2010-06-22,2.38
2010-06-23,3.01
2010-06-24,5.1
2010-06-25,12.5
2010-06-26,28.3
2010-06-27,28.7
2010-06-28,30.2
2010-06-29,40
2010-06-30,45.6
2010-07-01,33.3
2010-07-02,26.2
2010-07-03,6.12
2010-07-04,4.31
2010-07-05,3.96
2010-07-06,3.81
2010-07-07,3.63
2010-07-08,3.55
2010-07-09,3.56
2010-07-10,3.47
2010-07-11,3.35
2010-07-12,6.12
2010-07-13,18.7
2010-07-14,18.6
2010-07-15,16.9
2010-07-16,4.76
2010-07-17,3.48
2010-07-18,3.35
2010-07-19,3.32
2010-07-20,3.31
2010-07-21,3.29
2010-07-22,3.24
2010-07-23,3.22
2010-07-24,3.22
2010-07-25,3.21
2010-07-26,3.19
2010-07-27,3.19
2010-07-28,3.18
2010-07-29,3.15
2010-07-30,3.09
2010-07-31,3.07
2010-08-01,3.06
2010-08-02,3.06
2010-08-03,3.13
2010-08-04,3.13
2010-08-05,3.13
2010-08-06,3.13
2010-08-07,3.2
2010-08-08,3.65
2010-08-09,3.82
2010-08-10,3.51
2010-08-11,3.4
2010-08-12,3.24
2010-08-13,3.2
2010-08-14,3.18
2010-08-15,3.13
2010-08-16,3.17
2010-08-17,3.4
2010-08-18,3.28
2010-08-19,3.22
2010-08-20,3.25
2010-08-21,3.26
2010-08-22,3.31
2010-08-23,3.3
2010-08-24,3.28
2010-08-25,3.26
2010-08-26,3.23
2010-08-27,3.2
2010-08-28,3.2
2010-08-29,3.26
2010-08-30,3.22
2010-08-31,3.22
2010-09-01,3.22
2010-09-02,3.28
2010-09-03,3.29
2010-09-04,3.36
2010-09-05,3.52
2010-09-06,3.4
2010-09-07,3.38
2010-09-08,3.35
2010-09-09,3.34
2010-09-10,3.3
2010-09-11,3.28
2010-09-12,3.33
2010-09-13,3.43
2010-09-14,3.36
2010-09-15,3.33
2010-09-16,3.39
2010-09-17,3.49
2010-09-18,3.42
2010-09-19,3.38
2010-09-20,3.34
2010-09-21,3.42
2010-09-22,4.57
2010-09-23,4.27
2010-09-24,4.27
2010-09-25,4.18
2010-09-26,3.89
2010-09-27,3.63
2010-09-28,3.71
2010-09-29,3.96
2010-09-30,10.9
2010-10-01,31.7
2010-10-02,34.7
2010-10-03,33.7
2010-10-04,23.3
2010-10-05,4.49
2010-10-06,3.24
2010-10-07,3.14
2010-10-08,3.11
2010-10-09,2.99
2010-10-10,2.85
2010-10-11,2.81
2010-10-12,2.73
2010-10-13,2.69
2010-10-14,2.69
2010-10-15,2.67
2010-10-16,2.65
2010-10-17,2.65
2010-10-18,2.62
2010-10-19,2.79
2010-10-20,3.19
2010-10-21,3.15
2010-10-22,3.37
2010-10-23,3.49
2010-10-24,3.57
2010-10-25,3.74
2010-10-26,4.04
2010-10-27,4.12
2010-10-28,3.98
2010-10-29,3.87
2010-10-30,3.86
2010-10-31,4.03
2010-11-01,4.02
2010-11-02,3.7
2010-11-03,3.49
2010-11-04,3.3
2010-11-05,3.33
2010-11-06,3.38
2010-11-07,3.38
2010-11-08,3.33
2010-11-09,3.53
2010-11-10,3.32
2010-11-11,3.13
2010-11-12,3.07
2010-11-13,3.06
2010-11-14,3.13
2010-11-15,2.99
2010-11-16,2.89
2010-11-17,3.27
2010-11-18,3.47
2010-11-19,3.48
2010-11-20,3.58
2010-11-21,3.67
2010-11-22,3.68
2010-11-23,4.55
2010-11-24,4.88
2010-11-25,4.95
2010-11-26,5.5
2010-11-27,5.86
2010-11-28,5.72
2010-11-29,22.4
2010-11-30,69.4
2010-12-01,87.9
2010-12-02,153
2010-12-03,173
2010-12-04,172
2010-12-05,173
2010-12-06,171
2010-12-07,167
2010-12-08,166
2010-12-09,160
2010-12-10,139
2010-12-11,94.2
2010-12-12,89
2010-12-13,87.2
2010-12-14,77.5
2010-12-15,53.5
2010-12-16,50.6
2010-12-17,41.7
2010-12-18,27.3
2010-12-19,26.5
2010-12-20,25.8
2010-12-21,23.2
2010-12-22,19.7
2010-12-23,6.23
2010-12-24,5.08
2010-12-25,4.99
2010-12-26,4.94
2010-12-27,4.83
2010-12-28,4.85
2010-12-29,4.94
2010-12-30,4.79
2010-12-31,4.74
2011-01-01,5.8
2011-01-02,7.2
2011-01-03,6.9
2011-01-04,19.3
2011-01-05,48.5
2011-01-06,45.2
2011-01-07,43.2
2011-01-08,42.2
2011-01-09,40
2011-01-10,40.2
2011-01-11,40.4
2011-01-12,28.9
2011-01-13,6.29
2011-01-14,5.35
2011-01-15,5.19
2011-01-16,5.05
2011-01-17,4.93
2011-01-18,4.97
2011-01-19,5.21
2011-01-20,5.23
2011-01-21,5.11
2011-01-22,5.03
2011-01-23,5.01
2011-01-24,4.99
2011-01-25,4.98
2011-01-26,4.99
2011-01-27,4.97
2011-01-28,4.91
2011-01-29,4.85
2011-01-30,4.78
2011-01-31,4.74
2011-02-01,4.77
2011-02-02,4.84
2011-02-03,4.92
2011-02-04,4.99
2011-02-05,4.98
2011-02-06,4.94
2011-02-07,4.92
2011-02-08,4.92
2011-02-09,4.93
2011-02-10,4.97
2011-02-11,4.92
2011-02-12,4.95
2011-02-13,4.96
2011-02-14,4.98
2011-02-15,4.94
2011-02-16,4.88
2011-02-17,4.83
2011-02-18,5.16
2011-02-19,5.28
2011-02-20,5.3
2011-02-21,5.34
2011-02-22,5.35
2011-02-23,5.27
2011-02-24,5.16
2011-02-25,5.17
2011-02-26,5.18
2011-02-27,5.18
2011-02-28,5.18
2011-03-01,5.15
2011-03-02,5.04
2011-03-03,5.03
2011-03-04,4.99
2011-03-05,5.27
2011-03-06,5.52
2011-03-07,5.51
2011-03-08,5.45
2011-03-09,5.45
2011-03-10,5.63
2011-03-11,6.51
2011-03-12,7.28
2011-03-13,7.38
2011-03-14,7.21
2011-03-15,13.6
2011-03-16,36.6
2011-03-17,38.6
2011-03-18,50.5
2011-03-19,63.6
2011-03-20,62.9
2011-03-21,62.4
2011-03-22,76.4
2011-03-23,79.8
2011-03-24,79.9
2011-03-25,72.6
2011-03-26,62.7
2011-03-27,61.3
2011-03-28,60.7
2011-03-29,44
2011-03-30,7.11
2011-03-31,5.51
2011-04-01,5.25
2011-04-02,5.2
2011-04-03,5.53
2011-04-04,6.46
2011-04-05,7.42
2011-04-06,7.37
2011-04-07,7.15
2011-04-08,6.96
2011-04-09,6.8
2011-04-10,7.38
2011-04-11,15.4
2011-04-12,11.9
2011-04-13,10.8
2011-04-14,7.88
2011-04-15,8.76
2011-04-16,6.34
2011-04-17,5.88
2011-04-18,5.76
2011-04-19,8.64
2011-04-20,17.1
2011-04-21,15.5
2011-04-22,15.8
2011-04-23,16.1
2011-04-24,14.9
2011-04-25,14.9
2011-04-26,25.6
2011-04-27,53.5
2011-04-28,72
2011-04-29,125
2011-04-30,146
2011-05-01,146
2011-05-02,145
2011-05-03,142
2011-05-04,144
2011-05-05,134
2011-05-06,101
2011-05-07,95.9
2011-05-08,92.9
2011-05-09,89.8
2011-05-10,83
2011-05-11,55.8
2011-05-12,52.5
2011-05-13,48.8
2011-05-14,48.3
2011-05-15,49.8
2011-05-16,58.5
2011-05-17,88.3
2011-05-18,90.6
2011-05-19,88.3
2011-05-20,83.9
2011-05-21,72.7
2011-05-22,73.6
2011-05-23,74.3
2011-05-24,76.8
2011-05-25,91
2011-05-26,132
2011-05-27,153
2011-05-28,182
2011-05-29,187
2011-05-30,191
2011-05-31,193
2011-06-01,191
2011-06-02,186
2011-06-03,168
2011-06-04,129
2011-06-05,124
2011-06-06,93.5
2011-06-07,39.1
2011-06-08,6.71
2011-06-09,3.72
2011-06-10,3.32
2011-06-11,3.14
2011-06-12,2.99
2011-06-13,2.88
2011-06-14,2.78
2011-06-15,2.7
2011-06-16,2.64
2011-06-17,2.53
2011-06-18,2.45
2011-06-19,2.43
2011-06-20,2.46
2011-06-21,2.46
2011-06-22,2.44
2011-06-23,2.46
2011-06-24,2.48
2011-06-25,2.48
2011-06-26,2.48
2011-06-27,2.47
2011-06-28,2.45
2011-06-29,2.37
2011-06-30,2.33
2011-07-01,2.31
2011-07-02,2.3
2011-07-03,2.27
2011-07-04,2.28
2011-07-05,2.26
2011-07-06,2.29
2011-07-07,2.28
2011-07-08,2.22
2011-07-09,2.2
2011-07-10,2.2
2011-07-11,2.2
2011-07-12,2.21
2011-07-13,2.21
2011-07-14,2.2
2011-07-15,2.2
2011-07-16,2.23
2011-07-17,2.23
2011-07-18,2.4
2011-07-19,2.31
2011-07-20,2.26
2011-07-21,2.26
2011-07-22,2.28
2011-07-23,2.28
2011-07-24,2.27
2011-07-25,2.33
2011-07-26,2.31
2011-07-27,2.29
2011-07-28,2.27
2011-07-29,2.32
2011-07-30,2.33
2011-07-31,2.31
2011-08-01,2.24
2011-08-02,2.25
2011-08-03,2.6
2011-08-04,2.51
2011-08-05,2.4
2011-08-06,2.36
2011-08-07,2.32
2011-08-08,2.31
2011-08-09,2.34
2011-08-10,2.39
2011-08-11,2.39
2011-08-12,2.35
2011-08-13,2.4
2011-08-14,2.49
2011-08-15,2.44
2011-08-16,2.4
2011-08-17,2.39
2011-08-18,2.46
2011-08-19,2.42
2011-08-20,2.44
2011-08-21,2.49
2011-08-22,2.45
2011-08-23,2.39
2011-08-24,2.4
2011-08-25,2.41
2011-08-26,2.36
2011-08-27,2.35
2011-08-28,2.33
2011-08-29,2.31
2011-08-30,2.31
2011-08-31,2.35
2011-09-01,2.32
2011-09-02,2.27
2011-09-03,2.26
2011-09-04,2.34
2011-09-05,2.26
2011-09-06,2.25
2011-09-07,2.25
2011-09-08,2.25
2011-09-09,2.24
2011-09-10,2.22
2011-09-11,2.19
2011-09-12,2.19
2011-09-13,2.25
2011-09-14,2.21
2011-09-15,2.19
2011-09-16,2.2
2011-09-17,2.18
2011-09-18,2.17
2011-09-19,2.2
2011-09-20,2.23
2011-09-21,2.14
2011-09-22,2.07
2011-09-23,2.08
2011-09-24,2.12
2011-09-25,2.09
2011-09-26,2.05
2011-09-27,1.95
2011-09-28,1.93
2011-09-29,1.88
2011-09-30,2.13
2011-10-01,2.12
2011-10-02,1.97
2011-10-03,2.11
2011-10-04,2.11
2011-10-05,1.98
2011-10-06,1.87
2011-10-07,1.8
2011-10-08,1.79
2011-10-09,1.79
2011-10-10,1.77
2011-10-11,1.77
2011-10-12,1.72
2011-10-13,1.61
2011-10-14,1.54
2011-10-15,1.93
2011-10-16,3
2011-10-17,26
2011-10-18,82.2
2011-10-19,83.7
2011-10-20,89
2011-10-21,74.2
2011-10-22,41.9
2011-10-23,45.1
2011-10-24,45.8
2011-10-25,47.1
2011-10-26,45.9
2011-10-27,46.9
2011-10-28,47
2011-10-29,46.2
2011-10-30,44.1
2011-10-31,29.7
2011-11-01,3.97
2011-11-02,2.37
2011-11-03,2.15
2011-11-04,2.03
2011-11-05,1.94
2011-11-06,1.88
2011-11-07,1.84
2011-11-08,1.79
2011-11-09,1.7
2011-11-10,1.64
2011-11-11,1.62
2011-11-12,1.58
2011-11-13,1.58
2011-11-14,1.68
2011-11-15,1.72
2011-11-16,1.78
2011-11-17,1.7
2011-11-18,1.76
2011-11-19,1.75
2011-11-20,2.17
2011-11-21,2.39
2011-11-22,2.28
2011-11-23,2.13
2011-11-24,2.03
2011-11-25,2
2011-11-26,1.95
2011-11-27,2.06
2011-11-28,2.46
2011-11-29,3.14
2011-11-30,5.62
2011-12-01,5.79
2011-12-02,10.3
2011-12-03,42
2011-12-04,43.5
2011-12-05,63.2
2011-12-06,82.5
2011-12-07,64.7
2011-12-08,65.2
2011-12-09,65.8
2011-12-10,69.5
2011-12-11,69.1
2011-12-12,67.4
2011-12-13,65.9
2011-12-14,71.2
2011-12-15,86.4
2011-12-16,91.5
2011-12-17,99.2
2011-12-18,97.7
2011-12-19,93.2
2011-12-20,93
2011-12-21,79.1
2011-12-22,48.2
2011-12-23,50.1
2011-12-24,52.4
2011-12-25,49.8
2011-12-26,47.2
2011-12-27,44.7
2011-12-28,40
2011-12-29,23.2
2011-12-30,21.2
2011-12-31,19.9
2012-01-01,18.5
2012-01-02,18.3
2012-01-03,17.8
2012-01-04,14.3
2012-01-05,3.57
2012-01-06,2.53
2012-01-07,2.44
2012-01-08,2.38
2012-01-09,2.36
2012-01-10,2.33
2012-01-11,2.2
2012-01-12,2.18
2012-01-13,2.22
2012-01-14,2.18
2012-01-15,2.12
2012-01-16,2.09
2012-01-17,2.08
2012-01-18,2.13
2012-01-19,2.1
2012-01-20,2.09
2012-01-21,2.03
2012-01-22,2.01
2012-01-23,2.06
2012-01-24,2.31
2012-01-25,2.35
2012-01-26,2.35
2012-01-27,2.36
2012-01-28,2.37
2012-01-29,2.42
2012-01-30,2.36
2012-01-31,2.32
2012-02-01,2.34
2012-02-02,2.35
2012-02-03,2.35
2012-02-04,2.37
2012-02-05,2.28
2012-02-06,2.24
2012-02-07,2.22
2012-02-08,2.16
2012-02-09,2.14
2012-02-10,2.13
2012-02-11,2.09
2012-02-12,2.02
2012-02-13,1.99
2012-02-14,1.96
2012-02-15,1.97
2012-02-16,1.94
2012-02-17,1.94
2012-02-18,1.96
2012-02-19,1.95
2012-02-20,1.9
2012-02-21,1.86
2012-02-22,1.92
2012-02-23,1.92
2012-02-24,1.95
2012-02-25,2
2012-02-26,1.94
2012-02-27,1.91
2012-02-28,1.9
2012-02-29,1.88
2012-03-01,1.9
2012-03-02,1.87
2012-03-03,2.08
2012-03-04,2.18
2012-03-05,2.21
2012-03-06,2.16
2012-03-07,2.18
2012-03-08,2.97
2012-03-09,3.79
2012-03-10,3.82
2012-03-11,3.74
2012-03-12,8.08
2012-03-13,33.4
2012-03-14,36.6
2012-03-15,54.7
2012-03-16,86.5
2012-03-17,90.7
2012-03-18,92.6
2012-03-19,93.6
2012-03-20,99.7
2012-03-21,108
2012-03-22,115
2012-03-23,119
2012-03-24,123
2012-03-25,125
2012-03-26,126
2012-03-27,110
2012-03-28,59.9
2012-03-29,40.5
2012-03-30,37.9
2012-03-31,36.6
2012-04-01,35.1
2012-04-02,31.7
2012-04-03,24.4
2012-04-04,22
2012-04-05,17.8
2012-04-06,17.9
2012-04-07,17.9
2012-04-08,17.9
2012-04-09,17.9
2012-04-10,18.2
2012-04-11,18.1
2012-04-12,17.6
2012-04-13,17.2
2012-04-14,16.8
2012-04-15,16.6
2012-04-16,17.4
2012-04-17,17.4
2012-04-18,18.7
2012-04-19,18.3
2012-04-20,18.1
2012-04-21,17.8
2012-04-22,17.2
2012-04-23,17.5
2012-04-24,17.7
2012-04-25,18.4
2012-04-26,18.7
2012-04-27,18.8
2012-04-28,18.6
2012-04-29,18.5
2012-04-30,18.4
2012-05-01,17.6
2012-05-02,17.7
2012-05-03,19.5
2012-05-04,21.1
2012-05-05,20.7
2012-05-06,20
2012-05-07,19.1
2012-05-08,18.8
2012-05-09,17.9
2012-05-10,17.4
2012-05-11,13.4
2012-05-12,12.7
2012-05-13,12.1
2012-05-14,13.2
2012-05-15,16.5
2012-05-16,16.2
2012-05-17,15.8
2012-05-18,16.3
2012-05-19,16.6
2012-05-20,16.8
2012-05-21,16.8
2012-05-22,16.5
2012-05-23,16.1
2012-05-24,15.8
2012-05-25,15.8
2012-05-26,16.2
2012-05-27,16.3
2012-05-28,16.4
2012-05-29,15.6
2012-05-30,13.8
2012-05-31,9.19
2012-06-01,10.3
2012-06-02,10.6
2012-06-03,10.7
2012-06-04,10.7
2012-06-05,10.4
2012-06-06,9.32
2012-06-07,6.57
2012-06-08,6.18
2012-06-09,6.13
2012-06-10,6.07
2012-06-11,5.14
2012-06-12,2.13
2012-06-13,1.39
2012-06-14,1.22
2012-06-15,1.17
2012-06-16,1.15
2012-06-17,1.15
2012-06-18,1.14
2012-06-19,1.19
2012-06-20,1.16
2012-06-21,1.1
2012-06-22,1.09
2012-06-23,1.08
2012-06-24,1.13
2012-06-25,1.16
2012-06-26,1.13
2012-06-27,1.11
2012-06-28,1.1
2012-06-29,1.1
2012-06-30,1.12
2012-07-01,1.12
2012-07-02,1.12
2012-07-03,1.11
2012-07-04,1.13
2012-07-05,1.14
2012-07-06,1.12
2012-07-07,1.13
2012-07-08,1.13
2012-07-09,1.14
2012-07-10,1.16
2012-07-11,1.16
2012-07-12,1.16
2012-07-13,1.18
2012-07-14,1.19
2012-07-15,1.21
2012-07-16,1.22
2012-07-17,1.22
2012-07-18,1.22
2012-07-19,1.22
2012-07-20,1.22
2012-07-21,1.22
2012-07-22,1.22
2012-07-23,1.25
2012-07-24,1.24
2012-07-25,1.22
2012-07-26,1.26
2012-07-27,1.25
2012-07-28,1.23
2012-07-29,1.23
2012-07-30,1.26
2012-07-31,1.37
2012-08-01,1.35
2012-08-02,1.3
2012-08-03,1.3
2012-08-04,1.29
2012-08-05,1.37
2012-08-06,1.3
2012-08-07,1.29
2012-08-08,1.29
2012-08-09,1.3
2012-08-10,1.37
2012-08-11,1.48
2012-08-12,1.49
2012-08-13,1.38
2012-08-14,1.37
2012-08-15,1.36
2012-08-16,1.34
2012-08-17,1.4
2012-08-18,1.35
2012-08-19,1.34
2012-08-20,1.32
2012-08-21,1.31
2012-08-22,1.31
2012-08-23,1.31
2012-08-24,1.31
2012-08-25,1.32
2012-08-26,1.31
2012-08-27,1.32
2012-08-28,1.3
2012-08-29,1.27
2012-08-30,1.28
2012-08-31,1.27
2012-09-01,1.28
2012-09-02,1.27
2012-09-03,1.27
2012-09-04,1.3
2012-09-05,1.29
2012-09-06,1.26
2012-09-07,1.27
2012-09-08,1.55
2012-09-09,1.38
2012-09-10,1.27
2012-09-11,1.24
2012-09-12,1.24
2012-09-13,1.24
2012-09-14,1.26
2012-09-15,1.25
2012-09-16,1.24
2012-09-17,1.24
2012-09-18,1.25
2012-09-19,1.23
2012-09-20,1.24
2012-09-21,1.25
2012-09-22,1.29
2012-09-23,1.27
2012-09-24,1.26
2012-09-25,1.25
2012-09-26,1.21
2012-09-27,1.18
2012-09-28,1.15
2012-09-29,1.15
2012-09-30,1.19
2012-10-01,1.17
2012-10-02,1.15
2012-10-03,1.14
2012-10-04,1.14
2012-10-05,1.08
2012-10-06,1.05
2012-10-07,1.04
2012-10-08,1.11
2012-10-09,1.09
2012-10-10,1.11
2012-10-11,1.21
2012-10-12,1.27
2012-10-13,1.21
2012-10-14,1.44
2012-10-15,1.99
2012-10-16,2.06
2012-10-17,1.83
2012-10-18,1.59
2012-10-19,1.44
2012-10-20,1.31
2012-10-21,1.31
2012-10-22,1.26
2012-10-23,1.23
2012-10-24,1.18
2012-10-25,1.11
2012-10-26,1.04
2012-10-27,0.999
2012-10-28,0.992
2012-10-29,1.14
2012-10-30,1.4
2012-10-31,1.65
2012-11-01,1.89
2012-11-02,1.89
2012-11-03,1.79
2012-11-04,1.77
2012-11-05,1.83
2012-11-06,1.85
2012-11-07,1.82
2012-11-08,1.8
2012-11-09,1.77
2012-11-10,1.78
2012-11-11,2.09
2012-11-12,2.49
2012-11-13,3.36
2012-11-14,3.52
2012-11-15,3.3
2012-11-16,3.11
2012-11-17,2.96
2012-11-18,2.89
2012-11-19,2.92
2012-11-20,2.93
2012-11-21,2.85
2012-11-22,2.69
2012-11-23,2.58
2012-11-24,2.52
2012-11-25,2.38
2012-11-26,2.32
2012-11-27,2.24
2012-11-28,2.21
2012-11-29,2.17
2012-11-30,2.1
2012-12-01,2.05
2012-12-02,2.46
2012-12-03,3.94
2012-12-04,4.35
2012-12-05,4.26
2012-12-06,6.56
2012-12-07,18.3
2012-12-08,24
2012-12-09,22.9
2012-12-10,23.2
2012-12-11,21.7
2012-12-12,13.8
2012-12-13,13
2012-12-14,12.3
2012-12-15,11.4
2012-12-16,11.5
2012-12-17,11.6
2012-12-18,12
2012-12-19,12.3
2012-12-20,12.7
2012-12-21,13
2012-12-22,12
2012-12-23,11.5
2012-12-24,11.5
2012-12-25,11.2
2012-12-26,10.6
2012-12-27,9.58
2012-12-28,6.87
2012-12-29,6.4
2012-12-30,6.16
2012-12-31,6.2
2013-01-01,6
2013-01-02,6
2013-01-03,6.17
2013-01-04,5.99
2013-01-05,6.53
2013-01-06,6.72
2013-01-07,6.35
2013-01-08,5.84
2013-01-09,2.7
2013-01-10,1.92
2013-01-11,2
2013-01-12,2.59
2013-01-13,3.33
2013-01-14,5.36
2013-01-15,9.41
2013-01-16,9.24
2013-01-17,9.41
2013-01-18,9.31
2013-01-19,9.59
2013-01-20,9.63
2013-01-21,10.6
2013-01-22,10.5
2013-01-23,11.4
2013-01-24,10.6
2013-01-25,9.62
2013-01-26,9.16
2013-01-27,8.5
2013-01-28,8.26
2013-01-29,26.6
2013-01-30,47.6
2013-01-31,48.2
2013-02-01,46.4
2013-02-02,45.8
2013-02-03,46.2
2013-02-04,47.6
2013-02-05,44.3
2013-02-06,44.2
2013-02-07,44.4
2013-02-08,45.5
2013-02-09,45.9
2013-02-10,45.7
2013-02-11,48
2013-02-12,51.3
2013-02-13,50.5
2013-02-14,57.2
2013-02-15,72.4
2013-02-16,70
2013-02-17,68.4
2013-02-18,67.1
2013-02-19,65.8
2013-02-20,64.9
2013-02-21,62
2013-02-22,58.1
2013-02-23,55.3
2013-03-01,34.6
2013-03-02,33.2
2013-03-03,31.3
2013-03-04,25.2
2013-03-05,17.1
2013-03-06,17.1
2013-03-07,16.7
2013-03-08,15.8
2013-03-09,14.4
2013-03-10,13.3
2013-03-11,19.8
2013-03-12,38.7
2013-03-13,40.8
2013-03-14,42.3
2013-03-15,43.2
2013-03-16,43.4
2013-03-17,43.2
2013-03-18,42.6
2013-03-19,42.4
2013-03-20,42.3
2013-03-21,41.8
2013-03-22,40.7
2013-03-23,39.7
2013-03-24,39.1
2013-03-25,42.5
2013-03-26,49.6
2013-03-27,50
2013-03-28,48.8
2013-03-29,47.5
2013-03-30,46.6
2013-03-31,46.4
2013-04-01,47
2013-04-02,47
2013-04-03,46.3
2013-04-04,46.4
2013-04-05,42.9
2013-04-06,38.8
2013-04-07,39.3
2013-04-08,40.7
2013-04-09,46.6
2013-04-10,51.3
2013-04-11,54.3
2013-04-12,57.7
2013-04-13,59.8
2013-04-14,61.5
2013-04-15,64.3
2013-04-16,71.9
2013-04-17,88.1
2013-04-18,119
2013-04-19,160
2013-04-20,192
2013-04-21,227
2013-04-22,244
2013-04-23,258
2013-04-24,271
2013-04-25,285
2013-04-26,294
2013-04-27,298
2013-04-28,297
2013-04-29,295
2013-04-30,290
2013-05-01,283
2013-05-02,273
2013-05-03,258
2013-05-04,241
2013-05-05,222
2013-05-06,191
2013-05-07,166
2013-05-08,119
2013-05-09,87.5
2013-05-10,65.6
2013-05-11,72.4
2013-05-12,71.5
2013-05-13,72.5
2013-05-14,72.5
2013-05-15,63.7
2013-05-16,43.7
2013-05-17,41.4
2013-05-18,40
2013-05-19,39
2013-05-20,38
2013-05-21,39
2013-05-22,43.3
2013-05-23,66.3
2013-05-24,94.6
2013-05-25,90.7
2013-05-26,89.7
2013-05-27,86.6
2013-05-28,84.2
2013-05-29,92.5
2013-05-30,95.7
2013-05-31,107
2013-06-01,109
2013-06-02,104
2013-06-03,98.8
2013-06-04,90.8
2013-06-05,67.1
2013-06-06,61.6
2013-06-07,59.5
2013-06-08,55.6
2013-06-09,54.2
2013-06-10,46.1
2013-06-11,29.2
2013-06-12,23
2013-06-13,3.95
2013-06-14,2.2
2013-06-15,1.89
2013-06-16,2.08
2013-06-17,2.17
2013-06-18,2.04
2013-06-19,1.86
2013-06-20,1.72
2013-06-21,1.63
2013-06-22,1.56
2013-06-23,1.51
2013-06-24,1.43
2013-06-25,1.54
2013-06-26,1.54
2013-06-27,1.65
2013-06-28,4.33
2013-06-29,4.14
2013-06-30,2.8
2013-07-01,2.21
2013-07-02,1.92
2013-07-03,1.8
2013-07-04,1.79
2013-07-05,1.8
2013-07-06,1.68
2013-07-07,1.62
2013-07-08,1.61
2013-07-09,1.55
2013-07-10,1.79
2013-07-11,1.94
2013-07-12,1.9
2013-07-13,2.07
2013-07-14,1.99
2013-07-15,1.76
2013-07-16,1.56
2013-07-17,1.45
2013-07-18,1.4
2013-07-19,1.39
2013-07-20,1.4
2013-07-21,1.31
2013-07-22,1.26
2013-07-23,1.27
2013-07-24,1.28
2013-07-25,1.27
2013-07-26,1.29
2013-07-27,1.35
2013-07-28,1.48
2013-07-29,1.43
2013-07-30,1.4
2013-07-31,1.38
2013-08-01,1.6
2013-08-02,1.44
2013-08-03,1.34
2013-08-04,1.27
2013-08-05,1.24
2013-08-06,1.22
2013-08-07,1.23
2013-08-08,1.22
2013-08-09,1.2
2013-08-10,1.18
2013-08-11,1.17
2013-08-12,1.17
2013-08-13,1.16
2013-08-14,1.15
2013-08-15,1.15
2013-08-16,1.14
2013-08-17,1.12
2013-08-18,1.12
2013-08-19,1.12
2013-08-20,1.11
2013-08-21,1.28
2013-08-22,1.33
2013-08-23,1.31
2013-08-24,1.28
2013-08-25,1.34
2013-08-26,1.38
2013-08-27,1.22
2013-08-28,1.13
2013-08-29,1.23
2013-08-30,1.3
2013-08-31,1.32
2013-09-01,1.33
2013-09-02,1.3
2013-09-03,1.25
2013-09-04,1.22
2013-09-05,1.26
2013-09-06,1.27
2013-09-07,1.3
2013-09-08,1.31
2013-09-09,1.28
2013-09-10,1.31
2013-09-11,1.24
2013-09-12,1.21
2013-09-13,1.36
2013-09-14,1.29
2013-09-15,1.36
2013-09-16,1.28
2013-09-17,1.27
2013-09-18,1.33
2013-09-19,1.47
2013-09-20,1.32
2013-09-21,1.87
2013-09-22,2.07
2013-09-23,1.95
2013-09-24,1.82
2013-09-25,1.38
2013-09-26,1.29
2013-09-27,1.29
2013-09-28,1.29
2013-09-29,1.28
2013-09-30,1.29
2013-10-01,1.26
2013-10-02,1.24
2013-10-03,1.26
2013-10-04,1.27
2013-10-05,1.27
2013-10-06,1.29
2013-10-07,1.36
2013-10-08,1.33
2013-10-09,1.29
2013-10-10,1.29
2013-10-11,1.29
2013-10-12,1.29
2013-10-13,1.29
2013-10-14,1.27
2013-10-15,1.28
2013-10-16,3.09
2013-10-17,10.1
2013-10-18,15
2013-10-19,16.2
2013-10-20,21.9
2013-10-21,36
2013-10-22,42.5
2013-10-23,47.5
2013-10-24,63.5
2013-10-25,83.1
2013-10-26,86.6
2013-10-27,99.4
2013-10-28,111
2013-10-29,108
2013-10-30,112
2013-10-31,126
2013-11-01,154
2013-11-02,124
2013-11-03,121
2013-11-04,124
2013-11-05,126
2013-11-06,129
2013-11-07,133
2013-11-08,130
2013-11-09,130
2013-11-10,130
2013-11-11,134
2013-11-12,132
2013-11-13,133
2013-11-14,136
2013-11-15,156
2013-11-16,153
2013-11-17,148
2013-11-18,154
2013-11-19,154
2013-11-20,138
2013-11-21,126
2013-11-22,129
2013-11-23,133
2013-11-24,133
2013-11-25,130
2013-11-26,122
2013-11-27,107
2013-11-28,73.6
2013-11-29,74.1
2013-11-30,72.9
2013-12-01,71.2
2013-12-02,60.7
2013-12-03,29.2
2013-12-04,32.5
2013-12-05,30
2013-12-06,28
2013-12-07,26.7
2013-12-08,26
2013-12-09,24.7
2013-12-10,24.2
2013-12-11,22.9
2013-12-12,22
2013-12-13,21.1
2013-12-14,20.7
2013-12-15,19.9
2013-12-16,19.3
2013-12-17,14.2
2013-12-18,3.94
2013-12-19,2.9
2013-12-20,2.82
2013-12-21,2.8
2013-12-22,2.89
2013-12-23,2.92
2013-12-24,2.82
2013-12-25,2.72
2013-12-26,2.71
2013-12-27,2.74
2013-12-28,2.66
2013-12-29,2.59
2013-12-30,2.53
2013-12-31,2.54
2014-01-01,2.57
2014-01-02,2.49
2014-01-03,2.46
2014-01-04,2.41
2014-01-05,2.48
2014-01-06,2.57
2014-01-07,2.56
2014-01-08,2.59
2014-01-09,2.65
2014-01-10,2.55
2014-01-11,2.75
2014-01-12,3.21
2014-01-13,3.37
2014-01-14,3.42
2014-01-15,3.45
2014-01-16,3.4
2014-01-17,3.37
2014-01-18,3.32
2014-01-19,3.34
2014-01-20,3.29
2014-01-21,3.17
2014-01-22,3.05
2014-01-23,2.98
2014-01-24,2.92
2014-01-25,3.03
2014-01-26,3.02
2014-01-27,3.03
2014-01-28,2.99
2014-01-29,2.95
2014-01-30,2.88
2014-01-31,2.81
2014-02-01,2.74
2014-02-02,2.74
2014-02-03,2.62
2014-02-04,2.58
2014-02-05,3.32
2014-02-06,3.89
2014-02-07,3.13
2014-02-08,3.26
2014-02-09,3.64
2014-02-10,3.63
2014-02-11,3.25
2014-02-12,4.1
2014-02-13,3.51
2014-02-14,2.34
2014-02-15,2.08
2014-02-16,2.03
2014-02-17,2.01
2014-02-18,2.06
2014-02-19,2.05
2014-02-20,2.02
2014-02-21,2.22
2014-02-22,2.35
2014-02-23,2.35
2014-02-24,2.32
2014-02-25,2.26
2014-02-26,2.25
2014-02-27,2.25
2014-02-28,2.24
2014-03-01,2.28
2014-03-02,2.28
2014-03-03,2.25
2014-03-04,2.26
2014-03-05,2.26
2014-03-06,2.22
2014-03-07,2.21
2014-03-08,2.2
2014-03-09,2.16
2014-03-10,2.14
2014-03-11,2.11
2014-03-12,2.13
2014-03-13,2.08
2014-03-14,2.03
2014-03-15,2.08
2014-03-16,2.08
2014-03-17,2.03
2014-03-18,1.99
2014-03-19,2.02
2014-03-20,2.34
2014-03-21,2.42
2014-03-22,2.43
2014-03-23,2.38
2014-03-24,2.33
2014-03-25,2.32
2014-03-26,2.34
2014-03-27,2.28
2014-03-28,2.59
2014-03-29,3.03
2014-03-30,3.09
2014-03-31,3.14
2014-04-01,3.34
2014-04-02,3.51
2014-04-03,3.48
2014-04-04,3.62
2014-04-05,4.47
2014-04-06,4.76
2014-04-07,5.1
2014-04-08,6.48
2014-04-09,14.7
2014-04-10,32.1
2014-04-11,45.3
2014-04-12,68.3
2014-04-13,73.9
2014-04-14,87.8
2014-04-15,118
2014-04-16,127
2014-04-17,132
2014-04-18,136
2014-04-19,156
2014-04-20,167
2014-04-21,185
2014-04-22,199
2014-04-23,210
2014-04-24,219
2014-04-25,226
2014-04-26,225
2014-04-27,221
2014-04-28,221
2014-04-29,221
2014-04-30,221
2014-05-01,217
2014-05-02,214
2014-05-03,213
2014-05-04,219
2014-05-05,215
2014-05-06,204
2014-05-07,201
2014-05-08,197
2014-05-09,180
2014-05-10,159
2014-05-11,159
2014-05-12,139
2014-05-13,110
2014-05-14,121
2014-05-15,137
2014-05-16,151
2014-05-17,149
2014-05-18,148
2014-05-19,145
2014-05-20,142
2014-05-21,139
2014-05-22,127
2014-05-23,104
2014-05-24,102
2014-05-25,98.8
2014-05-26,96.3
2014-05-27,81.7
2014-05-28,53.3
2014-05-29,45.9
2014-05-30,25.4
2014-05-31,19.1
2014-06-01,16.6
2014-06-02,17.1
2014-06-03,20.9
2014-06-04,16.4
2014-06-05,15.4
2014-06-06,16.6
2014-06-07,16.1
2014-06-08,15.7
2014-06-09,16.1
2014-06-10,15.4
2014-06-11,11.8
2014-06-12,4.62
2014-06-13,4.35
2014-06-14,4.14
2014-06-15,3.99
2014-06-16,3.99
2014-06-17,20.1
2014-06-18,69.4
2014-06-19,82.6
2014-06-20,48.1
2014-06-21,47.2
2014-06-22,47
2014-06-23,45.2
2014-06-24,43.3
2014-06-25,55.2
2014-06-26,74.6
2014-06-27,52
2014-06-28,51.5
2014-06-29,51.1
2014-06-30,52.1
2014-07-01,52.7
2014-07-02,52
2014-07-03,51.3
2014-07-04,50.7
2014-07-05,49.6
2014-07-06,48.7
2014-07-07,43.1
2014-07-08,34.1
2014-07-09,27.1
2014-07-10,15.6
2014-07-11,15.1
2014-07-12,14.8
2014-07-13,15.6
2014-07-14,15.2
2014-07-15,12.7
2014-07-16,5.06
2014-07-17,4.4
2014-07-18,4.41
2014-07-19,4.19
2014-07-20,4.11
2014-07-21,10.9
2014-07-22,5.16
2014-07-23,2.73
2014-07-24,1.97
2014-07-25,1.8
2014-07-26,1.82
2014-07-27,1.93
2014-07-28,1.84
2014-07-29,1.81
2014-07-30,1.78
2014-07-31,1.74
2014-08-01,1.7
2014-08-02,1.7
2014-08-03,1.69
2014-08-04,1.7
2014-08-05,1.7
2014-08-06,1.68
2014-08-07,1.67
2014-08-08,1.66
2014-08-09,1.66
2014-08-10,1.67
2014-08-11,1.68
2014-08-12,1.75
2014-08-13,1.98
2014-08-14,1.87
2014-08-15,1.83
2014-08-16,1.95
2014-08-17,2.12
2014-08-18,1.99
2014-08-19,3.47
2014-08-20,9.01
2014-08-21,14
2014-08-22,22.6
2014-08-23,22.8
2014-08-24,23.8
2014-08-25,28.9
2014-08-26,41
2014-08-27,40.1
2014-08-28,38.7
2014-08-29,35.3
2014-08-30,35.3
2014-08-31,35.8
2014-09-01,37.1
2014-09-02,37.4
2014-09-03,37.1
2014-09-04,36.9
2014-09-05,43.3
2014-09-06,56
2014-09-07,57.5
2014-09-08,57.4
2014-09-09,55.5
2014-09-10,54
2014-09-11,53.4
2014-09-12,52.4
2014-09-13,52.2
2014-09-14,51.4
2014-09-15,50.8
2014-09-16,49.1
2014-09-17,45.1
2014-09-18,44.2
2014-09-19,44
2014-09-20,45.1
2014-09-21,55.6
2014-09-22,59.5
2014-09-23,67.9
2014-09-24,95.7
2014-09-25,112
2014-09-26,142
2014-09-27,141
2014-09-28,137
2014-09-29,131
2014-09-30,129
2014-10-01,126
2014-10-02,122
2014-10-03,118
2014-10-04,112
2014-10-05,108
2014-10-06,107
2014-10-07,97.3
2014-10-08,79.9
2014-10-09,79.7
2014-10-10,80.2
2014-10-11,80.6
2014-10-12,80.5
2014-10-13,80.3
2014-10-14,76
2014-10-15,76.5
2014-10-16,79.5
2014-10-17,84.4
2014-10-18,89.3
2014-10-19,92
2014-10-20,95.6
2014-10-21,109
2014-10-22,116
2014-10-23,115
2014-10-24,114
2014-10-25,113
2014-10-26,110
2014-10-27,106
2014-10-28,93.8
2014-10-29,73.2
2014-10-30,84.7
2014-10-31,109
2014-11-01,113
2014-11-02,113
2014-11-03,111
2014-11-04,109
2014-11-05,110
2014-11-06,93.8
2014-11-07,67.2
2014-11-08,70.5
2014-11-09,73.9
2014-11-10,75.8
2014-11-11,75.6
2014-11-12,75.1
2014-11-13,75.6
2014-11-14,63.2
2014-11-15,83.2
2014-11-16,97.9
2014-11-17,94.3
2014-11-18,91.5
2014-11-19,88.4
2014-11-20,92.1
2014-11-21,99.5
2014-11-22,97.2
2014-11-23,94.6
2014-11-24,104
2014-11-25,130
2014-11-26,136
2014-11-27,138
2014-11-28,141
2014-11-29,143
2014-11-30,144
2014-12-01,144
2014-12-02,143
2014-12-03,142
2014-12-04,139
2014-12-05,135
2014-12-06,129
2014-12-07,125
2014-12-08,114
2014-12-09,56.5
2014-12-10,30.7
2014-12-11,45.8
2014-12-12,33.1
2014-12-13,32.6
2014-12-14,32.7
2014-12-15,32.7
2014-12-16,32.7
2014-12-17,33.7
2014-12-18,34
2014-12-19,33.3
2014-12-20,31.7
2014-12-21,29.4
2014-12-22,31.2
2014-12-23,41.9
2014-12-24,44.8
2014-12-25,60.6
2014-12-26,65.8
2014-12-27,67.8
2014-12-28,69.5
2014-12-29,71.4
2014-12-30,71.7
2014-12-31,71.5
2015-01-01,71.3
2015-01-02,71.4
2015-01-03,70.6
2015-01-04,70.3
2015-01-05,68.5
2015-01-06,68.2
2015-01-07,64.7
2015-01-08,62.9
2015-01-09,56.8
2015-01-10,58.3
2015-01-11,57.6
2015-01-12,59.7
2015-01-13,51.9
2015-01-14,44.4
2015-01-15,31.6
2015-01-16,29.1
2015-01-17,28.7
2015-01-18,27.5
2015-01-19,25.5
2015-01-20,21.7
2015-01-21,17.9
2015-01-22,18.2
2015-01-23,15.2
2015-01-24,9.82
2015-01-25,10.7
2015-01-26,10.5
2015-01-27,9.31
2015-01-28,7.22
2015-01-29,3.41
2015-01-30,2.9
2015-01-31,2.85
2015-02-01,2.8
2015-02-02,2.79
2015-02-03,2.79
2015-02-04,2.79
2015-02-05,2.76
2015-02-06,2.77
2015-02-07,2.85
2015-02-08,2.96
2015-02-09,2.95
2015-02-10,2.87
2015-02-11,2.78
2015-02-12,2.78
2015-02-13,2.78
2015-02-14,2.81
2015-02-15,2.81
2015-02-16,2.77
2015-02-17,2.77
2015-02-18,2.8
2015-02-19,2.8
2015-02-20,2.81
2015-02-21,2.85
2015-02-22,2.82
2015-02-23,2.73
2015-02-24,2.65
2015-02-25,2.69
2015-02-26,2.69
2015-02-27,2.67
2015-02-28,2.67
2015-03-01,2.69
2015-03-02,2.69
2015-03-03,2.63
2015-03-04,2.67
2015-03-05,2.61
2015-03-06,2.58
2015-03-07,2.58
2015-03-08,2.57
2015-03-09,2.53
2015-03-10,2.38
2015-03-11,2.37
2015-03-12,2.38
2015-03-13,2.37
2015-03-14,2.35
2015-03-15,2.36
2015-03-16,2.37
2015-03-17,2.55
2015-03-18,2.58
2015-03-19,2.61
2015-03-20,2.62
2015-03-21,2.72
2015-03-22,2.82
2015-03-23,2.8
2015-03-24,2.76
2015-03-25,2.78
2015-03-26,2.9
2015-03-27,2.94
2015-03-28,2.94
2015-03-29,2.9
2015-03-30,3
2015-03-31,3.03
2015-04-01,3.1
2015-04-02,3.35
2015-04-03,4.27
2015-04-04,5.01
2015-04-05,5.14
2015-04-06,5.11
2015-04-07,5
2015-04-08,5.02
2015-04-09,6.58
2015-04-10,21.4
2015-04-11,26.4
2015-04-12,26.5
2015-04-13,37.8
2015-04-14,51.6
2015-04-15,63.8
2015-04-16,77.5
2015-04-17,78.5
2015-04-18,75.9
2015-04-19,81.1
2015-04-20,98.8
2015-04-21,128
2015-04-22,134
2015-04-23,150
2015-04-24,168
2015-04-25,170
2015-04-26,174
2015-04-27,177
2015-04-28,170
2015-04-29,147
2015-04-30,127
2015-05-01,93.1
2015-05-02,89.6
2015-05-03,86.4
2015-05-04,83.5
2015-05-05,71.5
2015-05-06,40.6
2015-05-07,26.7
2015-05-08,22.8
2015-05-09,22.6
2015-05-10,22
2015-05-11,22.8
2015-05-12,21.5
2015-05-13,19.6
2015-05-14,18.7
2015-05-15,18.8
2015-05-16,20.1
2015-05-17,20.5
2015-05-18,20.3
2015-05-19,19.6
2015-05-20,18.6
2015-05-21,18.4
2015-05-22,18.8
2015-05-23,19.2
2015-05-24,19
2015-05-25,19.6
2015-05-26,18.7
2015-05-27,19.5
2015-05-28,19.8
2015-05-29,20.1
2015-05-30,20.8
2015-05-31,20.8
2015-06-01,18.4
2015-06-02,17.5
2015-06-03,19.2
2015-06-04,19.6
2015-06-05,19.8
2015-06-06,20.5
2015-06-07,20.4
2015-06-08,20.4
2015-06-09,20.2
2015-06-10,20.3
2015-06-11,17.5
2015-06-12,4.41
2015-06-13,3.4
2015-06-14,3.48
2015-06-15,4.54
2015-06-16,4.15
2015-06-17,3.53
2015-06-18,3.14
2015-06-19,2.98
2015-06-20,2.83
2015-06-21,2.9
2015-06-22,2.88
2015-06-23,2.88
2015-06-24,2.78
2015-06-25,2.77
2015-06-26,2.77
2015-06-27,2.71
2015-06-28,2.89
2015-06-29,3.1
2015-06-30,2.98
2015-07-01,3.02
2015-07-02,3.04
2015-07-03,2.87
2015-07-04,2.8
2015-07-05,2.81
2015-07-06,2.73
2015-07-07,2.83
2015-07-08,2.95
2015-07-09,2.85
2015-07-10,2.79
2015-07-11,2.75
2015-07-12,2.72
2015-07-13,2.68
2015-07-14,2.67
2015-07-15,2.65
2015-07-16,2.64
2015-07-17,2.7
2015-07-18,2.79
2015-07-19,2.72
2015-07-20,2.67
2015-07-21,2.66
2015-07-22,2.64
2015-07-23,2.62
2015-07-24,2.58
2015-07-25,2.6
2015-07-26,2.59
2015-07-27,2.59
2015-07-28,2.6
2015-07-29,2.57
2015-07-30,2.57
2015-07-31,2.59
2015-08-01,2.6
2015-08-02,2.64
2015-08-03,2.79
2015-08-04,2.71
2015-08-05,2.68
2015-08-06,2.65
2015-08-07,2.61
2015-08-08,2.6
2015-08-09,2.63
2015-08-10,2.64
2015-08-11,2.67
2015-08-12,2.65
2015-08-13,2.52
2015-08-14,2.64
2015-08-15,2.67
2015-08-16,2.6
2015-08-17,2.53
2015-08-18,2.52
2015-08-19,2.5
2015-08-20,2.66
2015-08-21,2.68
2015-08-22,2.62
2015-08-23,2.63
2015-08-24,2.65
2015-08-25,2.78
2015-08-26,2.8
2015-08-27,2.73
2015-08-28,2.67
2015-08-29,2.64
2015-08-30,2.63
2015-08-31,2.58
2015-09-01,2.56
2015-09-02,2.52
2015-09-03,2.47
2015-09-04,2.49
2015-09-05,2.49
2015-09-06,2.43
2015-09-07,2.35
2015-09-08,2.49
2015-09-09,3.24
2015-09-10,2.87
2015-09-11,2.71
2015-09-12,2.61
2015-09-13,2.54
2015-09-14,2.49
2015-09-15,2.47
2015-09-16,2.45
2015-09-17,2.43
2015-09-18,2.47
2015-09-19,2.57
2015-09-20,2.5
2015-09-21,2.43
2015-09-22,2.39
2015-09-23,2.37
2015-09-24,2.38
2015-09-25,2.36
2015-09-26,2.37
2015-09-27,2.41
2015-09-28,2.26
2015-09-29,2.28
2015-09-30,2.26
2015-10-01,2.26
2015-10-02,2.25
2015-10-03,2.24
2015-10-04,2.2
2015-10-05,2.19
2015-10-06,2.18
2015-10-07,2.24
2015-10-08,2.23
2015-10-09,2.29
2015-10-10,2.23
2015-10-11,2.2
2015-10-12,2.18
2015-10-13,2.2
2015-10-14,2.29
2015-10-15,2.2
2015-10-16,2.19
2015-10-17,2.19
2015-10-18,2.12
2015-10-19,2.12
2015-10-20,2.09
2015-10-21,2.08
2015-10-22,2.07
2015-10-23,2.05
2015-10-24,2.04
2015-10-25,2.1
2015-10-26,2.09
2015-10-27,1.96
2015-10-28,2.05
2015-10-29,2.2
2015-10-30,2.32
2015-10-31,2.23
2015-11-01,2.96
2015-11-02,3.09
2015-11-03,2.79
2015-11-04,2.55
2015-11-05,2.57
2015-11-06,3.1
2015-11-07,3.36
2015-11-08,3.39
2015-11-09,3.3
2015-11-10,3.18
2015-11-11,3.26
2015-11-12,3.31
2015-11-13,4.56
2015-11-14,5.56
2015-11-15,4.97
2015-11-16,4.77
2015-11-17,4.38
2015-11-18,4.11
2015-11-19,4.09
2015-11-20,3.95
2015-11-21,3.81
2015-11-22,3.88
2015-11-23,3.79
2015-11-24,3.7
2015-11-25,3.6
2015-11-26,6.41
2015-11-27,26.9
2015-11-28,30.9
2015-11-29,30.8
2015-11-30,36
2015-12-01,56.2
2015-12-02,59
2015-12-03,59.7
2015-12-04,59.9
2015-12-05,59.3
2015-12-06,58.3
2015-12-07,56.7
2015-12-08,54.5
2015-12-09,50.9
2015-12-10,45.4
2015-12-11,34.1
2015-12-12,29
2015-12-13,28.1
2015-12-14,33.7
2015-12-15,56.8
2015-12-16,55.5
2015-12-17,54.7
2015-12-18,52.5
2015-12-19,53.3
2015-12-20,53.5
2015-12-21,56.6
2015-12-22,72.7
2015-12-23,76.1
2015-12-24,75.8
2015-12-25,73.1
2015-12-26,70.7
2015-12-27,70.8
2015-12-28,69
2015-12-29,69.4
2015-12-30,67
2015-12-31,64.9
2016-01-01,85.2
2016-01-02,62.1
2016-01-03,57.3
2016-01-04,50.1
2016-01-05,29.7
2016-01-06,20.8
2016-01-07,4.72
2016-01-08,3.43
2016-01-09,3.35
2016-01-10,4.3
2016-01-11,5.91
2016-01-12,5.65
2016-01-13,5.26
2016-01-14,7.09
2016-01-15,26.3
2016-01-16,38.1
2016-01-17,38.5
2016-01-18,38
2016-01-19,35.1
2016-01-20,32.4
2016-01-21,30.6
2016-01-22,27.6
2016-01-23,25.1
2016-01-24,24.3
2016-01-25,23.9
2016-01-26,25.4
2016-01-27,25.1
2016-01-28,22.5
2016-01-29,18.1
2016-01-30,17.3
2016-01-31,16.2
2016-02-01,16.1
2016-02-02,16.4
2016-02-03,17.8
2016-02-04,30.9
2016-02-05,53.1
2016-02-06,53.9
2016-02-07,53.6
2016-02-08,52.9
2016-02-09,50.3
2016-02-10,47.5
2016-02-11,46.3
2016-02-12,45.9
2016-02-13,44.5
2016-02-14,53.9
2016-02-15,51.4
2016-02-16,44.7
2016-02-17,44.8
2016-02-18,42.5
2016-02-19,40
2016-02-20,37.8
2016-02-21,36.4
2016-02-22,38.9
2016-02-23,51.6
2016-02-24,49.3
2016-02-25,46.8
2016-02-26,53.1
2016-02-27,68.6
2016-02-28,66.6
2016-02-29,66
2016-03-01,64.1
2016-03-02,66.7
2016-03-03,63.8
2016-03-04,60.9
2016-03-05,60
2016-03-06,60.3
2016-03-07,59.4
2016-03-08,59.4
2016-03-09,59.6
2016-03-10,62.4
2016-03-11,62.4
2016-03-12,61.6
2016-03-13,62.8
2016-03-14,66.7
2016-03-15,75.8
2016-03-16,80.9
2016-03-17,95.5
2016-03-18,104
2016-03-19,107
2016-03-20,106
2016-03-21,106
2016-03-22,116
2016-03-23,115
2016-03-24,115
2016-03-25,118
2016-03-26,117
2016-03-27,115
2016-03-28,133
2016-03-29,153
2016-03-30,158
2016-03-31,178
2016-04-01,215
2016-04-02,230
2016-04-03,242
2016-04-04,252
2016-04-05,257
2016-04-06,262
2016-04-07,271
2016-04-08,273
2016-04-09,272
2016-04-10,269
2016-04-11,266
2016-04-12,259
2016-04-13,250
2016-04-14,243
2016-04-15,235
2016-04-16,227
2016-04-17,221
2016-04-18,214
2016-04-19,190
2016-04-20,171
2016-04-21,164
2016-04-22,161
2016-04-23,159
2016-04-24,151
2016-04-25,149
2016-04-26,153
2016-04-27,153
2016-04-28,148
2016-04-29,141
2016-04-30,137
2016-05-01,132
2016-05-02,130
2016-05-03,115
2016-05-04,76.9
2016-05-05,57.6
2016-05-06,30.9
2016-05-07,26.6
2016-05-08,26
2016-05-09,26.2
2016-05-10,31.8
2016-05-11,29.9
2016-05-12,21.1
2016-05-13,21.3
2016-05-14,22.4
2016-05-15,22.5
2016-05-16,22.2
2016-05-17,21.6
2016-05-18,20.6
2016-05-19,19.5
2016-05-20,18.2
2016-05-21,17.6
2016-05-22,17.4
2016-05-23,17
2016-05-24,16.7
2016-05-25,16.6
2016-05-26,17.1
2016-05-27,20.1
2016-05-28,19.5
2016-05-29,18.9
2016-05-30,18.7
2016-05-31,18.8
2016-06-01,20.1
2016-06-02,17.5
2016-06-03,13.5
2016-06-04,13.5
2016-06-05,14.1
2016-06-06,14.1
2016-06-07,13.8
2016-06-08,14.5
2016-06-09,14.6
2016-06-10,14.8
2016-06-11,15.2
2016-06-12,14.8
2016-06-13,11.4
2016-06-14,3.2
2016-06-15,2.39
2016-06-16,2.25
2016-06-17,2.16
2016-06-18,2.12
2016-06-19,2.12
2016-06-20,2.12
2016-06-21,2.07
2016-06-22,2.05
2016-06-23,2.08
2016-06-24,2.27
2016-06-25,1.96
2016-06-26,1.71
2016-06-27,1.72
2016-06-28,1.65
2016-06-29,1.63
2016-06-30,1.64
2016-07-01,1.67
2016-07-02,1.67
2016-07-03,1.62
2016-07-04,1.61
2016-07-05,1.62
2016-07-06,1.66
2016-07-07,1.74
2016-07-08,1.7
2016-07-09,1.86
2016-07-10,1.81
2016-07-11,1.73
2016-07-12,1.69
2016-07-13,1.65
2016-07-14,1.62
2016-07-15,1.62
2016-07-16,1.63
2016-07-17,1.61
2016-07-18,1.61
2016-07-19,1.6
2016-07-20,1.59
2016-07-21,1.59
2016-07-22,1.63
2016-07-23,1.63
2016-07-24,1.62
2016-07-25,1.63
2016-07-26,1.64
2016-07-27,1.64
2016-07-28,1.65
2016-07-29,1.65
2016-07-30,1.63
2016-07-31,1.63
2016-08-01,1.67
2016-08-02,1.67
2016-08-03,1.66
2016-08-04,1.65
2016-08-05,1.68
2016-08-06,1.67
2016-08-07,1.66
2016-08-08,1.67
2016-08-09,1.68
2016-08-10,1.65
2016-08-11,1.67
2016-08-12,1.69
2016-08-13,1.86
2016-08-14,1.8
2016-08-15,1.76
2016-08-16,2.16
2016-08-17,2.19
2016-08-18,1.91
2016-08-19,1.82
2016-08-20,1.79
2016-08-21,1.86
2016-08-22,1.73
2016-08-23,1.64
2016-08-24,1.61
2016-08-25,1.59
2016-08-26,1.59
2016-08-27,1.6
2016-08-28,1.6
2016-08-29,1.59
2016-08-30,1.6
2016-08-31,1.64
2016-09-01,1.61
2016-09-02,1.6
2016-09-03,1.6
2016-09-04,1.61
2016-09-05,1.61
2016-09-06,1.61
2016-09-07,1.65
2016-09-08,1.69
2016-09-09,1.63
2016-09-10,1.6
2016-09-11,1.57
2016-09-12,1.58
2016-09-13,1.59
2016-09-14,1.6
2016-09-15,1.6
2016-09-16,1.6
2016-09-17,1.79
2016-09-18,1.76
2016-09-19,1.63
2016-09-20,1.59
2016-09-21,1.56
2016-09-22,1.56
2016-09-23,1.56
2016-09-24,1.54
2016-09-25,1.55
2016-09-26,1.6
2016-09-27,1.63
2016-09-28,1.58
2016-09-29,1.54
2016-09-30,1.52
2016-10-01,1.54
2016-10-02,1.57
2016-10-03,1.57
2016-10-04,1.57
2016-10-05,1.58
2016-10-06,1.54
2016-10-07,1.52
2016-10-08,1.51
2016-10-09,1.46
2016-10-10,1.41
2016-10-11,1.42
2016-10-12,1.38
2016-10-13,1.38
2016-10-14,1.39
2016-10-15,1.38
2016-10-16,1.45
2016-10-17,1.75
2016-10-18,2.04
2016-10-19,1.72
2016-10-20,1.56
2016-10-21,1.46
2016-10-22,1.33
2016-10-23,1.27
2016-10-24,1.25
2016-10-25,1.22
2016-10-26,1.22
2016-10-27,1.21
2016-10-28,1.2
2016-10-29,1.21
2016-10-30,1.2
2016-10-31,1.18
2016-11-01,1.18
2016-11-02,1.17
2016-11-03,1.15
2016-11-04,1.13
2016-11-05,1.12
2016-11-06,1.13
2016-11-07,1.13
2016-11-08,1.15
2016-11-09,1.16
2016-11-10,1.15
2016-11-11,1.14
2016-11-12,1.13
2016-11-13,1.13
2016-11-14,1.14
2016-11-15,1.15
2016-11-16,1.13
2016-11-17,1.13
2016-11-18,1.12
2016-11-19,1.15
2016-11-20,1.22
2016-11-21,1.15
2016-11-22,1.12
2016-11-23,1.12
2016-11-24,1.16
2016-11-25,1.18
2016-11-26,1.22
2016-11-27,1.25
2016-11-28,1.25
2016-11-29,1.34
2016-11-30,1.38
2016-12-01,1.7
2016-12-02,2.32
2016-12-03,2.41
2016-12-04,2.1
2016-12-05,2.07
2016-12-06,2.07
2016-12-07,2.09
2016-12-08,2.18
2016-12-09,2.19
2016-12-10,2.13
2016-12-11,2.11
2016-12-12,2.23
2016-12-13,2.29
2016-12-14,2.36
2016-12-15,2.46
2016-12-16,2.4
2016-12-17,2.41
2016-12-18,2.47
2016-12-19,2.51
2016-12-20,2.48
2016-12-21,2.43
2016-12-22,2.44
2016-12-23,2.42
2016-12-24,2.45
2016-12-25,2.41
2016-12-26,2.49
2016-12-27,3.03
2016-12-28,3.24
2016-12-29,3.2
2016-12-30,3.14
2016-12-31,3.08
2017-01-01,3.16
2017-01-02,3.05
2017-01-03,5.14
2017-01-04,27.2
2017-01-05,31.3
2017-01-06,47.4
2017-01-07,65.9
2017-01-08,64.4
2017-01-09,61.2
2017-01-10,59.1
2017-01-11,69.2
2017-01-12,64.9
2017-01-13,59.6
2017-01-14,58.2
2017-01-15,56.9
2017-01-16,58.3
2017-01-17,69.2
2017-01-18,68.2
2017-01-19,66.1
2017-01-20,68.3
2017-01-21,70.8
2017-01-22,69.4
2017-01-23,63.4
2017-01-24,52.2
2017-01-25,52
2017-01-26,52.1
2017-01-27,49.3
2017-01-28,41.8
2017-01-29,42
2017-01-30,42.1
2017-01-31,41.8
2017-02-01,40.6
2017-02-02,39.3
2017-02-03,38.3
2017-02-04,36.9
2017-02-05,35.4
2017-02-06,33.7
2017-02-07,32
2017-02-08,30.4
2017-02-09,26.5
2017-02-10,25.3
2017-02-11,25.2
2017-02-12,24
2017-02-13,24
2017-02-14,24.7
2017-02-15,23.5
2017-02-16,22.2
2017-02-17,14.5
2017-02-18,8.29
2017-02-19,11.4
2017-02-20,11.5
2017-02-21,10.4
2017-02-22,8.76
2017-02-23,4.21
2017-02-24,9.08
2017-02-25,35.3
2017-02-26,34.9
2017-02-27,41.9
2017-02-28,61.4
2017-03-01,75.1
2017-03-02,106
2017-03-03,123
2017-03-04,123
2017-03-05,122
2017-03-06,120
2017-03-07,114
2017-03-08,104
2017-03-09,111
2017-03-10,113
2017-03-11,113
2017-03-12,111
2017-03-13,106
2017-03-14,104
2017-03-15,100
2017-03-16,96.5
2017-03-17,92.8
2017-03-18,93.7
2017-03-19,88.9
2017-03-20,87.8
2017-03-21,80.6
2017-03-22,77.9
2017-03-23,74.6
2017-03-24,67.7
2017-03-25,65.3
2017-03-26,68.1
2017-03-27,73.9
2017-03-28,77.3
2017-03-29,78.6
2017-03-30,79.2
2017-03-31,80.5
2017-04-01,81.6
2017-04-02,82.9
2017-04-03,84.7
2017-04-04,94.4
2017-04-05,100
2017-04-06,114
2017-04-07,141
2017-04-08,142
2017-04-09,148
2017-04-10,157
2017-04-11,180
2017-04-12,188
2017-04-13,196
2017-04-14,204
2017-04-15,215
2017-04-16,216
2017-04-17,225
2017-04-18,230
2017-04-19,237
2017-04-20,241
2017-04-21,245
2017-04-22,241
2017-04-23,243
2017-04-24,237
2017-04-25,232
2017-04-26,230
2017-04-27,222
2017-04-28,216
2017-04-29,207
2017-04-30,204
2017-05-01,208
2017-05-02,212
2017-05-03,214
2017-05-04,211
2017-05-05,214
2017-05-06,226
2017-05-07,237
2017-05-08,237
2017-05-09,238
2017-05-10,236
2017-05-11,232
2017-05-12,227
2017-05-13,219
2017-05-14,211
2017-05-15,202
2017-05-16,187
2017-05-17,144
2017-05-18,131
2017-05-19,99.3
2017-05-20,67.8
2017-05-21,67.6
2017-05-22,68.9
2017-05-23,72.1
2017-05-24,75.3
2017-05-25,67.1
2017-05-26,41.6
2017-05-27,37
2017-05-28,35.1
2017-05-29,34.6
2017-05-30,26.5
2017-05-31,24
2017-06-01,23
2017-06-02,15.2
2017-06-03,14
2017-06-04,14.2
2017-06-05,15.3
2017-06-06,16.4
2017-06-07,16.8
2017-06-08,14.4
2017-06-09,16.6
2017-06-10,16.8
2017-06-11,16.1
2017-06-12,12.2
2017-06-13,2.91
2017-06-14,1.88
2017-06-15,1.68
2017-06-16,1.61
2017-06-17,1.7
2017-06-18,3.62
2017-06-19,4.7
2017-06-20,3.27
2017-06-21,2.58
2017-06-22,2.35
2017-06-23,2.41
2017-06-24,2.45
2017-06-25,2.3
2017-06-26,2.26
2017-06-27,2.19
2017-06-28,6.06
2017-06-29,29.1
2017-06-30,32
2017-07-01,41.5
2017-07-02,45.5
2017-07-03,46.2
2017-07-04,46.3
2017-07-05,46.2
2017-07-06,46.2
2017-07-07,48.4
2017-07-08,59
2017-07-09,52
2017-07-10,50
2017-07-11,49
2017-07-12,47.3
2017-07-13,43.3
2017-07-14,32.4
2017-07-15,29.5
2017-07-16,29.1
2017-07-17,22.7
2017-07-18,4.8
2017-07-19,3.17
2017-07-20,2.86
2017-07-21,2.62
2017-07-22,2.39
2017-07-23,2.21
2017-07-24,2.11
2017-07-25,2.03
2017-07-26,1.96
2017-07-27,1.93
2017-07-28,1.83
2017-07-29,1.72
2017-07-30,1.65
2017-07-31,1.61
2017-08-01,1.61
2017-08-02,1.56
2017-08-03,1.54
2017-08-04,1.66
2017-08-05,1.87
2017-08-06,1.85
2017-08-07,1.75
2017-08-08,1.64
2017-08-09,1.57
2017-08-10,3.98
2017-08-11,15.5
2017-08-12,16.4
2017-08-13,16.8
2017-08-14,15.6
2017-08-15,14.5
2017-08-16,10.8
2017-08-17,2.65
2017-08-18,1.83
2017-08-19,1.66
2017-08-20,1.66
2017-08-21,1.6
2017-08-22,2.1
2017-08-23,9.4
2017-08-24,31.6
2017-08-25,34.2
2017-08-26,59.9
2017-08-27,60.2
2017-08-28,62.7
2017-08-29,65.1
2017-08-30,46
2017-08-31,4.7
2017-09-01,2.31
2017-09-02,2.08
2017-09-03,2.12
2017-09-04,2.23
2017-09-05,2.56
2017-09-06,2.44
2017-09-07,2.43
2017-09-08,2.85
2017-09-09,7.26
2017-09-10,7.5
2017-09-11,11.3
2017-09-12,22.2
2017-09-13,21.7
2017-09-14,16.5
2017-09-15,3.28
2017-09-16,2.05
2017-09-17,1.82
2017-09-18,1.8
2017-09-19,26.6
2017-09-20,60.5
2017-09-21,52.3
2017-09-22,29.1
2017-09-23,3.88
2017-09-24,1.97
2017-09-25,1.75
2017-09-26,1.77
2017-09-27,1.74
2017-09-28,1.7
2017-09-29,1.81
2017-09-30,1.89
2017-10-01,1.82
2017-10-02,1.75
2017-10-03,1.72
2017-10-04,1.75
2017-10-05,1.77
2017-10-06,1.72
2017-10-07,1.76
2017-10-08,2.04
2017-10-09,2.01
2017-10-10,2.51
2017-10-11,10.9
2017-10-12,12.1
2017-10-13,15.3
2017-10-14,22.5
2017-10-15,23.5
2017-10-16,23.5
2017-10-17,22.9
2017-10-18,17.7
2017-10-19,4.05
2017-10-20,2.76
2017-10-21,2.49
2017-10-22,2.31
2017-10-23,2.08
2017-10-24,1.91
2017-10-25,1.67
2017-10-26,1.55
2017-10-27,1.44
2017-10-28,1.61
2017-10-29,1.87
2017-10-30,1.85
2017-10-31,2.13
2017-11-01,2.28
2017-11-02,2.39
2017-11-03,11.7
2017-11-04,45
2017-11-05,47.2
2017-11-06,49.9
2017-11-07,55.3
2017-11-08,54.7
2017-11-09,54.6
2017-11-10,54.5
2017-11-11,57
2017-11-12,54.8
2017-11-13,54.8
2017-11-14,46.8
2017-11-15,46.2
2017-11-16,44.1
2017-11-17,35.1
2017-11-18,34.7
2017-11-19,38.6
2017-11-20,39.8
2017-11-21,39.3
2017-11-22,38.6
2017-11-23,36.3
2017-11-24,36.2
2017-11-25,36.3
2017-11-26,35.7
2017-11-27,35
2017-11-28,34
2017-11-29,33.4
2017-11-30,26.1
2017-12-01,10.6
2017-12-02,10.2
2017-12-03,11.4
2017-12-04,11.5
2017-12-05,10
2017-12-06,3.54
2017-12-07,2.56
2017-12-08,2.52
2017-12-09,2.52
2017-12-10,2.51
2017-12-11,4.5
2017-12-12,22.8
2017-12-13,23.5
2017-12-14,22.5
2017-12-15,16.2
2017-12-16,3.42
2017-12-17,2.27
2017-12-18,2.11
2017-12-19,2.12
2017-12-20,2.23
2017-12-21,2.2
2017-12-22,2.14
2017-12-23,2.11
2017-12-24,2.11
2017-12-25,2.07
2017-12-26,2.04
2017-12-27,2.02
2017-12-28,1.99
2017-12-29,1.97
2017-12-30,1.94
2017-12-31,1.92
2018-01-01,1.91
2018-01-02,1.9
2018-01-03,1.9
2018-01-04,1.89
2018-01-05,1.88
2018-01-06,1.87
2018-01-07,1.86
2018-01-08,1.86
2018-01-09,1.86
2018-01-10,1.86
2018-01-11,2.03
2018-01-12,2.84
2018-01-13,3.32
2018-01-14,3.31
2018-01-15,3.23
2018-01-16,3.13
2018-01-17,3.1
2018-01-18,3.02
2018-01-19,2.9
2018-01-20,2.74
2018-01-21,2.65
2018-01-22,2.66
2018-01-23,9.12
2018-01-24,33
2018-01-25,36.6
2018-01-26,45.3
2018-01-27,43.9
2018-01-28,43.4
2018-01-29,43
2018-01-30,42.4
2018-01-31,44
2018-02-01,43.6
2018-02-02,42
2018-02-03,40.8
2018-02-04,40.1
2018-02-05,42.7
2018-02-06,37.8
2018-02-07,29.9
2018-02-08,32
2018-02-09,32.9
2018-02-10,31.6
2018-02-11,31.2
2018-02-12,25.8
2018-02-13,4.31
2018-02-14,2.27
2018-02-15,2.18
2018-02-16,2.16
2018-02-17,2.08
2018-02-18,2.03
2018-02-19,1.97
2018-02-20,3.34
2018-02-21,24.9
2018-02-22,54.7
2018-02-23,51.3
2018-02-24,51.6
2018-02-25,56
2018-02-26,58
2018-02-27,58.6
2018-02-28,62.1
2018-03-01,67.8
2018-03-02,67.6
2018-03-03,66.6
2018-03-04,65.5
2018-03-05,63.9
2018-03-06,61.4
2018-03-07,59.8
2018-03-08,57.1
2018-03-09,54.7
2018-03-10,52.2
2018-03-11,49.7
2018-03-12,49
2018-03-13,43.4
2018-03-14,30.1
2018-03-15,23.9
2018-03-16,25.7
2018-03-17,25.6
2018-03-18,24.3
2018-03-19,22.7
2018-03-20,17.7
2018-03-21,9.13
2018-03-22,7.86
2018-03-23,2.73
2018-03-24,2.04
2018-03-25,1.93
2018-03-26,1.89
2018-03-27,2.01
2018-03-28,2.36
2018-03-29,2.59
2018-03-30,2.73
2018-03-31,2.85
2018-04-01,3.32
2018-04-02,3.36
2018-04-03,3.27
2018-04-04,3.57
2018-04-05,3.68
2018-04-06,3.57
2018-04-07,3.44
2018-04-08,3.28
2018-04-09,3.09
2018-04-10,2.93
2018-04-11,2.83
2018-04-12,2.79
2018-04-13,5.18
2018-04-14,16.6
2018-04-15,16.5
2018-04-16,18.4
2018-04-17,19.7
2018-04-18,20
2018-04-19,24.1
2018-04-20,31.3
2018-04-21,31.4
2018-04-22,32.1
2018-04-23,33.6
2018-04-24,34.2
2018-04-25,35.7
2018-04-26,51.3
2018-04-27,59.8
2018-04-28,49
2018-04-29,47
2018-04-30,38.7
2018-05-01,42.9
2018-05-02,52.4
2018-05-03,56.3
2018-05-04,66.8
2018-05-05,154
2018-05-06,149
2018-05-07,111
2018-05-08,90.5
2018-05-09,90.9
2018-05-10,93.8
2018-05-11,87.7
2018-05-12,86.7
2018-05-13,85.1
2018-05-14,83.2
2018-05-15,70.6
2018-05-16,45.8
2018-05-17,37.1
2018-05-18,23.5
2018-05-19,26
2018-05-20,27.5
2018-05-21,26.9
2018-05-22,26.2
2018-05-23,25
2018-05-24,22.8
2018-05-25,22
2018-05-26,19.2
2018-05-27,17.8
2018-05-28,17.2
2018-05-29,15.4
2018-05-30,15.9
2018-05-31,24
2018-06-01,23.7
2018-06-02,24
2018-06-03,23.6
2018-06-04,23.7
2018-06-05,23.4
2018-06-06,22.8
2018-06-07,19.4
2018-06-08,19.2
2018-06-09,18.8
2018-06-10,17.4
2018-06-11,16.7
2018-06-12,11.9
2018-06-13,8.54
2018-06-14,8.43
2018-06-15,8.59
2018-06-16,8.68
2018-06-17,6.21
2018-06-18,1.75
2018-06-19,1.07
2018-06-20,0.908
2018-06-21,0.862
2018-06-22,0.845
2018-06-23,0.85
2018-06-24,0.855
2018-06-25,0.847
2018-06-26,0.831
2018-06-27,0.843
2018-06-28,0.855
2018-06-29,0.826
2018-06-30,0.855
2018-07-01,0.856
2018-07-02,0.825
2018-07-03,0.831
2018-07-04,0.846
2018-07-05,0.865
2018-07-06,0.877
2018-07-07,0.884
2018-07-08,0.887
2018-07-09,0.867
2018-07-10,0.889
2018-07-11,0.892
2018-07-12,0.902
2018-07-13,0.907
2018-07-14,0.933
2018-07-15,0.957
2018-07-16,0.965
2018-07-17,0.978
2018-07-18,0.974
2018-07-19,0.984
2018-07-20,0.992
2018-07-21,0.991
2018-07-22,1.02
2018-07-23,1.08
2018-07-24,1.35
2018-07-25,1.54
2018-07-26,1.2
2018-07-27,1.12
2018-07-28,1.09
2018-07-29,1.11
2018-07-30,1.1
2018-07-31,1.09
2018-08-01,1.24
2018-08-02,1.25
2018-08-03,1.23
2018-08-04,1.32
2018-08-05,1.26
2018-08-06,1.24
2018-08-07,1.23
2018-08-08,1.23
2018-08-09,1.23
2018-08-10,1.21
2018-08-11,1.2
2018-08-12,1.2
2018-08-13,1.2
2018-08-14,1.19
2018-08-15,1.19
2018-08-16,1.2
2018-08-17,1.4
2018-08-18,1.31
2018-08-19,1.25
2018-08-20,1.23
2018-08-21,1.45
2018-08-22,1.92
2018-08-23,4.48
2018-08-24,25.5
2018-08-25,27.8
2018-08-26,54
2018-08-27,59.9
2018-08-28,58.3
2018-08-29,60.1
2018-08-30,59.7
2018-08-31,54.3
2018-09-01,41.9
2018-09-02,38.6
2018-09-03,36.9
2018-09-04,28.5
2018-09-05,4.19
2018-09-06,2.15
2018-09-07,1.88
2018-09-08,1.79
2018-09-09,1.73
2018-09-10,1.7
2018-09-11,1.79
2018-09-12,1.68
2018-09-13,1.59
2018-09-14,1.53
2018-09-15,1.49
2018-09-16,1.46
2018-09-17,1.43
2018-09-18,1.39
2018-09-19,1.37
2018-09-20,1.36
2018-09-21,1.6
2018-09-22,1.57
2018-09-23,1.48
2018-09-24,1.42
2018-09-25,1.43
2018-09-26,1.49
2018-09-27,1.44
2018-09-28,1.43
2018-09-29,1.47
2018-09-30,1.41
2018-10-01,1.35
2018-10-02,1.52
2018-10-03,1.65
2018-10-04,2
2018-10-05,1.94
2018-10-06,1.79
2018-10-07,1.66
2018-10-08,1.6
2018-10-09,1.6
2018-10-10,1.56
2018-10-11,9.96
2018-10-12,34.6
2018-10-13,44.8
2018-10-14,44.4
2018-10-15,44.5
2018-10-16,45.2
2018-10-17,45.4
2018-10-18,44.2
2018-10-19,38
2018-10-20,17.5
2018-10-21,16.5
2018-10-22,14.7
2018-10-23,4.13
2018-10-24,2.72
2018-10-25,2.45
2018-10-26,2.31
2018-10-27,2.15
2018-10-28,2.1
2018-10-29,2.08
2018-10-30,2.01
2018-10-31,2.35
2018-11-01,2.62
2018-11-02,2.78
2018-11-03,2.82
2018-11-04,2.69
2018-11-05,2.66
2018-11-06,2.97
2018-11-07,4.1
2018-11-08,5.18
2018-11-09,11
2018-11-10,43.7
2018-11-11,43
2018-11-12,42.2
2018-11-13,42.2
2018-11-14,43.2
2018-11-15,42.8
2018-11-16,43.2
2018-11-17,40.3
2018-11-18,38
2018-11-19,36.5
2018-11-20,39.2
2018-11-21,25.5
2018-11-22,26.6
2018-11-23,23.9
2018-11-24,22.3
2018-11-25,20.2
2018-11-26,22.3
2018-11-27,6.89
2018-11-28,4.78
2018-11-29,4.36
2018-11-30,4.15
2018-12-01,3.97
2018-12-02,4.63
2018-12-03,6.85
2018-12-04,6.25
2018-12-05,8.57
2018-12-06,31.3
2018-12-07,43.1
2018-12-08,61.8
2018-12-09,61.2
2018-12-10,59.3
2018-12-11,56.5
2018-12-12,53.5
2018-12-13,52.1
2018-12-14,51.8
2018-12-15,46.2
2018-12-16,45.9
2018-12-17,42.1
2018-12-18,30.4
2018-12-19,27.2
2018-12-20,25.6
2018-12-21,24.4
2018-12-22,8.67
2018-12-23,23.2
2018-12-24,21.7
2018-12-25,20.2
2018-12-26,19.2
2018-12-27,20.4
2018-12-28,28.2
2018-12-29,27.1
2018-12-30,27.9
2018-12-31,29.7
2019-01-01,35.1
2019-01-02,37.6
2019-01-03,34.2
2019-01-04,33.6
2019-01-05,29.8
2019-01-06,29.6
2019-01-07,31.9
2019-01-08,32.1
2019-01-09,31.3
2019-01-10,29.8
2019-01-11,26.2
2019-01-12,24.2
2019-01-13,23.3
2019-01-14,19.6
2019-01-15,8.9
2019-01-16,3.42
2019-01-17,2.38
2019-01-18,2.25
2019-01-19,2.19
2019-01-20,2.15
2019-01-21,2.11
2019-01-22,2.07
2019-01-23,2.1
2019-01-24,2.13
2019-01-25,2.12
2019-01-26,2.08
2019-01-27,2.04
2019-01-28,2.04
2019-01-29,2.03
2019-01-30,2.03
2019-01-31,2.05
2019-02-01,2.07
2019-02-02,2.08
2019-02-03,2.09
2019-02-04,2.26
2019-02-05,3.1
2019-02-06,3.53
2019-02-07,3.53
2019-02-08,3.48
2019-02-09,3.42
2019-02-10,3.32
2019-02-11,3.22
2019-02-12,10.6
2019-02-13,33.7
2019-02-14,35.4
2019-02-15,44.8
2019-02-16,40.7
2019-02-17,37.6
2019-02-18,39.6
2019-02-19,36
2019-02-20,36.1
2019-02-21,36.2
2019-02-22,35.4
2019-02-23,36.9
2019-02-24,34.6
2019-02-25,37.5
2019-02-26,35.6
2019-02-27,28.8
2019-02-28,21.3
2019-03-01,31.7
2019-03-02,34
2019-03-03,31.7
2019-03-04,31.5
2019-03-05,31.8
2019-03-06,32
2019-03-07,30.4
2019-03-08,29.6
2019-03-09,30.8
2019-03-10,35.4
2019-03-11,33.2
2019-03-12,32.1
2019-03-13,33
2019-03-14,34.4
2019-03-15,39.2
2019-03-16,50.5
2019-03-17,50.5
2019-03-18,50.1
2019-03-19,51.2
2019-03-20,50.7
2019-03-21,50.6
2019-03-22,50.7
2019-03-23,50
2019-03-24,50.6
2019-03-25,52.1
2019-03-26,49.8
2019-03-27,49.6
2019-03-28,50.9
2019-03-29,50.2
2019-03-30,50.3
2019-03-31,50.4
2019-04-01,48.3
2019-04-02,47.3
2019-04-03,45.1
2019-04-04,43.9
2019-04-05,43.8
2019-04-06,43.3
2019-04-07,43.9
2019-04-08,47.2
2019-04-09,50.9
2019-04-10,55.1
2019-04-11,57.1
2019-04-12,58
2019-04-13,62.2
2019-04-14,67
2019-04-15,80.7
2019-04-16,85.2
2019-04-17,94.9
2019-04-18,114
2019-04-19,145
2019-04-20,171
2019-04-21,198
2019-04-22,213
2019-04-23,229
2019-04-24,251
2019-04-25,271
2019-04-26,286
2019-04-27,304
2019-04-28,324
2019-04-29,337
2019-04-30,342
2019-05-01,335
2019-05-02,336
2019-05-03,340
2019-05-04,335
2019-05-05,326
2019-05-06,313
2019-05-07,298
2019-05-08,289
2019-05-09,282
2019-05-10,271
2019-05-11,260
2019-05-12,257
2019-05-13,248
2019-05-14,234
2019-05-15,210
2019-05-16,184
2019-05-17,147
2019-05-18,114
2019-05-19,108
2019-05-20,108
2019-05-21,106
2019-05-22,104
2019-05-23,104
2019-05-24,105
2019-05-25,103
2019-05-26,103
2019-05-27,99.4
2019-05-28,104
2019-05-29,121
2019-05-30,120
2019-05-31,113
2019-06-01,111
2019-06-02,103
2019-06-03,83.1
2019-06-04,54.4
2019-06-05,36
2019-06-06,25.1
2019-06-07,26
2019-06-08,22.9
2019-06-09,22.6
2019-06-10,22.5
2019-06-11,24.3
2019-06-12,26
2019-06-13,25.9
2019-06-14,23.6
2019-06-15,19.2
2019-06-16,31.4
2019-06-17,35.3
2019-06-18,62.1
2019-06-19,77.2
2019-06-20,76.6
2019-06-21,75.1
2019-06-22,75.3
2019-06-23,71.3
2019-06-24,70.4
2019-06-25,60.2
2019-06-26,34.2
2019-06-27,31.4
2019-06-28,26.6
2019-06-29,27
2019-06-30,26.4
2019-07-01,27.1
2019-07-02,27.2
2019-07-03,19.2
2019-07-04,3.42
2019-07-05,2.38
2019-07-06,2.12
2019-07-07,1.95
2019-07-08,1.77
2019-07-09,1
2019-07-10,0.614
2019-07-11,0.526
2019-07-12,0.447
2019-07-13,0.398
2019-07-14,0.379
2019-07-15,0.38
2019-07-16,0.472
2019-07-17,0.48
2019-07-18,0.452
2019-07-19,0.433
2019-07-20,0.425
2019-07-21,0.421
2019-07-22,0.413
2019-07-23,0.418
2019-07-24,0.413
2019-07-25,0.457
2019-07-26,0.584
2019-07-27,0.626
2019-07-28,0.673
2019-07-29,0.654
2019-07-30,0.639
2019-07-31,0.604
2019-08-01,0.603
2019-08-02,0.57
2019-08-03,0.54
2019-08-04,0.522
2019-08-05,0.501
2019-08-06,0.562
2019-08-07,0.606
2019-08-08,0.594
2019-08-09,0.587
2019-08-10,0.556
2019-08-11,0.541
2019-08-12,0.535
2019-08-13,0.509
2019-08-14,0.491
2019-08-15,0.49
2019-08-16,0.504
2019-08-17,0.532
2019-08-18,0.523
2019-08-19,0.508
2019-08-20,0.497
2019-08-21,0.546
2019-08-22,0.508
2019-08-23,0.483
2019-08-24,0.476
2019-08-25,0.481
2019-08-26,0.486
2019-08-27,0.49
2019-08-28,0.483
2019-08-29,0.474
2019-08-30,0.505
2019-08-31,0.472
2019-09-01,0.459
2019-09-02,0.45
2019-09-03,0.456
2019-09-04,0.459
2019-09-05,0.445
2019-09-06,0.449
2019-09-07,0.455
2019-09-08,0.455
2019-09-09,0.436
2019-09-10,0.446
2019-09-11,0.47
2019-09-12,0.439
2019-09-13,0.461
2019-09-14,0.516
2019-09-15,0.469
2019-09-16,0.429
2019-09-17,0.411
2019-09-18,0.404
2019-09-19,0.403
2019-09-20,0.401
2019-09-21,0.391
2019-09-22,0.406
2019-09-23,0.458
2019-09-24,0.431
2019-09-25,0.432
2019-09-26,0.499
2019-09-27,0.442
2019-09-28,0.488
2019-09-29,0.483
2019-09-30,0.445
2019-10-01,0.47
2019-10-02,0.567
2019-10-03,0.599
2019-10-04,0.54
2019-10-05,0.436
2019-10-06,0.378
2019-10-07,0.358
2019-10-08,0.349
2019-10-09,0.352
2019-10-10,0.355
2019-10-11,0.344
2019-10-12,0.364
2019-10-13,0.367
2019-10-14,0.364
2019-10-15,0.342
2019-10-16,0.394
2019-10-17,0.468
2019-10-18,0.427
2019-10-19,0.379
2019-10-20,0.364
2019-10-21,0.358
2019-10-22,0.434
2019-10-23,0.474
2019-10-24,0.435
2019-10-25,0.393
2019-10-26,0.366
2019-10-27,0.607
2019-10-28,0.859
2019-10-29,0.844
2019-10-30,0.747
2019-10-31,0.876
2019-11-01,2.17
2019-11-02,2.14
2019-11-03,2.19
2019-11-04,12
2019-11-05,46.9
2019-11-06,76.8
2019-11-07,81.8
2019-11-08,91.2
2019-11-09,87.1
2019-11-10,85.5
2019-11-11,84.4
2019-11-12,80.5
2019-11-13,70.7
2019-11-14,52.3
2019-11-15,49.4
2019-11-16,31.8
2019-11-17,19.1
2019-11-18,19.3
2019-11-19,17.7
2019-11-20,3.62
2019-11-21,1.97
2019-11-22,2.38
2019-11-23,2.57
2019-11-24,2.51
2019-11-25,2.42
2019-11-26,2.34
2019-11-27,2.71
2019-11-28,9.98
2019-11-29,42.1
2019-11-30,56.8
2019-12-01,56.7
2019-12-02,56
2019-12-03,53.2
2019-12-04,49.6
2019-12-05,41.6
2019-12-06,25.1
2019-12-07,38.2
2019-12-08,32.6
2019-12-09,32.8
2019-12-10,38.6
2019-12-11,40.9
2019-12-12,39.3
2019-12-13,39.2
2019-12-14,37.9
2019-12-15,37
2019-12-16,36.5
2019-12-17,37.2
2019-12-18,38.5
2019-12-19,34.3
2019-12-20,34.9
2019-12-21,32.5
2019-12-22,30.3
2019-12-23,28.5
2019-12-24,25.6
2019-12-25,19.8
2019-12-26,20.7
2019-12-27,16.9
2019-12-28,3.62
2019-12-29,2.09
2019-12-30,2.05
2019-12-31,2.15
2020-01-01,2.31
2020-01-02,2.33
2020-01-03,2.3
2020-01-04,2.27
2020-01-05,2.21
2020-01-06,2.23
2020-01-07,2.17
2020-01-08,2.13
2020-01-09,2.05
2020-01-10,1.96
2020-01-11,2.66
2020-01-12,4.38
2020-01-13,5.5
2020-01-14,15.9
2020-01-15,19.2
2020-01-16,18.5
2020-01-17,18.3
2020-01-18,17.7
2020-01-19,16.7
2020-01-20,13.6
2020-01-21,12.3
2020-01-22,11.7
2020-01-23,10.8
2020-01-24,9.9
2020-01-25,11.3
2020-01-26,14.9
2020-01-27,13.5
2020-01-28,6.86
2020-01-29,5.94
2020-01-30,5.33
2020-01-31,4.74
2020-02-01,4.27
2020-02-02,3.89
2020-02-03,3.15
2020-02-04,2.6
2020-02-05,2.1
2020-02-06,1.8
2020-02-07,1.7
2020-02-08,1.6
2020-02-09,1.54
2020-02-10,1.56
2020-02-11,1.54
2020-02-12,1.5
2020-02-13,1.5
2020-02-14,1.44
2020-02-15,1.41
2020-02-16,1.47
2020-02-17,1.46
2020-02-18,1.44
2020-02-19,1.41
2020-02-20,1.39
2020-02-21,1.36
2020-02-22,1.35
2020-02-23,1.32
2020-02-24,1.32
2020-02-25,1.34
2020-02-26,1.33
2020-02-27,1.39
2020-02-28,1.42
2020-02-29,1.4
2020-03-01,1.36
2020-03-02,1.35
2020-03-03,1.36
2020-03-04,1.39
2020-03-05,1.37
2020-03-06,1.67
2020-03-07,7.41
2020-03-08,7.69
2020-03-09,7.41
2020-03-10,9.28
2020-03-11,12.4
2020-03-12,18.4
2020-03-13,39.5
2020-03-14,58.2
2020-03-15,52.8
2020-03-16,52.7
2020-03-17,49.5
2020-03-18,53.3
2020-03-19,53.1
2020-03-20,66.6
2020-03-21,75.3
2020-03-22,74.4
2020-03-23,74.1
2020-03-24,73.2
2020-03-25,69.9
2020-03-26,69.7
2020-03-27,69.8
2020-03-28,70.1
2020-03-29,76.4
2020-03-30,94.6
2020-03-31,107
2020-04-01,115
2020-04-02,124
2020-04-03,118
2020-04-04,115
2020-04-05,110
2020-04-06,118
2020-04-07,117
2020-04-08,114
2020-04-09,107
2020-04-10,112
2020-04-11,110
2020-04-12,107
2020-04-13,93.8
2020-04-14,78
2020-04-15,53.1
2020-04-16,47.3
2020-04-17,23.7
2020-04-18,14.3
2020-04-19,13.8
2020-04-20,13.8
2020-04-21,13.9
2020-04-22,14.1
2020-04-23,14
2020-04-24,14
2020-04-25,14
2020-04-26,13.8
2020-04-27,13.6
2020-04-28,13.5
2020-04-29,13.6
2020-04-30,14.2
2020-05-01,15.4
2020-05-02,15
2020-05-03,14.5
2020-05-04,14.2
2020-05-05,13.8
2020-05-06,13.4
2020-05-07,13.3
2020-05-08,13
2020-05-09,12.6
2020-05-10,12.6
2020-05-11,12.4
2020-05-12,12.5
2020-05-13,12.6
2020-05-14,12.8
2020-05-15,13.5
2020-05-16,13.7
2020-05-17,13.5
2020-05-18,13.4
2020-05-19,13.3
2020-05-20,13.2
2020-05-21,13
2020-05-22,13.1
2020-05-23,13.3
2020-05-24,13.6
2020-05-25,14.4
2020-05-26,14.2
2020-05-27,13.8
2020-05-28,13.6
2020-05-29,13.6
2020-05-30,13.6
2020-05-31,13.7
2020-06-01,13.5
2020-06-02,13.4
2020-06-03,13.7
2020-06-04,14.2
2020-06-05,11.3
2020-06-06,11
2020-06-07,10.8
2020-06-08,10.7
2020-06-09,11.4
2020-06-10,11.8
2020-06-11,10.6
2020-06-12,2.84
2020-06-13,1.55
2020-06-14,1.2
2020-06-15,1.02
2020-06-16,0.904
2020-06-17,0.816
2020-06-18,0.755
2020-06-19,0.707
2020-06-20,0.673
2020-06-21,0.662
2020-06-22,0.686
2020-06-23,0.759
2020-06-24,1.27
2020-06-25,1.26
2020-06-26,1.08
2020-06-27,0.929
2020-06-28,0.828
2020-06-29,0.762
2020-06-30,0.716
2020-07-01,0.67
2020-07-02,0.636
2020-07-03,0.619
2020-07-04,0.611
2020-07-05,0.598
2020-07-06,0.598
2020-07-07,0.591
2020-07-08,0.583
2020-07-09,0.583
2020-07-10,0.661
2020-07-11,0.995
2020-07-12,1.12
2020-07-13,0.983
2020-07-14,0.851
2020-07-15,0.778
2020-07-16,0.733
2020-07-17,0.754
2020-07-18,0.73
2020-07-19,0.751
2020-07-20,0.762
2020-07-21,0.74
2020-07-22,0.737
2020-07-23,0.728
2020-07-24,0.7
2020-07-25,0.69
2020-07-26,0.683
2020-07-27,0.738
2020-07-28,0.717
2020-07-29,0.707
2020-07-30,0.7
2020-07-31,0.7
2020-08-01,0.695
2020-08-02,1.02
2020-08-03,1.41
2020-08-04,1.31
2020-08-05,1.61
2020-08-06,2.71
2020-08-07,2.97
2020-08-08,2.63
2020-08-09,2.37
2020-08-10,2.02
2020-08-11,1.9
2020-08-12,1.76
2020-08-13,1.48
2020-08-14,1.3
2020-08-15,1.2
2020-08-16,1.25
2020-08-17,1.25
2020-08-18,1.15
2020-08-19,1.52
2020-08-20,1.2
2020-08-21,1.02
2020-08-22,0.961
2020-08-23,0.984
2020-08-24,1.12
2020-08-25,1.54
2020-08-26,1.21
2020-08-27,1.26
2020-08-28,1.23
2020-08-29,1.61
2020-08-30,1.64
2020-08-31,1.4
2020-09-01,1.21
2020-09-02,1.44
2020-09-03,2.66
2020-09-04,19.6
2020-09-05,19.6
2020-09-06,14.9
2020-09-07,15.8
2020-09-08,19.5
2020-09-09,42.8
2020-09-10,59.5
2020-09-11,83.2
2020-09-12,98.9
2020-09-13,112
2020-09-14,119
2020-09-15,111
2020-09-16,94.5
2020-09-17,90.1
2020-09-18,87
2020-09-19,69.9
2020-09-20,70.3
2020-09-21,64.8
2020-09-22,35.4
2020-09-23,10.2
2020-09-24,7.5
2020-09-25,1.64
2020-09-26,1.06
2020-09-27,0.955
2020-09-28,0.874
2020-09-29,0.923
2020-09-30,0.893
2020-10-01,1.04
2020-10-02,1.18
2020-10-03,1.12
2020-10-04,1.1
2020-10-05,1.26
2020-10-06,10
2020-10-07,29.6
2020-10-08,39.1
2020-10-09,38.3
2020-10-10,38.9
2020-10-11,39.5
2020-10-12,39.6
2020-10-13,35.5
2020-10-14,24
2020-10-15,16
2020-10-16,5.94
2020-10-17,6.98
2020-10-18,6.99
2020-10-19,7.67
2020-10-20,7.68
2020-10-21,10.3
2020-10-22,27.8
2020-10-23,34
2020-10-24,44.8
2020-10-25,43.4
2020-10-26,42.3
2020-10-27,47.9
2020-10-28,57.1
2020-10-29,56.5
2020-10-30,53.7
2020-10-31,55.3
2020-11-01,54.1
2020-11-02,41.4
2020-11-03,15.9
2020-11-04,9.05
2020-11-05,2.78
2020-11-06,2.13
2020-11-07,1.98
2020-11-08,1.93
2020-11-09,1.85
2020-11-10,1.89
2020-11-11,1.88
2020-11-12,1.82
2020-11-13,1.75
2020-11-14,1.7
2020-11-15,1.76
2020-11-16,2.29
2020-11-17,2.68
2020-11-18,2.48
2020-11-19,2.28
2020-11-20,2.24
2020-11-21,2.2
2020-11-22,2.13
2020-11-23,2.15
2020-11-24,2.09
2020-11-25,2.1
2020-11-26,2.4
2020-11-27,2.79
2020-11-28,3.01
2020-11-29,2.84
2020-11-30,3.24
2020-12-01,11.9
2020-12-02,22.3
2020-12-03,56.1
2020-12-04,51.3
2020-12-05,47.5
2020-12-06,46.5
2020-12-07,40.9
2020-12-08,28.5
2020-12-09,6.64
2020-12-10,5.58
2020-12-11,5.89
2020-12-12,6.85
2020-12-13,11.2
2020-12-14,15
2020-12-15,25.2
2020-12-16,33.8
2020-12-17,32.5
2020-12-18,26.1
2020-12-19,14.5
2020-12-20,16.1
2020-12-21,13.2
2020-12-22,14.9
2020-12-23,15.8
2020-12-24,17.6
2020-12-25,18
2020-12-26,17.4
2020-12-27,17.5
2020-12-28,17.7
2020-12-29,17.8
2020-12-30,15.7
2020-12-31,16.4
2021-01-01,24.8
2021-01-02,28.3
2021-01-03,27.5
2021-01-04,26.6
2021-01-05,25.2
2021-01-06,20.8
2021-01-07,3.7
2021-01-08,2.09
2021-01-09,1.99
2021-01-10,1.96
2021-01-11,2.11
2021-01-12,4.84
2021-01-13,5.2
2021-01-14,4.87
2021-01-15,2.41
2021-01-16,1.93
2021-01-17,1.94
2021-01-18,1.88
2021-01-19,1.85
2021-01-20,1.88
2021-01-21,1.88
2021-01-22,1.95
2021-01-23,1.94
2021-01-24,2.03
2021-01-25,1.9
2021-01-26,1.77
2021-01-27,1.75
2021-01-28,1.71
2021-01-29,1.67
2021-01-30,1.64
2021-01-31,1.59
2021-02-01,1.56
2021-02-02,1.53
2021-02-03,1.5
2021-02-04,1.48
2021-02-05,1.5
2021-02-06,1.54
2021-02-07,1.58
2021-02-08,1.65
2021-02-09,1.63
2021-02-10,1.63
2021-02-11,1.62
2021-02-12,1.57
2021-02-13,1.54
2021-02-14,1.53
2021-02-15,1.52
2021-02-16,1.55
2021-02-17,1.51
2021-02-18,1.47
2021-02-19,1.45
2021-02-20,1.44
2021-02-21,1.44
2021-02-22,1.47
2021-02-23,1.48
2021-02-24,1.47
2021-02-25,1.47
2021-02-26,1.45
2021-02-27,1.47
2021-02-28,1.47
2021-03-01,1.57
2021-03-02,1.6
2021-03-03,1.6
2021-03-04,1.59
2021-03-05,1.58
2021-03-06,1.55
2021-03-07,1.53
2021-03-08,1.52
2021-03-09,1.55
2021-03-10,1.61
2021-03-11,2.14
2021-03-12,5.22
2021-03-13,15.5
2021-03-14,16.3
2021-03-15,17.1
2021-03-16,17.6
2021-03-17,17.7
2021-03-18,17.7
2021-03-19,17
2021-03-20,16.9
2021-03-21,16.5
2021-03-22,17
2021-03-23,18.7
2021-03-24,25.7
2021-03-25,43.6
2021-03-26,53.6
2021-03-27,68.1
2021-03-28,75.5
2021-03-29,80.5
2021-03-30,87.2
2021-03-31,91.8
2021-04-01,94.8
2021-04-02,96.8
2021-04-03,97.9
2021-04-04,93.9
2021-04-05,86.4
2021-04-06,77.5
2021-04-07,51.6
2021-04-08,27.3
2021-04-09,16
2021-04-10,14.8
2021-04-11,14.7
2021-04-12,15.1
2021-04-13,15
2021-04-14,15
2021-04-15,14.6
2021-04-16,14.6
2021-04-17,14.4
2021-04-18,14.2
2021-04-19,14
2021-04-20,13.8
2021-04-21,13.9
2021-04-22,13.8
2021-04-23,13.7
2021-04-24,13.7
2021-04-25,13.6
2021-04-26,13.5
2021-04-27,13.5
2021-04-28,14.4
2021-04-29,14.7
2021-04-30,14.6
2021-05-01,14.2
2021-05-02,13.9
2021-05-03,14
2021-05-04,14.1
2021-05-05,14
2021-05-06,13.7
2021-05-07,12.8
2021-05-08,12.7
2021-05-09,12.8
2021-05-10,12.8
2021-05-11,12.9
2021-05-12,13.4
2021-05-13,13.5
2021-05-14,13.4
2021-05-15,13.3
2021-05-16,13.2
2021-05-17,13.2
2021-05-18,13.2
2021-05-19,13.2
2021-05-20,13.1
2021-05-21,13.2
2021-05-22,13.1
2021-05-23,13.2
2021-05-24,13.2
2021-05-25,13
2021-05-26,12.9
2021-05-27,12.9
2021-05-28,12.8
2021-05-29,12.8
2021-05-30,12.8
2021-05-31,12.8
2021-06-01,12.8
2021-06-02,12.1
2021-06-03,9.3
2021-06-04,10.2
2021-06-05,10.3
2021-06-06,10.5
2021-06-07,10.4
2021-06-08,10.4
2021-06-09,10.4
2021-06-10,10.4
2021-06-11,8.96
2021-06-12,1.81
2021-06-13,0.863
2021-06-14,0.603
2021-06-15,0.475
2021-06-16,0.406
2021-06-17,0.385
2021-06-18,0.398
2021-06-19,0.406
2021-06-20,0.402
2021-06-21,0.408
2021-06-22,0.394
2021-06-23,0.373
2021-06-24,0.367
2021-06-25,0.41
2021-06-26,0.929
2021-06-27,2.8
2021-06-28,1.97
2021-06-29,1.46
2021-06-30,1.29
2021-07-01,1.16
2021-07-02,1.1
2021-07-03,1.02
2021-07-04,0.917
2021-07-05,0.838
2021-07-06,0.932
2021-07-07,1.32
2021-07-08,15.9
2021-07-09,47.2
2021-07-10,73.5
2021-07-11,74.1
2021-07-12,70.3
2021-07-13,69.6
2021-07-14,74.4
2021-07-15,70.9
2021-07-16,66.8
2021-07-17,70.9
2021-07-18,76
2021-07-19,71.6
2021-07-20,72.3
2021-07-21,72.1
2021-07-22,69.4
2021-07-23,67.3
2021-07-24,65.7
2021-07-25,64.4
2021-07-26,53.3
2021-07-27,20.4
2021-07-28,10.9
2021-07-29,9.7
2021-07-30,2.99
2021-07-31,1.86
2021-08-01,2
2021-08-02,1.91
2021-08-03,1.84
2021-08-04,1.8
2021-08-05,1.69
2021-08-06,1.57
2021-08-07,1.56
2021-08-08,1.5
2021-08-09,1.61
2021-08-10,1.54
2021-08-11,1.48
2021-08-12,1.44
2021-08-13,1.34
2021-08-14,1.21
2021-08-15,1.1
2021-08-16,1.02
2021-08-17,0.958
2021-08-18,0.904
2021-08-19,0.849
2021-08-20,0.783
2021-08-21,0.775
2021-08-22,0.775
2021-08-23,0.735
2021-08-24,0.685
2021-08-25,0.685
2021-08-26,0.695
2021-08-27,0.696
2021-08-28,0.719
2021-08-29,0.94
2021-08-30,1.13
2021-08-31,0.984
2021-09-01,0.853
2021-09-02,0.777
2021-09-03,0.745
2021-09-04,0.737
2021-09-05,0.819
2021-09-06,0.926
2021-09-07,0.992
2021-09-08,1.41
2021-09-09,1.37
2021-09-10,1.2
2021-09-11,1.11
2021-09-12,1.18
2021-09-13,1.12
2021-09-14,1.08
2021-09-15,1.08
2021-09-16,1.01
2021-09-17,0.94
2021-09-18,0.898
2021-09-19,0.858
2021-09-20,0.826
2021-09-21,0.847
2021-09-22,3.2
2021-09-23,13.4
2021-09-24,15.7
2021-09-25,26
2021-09-26,56.5
2021-09-27,92.6
2021-09-28,102
2021-09-29,99.3
2021-09-30,96.9
2021-10-01,95.6
2021-10-02,93.3
2021-10-03,91.5
2021-10-04,90.5
2021-10-05,89.7
2021-10-06,84.7
2021-10-07,76.8
2021-10-08,63
2021-10-09,66.1
2021-10-10,65.7
2021-10-11,66.5
2021-10-12,64.7
2021-10-13,56.7
2021-10-14,44.1
2021-10-15,47.8
2021-10-16,50.2
2021-10-17,49.9
2021-10-18,53.2
2021-10-19,52.9
2021-10-20,52.4
2021-10-21,53.9
2021-10-22,54.2
2021-10-23,53.8
2021-10-24,53.7
2021-10-25,53.1
2021-10-26,52.7
2021-10-27,43.5
2021-10-28,16.3
2021-10-29,8.45
2021-10-30,5.8
2021-10-31,5.57
2021-11-01,4.82
2021-11-02,8.27
2021-11-03,4.18
2021-11-04,3.17
2021-11-05,2.95
2021-11-06,2.73
2021-11-07,2.5
2021-11-08,2.34
2021-11-09,2.19
2021-11-10,2.05
2021-11-11,1.94
2021-11-12,1.88
2021-11-13,1.91
2021-11-14,2.3
2021-11-15,3.1
2021-11-16,3
2021-11-17,2.83
2021-11-18,4.13
2021-11-19,4.21
2021-11-20,3.85
2021-11-21,3.7
2021-11-22,3.99
2021-11-23,3.8
2021-11-24,3.47
2021-11-25,3.35
2021-11-26,3.33
2021-11-27,3.08
2021-11-28,2.82
2021-11-29,2.63
2021-11-30,2.47
2021-12-01,2.4
2021-12-02,2.55
2021-12-03,2.9
2021-12-04,2.76
2021-12-05,2.69
2021-12-06,2.98
2021-12-07,2.92
2021-12-08,2.77
2021-12-09,2.69
2021-12-10,2.6
2021-12-11,3.49
2021-12-12,4.91
2021-12-13,5.59
2021-12-14,12.4
2021-12-15,16.1
2021-12-16,29
2021-12-17,38.2
2021-12-18,54.1
2021-12-19,54.2
2021-12-20,53.3
2021-12-21,52.5
2021-12-22,51.4
2021-12-23,47
2021-12-24,47
2021-12-25,48.4
2021-12-26,47.1
2021-12-27,44.5
2021-12-28,45.2
2021-12-29,44.4
2021-12-30,36.3
2021-12-31,25.4
2022-01-01,25.9
2022-01-02,26.1
2022-01-03,21.2
2022-01-04,12.9
2022-01-05,3.95
2022-01-06,2.82
2022-01-07,3.53
2022-01-08,1.87
2022-01-09,2.85
2022-01-10,2.64
2022-01-11,1.92
2022-01-12,1.48
2022-01-13,1.38
2022-01-14,1.35
2022-01-15,1.31
2022-01-16,1.28
2022-01-17,1.27
2022-01-18,1.27
2022-01-19,1.29
2022-01-20,1.28
2022-01-21,1.25
2022-01-22,1.23
2022-01-23,1.26
2022-01-24,1.25
2022-01-25,1.23
2022-01-26,1.2
2022-01-27,1.19
2022-01-28,1.18
2022-01-29,1.15
2022-01-30,1.14
2022-01-31,1.12
2022-02-01,1.12
2022-02-02,1.23
2022-02-03,1.29
2022-02-04,1.22
2022-02-05,1.19
2022-02-06,1.15
2022-02-07,1.12
2022-02-08,1.12
2022-02-09,1.11
2022-02-10,1.1
2022-02-11,1.11
2022-02-12,1.13
2022-02-13,1.1
2022-02-14,1.08
2022-02-15,1.05
2022-02-16,1.03
2022-02-17,1.2
2022-02-18,1.33
2022-02-19,1.43
2022-02-20,1.4
2022-02-21,1.35
2022-02-22,1.42
2022-02-23,1.79
2022-02-24,1.81
2022-02-25,1.84
2022-02-26,1.82
2022-02-27,1.79
2022-02-28,1.74
2022-03-01,1.73
2022-03-02,1.7
2022-03-03,1.68
2022-03-04,1.59
2022-03-05,1.55
2022-03-06,1.55
2022-03-07,1.7
2022-03-08,1.74
2022-03-09,1.66
2022-03-10,1.62
2022-03-11,1.6
2022-03-12,1.56
2022-03-13,1.52
2022-03-14,1.5
2022-03-15,1.47
2022-03-16,1.44
2022-03-17,1.57
2022-03-18,1.97
2022-03-19,2.64
2022-03-20,4.17
2022-03-21,5.12
2022-03-22,9.23
2022-03-23,20
2022-03-24,37.2
2022-03-25,50.2
2022-03-26,51.4
2022-03-27,54.6
2022-03-28,55.2
2022-03-29,56.3
2022-03-30,56.6
2022-03-31,57.9
2022-04-01,60.3
2022-04-02,64.4
2022-04-03,66
2022-04-04,60
2022-04-05,46.5
2022-04-06,43.7
2022-04-07,25
2022-04-08,17
2022-04-09,15.6
2022-04-10,15.1
2022-04-11,14.4
2022-04-12,13.4
2022-04-13,12.3
2022-04-14,13.6
2022-04-15,16.2
2022-04-16,16.4
2022-04-17,14.3
2022-04-18,11.6
2022-04-19,10.1
2022-04-20,20.4
2022-04-21,36.2
2022-04-22,44.1
2022-04-23,47.8
2022-04-24,65.7
2022-04-25,71.3
2022-04-26,73.9
2022-04-27,80.4
2022-04-28,97.6
2022-04-29,100
2022-04-30,99.7
2022-05-01,98.8
2022-05-02,97.5
2022-05-03,96.1
2022-05-04,94.6
2022-05-05,83.1
2022-05-06,58.9
2022-05-07,44.6
2022-05-08,41.3
2022-05-09,39.8
2022-05-10,35.1
2022-05-11,25
2022-05-12,15.7
2022-05-13,15.3
2022-05-14,15.2
2022-05-15,15.1
2022-05-16,15.1
2022-05-17,15.2
2022-05-18,15.1
2022-05-19,15.1
2022-05-20,15
2022-05-21,15
2022-05-22,15.1
2022-05-23,14.9
2022-05-24,14.9
2022-05-25,15
2022-05-26,15.3
2022-05-27,16
2022-05-28,15.6
2022-05-29,15.3
2022-05-30,15.1
2022-05-31,15
2022-06-01,15.9
2022-06-02,15.6
2022-06-03,30.6
2022-06-04,43.5
2022-06-05,39.4
2022-06-06,46
2022-06-07,51
2022-06-08,51.5
2022-06-09,53.7
2022-06-10,62.5
2022-06-11,84
2022-06-12,85.9
2022-06-13,83.2
2022-06-14,84.1
2022-06-15,83.2
2022-06-16,71.5
2022-06-17,44
2022-06-18,38.2
2022-06-19,34.8
2022-06-20,32.2
2022-06-21,19.6
2022-06-22,3.69
2022-06-23,1.51
2022-06-24,1.53
2022-06-25,1.54
2022-06-26,1.47
2022-06-27,1.39
2022-06-28,1.29
2022-06-29,1.21
2022-06-30,1.15
2022-07-01,1.1
2022-07-02,1.06
2022-07-03,1.03
2022-07-04,0.961
2022-07-05,0.905
2022-07-06,0.876
2022-07-07,0.833
2022-07-08,0.784
2022-07-09,0.731
2022-07-10,0.677
2022-07-11,0.653
2022-07-12,0.647
2022-07-13,0.645
2022-07-14,0.68
2022-07-15,0.709
2022-07-16,0.732
2022-07-17,0.749
2022-07-18,0.777
2022-07-19,0.8
2022-07-20,0.821
2022-07-21,0.862
2022-07-22,0.889
2022-07-23,0.869
2022-07-24,0.85
2022-07-25,0.826
2022-07-26,0.802
2022-07-27,0.782
2022-07-28,0.768
2022-07-29,0.762
2022-07-30,0.749
2022-07-31,0.737
2022-08-01,0.737
2022-08-02,0.748
2022-08-03,0.759
2022-08-04,0.772
2022-08-05,0.775
2022-08-06,0.763
2022-08-07,0.758
2022-08-08,0.785
2022-08-09,0.843
2022-08-10,0.868
2022-08-11,0.882
2022-08-12,0.884
2022-08-13,0.881
2022-08-14,0.883
2022-08-15,0.886
2022-08-16,0.847
2022-08-17,0.837
2022-08-18,0.824
2022-08-19,0.803
2022-08-20,0.786
2022-08-21,0.777
2022-08-22,0.771
2022-08-23,0.774
2022-08-24,0.771
2022-08-25,0.768
2022-08-26,0.88
2022-08-27,0.926
2022-08-28,0.859
2022-08-29,0.804
2022-08-30,0.758
2022-08-31,0.699
2022-09-01,0.65
2022-09-02,0.644
2022-09-03,0.632
2022-09-04,0.614
2022-09-05,0.594
2022-09-06,0.569
2022-09-07,0.547
2022-09-08,0.524
2022-09-09,0.504
2022-09-10,0.485
2022-09-11,0.472
2022-09-12,0.476
2022-09-13,0.521
2022-09-14,0.538
2022-09-15,0.495
2022-09-16,0.465
2022-09-17,0.479
2022-09-18,0.503
2022-09-19,0.552
2022-09-20,0.606
2022-09-21,0.633
2022-09-22,0.634
2022-09-23,0.598
2022-09-24,0.6
2022-09-25,0.616
2022-09-26,0.666
2022-09-27,0.716
2022-09-28,0.753
2022-09-29,0.784
2022-09-30,0.787
2022-10-01,0.745
2022-10-02,0.716
2022-10-03,0.705
2022-10-04,0.685
2022-10-05,0.685
2022-10-06,0.691
2022-10-07,0.691
2022-10-08,0.695
2022-10-09,0.703
2022-10-10,0.693
2022-10-11,0.683
2022-10-12,0.674
2022-10-13,0.751
2022-10-14,0.933
2022-10-15,0.988
2022-10-16,1
2022-10-17,1.02
2022-10-18,1.02
2022-10-19,0.975
2022-10-20,1.03
2022-10-21,1.76
2022-10-22,2.2
2022-10-23,2.35
2022-10-24,2.44
2022-10-25,2.39
2022-10-26,2.19
2022-10-27,2
2022-10-28,2.08
2022-10-29,2.3
2022-10-30,1.76
2022-10-31,1.47
2022-11-01,1.45
2022-11-02,1.45
2022-11-03,1.42
2022-11-04,1.47
2022-11-05,1.5
2022-11-06,1.55
2022-11-07,1.49
2022-11-08,1.33
2022-11-09,1.19
2022-11-10,1.07
2022-11-11,1.04
2022-11-12,1.02
2022-11-13,0.921
2022-11-14,0.868
2022-11-15,0.817
2022-11-16,0.813
2022-11-17,0.815
2022-11-18,0.85
2022-11-19,0.833
2022-11-20,0.891
2022-11-21,0.897
2022-11-22,0.886
2022-11-23,0.876
2022-11-24,0.873
2022-11-25,1.01
2022-11-26,1.18
2022-11-27,1.41
2022-11-28,1.86
2022-11-29,1.93
2022-11-30,2.26
2022-12-01,2.99
2022-12-02,2.94
2022-12-03,3.13
2022-12-04,3.63
2022-12-05,3.46
2022-12-06,3.27
2022-12-07,8.8
2022-12-08,17.2
2022-12-09,13.8
2022-12-10,5.1
2022-12-11,5.83
2022-12-12,5.96
2022-12-13,5.4
2022-12-14,4.14
2022-12-15,3.45
2022-12-16,3.02
2022-12-17,2.03
2022-12-18,1.75
2022-12-19,1.78
2022-12-20,1.72
2022-12-21,1.65
2022-12-22,1.61
2022-12-23,1.73
2022-12-24,2.13
2022-12-25,2.42
2022-12-26,2.55
2022-12-27,2.61
2022-12-28,2.52
2022-12-29,12.4
2022-12-30,34.5
2022-12-31,37.4
2023-01-01,39.8
2023-01-02,39.9
2023-01-03,66.9
2023-01-04,76.6
2023-01-05,90.7
2023-01-06,106
2023-01-07,109
2023-01-08,107
2023-01-09,105
2023-01-10,104
2023-01-11,102
2023-01-12,96
2023-01-13,94.1
2023-01-14,95.3
2023-01-15,90.6
2023-01-16,88.3
2023-01-17,84.1
2023-01-18,81.2
2023-01-19,72.9
2023-01-20,60.6
2023-01-21,51.8
2023-01-22,50.7
2023-01-23,50.6
2023-01-24,46.7
2023-01-25,35.7
2023-01-26,33.7
2023-01-27,34.7
2023-01-28,34.6
2023-01-29,34.2
2023-01-30,33.6
2023-01-31,33
2023-02-01,31.6
2023-02-02,31
2023-02-03,30
2023-02-04,33
2023-02-05,28.6
2023-02-06,28
2023-02-07,28.8
2023-02-08,29.4
2023-02-09,29.1
2023-02-10,20.8
2023-02-11,3.32
2023-02-12,2.09
2023-02-13,1.94
2023-02-14,1.92
2023-02-15,2.63
2023-02-16,12.2
2023-02-17,11.8
2023-02-18,11.5
2023-02-19,11.6
2023-02-20,11.7
2023-02-21,12.1
2023-02-22,12
2023-02-23,11.2
2023-02-24,11.1
2023-02-25,10.6
2023-02-26,10.4
2023-02-27,13.5
2023-02-28,29.6
2023-03-01,29.9
2023-03-02,30.1
2023-03-03,32
2023-03-04,40.5
2023-03-05,40.4
2023-03-06,39.7
2023-03-07,38.9
2023-03-08,38.1
2023-03-09,34.3
2023-03-10,25.2
2023-03-11,12
2023-03-12,12.4
2023-03-13,12.2
2023-03-14,9.87
2023-03-15,2.68
2023-03-16,1.53
2023-03-17,1.82
2023-03-18,2.55
2023-03-19,2.73
2023-03-20,2.67
2023-03-21,2.63
2023-03-22,2.65
2023-03-23,2.8
2023-03-24,5.41
2023-03-25,19.1
2023-03-26,21.8
2023-03-27,27.7
2023-03-28,40.6
2023-03-29,44.3
2023-03-30,62.4
2023-03-31,59.6
2023-04-01,60.1
2023-04-02,62.1
2023-04-03,63.7
2023-04-04,64.5
2023-04-05,78.8
2023-04-06,109
2023-04-07,126
2023-04-08,132
2023-04-09,141
2023-04-10,139
2023-04-11,149
2023-04-12,158
2023-04-13,167
2023-04-14,179
2023-04-15,187
2023-04-16,193
2023-04-17,205
2023-04-18,219
2023-04-19,226
2023-04-20,233
2023-04-21,236
2023-04-22,230
2023-04-23,237
2023-04-24,239
2023-04-25,243
2023-04-26,227
2023-04-27,225
2023-04-28,213
2023-04-29,193
2023-04-30,188
2023-05-01,182
2023-05-02,178
2023-05-03,179
2023-05-04,179
2023-05-05,180
2023-05-06,182
2023-05-07,180
2023-05-08,178
2023-05-09,175
2023-05-10,167
2023-05-11,147
2023-05-12,133
2023-05-13,104
2023-05-14,81.5
2023-05-15,67
2023-05-16,14.9
2023-05-17,9.53
2023-05-18,9.45
2023-05-19,9.36
2023-05-20,10.2
2023-05-21,9.33
2023-05-22,8.53
2023-05-23,8.48
2023-05-24,9.06
2023-05-25,14.2
2023-05-26,16.3
2023-05-27,25.3
2023-05-28,28.5
2023-05-29,28.8
2023-05-30,23.3
2023-05-31,13
2023-06-01,13
2023-06-02,13
2023-06-03,13
2023-06-04,12.8
2023-06-05,12.8
2023-06-06,12.8
2023-06-07,12.8
2023-06-08,13
2023-06-09,13
2023-06-10,12.9
2023-06-11,12.9
2023-06-12,13.7
2023-06-13,16.2
2023-06-14,3.72
2023-06-15,1.7
2023-06-16,1.24
2023-06-17,2.46
2023-06-18,6.98
2023-06-19,10.9
2023-06-20,8
2023-06-21,8.38
2023-06-22,1.87
2023-06-23,0.881
2023-06-24,0.697
2023-06-25,0.634
2023-06-26,0.635
2023-06-27,0.764
2023-06-28,0.846
2023-06-29,1.93
2023-06-30,15.3
2023-07-01,28.3
2023-07-02,30.4
2023-07-03,28.4
2023-07-04,24.1
2023-07-05,3.29
2023-07-06,1.25
2023-07-07,1.17
2023-07-08,1.15
2023-07-09,0.969
2023-07-10,0.827
2023-07-11,0.746
2023-07-12,0.684
2023-07-13,0.946
2023-07-14,1.42
2023-07-15,1.9
2023-07-16,1.88
2023-07-17,2.06
2023-07-18,3.67
2023-07-19,10.1
2023-07-20,13.7
2023-07-21,20.1
2023-07-22,28
2023-07-23,30.1
2023-07-24,29
2023-07-25,27.8
2023-07-26,22.1
2023-07-27,20.9
2023-07-28,17.2
2023-07-29,4.54
2023-07-30,2.84
2023-07-31,2.23
2023-08-01,1.88
2023-08-02,1.65
2023-08-03,1.5
2023-08-04,1.6
2023-08-05,1.49
2023-08-06,1.38
2023-08-07,1.57
2023-08-08,1.72
2023-08-09,1.59
2023-08-10,1.5
2023-08-11,1.37
2023-08-12,1.86
2023-08-13,2.22
2023-08-14,1.89
2023-08-15,2.11
2023-08-16,12.8
2023-08-17,32.5
2023-08-18,37.2
2023-08-19,47.1
2023-08-20,47.4
2023-08-21,39.5
2023-08-22,14.8
2023-08-23,2.7
2023-08-24,1.28
2023-08-25,1.01
2023-08-26,0.969
2023-08-27,0.925
2023-08-28,0.852
2023-08-29,0.797
2023-08-30,0.82
2023-08-31,0.781
2023-09-01,0.721
2023-09-02,0.688
2023-09-03,0.673
2023-09-04,0.654
2023-09-05,0.649
2023-09-06,0.593
2023-09-07,0.578
2023-09-08,0.535
2023-09-09,0.504
2023-09-10,0.492
2023-09-11,0.485
2023-09-12,0.622
2023-09-13,0.665
2023-09-14,0.61
2023-09-15,0.561
2023-09-16,0.537
2023-09-17,0.703
2023-09-18,7.36
2023-09-19,23.9
2023-09-20,29.5
2023-09-21,33.1
2023-09-22,34.6
2023-09-23,32.3
2023-09-24,31
2023-09-25,24.8
2023-09-26,7.03
2023-09-27,1.71
2023-09-28,0.823
2023-09-29,0.601
2023-09-30,0.548
2023-10-01,0.516
2023-10-02,0.497
2023-10-03,0.502
2023-10-04,0.509
2023-10-05,0.529
2023-10-06,2.66
2023-10-07,20.2
2023-10-08,22.6
2023-10-09,23.6
2023-10-10,30.1
2023-10-11,55.5
2023-10-12,79.1
2023-10-13,96.5
2023-10-14,95.8
2023-10-15,91.7
2023-10-16,79.1
2023-10-17,44.4
2023-10-18,26.2
2023-10-19,11.8
2023-10-20,3.35
2023-10-21,2.39
2023-10-22,2.04
2023-10-23,1.77
2023-10-24,1.59
2023-10-25,1.45
2023-10-26,1.33
2023-10-27,1.44
2023-10-28,1.51
2023-10-29,1.67
2023-10-30,1.44
2023-10-31,1.36
2023-11-01,1.42
2023-11-02,1.45
2023-11-03,1.48
2023-11-04,1.51
2023-11-05,1.5
2023-11-06,1.53
2023-11-07,1.93
2023-11-08,1.99
2023-11-09,4.22
2023-11-10,21.6
2023-11-11,4.74
2023-11-12,2.53
2023-11-13,2.23
2023-11-14,2.12
2023-11-15,1.99
2023-11-16,1.9
2023-11-17,1.88
2023-11-18,1.89
2023-11-19,1.8
2023-11-20,1.7
2023-11-21,4.55
2023-11-22,17.2
2023-11-23,3.52
2023-11-24,2.08
2023-11-25,1.84
2023-11-26,1.75
2023-11-27,1.94
2023-11-28,2.15
2023-11-29,2.19
2023-11-30,2.14
2023-12-01,2.12
2023-12-02,2.21
2023-12-03,3.26
2023-12-04,4.06
2023-12-05,3.72
2023-12-06,3.22
2023-12-07,2.89
2023-12-08,2.7
2023-12-09,2.58
2023-12-10,3.12
2023-12-11,3.41
2023-12-12,3.17
2023-12-13,3
2023-12-14,2.78
2023-12-15,2.65
2023-12-16,2.73
2023-12-17,2.95
2023-12-18,4.16
2023-12-19,4.56
2023-12-20,3.98
2023-12-21,5.24
2023-12-22,13.5
2023-12-23,15.7
2023-12-24,15.8
2023-12-25,15.8
2023-12-26,16.2
2023-12-27,18.3
2023-12-28,30.8
2023-12-29,36.2
2023-12-30,40
2023-12-31,39.5
2024-01-01,38.9
2024-01-02,37.1
2024-01-03,36.1
2024-01-04,36.6
2024-01-05,32
2024-01-06,16.1
2024-01-07,16.5
2024-01-08,14.4
2024-01-09,3.45
2024-01-10,2.41
2024-01-11,2.44
2024-01-12,2.82
2024-01-13,12.1
2024-01-14,14.9
2024-01-15,15.2
2024-01-16,15
2024-01-17,15.1
2024-01-18,15.7
2024-01-19,16.7
2024-01-20,25
2024-01-21,25.4
2024-01-22,25.7
2024-01-23,25.4
2024-01-24,26.8
2024-01-25,25.4
2024-01-26,28.8
2024-01-27,30.9
2024-01-28,32.8
2024-01-29,29.8
2024-01-30,18.9
2024-01-31,16.5
2024-02-01,3.74
2024-02-02,2.4
2024-02-03,2.23
2024-02-04,2.14
2024-02-05,2.06
2024-02-06,1.96
2024-02-07,1.86
2024-02-08,1.81
2024-02-09,1.87
2024-02-10,2.13
2024-02-11,2.2
2024-02-12,2.16
2024-02-13,2.1
2024-02-14,2
2024-02-15,1.94
2024-02-16,2
2024-02-17,1.91
2024-02-18,1.95
2024-02-19,1.91
2024-02-20,1.83
2024-02-21,1.78
2024-02-22,1.91
2024-02-23,2.05
2024-02-24,6.9
2024-02-25,9.24
2024-02-26,10.3
2024-02-27,14
2024-02-28,23.2
2024-02-29,24.8
2024-03-01,27
2024-03-02,39.4
2024-03-03,40.3
2024-03-04,42.5
2024-03-05,58.2
2024-03-06,70
2024-03-07,73.4
2024-03-08,73.6
2024-03-09,81.2
2024-03-10,86.1
2024-03-11,70.7
2024-03-12,65.3
2024-03-13,54.7
2024-03-14,34.8
2024-03-15,32.6
2024-03-16,18.3
2024-03-17,17.5
2024-03-18,17.1
2024-03-19,16.7
2024-03-20,16.7
2024-03-21,16.5
2024-03-22,16.1
2024-03-23,15.9
2024-03-24,15.7
2024-03-25,15.7
2024-03-26,15.9
2024-03-27,17
2024-03-28,16.3
2024-03-29,15.6
2024-03-30,15.3
2024-03-31,15.1
2024-04-01,14.9
2024-04-02,14.8
2024-04-03,15.8
2024-04-04,23.4
2024-04-05,36.8
2024-04-06,46.8
2024-04-07,47.8
2024-04-08,47.6
2024-04-09,50.8
2024-04-10,67.8
2024-04-11,69.4
2024-04-12,82.3
2024-04-13,99.4
2024-04-14,104
2024-04-15,119
2024-04-16,134
2024-04-17,140
2024-04-18,158
2024-04-19,176
2024-04-20,177
2024-04-21,174
2024-04-22,166
2024-04-23,164
2024-04-24,168
2024-04-25,158
2024-04-26,150
2024-04-27,139
2024-04-28,134
2024-04-29,140
2024-04-30,144
2024-05-01,142
2024-05-02,136
2024-05-03,127
2024-05-04,107
2024-05-05,101
2024-05-06,88
2024-05-07,53.1
2024-05-08,22.1
2024-05-09,19.2
2024-05-10,17.1
2024-05-11,21.6
2024-05-12,24.5
2024-05-13,22.4
2024-05-14,22.9
2024-05-15,21.7
2024-05-16,15.1
2024-05-17,14.1
2024-05-18,13.9
2024-05-19,13.8
2024-05-20,14
2024-05-21,14
2024-05-22,14.4
2024-05-23,14.4
2024-05-24,14.4
2024-05-25,14.4
2024-05-26,14.3
2024-05-27,14.3
2024-05-28,14.3
2024-05-29,14.2
2024-05-30,13.8
2024-05-31,13.7
2024-06-01,13.7
2024-06-02,13.7
2024-06-03,13.7
2024-06-04,13.8
2024-06-05,13.8
2024-06-06,13.9
2024-06-07,13.8
2024-06-08,13.8
2024-06-09,13.8
2024-06-10,12.9
2024-06-11,2.91
2024-06-12,1.09
2024-06-13,0.743
2024-06-14,0.714
2024-06-15,0.623
2024-06-16,0.565
2024-06-17,0.694
2024-06-18,0.72
2024-06-19,0.683
2024-06-20,0.59
2024-06-21,0.544
2024-06-22,0.727
2024-06-23,8.96
2024-06-24,8.95
2024-06-25,34.2
2024-06-26,81.9
2024-06-27,86.6
2024-06-28,90.7
2024-06-29,88.3
2024-06-30,89.8
2024-07-01,87.7
2024-07-02,83.4
2024-07-03,72.4
2024-07-04,46.1
2024-07-05,20.2
2024-07-06,16.2
2024-07-07,13.6
2024-07-08,11.6
2024-07-09,12.6
2024-07-10,27.3
2024-07-11,51.2
2024-07-12,32.9
2024-07-13,6.76
2024-07-14,2.15
2024-07-15,1.79
2024-07-16,1.69
2024-07-17,1.64
2024-07-18,1.48
2024-07-19,1.36
2024-07-20,1.28
2024-07-21,1.19
2024-07-22,1.08
2024-07-23,0.992
2024-07-24,0.989
2024-07-25,0.973
2024-07-26,0.907
2024-07-27,0.854
2024-07-28,0.804
2024-07-29,0.758
2024-07-30,0.782
2024-07-31,0.953
2024-08-01,0.888
2024-08-02,0.811
2024-08-03,0.779
2024-08-04,0.757
2024-08-05,0.826
2024-08-06,0.835
2024-08-07,0.802
2024-08-08,0.758
2024-08-09,0.737
2024-08-10,0.758
2024-08-11,1.03
2024-08-12,1.21
2024-08-13,1.06
2024-08-14,0.931
2024-08-15,0.86
2024-08-16,0.829
2024-08-17,0.896
2024-08-18,1.36
2024-08-19,1.66
2024-08-20,1.41
2024-08-21,1.2
2024-08-22,1.09
2024-08-23,1.01
2024-08-24,0.967
2024-08-25,0.926
2024-08-26,0.873
2024-08-27,0.821
2024-08-28,0.787
2024-08-29,0.744
2024-08-30,0.724
2024-08-31,1.06
2024-09-01,0.949
2024-09-02,0.818
2024-09-03,0.754
2024-09-04,0.711
2024-09-05,0.677
2024-09-06,0.66
2024-09-07,0.683
2024-09-08,0.698
2024-09-09,0.762
2024-09-10,0.825
2024-09-11,0.77
2024-09-12,0.732
2024-09-13,0.698
2024-09-14,0.677
2024-09-15,0.648
2024-09-16,0.613
2024-09-17,0.59
2024-09-18,0.571
2024-09-19,0.548
2024-09-20,0.523
2024-09-21,0.5
2024-09-22,0.47
2024-09-23,0.445
2024-09-24,0.421
2024-09-25,0.452
2024-09-26,0.445
2024-09-27,0.415
2024-09-28,0.389
2024-09-29,0.371
2024-09-30,0.362
2024-10-01,0.364
2024-10-02,0.396
2024-10-03,0.391
2024-10-04,0.381
2024-10-05,0.371
2024-10-06,0.4
2024-10-07,0.43
2024-10-08,0.419
2024-10-09,0.407
2024-10-10,0.397
2024-10-11,0.379
2024-10-12,0.36
2024-10-13,0.425
2024-10-14,0.377
2024-10-15,0.337
2024-10-16,0.327
2024-10-17,0.342
2024-10-18,0.363
2024-10-19,0.371
2024-10-20,0.369
2024-10-21,0.371
2024-10-22,0.367
2024-10-23,0.361
2024-10-24,0.349
2024-10-25,0.361
2024-10-26,0.4
2024-10-27,0.571
2024-10-28,0.549
2024-10-29,0.499
2024-10-30,0.47
2024-10-31,0.409
2024-11-01,0.404
2024-11-02,0.41
2024-11-03,0.406
2024-11-04,0.435
2024-11-05,0.56
2024-11-06,0.681
2024-11-07,0.636
2024-11-08,0.567
2024-11-09,0.517
2024-11-10,0.508
2024-11-11,0.563
2024-11-12,0.68
2024-11-13,0.643
2024-11-14,0.59
2024-11-15,0.557
2024-11-16,0.528
2024-11-17,0.501
2024-11-18,0.484
2024-11-19,0.466
2024-11-20,0.461
2024-11-21,0.736
2024-11-22,0.902
2024-11-23,0.875
2024-11-24,0.836
2024-11-25,0.827
2024-11-26,1.06
2024-11-27,2.09
2024-11-28,2.12
2024-11-29,2.17
2024-11-30,2.72
2024-12-01,3.13
2024-12-02,2.99
2024-12-03,18.7
2024-12-04,39.5
2024-12-05,36.6
2024-12-06,29.4
2024-12-07,31.1
2024-12-08,31.6
2024-12-09,30.8
2024-12-10,31.2
2024-12-11,28
2024-12-12,12.6
2024-12-13,12.1
2024-12-14,18.2
2024-12-15,31.8
2024-12-16,31
2024-12-17,33.1
2024-12-18,34.7
2024-12-19,36.6
2024-12-20,50.5
2024-12-21,60.8
2024-12-22,56.6
2024-12-23,54
2024-12-24,53.3
2024-12-25,52.8
2024-12-26,42.2
2024-12-27,30.3
2024-12-28,32.9
2024-12-29,32
2024-12-30,46.7
2024-12-31,69.9
2026-06-07,19.9531
2026-06-08,17.4588
2026-06-09,15.9939
2026-06-10,21.4004
2026-06-11,21.2351
2026-06-12,52.5812
2026-06-13,99.6052
2026-06-14,106.5702
2026-06-15,104.2325
2026-06-16,100.5518
2026-06-17,86.2662
2026-06-18,83.2724
2026-06-19,75.8513
2026-06-20,57.2601
2026-06-21,55.4246
2026-06-22,55.0737
2026-06-23,52.5917
2026-06-24,34.0447
2026-06-25,20.232
2026-06-26,16.9729
2026-06-27,3.5481
2026-06-28,2.1943
2026-06-29,2.0081
2026-06-30,1.9696
2026-07-01,1.8614
2026-07-02,1.7834
2026-07-03,1.7556
2026-07-04,1.7141
2026-07-05,1.6733
2026-07-06,1.6285
2026-07-07,1.5852
2026-07-08,1.5521
2026-07-09,1.6104
2026-07-10,1.6859
2026-07-11,1.5404
2026-07-12,1.4119
2026-07-13,1.3631
2026-07-14,1.2737
2026-07-15,1.4498
2026-07-16,1.4212
2026-07-17,1.3809
2026-07-18,1.5257
2026-07-19,1.5171
2026-07-20,1.8557
2026-07-21,1.8991
2026-07-22,1.8173
2026-07-23,1.7361
2026-07-24,1.6204
2026-07-25,1.6271
2026-07-26,1.6457
2026-07-27,1.6462
2026-07-28,1.6559
2026-07-29,1.6363
2026-07-30,1.6328
2026-07-31,1.6169
2026-08-01,1.607
2026-08-02,1.6709
2026-08-03,1.6948
2026-08-04,1.5978
2026-08-05,1.5497
2026-08-06,1.61
2026-08-07,1.6164
2026-08-08,1.7279
2026-08-09,1.8144
2026-08-10,1.768
2026-08-11,1.6545
2026-08-12,1.6392
2026-08-13,1.6254
2026-08-14,1.6197
2026-08-15,1.6022
2026-08-16,1.5814
2026-08-17,1.58
2026-08-18,1.6113
2026-08-19,1.729
2026-08-20,1.6624
2026-08-21,1.5965
2026-08-22,1.6394
2026-08-23,2.3225
2026-08-24,2.2549
2026-08-25,2.2165
2026-08-26,2.0746
2026-08-27,2.0797
2026-08-28,2.0645
2026-08-29,1.9664
2026-08-30,1.9432
2026-08-31,1.9332
2026-09-01,1.8766
2026-09-02,1.8629
2026-09-03,1.7333
2026-09-04,1.535
2026-09-05,1.3843
2026-09-06,1.2709
2026-09-07,1.1821
2026-09-08,1.1042
2026-09-09,1.1096
2026-09-10,1.2084
2026-09-11,1.109
