date,value
2002-11-01,9.237
2002-11-02,9.233
2002-11-03,9.233
2002-11-04,9.237
2002-11-05,9.239
2002-11-06,9.242
2002-11-07,9.241
2002-11-08,9.24
2002-11-09,9.237
2002-11-10,9.248
2002-11-11,9.268
2002-11-12,9.272
2002-11-13,9.273
2002-11-14,9.276
2002-11-15,9.272
2002-11-16,9.273
2002-11-17,9.283
2002-11-18,9.288
2002-11-19,9.295
2002-11-20,9.295
2002-11-21,9.297
2002-11-22,9.297
2002-11-23,9.301
2002-11-24,9.309
2002-11-25,9.316
2002-11-26,9.323
2002-11-27,9.327
2002-11-28,9.339
2002-11-29,9.365
2002-11-30,9.384
2002-12-01,9.4
2002-12-02,9.415
2002-12-03,9.423
2002-12-04,9.406
2002-12-05,9.393
2002-12-06,9.386
2002-12-07,9.373
2002-12-08,9.359
2002-12-09,9.347
2002-12-10,9.335
2002-12-11,9.321
2002-12-12,9.311
2002-12-13,9.307
2002-12-14,9.301
2002-12-15,9.303
2002-12-16,9.297
2002-12-17,9.293
2002-12-18,9.289
2002-12-19,9.287
2002-12-20,9.301
2002-12-21,9.315
2002-12-22,9.324
2002-12-23,9.338
2002-12-24,9.346
2002-12-25,9.347
2002-12-26,9.352
2002-12-27,9.355
2002-12-28,9.356
2002-12-29,9.354
2002-12-30,9.354
2002-12-31,9.352
2003-01-01,9.35
2003-01-02,9.348
2003-01-03,9.348
2003-01-04,9.35
2003-01-05,9.348
2003-01-06,9.348
2003-01-07,9.348
2003-01-08,9.351
2003-01-09,9.353
2003-01-10,9.356
2003-01-11,9.358
2003-01-12,9.357
2003-01-13,9.36
2003-01-14,9.357
2003-01-15,9.354
2003-01-16,9.355
2003-01-17,9.356
2003-01-18,9.353
2003-01-19,9.353
2003-01-20,9.354
2003-01-21,9.352
2003-01-22,9.348
2003-01-23,9.345
2003-01-24,9.342
2003-01-25,9.34
2003-01-26,9.344
2003-01-27,9.341
2003-01-28,9.334
2003-01-29,9.312
2003-01-30,9.29
2003-01-31,9.269
2003-02-01,9.252
2003-02-02,9.236
2003-02-03,9.222
2003-02-04,9.225
2003-02-05,9.216
2003-02-06,9.206
2003-02-07,9.197
2003-02-08,9.189
2003-02-09,9.18
2003-02-10,9.177
2003-02-11,9.17
2003-02-12,9.161
2003-02-13,9.15
2003-02-14,9.142
2003-02-15,9.127
2003-02-16,9.112
2003-02-17,9.097
2003-02-18,9.081
2003-02-19,9.065
2003-02-20,9.055
2003-02-21,9.036
2003-02-22,9.019
2003-02-23,9.02
2003-02-24,9.01
2003-02-25,8.997
2003-02-26,8.985
2003-02-27,8.968
2003-02-28,8.951
2003-03-01,8.931
2003-03-02,8.916
2003-03-03,8.902
2003-03-04,8.89
2003-03-05,8.879
2003-03-06,8.864
2003-03-07,8.85
2003-03-08,8.843
2003-03-09,8.84
2003-03-10,8.828
2003-03-11,8.817
2003-03-12,8.802
2003-03-13,8.788
2003-03-14,8.775
2003-03-15,8.764
2003-03-16,8.75
2003-03-17,8.737
2003-03-18,8.717
2003-03-19,8.693
2003-03-20,8.672
2003-03-21,8.656
2003-03-22,8.646
2003-03-23,8.638
2003-03-24,8.635
2003-03-25,8.661
2003-03-26,8.711
2003-03-27,8.755
2003-03-28,8.811
2003-03-29,8.926
2003-03-30,9.046
2003-03-31,9.122
2003-04-01,9.18
2003-04-02,9.219
2003-04-03,9.247
2003-04-04,9.255
2003-04-05,9.26
2003-04-06,9.257
2003-04-07,9.242
2003-04-08,9.22
2003-04-09,9.199
2003-04-10,9.173
2003-04-11,9.155
2003-04-12,9.146
2003-04-13,9.142
2003-04-14,9.14
2003-04-15,9.145
2003-04-16,9.168
2003-04-17,9.186
2003-04-18,9.203
2003-04-19,9.224
2003-04-20,9.248
2003-04-21,9.279
2003-04-22,9.318
2003-04-23,9.363
2003-04-24,9.401
2003-04-25,9.433
2003-04-26,9.452
2003-04-27,9.46
2003-04-28,9.467
2003-04-29,9.467
2003-04-30,9.471
2003-05-01,9.508
2003-05-02,9.536
2003-05-03,9.555
2003-05-04,9.578
2003-05-05,9.593
2003-05-06,9.607
2003-05-07,9.61
2003-05-08,9.605
2003-05-09,9.602
2003-05-10,9.593
2003-05-11,9.594
2003-05-12,9.612
2003-05-13,9.619
2003-05-14,9.612
2003-05-15,9.604
2003-05-16,9.595
2003-05-17,9.581
2003-05-18,9.567
2003-05-19,9.556
2003-05-20,9.544
2003-05-21,9.528
2003-05-22,9.51
2003-05-23,9.497
2003-05-24,9.495
2003-05-25,9.489
2003-05-26,9.477
2003-05-27,9.473
2003-05-28,9.468
2003-05-29,9.459
2003-05-30,9.451
2003-05-31,9.446
2003-06-01,9.433
2003-06-02,9.426
2003-06-03,9.42
2003-06-04,9.416
2003-06-05,9.441
2003-06-06,9.455
2003-06-07,9.464
2003-06-08,9.474
2003-06-09,9.5
2003-06-10,9.5
2003-06-11,9.513
2003-06-12,9.513
2003-06-13,9.514
2003-06-14,9.519
2003-06-15,9.522
2003-06-16,9.52
2003-06-17,9.518
2003-06-18,9.514
2003-06-19,9.492
2003-06-20,9.482
2003-06-21,9.471
2003-06-22,9.458
2003-06-23,9.447
2003-06-24,9.451
2003-06-25,9.451
2003-06-26,9.457
2003-06-27,9.477
2003-06-28,9.477
2003-06-29,9.486
2003-06-30,9.485
2003-07-01,9.484
2003-07-02,9.481
2003-07-03,9.477
2003-07-04,9.486
2003-07-05,9.483
2003-07-06,9.48
2003-07-07,9.477
2003-07-08,9.475
2003-07-09,9.467
2003-07-10,9.464
2003-07-11,9.468
2003-07-12,9.476
2003-07-13,9.477
2003-07-14,9.476
2003-07-15,9.481
2003-07-16,9.485
2003-07-17,9.481
2003-07-18,9.48
2003-07-19,9.483
2003-07-20,9.488
2003-07-21,9.495
2003-07-22,9.494
2003-07-23,9.49
2003-07-24,9.487
2003-07-25,9.484
2003-07-26,9.484
2003-07-27,9.487
2003-07-28,9.482
2003-07-29,9.477
2003-07-30,9.474
2003-07-31,9.471
2003-08-01,9.468
2003-08-02,9.466
2003-08-03,9.463
2003-08-04,9.463
2003-08-05,9.464
2003-08-06,9.462
2003-08-07,9.46
2003-08-08,9.458
2003-08-09,9.456
2003-08-10,9.456
2003-08-11,9.455
2003-08-12,9.454
2003-08-13,9.452
2003-08-14,9.448
2003-08-15,9.447
2003-08-16,9.442
2003-08-17,9.436
2003-08-18,9.432
2003-08-19,9.429
2003-08-20,9.423
2003-08-21,9.422
2003-08-22,9.419
2003-08-23,9.405
2003-08-24,9.399
2003-08-25,9.394
2003-08-26,9.39
2003-08-27,9.381
2003-08-28,9.376
2003-08-29,9.394
2003-08-30,9.402
2003-08-31,9.404
2003-09-01,9.404
2003-09-02,9.405
2003-09-03,9.406
2003-09-04,9.404
2003-09-05,9.403
2003-09-06,9.403
2003-09-07,9.403
2003-09-08,9.403
2003-09-09,9.402
2003-09-10,9.403
2003-09-11,9.404
2003-09-12,9.405
2003-09-13,9.407
2003-09-14,9.411
2003-09-15,9.418
2003-09-16,9.423
2003-09-17,9.421
2003-09-18,9.418
2003-09-19,9.422
2003-09-20,9.43
2003-09-21,9.429
2003-09-22,9.441
2003-09-23,9.467
2003-09-24,9.482
2003-09-25,9.476
2003-09-26,9.463
2003-09-27,9.458
2003-09-28,9.45
2003-09-29,9.438
2003-09-30,9.43
2003-10-01,9.428
2003-10-02,9.419
2003-10-03,9.413
2003-10-04,9.421
2003-10-05,9.42
2003-10-06,9.414
2003-10-07,9.41
2003-10-08,9.403
2003-10-09,9.398
2003-10-10,9.393
2003-10-11,9.389
2003-10-12,9.385
2003-10-13,9.377
2003-10-14,9.373
2003-10-15,9.404
2003-10-16,9.421
2003-10-17,9.431
2003-10-18,9.436
2003-10-19,9.44
2003-10-20,9.442
2003-10-21,9.443
2003-10-22,9.434
2003-10-23,9.42
2003-10-24,9.396
2003-10-25,9.368
2003-10-26,9.348
2003-10-27,9.338
2003-10-28,9.325
2003-10-29,9.314
2003-10-30,9.312
2003-10-31,9.311
2003-11-01,9.298
2003-11-02,9.285
2003-11-03,9.28
2003-11-04,9.293
2003-11-05,9.324
2003-11-06,9.35
2003-11-07,9.378
2003-11-08,9.396
2003-11-09,9.412
2003-11-10,9.421
2003-11-11,9.436
2003-11-12,9.455
2003-11-13,9.519
2003-11-14,9.559
2003-11-15,9.585
2003-11-16,9.611
2003-11-17,9.629
2003-11-18,9.625
2003-11-19,9.647
2003-11-20,9.674
2003-11-21,9.689
2003-11-22,9.688
2003-11-23,9.684
2003-11-24,9.681
2003-11-25,9.682
2003-11-26,9.669
2003-11-27,9.656
2003-11-28,9.637
2003-11-29,9.615
2003-11-30,9.589
2003-12-01,9.56
2003-12-02,9.532
2003-12-03,9.503
2003-12-04,9.468
2003-12-05,9.442
2003-12-06,9.422
2003-12-07,9.404
2003-12-08,9.385
2003-12-09,9.374
2003-12-10,9.373
2003-12-11,9.385
2003-12-12,9.389
2003-12-13,9.394
2003-12-14,9.399
2003-12-15,9.398
2003-12-16,9.395
2003-12-17,9.389
2003-12-18,9.386
2003-12-19,9.378
2003-12-20,9.369
2003-12-21,9.361
2003-12-22,9.353
2003-12-23,9.349
2003-12-24,9.348
2003-12-25,9.34
2003-12-26,9.333
2003-12-27,9.325
2003-12-28,9.318
2003-12-29,9.319
2003-12-30,9.348
2003-12-31,9.368
2004-01-01,9.382
2004-01-02,9.393
2004-01-03,9.406
2004-01-04,9.417
2004-01-05,9.423
2004-01-06,9.424
2004-01-07,9.429
2004-01-08,9.416
2004-01-09,9.404
2004-01-10,9.389
2004-01-11,9.375
2004-01-12,9.36
2004-01-13,9.346
2004-01-14,9.33
2004-01-15,9.315
2004-01-16,9.3
2004-01-17,9.286
2004-01-18,9.271
2004-01-19,9.254
2004-01-20,9.246
2004-01-21,9.233
2004-01-22,9.227
2004-01-23,9.213
2004-01-24,9.196
2004-01-25,9.178
2004-01-26,9.164
2004-01-27,9.153
2004-01-28,9.15
2004-01-29,9.133
2004-01-30,9.117
2004-01-31,9.104
2004-02-01,9.091
2004-02-02,9.076
2004-02-03,9.068
2004-02-04,9.061
2004-02-05,9.048
2004-02-06,9.04
2004-02-07,9.033
2004-02-08,9.021
2004-02-09,9.01
2004-02-10,9.002
2004-02-11,8.993
2004-02-12,8.983
2004-02-13,8.974
2004-02-14,8.966
2004-02-15,8.963
2004-02-16,8.96
2004-02-17,8.955
2004-02-18,8.952
2004-02-19,8.944
2004-02-20,8.939
2004-02-21,8.945
2004-02-22,8.941
2004-02-23,8.934
2004-02-24,8.924
2004-02-25,8.915
2004-02-26,8.902
2004-02-27,8.889
2004-02-28,8.877
2004-02-29,8.867
2004-03-01,8.859
2004-03-02,8.859
2004-03-03,8.86
2004-03-04,8.857
2004-03-05,8.877
2004-03-06,8.926
2004-03-07,8.951
2004-03-08,8.967
2004-03-09,8.974
2004-03-10,8.975
2004-03-11,8.981
2004-03-12,8.988
2004-03-13,8.987
2004-03-14,8.983
2004-03-15,8.981
2004-03-16,8.972
2004-03-17,8.96
2004-03-18,8.948
2004-03-19,8.932
2004-03-20,8.915
2004-03-21,8.899
2004-03-22,8.88
2004-03-23,8.862
2004-03-24,8.844
2004-03-25,8.832
2004-03-26,8.838
2004-03-27,8.868
2004-03-28,8.904
2004-03-29,8.949
2004-03-30,9.032
2004-03-31,9.156
2004-04-01,9.252
2004-04-02,9.328
2004-04-03,9.394
2004-04-04,9.454
2004-04-05,9.496
2004-04-06,9.523
2004-04-07,9.532
2004-04-08,9.524
2004-04-09,9.539
2004-04-10,9.553
2004-04-11,9.562
2004-04-12,9.564
2004-04-13,9.56
2004-04-14,9.534
2004-04-15,9.509
2004-04-16,9.486
2004-04-17,9.482
2004-04-18,9.484
2004-04-19,9.489
2004-04-20,9.499
2004-04-21,9.506
2004-04-22,9.516
2004-04-23,9.518
2004-04-24,9.522
2004-04-25,9.535
2004-04-26,9.552
2004-04-27,9.559
2004-04-28,9.563
2004-04-29,9.569
2004-04-30,9.572
2004-05-01,9.578
2004-05-02,9.601
2004-05-03,9.63
2004-05-04,9.659
2004-05-05,9.688
2004-05-06,9.704
2004-05-07,9.713
2004-05-08,9.71
2004-05-09,9.698
2004-05-10,9.685
2004-05-11,9.655
2004-05-12,9.619
2004-05-13,9.588
2004-05-14,9.573
2004-05-15,9.554
2004-05-16,9.526
2004-05-17,9.504
2004-05-18,9.495
2004-05-19,9.479
2004-05-20,9.464
2004-05-21,9.455
2004-05-22,9.459
2004-05-23,9.48
2004-05-24,9.553
2004-05-25,9.598
2004-05-26,9.621
2004-05-27,9.634
2004-05-28,9.637
2004-05-29,9.637
2004-05-30,9.63
2004-05-31,9.62
2004-06-01,9.611
2004-06-02,9.592
2004-06-03,9.559
2004-06-04,9.525
2004-06-05,9.501
2004-06-06,9.477
2004-06-07,9.453
2004-06-08,9.446
2004-06-09,9.464
2004-06-10,9.48
2004-06-11,9.487
2004-06-12,9.484
2004-06-13,9.479
2004-06-14,9.487
2004-06-15,9.489
2004-06-16,9.483
2004-06-17,9.471
2004-06-18,9.465
2004-06-19,9.455
2004-06-20,9.445
2004-06-21,9.437
2004-06-22,9.452
2004-06-23,9.458
2004-06-24,9.476
2004-06-25,9.481
2004-06-26,9.481
2004-06-27,9.483
2004-06-28,9.481
2004-06-29,9.489
2004-06-30,9.496
2004-07-01,9.498
2004-07-02,9.497
2004-07-03,9.495
2004-07-04,9.496
2004-07-05,9.5
2004-07-06,9.496
2004-07-07,9.5
2004-07-08,9.515
2004-07-09,9.494
2004-07-10,9.48
2004-07-11,9.472
2004-07-12,9.464
2004-07-13,9.462
2004-07-14,9.477
2004-07-15,9.479
2004-07-16,9.49
2004-07-17,9.497
2004-07-18,9.509
2004-07-19,9.52
2004-07-20,9.521
2004-07-21,9.521
2004-07-22,9.516
2004-07-23,9.498
2004-07-24,9.489
2004-07-25,9.478
2004-07-26,9.472
2004-07-27,9.479
2004-07-28,9.476
2004-07-29,9.474
2004-07-30,9.472
2004-07-31,9.47
2004-08-01,9.464
2004-08-02,9.464
2004-08-03,9.477
2004-08-04,9.475
2004-08-05,9.464
2004-08-06,9.458
2004-08-07,9.455
2004-08-08,9.451
2004-08-09,9.449
2004-08-10,9.456
2004-08-11,9.461
2004-08-12,9.464
2004-08-13,9.462
2004-08-14,9.458
2004-08-15,9.456
2004-08-16,9.454
2004-08-17,9.455
2004-08-18,9.46
2004-08-19,9.454
2004-08-20,9.452
2004-08-21,9.444
2004-08-22,9.441
2004-08-23,9.434
2004-08-24,9.431
2004-08-25,9.428
2004-08-26,9.433
2004-08-27,9.442
2004-08-28,9.438
2004-08-29,9.438
2004-08-30,9.438
2004-08-31,9.436
2004-09-01,9.432
2004-09-02,9.428
2004-09-03,9.425
2004-09-04,9.426
2004-09-05,9.428
2004-09-06,9.427
2004-09-07,9.436
2004-09-08,9.44
2004-09-09,9.442
2004-09-10,9.447
2004-09-11,9.452
2004-09-12,9.453
2004-09-13,9.455
2004-09-14,9.455
2004-09-15,9.451
2004-09-16,9.45
2004-09-17,9.443
2004-09-18,9.437
2004-09-19,9.43
2004-09-20,9.423
2004-09-21,9.419
2004-09-22,9.411
2004-09-23,9.404
2004-09-24,9.399
2004-09-25,9.393
2004-09-26,9.386
2004-09-27,9.38
2004-09-28,9.371
2004-09-29,9.363
2004-09-30,9.36
2004-10-01,9.358
2004-10-02,9.356
2004-10-03,9.356
2004-10-04,9.348
2004-10-05,9.348
2004-10-06,9.344
2004-10-07,9.338
2004-10-08,9.337
2004-10-09,9.352
2004-10-10,9.35
2004-10-11,9.348
2004-10-12,9.345
2004-10-13,9.345
2004-10-14,9.347
2004-10-15,9.354
2004-10-16,9.354
2004-10-17,9.366
2004-10-18,9.365
2004-10-19,9.362
2004-10-20,9.352
2004-10-21,9.34
2004-10-22,9.333
2004-10-23,9.325
2004-10-24,9.312
2004-10-25,9.307
2004-10-26,9.299
2004-10-27,9.295
2004-10-28,9.294
2004-10-29,9.294
2004-10-30,9.297
2004-10-31,9.304
2004-11-01,9.307
2004-11-02,9.311
2004-11-03,9.303
2004-11-04,9.299
2004-11-05,9.299
2004-11-06,9.295
2004-11-07,9.282
2004-11-08,9.272
2004-11-09,9.272
2004-11-10,9.278
2004-11-11,9.281
2004-11-12,9.284
2004-11-13,9.287
2004-11-14,9.291
2004-11-15,9.295
2004-11-16,9.3
2004-11-17,9.306
2004-11-18,9.312
2004-11-19,9.318
2004-11-20,9.327
2004-11-21,9.333
2004-11-22,9.335
2004-11-23,9.341
2004-11-24,9.353
2004-11-25,9.366
2004-11-26,9.372
2004-11-27,9.384
2004-11-28,9.397
2004-11-29,9.413
2004-11-30,9.424
2004-12-01,9.445
2004-12-02,9.463
2004-12-03,9.462
2004-12-04,9.462
2004-12-05,9.467
2004-12-06,9.465
2004-12-07,9.472
2004-12-08,9.48
2004-12-09,9.478
2004-12-10,9.478
2004-12-11,9.483
2004-12-12,9.48
2004-12-13,9.48
2004-12-14,9.463
2004-12-15,9.444
2004-12-16,9.428
2004-12-17,9.419
2004-12-18,9.406
2004-12-19,9.388
2004-12-20,9.376
2004-12-21,9.368
2004-12-22,9.354
2004-12-23,9.356
2004-12-24,9.361
2004-12-25,9.357
2004-12-26,9.349
2004-12-27,9.343
2004-12-28,9.334
2004-12-29,9.325
2004-12-30,9.313
2004-12-31,9.322
2005-01-01,9.326
2005-01-02,9.336
2005-01-03,9.344
2005-01-04,9.344
2005-01-05,9.341
2005-01-06,9.343
2005-01-07,9.336
2005-01-08,9.331
2005-01-09,9.33
2005-01-10,9.327
2005-01-11,9.322
2005-01-12,9.318
2005-01-13,9.331
2005-01-14,9.357
2005-01-15,9.369
2005-01-16,9.376
2005-01-17,9.375
2005-01-18,9.372
2005-01-19,9.374
2005-01-20,9.376
2005-01-21,9.374
2005-01-22,9.369
2005-01-23,9.354
2005-01-24,9.339
2005-01-25,9.326
2005-01-26,9.316
2005-01-27,9.296
2005-01-28,9.279
2005-01-29,9.261
2005-01-30,9.243
2005-01-31,9.224
2005-02-01,9.206
2005-02-02,9.187
2005-02-03,9.159
2005-02-04,9.133
2005-02-05,9.106
2005-02-06,9.081
2005-02-07,9.057
2005-02-08,9.048
2005-02-09,9.036
2005-02-10,9.027
2005-02-11,9.023
2005-02-12,9.021
2005-02-13,9.015
2005-02-14,9.02
2005-02-15,9.042
2005-02-16,9.046
2005-02-17,9.05
2005-02-18,9.049
2005-02-19,9.045
2005-02-20,9.04
2005-02-21,9.035
2005-02-22,9.027
2005-02-23,9.012
2005-02-24,8.997
2005-02-25,8.984
2005-02-26,8.971
2005-02-27,8.955
2005-02-28,8.939
2005-03-01,8.923
2005-03-02,8.905
2005-03-03,8.884
2005-03-04,8.867
2005-03-05,8.85
2005-03-06,8.836
2005-03-07,8.829
2005-03-08,8.817
2005-03-09,8.8
2005-03-10,8.784
2005-03-11,8.768
2005-03-12,8.754
2005-03-13,8.743
2005-03-14,8.726
2005-03-15,8.711
2005-03-16,8.698
2005-03-17,8.687
2005-03-18,8.677
2005-03-19,8.663
2005-03-20,8.648
2005-03-21,8.634
2005-03-22,8.62
2005-03-23,8.609
2005-03-24,8.601
2005-03-25,8.592
2005-03-26,8.58
2005-03-27,8.57
2005-03-28,8.562
2005-03-29,8.559
2005-03-30,8.559
2005-03-31,8.571
2005-04-01,8.601
2005-04-02,8.643
2005-04-03,8.701
2005-04-04,8.767
2005-04-05,8.816
2005-04-06,8.849
2005-04-07,8.9
2005-04-08,8.965
2005-04-09,9.028
2005-04-10,9.089
2005-04-11,9.146
2005-04-12,9.196
2005-04-13,9.236
2005-04-14,9.27
2005-04-15,9.301
2005-04-16,9.316
2005-04-17,9.324
2005-04-18,9.328
2005-04-19,9.33
2005-04-20,9.367
2005-04-21,9.41
2005-04-22,9.445
2005-04-23,9.476
2005-04-24,9.535
2005-04-25,9.582
2005-04-26,9.59
2005-04-27,9.609
2005-04-28,9.628
2005-04-29,9.639
2005-04-30,9.64
2005-05-01,9.632
2005-05-02,9.617
2005-05-03,9.586
2005-05-04,9.559
2005-05-05,9.534
2005-05-06,9.516
2005-05-07,9.488
2005-05-08,9.455
2005-05-09,9.426
2005-05-10,9.407
2005-05-11,9.392
2005-05-12,9.377
2005-05-13,9.376
2005-05-14,9.382
2005-05-15,9.403
2005-05-16,9.41
2005-05-17,9.414
2005-05-18,9.421
2005-05-19,9.429
2005-05-20,9.431
2005-05-21,9.431
2005-05-22,9.433
2005-05-23,9.43
2005-05-24,9.429
2005-05-25,9.433
2005-05-26,9.431
2005-05-27,9.429
2005-05-28,9.428
2005-05-29,9.426
2005-05-30,9.419
2005-05-31,9.425
2005-06-01,9.433
2005-06-02,9.437
2005-06-03,9.442
2005-06-04,9.439
2005-06-05,9.469
2005-06-06,9.486
2005-06-07,9.487
2005-06-08,9.485
2005-06-09,9.484
2005-06-10,9.487
2005-06-11,9.49
2005-06-12,9.496
2005-06-13,9.516
2005-06-14,9.579
2005-06-15,9.683
2005-06-16,9.735
2005-06-17,9.735
2005-06-18,9.699
2005-06-19,9.643
2005-06-20,9.591
2005-06-21,9.552
2005-06-22,9.516
2005-06-23,9.5
2005-06-24,9.481
2005-06-25,9.463
2005-06-26,9.443
2005-06-27,9.427
2005-06-28,9.421
2005-06-29,9.432
2005-06-30,9.443
2005-07-01,9.448
2005-07-02,9.444
2005-07-03,9.446
2005-07-04,9.447
2005-07-05,9.457
2005-07-06,9.458
2005-07-07,9.457
2005-07-08,9.456
2005-07-09,9.453
2005-07-10,9.45
2005-07-11,9.449
2005-07-12,9.45
2005-07-13,9.45
2005-07-14,9.445
2005-07-15,9.441
2005-07-16,9.438
2005-07-17,9.452
2005-07-18,9.477
2005-07-19,9.484
2005-07-20,9.482
2005-07-21,9.479
2005-07-22,9.472
2005-07-23,9.467
2005-07-24,9.463
2005-07-25,9.458
2005-07-26,9.455
2005-07-27,9.449
2005-07-28,9.445
2005-07-29,9.439
2005-07-30,9.432
2005-07-31,9.428
2005-08-01,9.43
2005-08-02,9.429
2005-08-03,9.427
2005-08-15,9.404
2005-08-16,9.398
2005-08-17,9.387
2005-08-18,9.382
2005-08-19,9.383
2005-08-20,9.382
2005-08-21,9.378
2005-08-22,9.375
2005-08-23,9.372
2005-08-24,9.367
2005-08-25,9.364
2005-08-26,9.361
2005-08-27,9.364
2005-08-28,9.377
2005-08-29,9.374
2005-08-30,9.385
2005-08-31,9.376
2005-09-01,9.367
2005-09-02,9.356
2005-09-03,9.347
2005-09-04,9.344
2005-09-05,9.341
2005-09-06,9.337
2005-09-07,9.335
2005-09-08,9.333
2005-09-09,9.328
2005-09-10,9.324
2005-09-11,9.321
2005-09-12,9.317
2005-09-13,9.314
2005-09-14,9.313
2005-09-15,9.312
2005-09-16,9.311
2005-09-17,9.31
2005-09-18,9.308
2005-09-19,9.307
2005-09-20,9.301
2005-09-21,9.297
2005-09-22,9.298
2005-09-23,9.297
2005-09-24,9.295
2005-09-25,9.295
2005-09-26,9.33
2005-09-27,9.335
2005-09-28,9.338
2005-09-29,9.349
2005-09-30,9.356
2005-10-01,9.36
2005-10-02,9.365
2005-10-03,9.373
2005-10-04,9.384
2005-10-05,9.392
2005-10-06,9.403
2005-10-07,9.405
2005-10-08,9.405
2005-10-09,9.41
2005-10-10,9.416
2005-10-11,9.42
2005-10-12,9.413
2005-10-13,9.408
2005-10-14,9.398
2005-10-15,9.394
2005-10-16,9.385
2005-10-17,9.376
2005-10-18,9.37
2005-10-19,9.363
2005-10-20,9.361
2005-10-21,9.356
2005-10-22,9.351
2005-10-23,9.349
2005-10-24,9.347
2005-10-25,9.341
2005-10-26,9.328
2005-10-27,9.318
2005-10-28,9.315
2005-10-29,9.313
2005-10-30,9.314
2005-10-31,9.315
2005-11-01,9.324
2005-11-02,9.325
2005-11-03,9.323
2005-11-04,9.323
2005-11-05,9.322
2005-11-06,9.345
2005-11-07,9.355
2005-11-08,9.37
2005-11-09,9.376
2005-11-10,9.379
2005-11-11,9.386
2005-11-12,9.395
2005-11-13,9.407
2005-11-14,9.414
2005-11-15,9.424
2005-11-16,9.466
2005-11-17,9.479
2005-11-18,9.452
2005-11-19,9.43
2005-11-20,9.418
2005-11-21,9.408
2005-11-22,9.403
2005-11-23,9.402
2005-11-24,9.4
2005-11-25,9.403
2005-11-26,9.411
2005-11-27,9.41
2005-11-28,9.413
2005-11-29,9.452
2005-11-30,9.496
2005-12-01,9.506
2005-12-02,9.506
2005-12-03,9.501
2005-12-04,9.504
2005-12-05,9.508
2005-12-06,9.508
2005-12-07,9.501
2005-12-08,9.487
2005-12-09,9.475
2005-12-10,9.459
2005-12-11,9.436
2005-12-12,9.415
2005-12-13,9.404
2005-12-14,9.396
2005-12-15,9.392
2005-12-16,9.417
2005-12-17,9.424
2005-12-18,9.427
2005-12-19,9.435
2005-12-20,9.437
2005-12-21,9.438
2005-12-22,9.435
2005-12-23,9.427
2005-12-24,9.425
2005-12-25,9.429
2005-12-26,9.442
2005-12-27,9.444
2005-12-28,9.445
2005-12-29,9.45
2005-12-30,9.445
2005-12-31,9.437
2006-01-01,9.428
2006-01-02,9.417
2006-01-03,9.407
2006-01-04,9.403
2006-01-05,9.407
2006-01-06,9.406
2006-01-07,9.405
2006-01-08,9.399
2006-01-09,9.393
2006-01-10,9.379
2006-01-11,9.368
2006-01-12,9.361
2006-01-13,9.355
2006-01-14,9.365
2006-01-15,9.366
2006-01-16,9.363
2006-01-17,9.358
2006-01-18,9.377
2006-01-19,9.383
2006-01-20,9.369
2006-01-21,9.363
2006-01-22,9.357
2006-01-23,9.344
2006-01-24,9.332
2006-01-25,9.323
2006-01-26,9.307
2006-01-27,9.291
2006-01-28,9.272
2006-01-29,9.262
2006-01-30,9.259
2006-01-31,9.249
2006-02-01,9.234
2006-02-02,9.219
2006-02-03,9.214
2006-02-04,9.208
2006-02-05,9.217
2006-02-06,9.213
2006-02-07,9.2
2006-02-08,9.186
2006-02-09,9.171
2006-02-10,9.153
2006-02-11,9.137
2006-02-12,9.12
2006-02-13,9.105
2006-02-14,9.106
2006-02-15,9.1
2006-02-16,9.094
2006-02-17,9.099
2006-02-18,9.091
2006-02-19,9.086
2006-02-20,9.08
2006-02-21,9.075
2006-02-22,9.07
2006-02-23,9.066
2006-02-24,9.058
2006-02-25,9.046
2006-02-26,9.036
2006-02-27,9.024
2006-02-28,9.012
2006-03-01,8.997
2006-03-02,8.981
2006-03-03,8.963
2006-03-04,8.948
2006-03-05,8.931
2006-03-06,8.913
2006-03-07,8.891
2006-03-08,8.873
2006-03-09,8.864
2006-03-10,8.879
2006-03-11,8.891
2006-03-12,8.903
2006-03-13,8.935
2006-03-14,8.991
2006-03-15,9.039
2006-03-16,9.065
2006-03-17,9.085
2006-03-18,9.1
2006-03-19,9.106
2006-03-20,9.106
2006-03-21,9.1
2006-03-22,9.09
2006-03-23,9.079
2006-03-24,9.067
2006-03-25,9.055
2006-03-26,9.044
2006-03-27,9.036
2006-03-28,9.03
2006-03-29,9.028
2006-03-30,9.035
2006-03-31,9.054
2006-04-01,9.103
2006-04-02,9.166
2006-04-03,9.226
2006-04-04,9.303
2006-04-05,9.361
2006-04-06,9.403
2006-04-07,9.441
2006-04-08,9.476
2006-04-09,9.502
2006-04-10,9.52
2006-04-11,9.534
2006-04-12,9.551
2006-04-13,9.601
2006-04-14,9.643
2006-04-15,9.676
2006-04-16,9.694
2006-04-17,9.702
2006-04-18,9.702
2006-04-19,9.699
2006-04-20,9.674
2006-04-21,9.63
2006-04-22,9.589
2006-04-23,9.549
2006-04-24,9.529
2006-04-25,9.511
2006-04-26,9.497
2006-04-27,9.5
2006-04-28,9.494
2006-04-29,9.479
2006-04-30,9.468
2006-05-01,9.461
2006-05-02,9.456
2006-05-03,9.466
2006-05-04,9.474
2006-05-05,9.483
2006-05-06,9.496
2006-05-07,9.506
2006-05-08,9.511
2006-05-09,9.513
2006-05-10,9.51
2006-05-11,9.51
2006-05-12,9.535
2006-05-13,9.541
2006-05-14,9.552
2006-05-15,9.558
2006-05-16,9.57
2006-05-17,9.587
2006-05-18,9.595
2006-05-19,9.597
2006-05-20,9.592
2006-05-21,9.586
2006-05-22,9.575
2006-05-23,9.57
2006-05-24,9.565
2006-05-25,9.554
2006-05-26,9.545
2006-05-27,9.532
2006-05-28,9.517
2006-05-29,9.507
2006-05-30,9.503
2006-05-31,9.5
2006-06-01,9.501
2006-06-02,9.507
2006-06-03,9.521
2006-06-04,9.525
2006-06-05,9.522
2006-06-06,9.521
2006-06-07,9.514
2006-06-08,9.503
2006-06-09,9.501
2006-06-10,9.493
2006-06-11,9.488
2006-06-12,9.487
2006-06-13,9.489
2006-06-14,9.49
2006-06-15,9.49
2006-06-16,9.494
2006-06-17,9.494
2006-06-18,9.505
2006-06-19,9.541
2006-06-20,9.543
2006-06-21,9.547
2006-06-22,9.552
2006-06-23,9.553
2006-06-24,9.555
2006-06-25,9.558
2006-06-26,9.558
2006-06-27,9.557
2006-06-28,9.553
2006-06-29,9.552
2006-06-30,9.547
2006-07-01,9.545
2006-07-02,9.545
2006-07-03,9.54
2006-07-04,9.535
2006-07-05,9.525
2006-07-06,9.519
2006-07-07,9.514
2006-07-08,9.508
2006-07-09,9.506
2006-07-10,9.509
2006-07-11,9.516
2006-07-12,9.513
2006-07-13,9.508
2006-07-14,9.502
2006-07-15,9.5
2006-07-16,9.494
2006-07-17,9.487
2006-07-18,9.479
2006-07-19,9.473
2006-07-20,9.48
2006-07-21,9.492
2006-07-22,9.488
2006-07-23,9.481
2006-07-24,9.476
2006-07-25,9.501
2006-07-26,9.534
2006-07-27,9.568
2006-07-28,9.564
2006-07-29,9.562
2006-07-30,9.561
2006-07-31,9.556
2006-08-01,9.55
2006-08-02,9.547
2006-08-03,9.556
2006-08-04,9.547
2006-08-05,9.542
2006-08-06,9.532
2006-08-07,9.516
2006-08-08,9.501
2006-08-09,9.48
2006-08-10,9.45
2006-08-11,9.44
2006-08-12,9.437
2006-08-13,9.435
2006-08-14,9.434
2006-08-15,9.427
2006-08-16,9.427
2006-08-17,9.429
2006-08-18,9.432
2006-08-19,9.433
2006-08-20,9.428
2006-08-21,9.431
2006-08-22,9.425
2006-08-23,9.423
2006-08-24,9.425
2006-08-25,9.425
2006-08-26,9.426
2006-08-27,9.433
2006-08-28,9.434
2006-08-29,9.435
2006-08-30,9.432
2006-08-31,9.431
2006-09-01,9.428
2006-09-02,9.427
2006-09-03,9.439
2006-09-04,9.442
2006-09-05,9.444
2006-09-06,9.446
2006-09-07,9.447
2006-09-08,9.447
2006-09-09,9.445
2006-09-10,9.443
2006-09-11,9.439
2006-09-12,9.432
2006-09-13,9.42
2006-09-14,9.407
2006-09-15,9.397
2006-09-16,9.385
2006-09-17,9.373
2006-09-18,9.366
2006-09-19,9.373
2006-09-20,9.373
2006-09-21,9.365
2006-09-22,9.359
2006-09-23,9.355
2006-09-24,9.373
2006-09-25,9.366
2006-09-26,9.358
2006-09-27,9.362
2006-09-28,9.362
2006-09-29,9.362
2006-09-30,9.36
2006-10-01,9.352
2006-10-02,9.346
2006-10-03,9.34
2006-10-04,9.338
2006-10-05,9.335
2006-10-06,9.329
2006-10-07,9.322
2006-10-08,9.313
2006-10-09,9.304
2006-10-10,9.295
2006-10-11,9.307
2006-10-12,9.327
2006-10-13,9.34
2006-10-14,9.354
2006-10-15,9.38
2006-10-16,9.393
2006-10-17,9.409
2006-10-18,9.433
2006-10-19,9.452
2006-10-20,9.454
2006-10-21,9.459
2006-10-22,9.477
2006-10-23,9.496
2006-10-24,9.505
2006-10-25,9.511
2006-10-26,9.504
2006-10-27,9.492
2006-10-28,9.489
2006-10-29,9.485
2006-10-30,9.479
2006-10-31,9.454
2006-11-01,9.423
2006-11-02,9.414
2006-11-03,9.408
2006-11-04,9.404
2006-11-05,9.399
2006-11-06,9.393
2006-11-07,9.392
2006-11-08,9.419
2006-11-09,9.442
2006-11-10,9.456
2006-11-11,9.469
2006-11-12,9.478
2006-11-13,9.482
2006-11-14,9.486
2006-11-15,9.49
2006-11-16,9.516
2006-11-17,9.551
2006-11-18,9.589
2006-11-19,9.618
2006-11-20,9.642
2006-11-21,9.659
2006-11-22,9.664
2006-11-23,9.658
2006-11-24,9.648
2006-11-25,9.633
2006-11-26,9.622
2006-11-27,9.619
2006-11-28,9.617
2006-11-29,9.613
2006-11-30,9.626
2006-12-01,9.634
2006-12-02,9.652
2006-12-03,9.665
2006-12-04,9.671
2006-12-05,9.651
2006-12-06,9.63
2006-12-07,9.604
2006-12-08,9.579
2006-12-09,9.556
2006-12-10,9.532
2006-12-11,9.512
2006-12-12,9.503
2006-12-13,9.512
2006-12-14,9.527
2006-12-15,9.537
2006-12-16,9.547
2006-12-17,9.552
2006-12-18,9.558
2006-12-19,9.554
2006-12-20,9.539
2006-12-21,9.533
2006-12-22,9.533
2006-12-23,9.545
2006-12-24,9.552
2006-12-25,9.553
2006-12-26,9.55
2006-12-27,9.546
2006-12-28,9.537
2006-12-29,9.521
2006-12-30,9.503
2006-12-31,9.487
2007-01-01,9.479
2007-01-02,9.465
2007-01-03,9.45
2007-01-04,9.436
2007-01-05,9.445
2007-01-06,9.458
2007-01-07,9.468
2007-01-08,9.482
2007-01-09,9.495
2007-01-10,9.495
2007-01-11,9.494
2007-01-12,9.489
2007-01-13,9.484
2007-01-14,9.477
2007-01-15,9.474
2007-01-16,9.465
2007-01-17,9.455
2007-01-18,9.441
2007-01-19,9.43
2007-01-20,9.414
2007-01-21,9.397
2007-01-22,9.384
2007-01-23,9.37
2007-01-24,9.351
2007-01-25,9.332
2007-01-26,9.319
2007-01-27,9.316
2007-01-28,9.312
2007-01-29,9.306
2007-01-30,9.302
2007-01-31,9.298
2007-02-01,9.293
2007-02-02,9.283
2007-02-03,9.282
2007-02-04,9.286
2007-02-05,9.284
2007-02-06,9.277
2007-02-07,9.273
2007-02-08,9.265
2007-02-09,9.259
2007-02-10,9.251
2007-02-11,9.243
2007-02-12,9.234
2007-02-13,9.224
2007-02-14,9.216
2007-02-15,9.209
2007-02-16,9.201
2007-02-17,9.194
2007-02-18,9.186
2007-02-19,9.178
2007-02-20,9.171
2007-02-21,9.16
2007-02-22,9.154
2007-02-23,9.15
2007-02-24,9.142
2007-02-25,9.133
2007-02-26,9.124
2007-02-27,9.116
2007-02-28,9.109
2007-03-01,9.101
2007-03-02,9.106
2007-03-03,9.106
2007-03-04,9.105
2007-03-05,9.098
2007-03-06,9.092
2007-03-07,9.089
2007-03-08,9.085
2007-03-09,9.082
2007-03-10,9.079
2007-03-11,9.075
2007-03-12,9.068
2007-03-13,9.06
2007-03-14,9.054
2007-03-15,9.044
2007-03-16,9.031
2007-03-17,9.02
2007-03-18,9.01
2007-03-19,9.003
2007-03-20,8.995
2007-03-21,8.986
2007-03-22,9.003
2007-03-23,9.009
2007-03-24,9.015
2007-03-25,9.023
2007-03-26,9.038
2007-03-27,9.074
2007-03-28,9.118
2007-03-29,9.167
2007-03-30,9.214
2007-03-31,9.25
2007-04-01,9.282
2007-04-02,9.331
2007-04-03,9.391
2007-04-04,9.503
2007-04-05,9.615
2007-04-06,9.678
2007-04-07,9.72
2007-04-08,9.748
2007-04-09,9.764
2007-04-10,9.772
2007-04-11,9.757
2007-04-12,9.74
2007-04-13,9.719
2007-04-14,9.688
2007-04-15,9.653
2007-04-16,9.627
2007-04-17,9.62
2007-04-18,9.611
2007-04-19,9.596
2007-04-20,9.588
2007-04-21,9.582
2007-04-22,9.578
2007-04-23,9.576
2007-04-24,9.576
2007-04-25,9.575
2007-04-26,9.574
2007-04-27,9.583
2007-04-28,9.59
2007-04-29,9.592
2007-04-30,9.594
2007-05-01,9.591
2007-05-02,9.591
2007-05-03,9.59
2007-05-04,9.583
2007-05-05,9.566
2007-05-06,9.548
2007-05-07,9.532
2007-05-08,9.53
2007-05-09,9.524
2007-05-10,9.53
2007-05-11,9.526
2007-05-12,9.522
2007-05-13,9.519
2007-05-14,9.517
2007-05-15,9.524
2007-05-16,9.538
2007-05-17,9.554
2007-05-18,9.561
2007-05-19,9.568
2007-05-20,9.57
2007-05-21,9.572
2007-05-22,9.572
2007-05-23,9.567
2007-05-24,9.561
2007-05-25,9.556
2007-05-26,9.548
2007-05-27,9.548
2007-05-28,9.543
2007-05-29,9.532
2007-05-30,9.52
2007-05-31,9.511
2007-06-01,9.509
2007-06-02,9.509
2007-06-03,9.515
2007-06-04,9.576
2007-06-05,9.584
2007-06-06,9.584
2007-06-07,9.59
2007-06-08,9.586
2007-06-09,9.579
2007-06-10,9.573
2007-06-11,9.565
2007-06-12,9.554
2007-06-13,9.547
2007-06-14,9.541
2007-06-15,9.538
2007-06-16,9.53
2007-06-17,9.52
2007-06-18,9.513
2007-06-19,9.505
2007-06-20,9.486
2007-06-21,9.48
2007-06-22,9.472
2007-06-23,9.469
2007-06-24,9.468
2007-06-25,9.467
2007-06-26,9.466
2007-06-27,9.467
2007-06-28,9.464
2007-06-29,9.461
2007-06-30,9.454
2007-07-01,9.449
2007-07-02,9.444
2007-07-03,9.441
2007-07-04,9.443
2007-07-05,9.44
2007-07-06,9.435
2007-07-07,9.433
2007-07-08,9.432
2007-07-09,9.435
2007-07-10,9.438
2007-07-11,9.465
2007-07-12,9.465
2007-07-13,9.466
2007-07-14,9.476
2007-07-15,9.486
2007-07-16,9.491
2007-07-17,9.499
2007-07-18,9.498
2007-07-19,9.512
2007-07-20,9.54
2007-07-21,9.513
2007-07-22,9.492
2007-07-23,9.473
2007-07-24,9.458
2007-07-25,9.451
2007-07-26,9.445
2007-07-27,9.439
2007-07-28,9.434
2007-07-29,9.433
2007-07-30,9.432
2007-07-31,9.43
2007-08-01,9.429
2007-08-02,9.43
2007-08-03,9.428
2007-08-04,9.422
2007-08-05,9.42
2007-08-06,9.415
2007-08-07,9.414
2007-08-08,9.411
2007-08-09,9.409
2007-08-10,9.402
2007-08-11,9.396
2007-08-12,9.393
2007-08-13,9.387
2007-08-14,9.381
2007-08-15,9.374
2007-08-16,9.369
2007-08-17,9.357
2007-08-18,9.349
2007-08-19,9.345
2007-08-20,9.339
2007-08-21,9.333
2007-08-22,9.328
2007-08-23,9.329
2007-08-24,9.344
2007-08-25,9.371
2007-08-26,9.376
2007-08-27,9.376
2007-08-28,9.378
2007-08-29,9.375
2007-08-30,9.373
2007-08-31,9.372
2007-09-01,9.371
2007-09-02,9.37
2007-09-03,9.365
2007-09-04,9.363
2007-09-05,9.37
2007-09-06,9.373
2007-09-07,9.38
2007-09-08,9.381
2007-09-09,9.384
2007-09-10,9.388
2007-09-11,9.417
2007-09-12,9.425
2007-09-13,9.428
2007-09-14,9.427
2007-09-15,9.426
2007-09-16,9.429
2007-09-17,9.429
2007-09-18,9.418
2007-09-19,9.406
2007-09-20,9.397
2007-09-21,9.387
2007-09-22,9.378
2007-09-23,9.365
2007-09-24,9.355
2007-09-25,9.351
2007-09-26,9.362
2007-09-27,9.355
2007-09-28,9.359
2007-09-29,9.359
2007-09-30,9.354
2007-10-01,9.347
2007-10-02,9.343
2007-10-03,9.339
2007-10-04,9.332
2007-10-05,9.327
2007-10-06,9.345
2007-10-07,9.36
2007-10-08,9.364
2007-10-09,9.373
2007-10-10,9.362
2007-10-11,9.348
2007-10-12,9.339
2007-10-13,9.349
2007-10-14,9.35
2007-10-15,9.347
2007-10-16,9.334
2007-10-17,9.318
2007-10-18,9.311
2007-10-19,9.316
2007-10-20,9.319
2007-10-21,9.322
2007-10-22,9.322
2007-10-23,9.323
2007-10-24,9.325
2007-10-25,9.324
2007-10-26,9.323
2007-10-27,9.332
2007-10-28,9.333
2007-10-29,9.334
2007-10-30,9.328
2007-10-31,9.322
2007-11-01,9.321
2007-11-02,9.312
2007-11-03,9.317
2007-11-04,9.321
2007-11-05,9.331
2007-11-06,9.347
2007-11-07,9.353
2007-11-08,9.366
2007-11-09,9.38
2007-11-10,9.395
2007-11-11,9.412
2007-11-12,9.428
2007-11-13,9.445
2007-11-14,9.459
2007-11-15,9.468
2007-11-16,9.476
2007-11-17,9.486
2007-11-18,9.494
2007-11-19,9.503
2007-11-20,9.52
2007-11-21,9.536
2007-11-22,9.525
2007-11-23,9.515
2007-11-24,9.504
2007-11-25,9.496
2007-11-26,9.492
2007-11-27,9.502
2007-11-28,9.51
2007-11-29,9.525
2007-11-30,9.533
2007-12-01,9.516
2007-12-02,9.504
2007-12-03,9.504
2007-12-04,9.496
2007-12-05,9.492
2007-12-06,9.493
2007-12-07,9.494
2007-12-08,9.49
2007-12-09,9.485
2007-12-10,9.478
2007-12-11,9.474
2007-12-12,9.468
2007-12-13,9.462
2007-12-14,9.455
2007-12-15,9.444
2007-12-16,9.436
2007-12-17,9.436
2007-12-18,9.428
2007-12-19,9.422
2007-12-20,9.412
2007-12-21,9.4
2007-12-22,9.389
2007-12-23,9.385
2007-12-24,9.39
2007-12-25,9.4
2007-12-26,9.405
2007-12-27,9.41
2007-12-28,9.418
2007-12-29,9.43
2007-12-30,9.443
2007-12-31,9.448
2008-01-01,9.44
2008-01-02,9.431
2008-01-03,9.422
2008-01-08,9.416
2008-01-09,9.51
2008-01-10,9.614
2008-01-11,9.682
2008-01-12,9.721
2008-01-13,9.746
2008-01-14,9.762
2008-01-15,9.775
2008-01-16,9.777
2008-01-17,9.771
2008-01-18,9.76
2008-01-19,9.73
2008-01-20,9.695
2008-01-21,9.661
2008-01-22,9.624
2008-01-23,9.59
2008-01-24,9.549
2008-01-25,9.511
2008-01-26,9.471
2008-01-27,9.428
2008-01-28,9.387
2008-01-29,9.357
2008-01-30,9.34
2008-01-31,9.323
2008-02-01,9.306
2008-02-02,9.297
2008-02-03,9.278
2008-02-04,9.257
2008-02-05,9.245
2008-02-06,9.24
2008-02-07,9.237
2008-02-08,9.229
2008-02-09,9.222
2008-02-10,9.225
2008-02-11,9.219
2008-02-12,9.207
2008-02-13,9.2
2008-02-14,9.185
2008-02-15,9.184
2008-02-16,9.168
2008-02-17,9.16
2008-02-18,9.17
2008-02-19,9.176
2008-02-20,9.174
2008-02-21,9.167
2008-02-22,9.163
2008-02-23,9.162
2008-02-24,9.158
2008-02-25,9.148
2008-02-26,9.134
2008-02-27,9.12
2008-02-28,9.103
2008-02-29,9.088
2008-03-01,9.074
2008-03-02,9.058
2008-03-03,9.047
2008-03-04,9.037
2008-03-05,9.035
2008-03-06,9.028
2008-03-07,9.014
2008-03-08,9.001
2008-03-09,8.998
2008-03-10,8.983
2008-03-11,8.969
2008-03-12,8.959
2008-03-13,8.944
2008-03-14,8.925
2008-03-15,8.909
2008-03-16,8.894
2008-03-17,8.881
2008-03-18,8.868
2008-03-19,8.862
2008-03-20,8.852
2008-03-21,8.836
2008-03-22,8.82
2008-03-23,8.803
2008-03-24,8.789
2008-03-25,8.782
2008-03-26,8.783
2008-03-27,8.766
2008-03-28,8.75
2008-03-29,8.736
2008-03-30,8.724
2008-03-31,8.72
2008-04-01,8.764
2008-04-02,8.821
2008-04-03,8.87
2008-04-04,8.915
2008-04-05,8.958
2008-04-06,9.005
2008-04-07,9.065
2008-04-08,9.136
2008-04-09,9.222
2008-04-10,9.318
2008-04-11,9.416
2008-04-12,9.55
2008-04-13,9.653
2008-04-14,9.728
2008-04-15,9.784
2008-04-16,9.825
2008-04-17,9.854
2008-04-18,9.887
2008-04-19,9.922
2008-04-20,9.952
2008-04-21,9.973
2008-04-22,9.984
2008-04-23,9.98
2008-04-24,9.97
2008-04-25,9.953
2008-04-26,9.93
2008-04-27,9.891
2008-04-28,9.856
2008-04-29,9.82
2008-04-30,9.788
2008-05-01,9.751
2008-05-02,9.716
2008-05-03,9.699
2008-05-04,9.698
2008-05-05,9.683
2008-05-06,9.668
2008-05-07,9.673
2008-05-08,9.695
2008-05-09,9.705
2008-05-10,9.707
2008-05-11,9.699
2008-05-12,9.683
2008-05-13,9.653
2008-05-14,9.607
2008-05-15,9.572
2008-05-16,9.564
2008-05-17,9.564
2008-05-18,9.562
2008-05-19,9.563
2008-05-20,9.553
2008-05-21,9.541
2008-05-22,9.533
2008-05-23,9.523
2008-05-24,9.513
2008-05-25,9.499
2008-05-26,9.495
2008-05-27,9.492
2008-05-28,9.494
2008-05-29,9.491
2008-05-30,9.483
2008-05-31,9.486
2008-06-01,9.477
2008-06-02,9.468
2008-06-03,9.463
2008-06-04,9.466
2008-06-05,9.478
2008-06-06,9.505
2008-06-07,9.539
2008-06-08,9.566
2008-06-09,9.593
2008-06-10,9.615
2008-06-11,9.629
2008-06-12,9.619
2008-06-13,9.608
2008-06-14,9.601
2008-06-15,9.589
2008-06-16,9.578
2008-06-17,9.581
2008-06-18,9.596
2008-06-19,9.612
2008-06-20,9.613
2008-06-21,9.601
2008-06-22,9.59
2008-06-23,9.571
2008-06-24,9.533
2008-06-25,9.492
2008-06-26,9.467
2008-06-27,9.449
2008-06-28,9.443
2008-06-29,9.459
2008-06-30,9.468
2008-07-01,9.47
2008-07-02,9.463
2008-07-03,9.463
2008-07-04,9.472
2008-07-05,9.468
2008-07-06,9.452
2008-07-07,9.44
2008-07-08,9.439
2008-07-09,9.434
2008-07-10,9.434
2008-07-11,9.446
2008-07-12,9.447
2008-07-13,9.44
2008-07-14,9.433
2008-07-15,9.423
2008-07-16,9.417
2008-07-17,9.419
2008-07-18,9.428
2008-07-19,9.433
2008-07-20,9.437
2008-07-21,9.461
2008-07-22,9.479
2008-07-23,9.493
2008-07-24,9.504
2008-07-25,9.506
2008-07-26,9.508
2008-07-27,9.505
2008-07-28,9.5
2008-07-29,9.495
2008-07-30,9.502
2008-07-31,9.504
2008-08-01,9.501
2008-08-02,9.503
2008-08-03,9.502
2008-08-04,9.501
2008-08-05,9.501
2008-08-06,9.496
2008-08-07,9.486
2008-08-08,9.483
2008-08-09,9.503
2008-08-10,9.525
2008-08-11,9.534
2008-08-12,9.533
2008-08-13,9.552
2008-08-14,9.565
2008-08-15,9.57
2008-08-16,9.572
2008-08-17,9.562
2008-08-18,9.55
2008-08-19,9.517
2008-08-20,9.471
2008-08-21,9.443
2008-08-22,9.434
2008-08-23,9.439
2008-08-24,9.438
2008-08-25,9.433
2008-08-26,9.432
2008-08-27,9.428
2008-08-28,9.431
2008-08-29,9.429
2008-08-30,9.425
2008-08-31,9.419
2008-09-01,9.416
2008-09-02,9.413
2008-09-03,9.407
2008-09-04,9.398
2008-09-05,9.396
2008-09-06,9.384
2008-09-07,9.38
2008-09-08,9.376
2008-09-09,9.38
2008-09-10,9.378
2008-09-11,9.371
2008-09-12,9.367
2008-09-13,9.368
2008-09-14,9.381
2008-09-15,9.415
2008-09-16,9.408
2008-09-17,9.403
2008-09-18,9.403
2008-09-19,9.406
2008-09-20,9.397
2008-09-21,9.382
2008-09-22,9.366
2008-09-23,9.334
2008-09-24,9.331
2008-09-25,9.331
2008-09-26,9.331
2008-09-27,9.335
2008-09-28,9.337
2008-09-29,9.336
2008-09-30,9.339
2008-10-01,9.337
2008-10-02,9.332
2008-10-03,9.325
2008-10-04,9.319
2008-10-05,9.316
2008-10-06,9.309
2008-10-07,9.303
2008-10-08,9.301
2008-10-09,9.298
2008-10-10,9.296
2008-10-11,9.295
2008-10-12,9.293
2008-10-13,9.287
2008-10-14,9.278
2008-10-15,9.272
2008-10-16,9.269
2008-10-17,9.269
2008-10-18,9.269
2008-10-19,9.27
2008-10-20,9.27
2008-10-21,9.275
2008-10-22,9.283
2008-10-23,9.286
2008-10-24,9.291
2008-10-25,9.302
2008-10-26,9.315
2008-10-27,9.339
2008-10-28,9.353
2008-10-29,9.361
2008-10-30,9.373
2008-10-31,9.384
2008-11-01,9.396
2008-11-02,9.408
2008-11-03,9.424
2008-11-04,9.448
2008-11-05,9.469
2008-11-06,9.49
2008-11-07,9.511
2008-11-08,9.549
2008-11-09,9.577
2008-11-10,9.608
2008-11-11,9.599
2008-11-12,9.575
2008-11-13,9.578
2008-11-14,9.582
2008-11-15,9.593
2008-11-16,9.641
2008-11-17,9.645
2008-11-18,9.641
2008-11-19,9.613
2008-11-20,9.579
2008-11-21,9.543
2008-11-22,9.52
2008-11-23,9.501
2008-11-24,9.483
2008-11-25,9.474
2008-11-26,9.471
2008-11-27,9.471
2008-11-28,9.475
2008-11-29,9.479
2008-11-30,9.478
2008-12-01,9.485
2008-12-02,9.487
2008-12-03,9.483
2008-12-04,9.484
2008-12-05,9.501
2008-12-06,9.509
2008-12-07,9.511
2008-12-08,9.507
2008-12-09,9.515
2008-12-10,9.525
2008-12-11,9.525
2008-12-12,9.516
2008-12-13,9.509
2008-12-14,9.508
2008-12-15,9.516
2008-12-16,9.528
2008-12-17,9.54
2008-12-18,9.554
2008-12-19,9.549
2008-12-20,9.544
2008-12-21,9.541
2008-12-22,9.535
2008-12-23,9.52
2008-12-24,9.517
2008-12-25,9.516
2008-12-26,9.508
2008-12-27,9.512
2008-12-28,9.551
2008-12-29,9.588
2008-12-30,9.625
2008-12-31,9.65
2009-01-01,9.663
2009-01-02,9.67
2009-01-03,9.67
2009-01-04,9.664
2009-01-05,9.657
2009-01-06,9.642
2009-01-07,9.629
2009-01-08,9.617
2009-01-09,9.591
2009-01-10,9.556
2009-01-11,9.516
2009-01-12,9.48
2009-01-13,9.449
2009-01-14,9.422
2009-01-15,9.393
2009-01-16,9.362
2009-01-17,9.336
2009-01-18,9.313
2009-01-19,9.288
2009-01-20,9.258
2009-01-21,9.237
2009-01-22,9.224
2009-01-23,9.216
2009-01-24,9.211
2009-01-25,9.209
2009-01-26,9.201
2009-01-27,9.191
2009-01-28,9.185
2009-01-29,9.18
2009-01-30,9.172
2009-01-31,9.166
2009-02-01,9.157
2009-02-02,9.144
2009-02-03,9.131
2009-02-04,9.119
2009-02-05,9.109
2009-02-06,9.099
2009-02-07,9.086
2009-02-08,9.078
2009-02-09,9.067
2009-02-10,9.058
2009-02-11,9.048
2009-02-12,9.075
2009-02-13,9.103
2009-02-14,9.127
2009-02-15,9.144
2009-02-16,9.157
2009-02-17,9.161
2009-02-18,9.161
2009-02-19,9.168
2009-02-20,9.169
2009-02-21,9.17
2009-02-22,9.177
2009-02-23,9.177
2009-02-24,9.156
2009-02-25,9.132
2009-02-26,9.117
2009-02-27,9.11
2009-02-28,9.109
2009-03-01,9.107
2009-03-02,9.104
2009-03-03,9.098
2009-03-04,9.089
2009-03-05,9.073
2009-03-06,9.052
2009-03-07,9.04
2009-03-08,9.03
2009-03-09,9.028
2009-03-10,9.02
2009-03-11,9.037
2009-03-12,9.05
2009-03-13,9.061
2009-03-14,9.059
2009-03-15,9.053
2009-03-16,9.045
2009-03-17,9.039
2009-03-18,9.035
2009-03-19,9.047
2009-03-20,9.061
2009-03-21,9.067
2009-03-22,9.065
2009-03-23,9.058
2009-03-24,9.048
2009-03-25,9.038
2009-03-26,9.033
2009-03-27,9.031
2009-03-28,9.031
2009-03-29,9.064
2009-03-30,9.133
2009-03-31,9.18
2009-04-01,9.215
2009-04-02,9.253
2009-04-03,9.318
2009-04-04,9.484
2009-04-05,9.602
2009-04-06,9.684
2009-04-07,9.744
2009-04-08,9.771
2009-04-09,9.787
2009-04-10,9.792
2009-04-11,9.785
2009-04-12,9.774
2009-04-13,9.756
2009-04-14,9.731
2009-04-15,9.687
2009-04-16,9.669
2009-04-17,9.676
2009-04-18,9.672
2009-04-19,9.677
2009-04-20,9.682
2009-04-21,9.693
2009-04-22,9.702
2009-04-23,9.697
2009-04-24,9.692
2009-04-25,9.693
2009-04-26,9.709
2009-04-27,9.713
2009-04-28,9.729
2009-04-29,9.72
2009-04-30,9.706
2009-05-01,9.709
2009-05-02,9.701
2009-05-03,9.686
2009-05-04,9.662
2009-05-05,9.625
2009-05-06,9.588
2009-05-07,9.577
2009-05-08,9.565
2009-05-09,9.556
2009-05-10,9.565
2009-05-11,9.561
2009-05-12,9.55
2009-05-13,9.535
2009-05-14,9.538
2009-05-15,9.535
2009-05-16,9.536
2009-05-17,9.532
2009-05-18,9.521
2009-05-19,9.51
2009-05-20,9.506
2009-05-21,9.499
2009-05-22,9.494
2009-05-23,9.491
2009-05-24,9.484
2009-05-25,9.473
2009-05-26,9.466
2009-05-27,9.48
2009-05-28,9.504
2009-05-29,9.508
2009-05-30,9.509
2009-05-31,9.508
2009-06-01,9.509
2009-06-02,9.511
2009-06-03,9.506
2009-06-04,9.499
2009-06-05,9.495
2009-06-06,9.486
2009-06-07,9.482
2009-06-08,9.486
2009-06-09,9.512
2009-06-10,9.515
2009-06-11,9.521
2009-06-12,9.522
2009-06-13,9.524
2009-06-14,9.526
2009-06-15,9.522
2009-06-16,9.518
2009-06-17,9.514
2009-06-18,9.502
2009-06-19,9.491
2009-06-20,9.51
2009-06-21,9.523
2009-06-22,9.527
2009-06-23,9.528
2009-06-24,9.527
2009-06-25,9.525
2009-06-26,9.519
2009-06-27,9.513
2009-06-28,9.517
2009-06-29,9.524
2009-06-30,9.534
2009-07-01,9.525
2009-07-02,9.509
2009-07-03,9.506
2009-07-04,9.497
2009-07-05,9.491
2009-07-06,9.482
2009-07-07,9.48
2009-07-08,9.476
2009-07-09,9.473
2009-07-10,9.472
2009-07-11,9.468
2009-07-12,9.462
2009-07-13,9.452
2009-07-14,9.439
2009-07-15,9.444
2009-07-16,9.449
2009-07-17,9.458
2009-07-18,9.465
2009-07-19,9.469
2009-07-20,9.478
2009-07-21,9.483
2009-07-22,9.488
2009-07-23,9.504
2009-07-24,9.511
2009-07-25,9.499
2009-07-26,9.518
2009-07-27,9.51
2009-07-28,9.508
2009-07-29,9.535
2009-07-30,9.546
2009-07-31,9.545
2009-08-01,9.538
2009-08-02,9.519
2009-08-03,9.503
2009-08-04,9.502
2009-08-05,9.474
2009-08-06,9.441
2009-08-07,9.412
2009-08-08,9.411
2009-08-09,9.425
2009-08-10,9.437
2009-08-11,9.441
2009-08-12,9.442
2009-08-13,9.441
2009-08-14,9.442
2009-08-15,9.443
2009-08-16,9.445
2009-08-17,9.444
2009-08-18,9.443
2009-08-19,9.435
2009-08-20,9.436
2009-08-21,9.465
2009-08-22,9.459
2009-08-23,9.449
2009-08-24,9.444
2009-08-25,9.441
2009-08-26,9.429
2009-08-27,9.422
2009-08-28,9.416
2009-08-29,9.42
2009-08-30,9.418
2009-08-31,9.413
2009-09-01,9.403
2009-09-02,9.396
2009-09-03,9.4
2009-09-04,9.406
2009-09-05,9.41
2009-09-06,9.414
2009-09-07,9.415
2009-09-08,9.418
2009-09-09,9.421
2009-09-10,9.422
2009-09-11,9.424
2009-09-12,9.429
2009-09-13,9.429
2009-09-14,9.431
2009-09-15,9.423
2009-09-16,9.415
2009-09-17,9.403
2009-09-18,9.388
2009-09-19,9.376
2009-09-20,9.362
2009-09-21,9.353
2009-09-22,9.353
2009-09-23,9.381
2009-09-24,9.398
2009-09-25,9.375
2009-09-26,9.36
2009-09-27,9.347
2009-09-28,9.352
2009-09-29,9.349
2009-09-30,9.345
2009-10-01,9.344
2009-10-02,9.344
2009-10-03,9.345
2009-10-04,9.34
2009-10-05,9.337
2009-10-06,9.344
2009-10-07,9.362
2009-10-08,9.366
2009-10-09,9.37
2009-10-10,9.381
2009-10-11,9.385
2009-10-12,9.38
2009-10-13,9.374
2009-10-14,9.36
2009-10-15,9.34
2009-10-16,9.323
2009-10-17,9.31
2009-10-18,9.295
2009-10-19,9.282
2009-10-20,9.283
2009-10-21,9.289
2009-10-22,9.307
2009-10-23,9.31
2009-10-24,9.317
2009-10-25,9.321
2009-10-26,9.325
2009-10-27,9.34
2009-10-28,9.349
2009-10-29,9.37
2009-10-30,9.408
2009-10-31,9.464
2009-11-01,9.504
2009-11-02,9.535
2009-11-03,9.551
2009-11-04,9.567
2009-11-05,9.584
2009-11-06,9.594
2009-11-07,9.588
2009-11-08,9.578
2009-11-09,9.568
2009-11-10,9.55
2009-11-11,9.532
2009-11-12,9.516
2009-11-13,9.499
2009-11-14,9.487
2009-11-15,9.478
2009-11-16,9.47
2009-11-17,9.467
2009-11-18,9.459
2009-11-19,9.457
2009-11-20,9.501
2009-11-21,9.539
2009-11-22,9.581
2009-11-23,9.611
2009-11-24,9.611
2009-11-25,9.622
2009-11-26,9.638
2009-11-27,9.627
2009-11-28,9.609
2009-11-29,9.588
2009-11-30,9.569
2009-12-01,9.556
2009-12-02,9.534
2009-12-03,9.514
2009-12-04,9.509
2009-12-05,9.502
2009-12-06,9.498
2009-12-07,9.495
2009-12-08,9.491
2009-12-09,9.494
2009-12-10,9.508
2009-12-11,9.538
2009-12-12,9.548
2009-12-13,9.544
2009-12-14,9.538
2009-12-15,9.53
2009-12-16,9.513
2009-12-17,9.494
2009-12-18,9.477
2009-12-19,9.464
2009-12-20,9.45
2009-12-21,9.436
2009-12-22,9.433
2009-12-23,9.429
2009-12-24,9.43
2009-12-25,9.433
2009-12-26,9.443
2009-12-27,9.454
2009-12-28,9.464
2009-12-29,9.468
2009-12-30,9.466
2009-12-31,9.463
2010-01-01,9.46
2010-01-02,9.454
2010-01-03,9.448
2010-01-04,9.441
2010-01-05,9.438
2010-01-06,9.433
2010-01-07,9.423
2010-01-08,9.417
2010-01-09,9.411
2010-01-10,9.404
2010-01-11,9.397
2010-01-12,9.386
2010-01-13,9.375
2010-01-14,9.363
2010-01-15,9.352
2010-01-16,9.341
2010-01-17,9.328
2010-01-18,9.319
2010-01-19,9.312
2010-01-20,9.305
2010-01-21,9.295
2010-01-22,9.285
2010-01-23,9.276
2010-01-24,9.265
2010-01-25,9.279
2010-01-26,9.299
2010-01-27,9.318
2010-01-28,9.347
2010-01-29,9.36
2010-01-30,9.365
2010-01-31,9.373
2010-02-01,9.382
2010-02-02,9.387
2010-02-03,9.389
2010-02-04,9.385
2010-02-05,9.379
2010-02-06,9.375
2010-02-07,9.37
2010-02-08,9.366
2010-02-09,9.359
2010-02-10,9.351
2010-02-11,9.344
2010-02-12,9.335
2010-02-13,9.327
2010-02-14,9.32
2010-02-15,9.311
2010-02-16,9.3
2010-02-17,9.293
2010-02-18,9.285
2010-02-19,9.278
2010-02-20,9.27
2010-02-21,9.262
2010-02-22,9.257
2010-02-23,9.256
2010-02-24,9.241
2010-02-25,9.232
2010-02-26,9.224
2010-02-27,9.211
2010-02-28,9.198
2010-03-01,9.183
2010-03-02,9.165
2010-03-03,9.148
2010-03-04,9.132
2010-03-05,9.118
2010-03-06,9.108
2010-03-07,9.096
2010-03-08,9.083
2010-03-09,9.077
2010-03-10,9.063
2010-03-11,9.053
2010-03-12,9.052
2010-03-13,9.069
2010-03-14,9.106
2010-03-15,9.145
2010-03-16,9.164
2010-03-17,9.181
2010-03-18,9.208
2010-03-19,9.231
2010-03-20,9.269
2010-03-21,9.305
2010-03-22,9.335
2010-03-23,9.367
2010-03-24,9.398
2010-03-25,9.425
2010-03-26,9.448
2010-03-27,9.471
2010-03-28,9.493
2010-03-29,9.52
2010-03-30,9.539
2010-03-31,9.545
2010-04-01,9.55
2010-04-02,9.549
2010-04-03,9.55
2010-04-04,9.554
2010-04-05,9.562
2010-04-06,9.567
2010-04-07,9.584
2010-04-08,9.591
2010-04-09,9.593
2010-04-10,9.593
2010-04-11,9.592
2010-04-12,9.589
2010-04-13,9.588
2010-04-14,9.584
2010-04-15,9.58
2010-04-16,9.577
2010-04-17,9.572
2010-04-18,9.559
2010-04-19,9.551
2010-04-20,9.544
2010-04-21,9.536
2010-04-22,9.525
2010-04-23,9.515
2010-04-24,9.509
2010-04-25,9.502
2010-04-26,9.493
2010-04-27,9.491
2010-04-28,9.492
2010-04-29,9.493
2010-04-30,9.497
2010-05-01,9.511
2010-05-02,9.525
2010-05-03,9.534
2010-05-04,9.54
2010-05-05,9.549
2010-05-06,9.559
2010-05-07,9.557
2010-05-08,9.574
2010-05-09,9.589
2010-05-10,9.598
2010-05-11,9.589
2010-05-12,9.573
2010-05-13,9.565
2010-05-14,9.575
2010-05-15,9.574
2010-05-16,9.57
2010-05-17,9.565
2010-05-18,9.562
2010-05-19,9.559
2010-05-20,9.555
2010-05-21,9.557
2010-05-22,9.557
2010-05-23,9.555
2010-05-24,9.553
2010-05-25,9.551
2010-05-26,9.548
2010-05-27,9.55
2010-05-28,9.557
2010-05-29,9.55
2010-05-30,9.544
2010-05-31,9.545
2010-06-01,9.541
2010-06-02,9.529
2010-06-03,9.517
2010-06-04,9.503
2010-06-05,9.495
2010-06-06,9.485
2010-06-07,9.471
2010-06-08,9.466
2010-06-09,9.471
2010-06-10,9.47
2010-06-11,9.471
2010-06-12,9.504
2010-06-13,9.522
2010-06-14,9.524
2010-06-15,9.517
2010-06-16,9.521
2010-06-17,9.522
2010-06-18,9.523
2010-06-19,9.511
2010-06-20,9.504
2010-06-21,9.497
2010-06-22,9.505
2010-06-23,9.515
2010-06-24,9.531
2010-06-25,9.55
2010-06-26,9.571
2010-06-27,9.585
2010-06-28,9.594
2010-06-29,9.591
2010-06-30,9.573
2010-07-01,9.552
2010-07-02,9.536
2010-07-03,9.538
2010-07-04,9.531
2010-07-05,9.52
2010-07-06,9.506
2010-07-07,9.493
2010-07-08,9.481
2010-07-09,9.479
2010-07-10,9.471
2010-07-11,9.461
2010-07-12,9.454
2010-07-13,9.466
2010-07-14,9.467
2010-07-15,9.473
2010-07-16,9.471
2010-07-17,9.465
2010-07-18,9.458
2010-07-19,9.459
2010-07-20,9.454
2010-07-21,9.451
2010-07-22,9.45
2010-07-23,9.452
2010-07-24,9.453
2010-07-25,9.45
2010-07-26,9.448
2010-07-27,9.444
2010-07-28,9.442
2010-07-29,9.432
2010-07-30,9.429
2010-07-31,9.429
2010-08-01,9.427
2010-08-02,9.43
2010-08-03,9.441
2010-08-04,9.44
2010-08-05,9.439
2010-08-06,9.429
2010-08-07,9.423
2010-08-08,9.437
2010-08-09,9.459
2010-08-10,9.459
2010-08-11,9.457
2010-08-12,9.457
2010-08-13,9.453
2010-08-14,9.449
2010-08-15,9.441
2010-08-16,9.434
2010-08-17,9.422
2010-08-18,9.411
2010-08-19,9.413
2010-08-20,9.418
2010-08-21,9.425
2010-08-22,9.431
2010-08-23,9.442
2010-08-24,9.449
2010-08-25,9.464
2010-08-26,9.472
2010-08-27,9.479
2010-08-28,9.476
2010-08-29,9.467
2010-08-30,9.463
2010-08-31,9.458
2010-09-01,9.445
2010-09-02,9.444
2010-09-03,9.443
2010-09-04,9.443
2010-09-05,9.443
2010-09-06,9.437
2010-09-07,9.43
2010-09-08,9.424
2010-09-09,9.413
2010-09-10,9.414
2010-09-11,9.415
2010-09-12,9.411
2010-09-13,9.418
2010-09-14,9.413
2010-09-15,9.409
2010-09-16,9.415
2010-09-17,9.42
2010-09-18,9.423
2010-09-19,9.422
2010-09-20,9.418
2010-09-21,9.425
2010-09-22,9.464
2010-09-23,9.466
2010-09-24,9.471
2010-09-25,9.471
2010-09-26,9.462
2010-09-27,9.453
2010-09-28,9.459
2010-09-29,9.47
2010-09-30,9.469
2010-10-01,9.45
2010-10-02,9.436
2010-10-03,9.418
2010-10-04,9.403
2010-10-05,9.391
2010-10-06,9.382
2010-10-07,9.382
2010-10-08,9.378
2010-10-09,9.374
2010-10-10,9.362
2010-10-11,9.351
2010-10-12,9.342
2010-10-13,9.331
2010-10-14,9.328
2010-10-15,9.321
2010-10-16,9.316
2010-10-17,9.304
2010-10-18,9.296
2010-10-19,9.296
2010-10-20,9.293
2010-10-21,9.282
2010-10-22,9.273
2010-10-23,9.266
2010-10-24,9.27
2010-10-25,9.278
2010-10-26,9.296
2010-10-27,9.316
2010-10-28,9.319
2010-10-29,9.321
2010-10-30,9.338
2010-10-31,9.358
2010-11-01,9.376
2010-11-02,9.392
2010-11-03,9.409
2010-11-04,9.413
2010-11-05,9.413
2010-11-06,9.417
2010-11-07,9.422
2010-11-08,9.423
2010-11-09,9.422
2010-11-10,9.412
2010-11-11,9.408
2010-11-12,9.406
2010-11-13,9.405
2010-11-14,9.402
2010-11-15,9.396
2010-11-16,9.388
2010-11-17,9.402
2010-11-18,9.406
2010-11-19,9.407
2010-11-20,9.406
2010-11-21,9.402
2010-11-22,9.399
2010-11-23,9.437
2010-11-24,9.463
2010-11-25,9.487
2010-11-26,9.516
2010-11-27,9.536
2010-11-28,9.55
2010-11-29,9.554
2010-11-30,9.548
2010-12-01,9.595
2010-12-02,9.655
2010-12-03,9.692
2010-12-04,9.696
2010-12-05,9.691
2010-12-06,9.68
2010-12-07,9.661
2010-12-08,9.626
2010-12-09,9.587
2010-12-10,9.548
2010-12-11,9.53
2010-12-12,9.51
2010-12-13,9.493
2010-12-14,9.474
2010-12-15,9.465
2010-12-16,9.456
2010-12-17,9.45
2010-12-18,9.455
2010-12-19,9.456
2010-12-20,9.457
2010-12-21,9.454
2010-12-22,9.452
2010-12-23,9.449
2010-12-24,9.441
2010-12-25,9.435
2010-12-26,9.429
2010-12-27,9.425
2010-12-28,9.419
2010-12-29,9.412
2010-12-30,9.406
2010-12-31,9.404
2011-01-01,9.422
2011-01-02,9.467
2011-01-03,9.498
2011-01-04,9.515
2011-01-05,9.512
2011-01-06,9.509
2011-01-07,9.507
2011-01-08,9.499
2011-01-09,9.489
2011-01-10,9.479
2011-01-11,9.464
2011-01-12,9.449
2011-01-13,9.441
2011-01-14,9.434
2011-01-15,9.43
2011-01-16,9.426
2011-01-17,9.417
2011-01-18,9.415
2011-01-19,9.409
2011-01-20,9.401
2011-01-21,9.392
2011-01-22,9.379
2011-01-23,9.367
2011-01-24,9.357
2011-01-25,9.344
2011-01-26,9.331
2011-01-27,9.319
2011-01-28,9.311
2011-01-29,9.307
2011-01-30,9.301
2011-01-31,9.293
2011-02-01,9.285
2011-02-02,9.284
2011-02-03,9.28
2011-02-04,9.273
2011-02-05,9.262
2011-02-06,9.252
2011-02-07,9.244
2011-02-08,9.234
2011-02-09,9.23
2011-02-10,9.226
2011-02-11,9.22
2011-02-12,9.213
2011-02-13,9.203
2011-02-14,9.192
2011-02-15,9.184
2011-02-16,9.176
2011-02-17,9.168
2011-02-18,9.172
2011-02-19,9.177
2011-02-20,9.179
2011-02-21,9.175
2011-02-22,9.171
2011-02-23,9.169
2011-02-24,9.164
2011-02-25,9.155
2011-02-26,9.147
2011-02-27,9.141
2011-02-28,9.134
2011-03-01,9.125
2011-03-02,9.114
2011-03-03,9.103
2011-03-04,9.092
2011-03-05,9.102
2011-03-06,9.111
2011-03-07,9.105
2011-03-08,9.098
2011-03-09,9.085
2011-03-10,9.093
2011-03-11,9.11
2011-03-12,9.122
2011-03-13,9.125
2011-03-14,9.124
2011-03-15,9.118
2011-03-16,9.105
2011-03-17,9.086
2011-03-18,9.093
2011-03-19,9.097
2011-03-20,9.096
2011-03-21,9.097
2011-03-22,9.086
2011-03-23,9.063
2011-03-24,9.04
2011-03-25,9.019
2011-03-26,8.994
2011-03-27,8.97
2011-03-28,8.945
2011-03-29,8.92
2011-03-30,8.902
2011-03-31,8.889
2011-04-01,8.886
2011-04-02,8.884
2011-04-03,8.884
2011-04-04,8.894
2011-04-05,8.908
2011-04-06,8.912
2011-04-07,8.91
2011-04-08,8.907
2011-04-09,8.904
2011-04-10,8.921
2011-04-11,8.98
2011-04-12,9.043
2011-04-13,9.086
2011-04-14,9.135
2011-04-15,9.183
2011-04-16,9.231
2011-04-17,9.293
2011-04-18,9.345
2011-04-19,9.395
2011-04-20,9.463
2011-04-21,9.509
2011-04-22,9.54
2011-04-23,9.572
2011-04-24,9.599
2011-04-25,9.621
2011-04-26,9.644
2011-04-27,9.659
2011-04-28,9.694
2011-04-29,9.712
2011-04-30,9.717
2011-05-01,9.721
2011-05-02,9.719
2011-05-03,9.714
2011-05-04,9.7
2011-05-05,9.683
2011-05-06,9.673
2011-05-07,9.657
2011-05-08,9.64
2011-05-09,9.62
2011-05-10,9.597
2011-05-11,9.577
2011-05-12,9.547
2011-05-13,9.515
2011-05-14,9.492
2011-05-15,9.487
2011-05-16,9.469
2011-05-17,9.471
2011-05-18,9.471
2011-05-19,9.476
2011-05-20,9.479
2011-05-21,9.486
2011-05-22,9.494
2011-05-23,9.511
2011-05-24,9.528
2011-05-25,9.543
2011-05-26,9.56
2011-05-27,9.584
2011-05-28,9.599
2011-05-29,9.609
2011-05-30,9.613
2011-05-31,9.615
2011-06-01,9.6
2011-06-02,9.569
2011-06-03,9.537
2011-06-04,9.526
2011-06-05,9.514
2011-06-06,9.497
2011-06-07,9.482
2011-06-08,9.494
2011-06-09,9.507
2011-06-10,9.504
2011-06-11,9.503
2011-06-12,9.501
2011-06-13,9.495
2011-06-14,9.508
2011-06-15,9.514
2011-06-16,9.517
2011-06-17,9.515
2011-06-18,9.509
2011-06-19,9.507
2011-06-20,9.504
2011-06-21,9.503
2011-06-22,9.505
2011-06-23,9.515
2011-06-24,9.527
2011-06-25,9.536
2011-06-26,9.54
2011-06-27,9.546
2011-06-28,9.564
2011-06-29,9.562
2011-06-30,9.556
2011-07-01,9.556
2011-07-02,9.551
2011-07-03,9.543
2011-07-04,9.534
2011-07-05,9.526
2011-07-06,9.525
2011-07-07,9.517
2011-07-08,9.51
2011-07-09,9.503
2011-07-10,9.499
2011-07-11,9.493
2011-07-12,9.488
2011-07-13,9.475
2011-07-14,9.464
2011-07-15,9.462
2011-07-16,9.463
2011-07-17,9.465
2011-07-18,9.479
2011-07-19,9.484
2011-07-20,9.486
2011-07-21,9.487
2011-07-22,9.484
2011-07-23,9.48
2011-07-24,9.473
2011-07-25,9.489
2011-07-26,9.489
2011-07-27,9.486
2011-07-28,9.486
2011-07-29,9.486
2011-07-30,9.483
2011-07-31,9.482
2011-08-01,9.475
2011-08-02,9.468
2011-08-03,9.49
2011-08-04,9.497
2011-08-05,9.487
2011-08-06,9.476
2011-08-07,9.469
2011-08-08,9.463
2011-08-09,9.464
2011-08-10,9.472
2011-08-11,9.469
2011-08-12,9.468
2011-08-13,9.466
2011-08-14,9.466
2011-08-15,9.462
2011-08-16,9.459
2011-08-17,9.457
2011-08-18,9.454
2011-08-19,9.448
2011-08-20,9.447
2011-08-21,9.45
2011-08-22,9.445
2011-08-23,9.44
2011-08-24,9.435
2011-08-25,9.428
2011-08-26,9.425
2011-08-27,9.424
2011-08-28,9.41
2011-08-29,9.408
2011-08-30,9.405
2011-08-31,9.407
2011-09-01,9.413
2011-09-02,9.419
2011-09-03,9.422
2011-09-04,9.435
2011-09-05,9.434
2011-09-06,9.434
2011-09-07,9.434
2011-09-08,9.433
2011-09-09,9.434
2011-09-10,9.435
2011-09-11,9.438
2011-09-12,9.438
2011-09-13,9.439
2011-09-14,9.434
2011-09-15,9.424
2011-09-16,9.418
2011-09-17,9.414
2011-09-18,9.411
2011-09-19,9.413
2011-09-20,9.417
2011-09-21,9.419
2011-09-22,9.417
2011-09-23,9.419
2011-09-24,9.424
2011-09-25,9.424
2011-09-26,9.424
2011-09-27,9.411
2011-09-28,9.414
2011-09-29,9.414
2011-09-30,9.418
2011-10-01,9.416
2011-10-02,9.406
2011-10-03,9.407
2011-10-04,9.407
2011-10-05,9.408
2011-10-06,9.404
2011-10-07,9.395
2011-10-08,9.385
2011-10-09,9.372
2011-10-10,9.359
2011-10-11,9.349
2011-10-12,9.344
2011-10-13,9.342
2011-10-14,9.348
2011-10-15,9.369
2011-10-16,9.394
2011-10-17,9.408
2011-10-18,9.413
2011-10-19,9.409
2011-10-20,9.426
2011-10-21,9.437
2011-10-22,9.443
2011-10-23,9.445
2011-10-24,9.444
2011-10-25,9.442
2011-10-26,9.438
2011-10-27,9.424
2011-10-28,9.414
2011-10-29,9.405
2011-10-30,9.392
2011-10-31,9.377
2011-11-01,9.371
2011-11-02,9.367
2011-11-03,9.362
2011-11-04,9.353
2011-11-05,9.341
2011-11-06,9.328
2011-11-07,9.318
2011-11-08,9.315
2011-11-09,9.317
2011-11-10,9.317
2011-11-11,9.314
2011-11-12,9.312
2011-11-13,9.309
2011-11-14,9.312
2011-11-15,9.308
2011-11-16,9.306
2011-11-17,9.313
2011-11-18,9.327
2011-11-19,9.328
2011-11-20,9.34
2011-11-21,9.345
2011-11-22,9.348
2011-11-23,9.347
2011-11-24,9.346
2011-11-25,9.346
2011-11-26,9.345
2011-11-27,9.354
2011-11-28,9.362
2011-11-29,9.385
2011-11-30,9.45
2011-12-01,9.492
2011-12-02,9.521
2011-12-03,9.521
2011-12-04,9.518
2011-12-05,9.534
2011-12-06,9.547
2011-12-07,9.559
2011-12-08,9.554
2011-12-09,9.553
2011-12-10,9.56
2011-12-11,9.555
2011-12-12,9.543
2011-12-13,9.532
2011-12-14,9.52
2011-12-15,9.513
2011-12-16,9.521
2011-12-17,9.522
2011-12-18,9.519
2011-12-19,9.505
2011-12-20,9.5
2011-12-21,9.497
2011-12-22,9.501
2011-12-23,9.486
2011-12-24,9.473
2011-12-25,9.457
2011-12-26,9.44
2011-12-27,9.427
2011-12-28,9.422
2011-12-29,9.411
2011-12-30,9.402
2011-12-31,9.394
2012-01-01,9.387
2012-01-02,9.388
2012-01-03,9.375
2012-01-04,9.368
2012-01-05,9.367
2012-01-06,9.369
2012-01-07,9.369
2012-01-08,9.364
2012-01-09,9.363
2012-01-10,9.356
2012-01-11,9.347
2012-01-12,9.338
2012-01-13,9.331
2012-01-14,9.319
2012-01-15,9.31
2012-01-16,9.3
2012-01-17,9.295
2012-01-18,9.297
2012-01-19,9.288
2012-01-20,9.277
2012-01-21,9.266
2012-01-22,9.257
2012-01-23,9.251
2012-01-24,9.253
2012-01-25,9.248
2012-01-26,9.243
2012-01-27,9.241
2012-01-28,9.24
2012-01-29,9.243
2012-01-30,9.235
2012-01-31,9.234
2012-02-01,9.231
2012-02-02,9.228
2012-02-03,9.227
2012-02-04,9.232
2012-02-05,9.235
2012-02-06,9.236
2012-02-07,9.233
2012-02-08,9.231
2012-02-09,9.226
2012-02-10,9.223
2012-02-11,9.22
2012-02-12,9.215
2012-02-13,9.209
2012-02-14,9.204
2012-02-15,9.195
2012-02-16,9.189
2012-02-17,9.184
2012-02-18,9.176
2012-02-19,9.17
2012-02-20,9.161
2012-02-21,9.151
2012-02-22,9.149
2012-02-23,9.143
2012-02-24,9.145
2012-02-25,9.153
2012-02-26,9.151
2012-02-27,9.146
2012-02-28,9.141
2012-02-29,9.134
2012-03-01,9.127
2012-03-02,9.119
2012-03-03,9.123
2012-03-04,9.122
2012-03-05,9.115
2012-03-06,9.109
2012-03-07,9.105
2012-03-08,9.11
2012-03-09,9.122
2012-03-10,9.13
2012-03-11,9.136
2012-03-12,9.144
2012-03-13,9.167
2012-03-14,9.198
2012-03-15,9.236
2012-03-16,9.273
2012-03-17,9.319
2012-03-18,9.362
2012-03-19,9.406
2012-03-20,9.447
2012-03-21,9.486
2012-03-22,9.523
2012-03-23,9.547
2012-03-24,9.563
2012-03-25,9.575
2012-03-26,9.578
2012-03-27,9.564
2012-03-28,9.547
2012-03-29,9.544
2012-03-30,9.537
2012-03-31,9.517
2012-04-01,9.497
2012-04-02,9.478
2012-04-03,9.481
2012-04-04,9.493
2012-04-05,9.506
2012-04-06,9.511
2012-04-07,9.516
2012-04-08,9.523
2012-04-09,9.527
2012-04-10,9.533
2012-04-11,9.537
2012-04-12,9.534
2012-04-13,9.525
2012-04-14,9.515
2012-04-15,9.506
2012-04-16,9.499
2012-04-17,9.491
2012-04-18,9.491
2012-04-19,9.49
2012-04-20,9.497
2012-04-21,9.513
2012-04-22,9.518
2012-04-23,9.519
2012-04-24,9.544
2012-04-25,9.558
2012-04-26,9.568
2012-04-27,9.572
2012-04-28,9.573
2012-04-29,9.573
2012-04-30,9.574
2012-05-01,9.572
2012-05-02,9.577
2012-05-03,9.598
2012-05-04,9.619
2012-05-05,9.625
2012-05-06,9.633
2012-05-07,9.636
2012-05-08,9.635
2012-05-09,9.63
2012-05-10,9.618
2012-05-11,9.607
2012-05-12,9.596
2012-05-13,9.583
2012-05-14,9.57
2012-05-15,9.57
2012-05-16,9.572
2012-05-17,9.578
2012-05-18,9.582
2012-05-19,9.576
2012-05-20,9.573
2012-05-21,9.566
2012-05-22,9.564
2012-05-23,9.563
2012-05-24,9.56
2012-05-25,9.56
2012-05-26,9.559
2012-05-27,9.553
2012-05-28,9.548
2012-05-29,9.543
2012-05-30,9.54
2012-05-31,9.538
2012-06-01,9.543
2012-06-02,9.561
2012-06-03,9.565
2012-06-04,9.565
2012-06-05,9.561
2012-06-06,9.561
2012-06-07,9.56
2012-06-08,9.551
2012-06-09,9.546
2012-06-10,9.542
2012-06-11,9.537
2012-06-12,9.54
2012-06-13,9.529
2012-06-14,9.522
2012-06-15,9.513
2012-06-16,9.504
2012-06-17,9.498
2012-06-18,9.5
2012-06-19,9.493
2012-06-20,9.493
2012-06-21,9.492
2012-06-22,9.486
2012-06-23,9.477
2012-06-24,9.475
2012-06-25,9.466
2012-06-26,9.47
2012-06-27,9.475
2012-06-28,9.477
2012-06-29,9.483
2012-06-30,9.48
2012-07-01,9.476
2012-07-02,9.475
2012-07-03,9.48
2012-07-04,9.48
2012-07-05,9.481
2012-07-06,9.479
2012-07-07,9.478
2012-07-08,9.471
2012-07-09,9.469
2012-07-10,9.462
2012-07-11,9.458
2012-07-16,9.438
2012-07-17,9.437
2012-07-18,9.43
2012-07-19,9.424
2012-07-20,9.416
2012-07-21,9.412
2012-07-22,9.406
2012-07-23,9.403
2012-07-24,9.394
2012-07-25,9.391
2012-07-26,9.392
2012-07-27,9.39
2012-07-28,9.384
2012-07-29,9.379
2012-07-30,9.378
2012-07-31,9.379
2012-08-01,9.376
2012-08-02,9.373
2012-08-03,9.367
2012-08-04,9.37
2012-08-05,9.377
2012-08-06,9.368
2012-08-07,9.363
2012-08-08,9.358
2012-08-09,9.358
2012-08-10,9.369
2012-08-11,9.393
2012-08-12,9.401
2012-08-13,9.4
2012-08-14,9.401
2012-08-15,9.402
2012-08-16,9.401
2012-08-17,9.402
2012-08-18,9.399
2012-08-19,9.394
2012-08-20,9.388
2012-08-21,9.385
2012-08-22,9.383
2012-08-23,9.38
2012-08-24,9.379
2012-08-25,9.378
2012-08-26,9.375
2012-08-27,9.373
2012-08-28,9.369
2012-08-29,9.367
2012-08-30,9.365
2012-08-31,9.362
2012-09-01,9.359
2012-09-02,9.354
2012-09-03,9.352
2012-09-04,9.353
2012-09-05,9.356
2012-09-06,9.356
2012-09-07,9.359
2012-09-08,9.397
2012-09-09,9.404
2012-09-10,9.4
2012-09-11,9.399
2012-09-12,9.399
2012-09-13,9.396
2012-09-14,9.397
2012-09-15,9.399
2012-09-16,9.397
2012-09-17,9.396
2012-09-18,9.403
2012-09-19,9.41
2012-09-20,9.418
2012-09-21,9.425
2012-09-22,9.441
2012-09-23,9.45
2012-09-24,9.46
2012-09-25,9.462
2012-09-26,9.447
2012-09-27,9.433
2012-09-28,9.419
2012-09-29,9.404
2012-09-30,9.39
2012-10-01,9.375
2012-10-02,9.37
2012-10-03,9.367
2012-10-04,9.364
2012-10-05,9.362
2012-10-06,9.36
2012-10-07,9.356
2012-10-08,9.352
2012-10-09,9.349
2012-10-10,9.351
2012-10-11,9.362
2012-10-12,9.359
2012-10-13,9.35
2012-10-14,9.36
2012-10-15,9.382
2012-10-16,9.389
2012-10-17,9.397
2012-10-18,9.403
2012-10-19,9.41
2012-10-20,9.414
2012-10-21,9.416
2012-10-22,9.417
2012-10-23,9.407
2012-10-24,9.395
2012-10-25,9.392
2012-10-26,9.376
2012-10-27,9.357
2012-10-28,9.345
2012-10-29,9.338
2012-10-30,9.333
2012-10-31,9.347
2012-11-01,9.363
2012-11-02,9.372
2012-11-03,9.375
2012-11-04,9.377
2012-11-05,9.375
2012-11-06,9.377
2012-11-07,9.389
2012-11-08,9.402
2012-11-09,9.409
2012-11-10,9.415
2012-11-11,9.431
2012-11-12,9.445
2012-11-13,9.476
2012-11-14,9.486
2012-11-15,9.487
2012-11-16,9.485
2012-11-17,9.485
2012-11-18,9.484
2012-11-19,9.479
2012-11-20,9.474
2012-11-21,9.477
2012-11-22,9.479
2012-11-23,9.486
2012-11-24,9.486
2012-11-25,9.486
2012-11-26,9.483
2012-11-27,9.478
2012-11-28,9.48
2012-11-29,9.478
2012-11-30,9.473
2012-12-01,9.466
2012-12-02,9.477
2012-12-03,9.494
2012-12-04,9.509
2012-12-05,9.522
2012-12-06,9.525
2012-12-07,9.522
2012-12-08,9.523
2012-12-09,9.523
2012-12-10,9.524
2012-12-11,9.52
2012-12-12,9.52
2012-12-13,9.517
2012-12-14,9.509
2012-12-15,9.5
2012-12-16,9.497
2012-12-17,9.496
2012-12-18,9.498
2012-12-19,9.503
2012-12-20,9.506
2012-12-21,9.513
2012-12-22,9.519
2012-12-23,9.521
2012-12-24,9.519
2012-12-25,9.512
2012-12-26,9.504
2012-12-27,9.498
2013-01-05,9.407
2013-01-06,9.403
2013-01-07,9.393
2013-01-08,9.386
2013-01-09,9.375
2013-01-10,9.366
2013-01-11,9.367
2013-01-12,9.377
2013-01-13,9.392
2013-01-14,9.42
2013-01-15,9.438
2013-01-16,9.449
2013-01-17,9.456
2013-01-18,9.462
2013-01-19,9.471
2013-01-20,9.488
2013-01-21,9.489
2013-01-22,9.489
2013-01-23,9.485
2013-01-24,9.482
2013-01-25,9.477
2013-01-26,9.471
2013-01-27,9.462
2013-01-28,9.459
2013-01-29,9.434
2013-01-30,9.423
2013-01-31,9.423
2013-02-01,9.425
2013-02-02,9.432
2013-02-03,9.436
2013-02-04,9.443
2013-02-05,9.446
2013-02-06,9.453
2013-02-07,9.455
2013-02-08,9.466
2013-02-09,9.47
2013-02-10,9.468
2013-02-11,9.468
2013-02-12,9.469
2013-02-13,9.46
2013-02-14,9.451
2013-02-15,9.441
2013-02-16,9.426
2013-02-17,9.411
2013-02-18,9.395
2013-02-19,9.382
2013-02-20,9.372
2013-02-21,9.355
2013-02-22,9.338
2013-02-23,9.322
2013-02-24,9.306
2013-02-25,9.286
2013-02-26,9.266
2013-02-27,9.251
2013-02-28,9.241
2013-03-01,9.223
2013-03-02,9.2
2013-03-03,9.179
2013-03-04,9.158
2013-03-05,9.14
2013-03-06,9.123
2013-03-07,9.108
2013-03-08,9.094
2013-03-09,9.083
2013-03-10,9.069
2013-03-11,9.068
2013-03-12,9.086
2013-03-13,9.104
2013-03-14,9.112
2013-03-15,9.119
2013-03-16,9.119
2013-03-17,9.117
2013-03-18,9.11
2013-03-19,9.114
2013-03-20,9.116
2013-03-21,9.109
2013-03-22,9.102
2013-03-23,9.092
2013-03-24,9.078
2013-03-25,9.065
2013-03-26,9.048
2013-03-27,9.035
2013-03-28,9.022
2013-03-29,9.01
2013-03-30,9
2013-03-31,8.995
2013-04-01,8.997
2013-04-02,8.994
2013-04-03,8.988
2013-04-04,8.981
2013-04-05,8.976
2013-04-06,8.97
2013-04-07,8.973
2013-04-08,8.982
2013-04-09,9.032
2013-04-10,9.081
2013-04-11,9.114
2013-04-12,9.15
2013-04-13,9.179
2013-04-14,9.204
2013-04-15,9.222
2013-04-16,9.259
2013-04-17,9.308
2013-04-18,9.379
2013-04-19,9.565
2013-04-20,9.757
2013-04-21,9.884
2013-04-22,9.973
2013-04-23,10.039
2013-04-24,10.1
2013-04-25,10.156
2013-04-26,10.188
2013-04-27,10.202
2013-04-28,10.198
2013-04-29,10.185
2013-04-30,10.162
2013-05-01,10.128
2013-05-02,10.082
2013-05-03,10.027
2013-05-04,9.975
2013-05-05,9.924
2013-05-06,9.89
2013-05-07,9.845
2013-05-08,9.813
2013-05-09,9.781
2013-05-10,9.761
2013-05-11,9.756
2013-05-12,9.736
2013-05-13,9.715
2013-05-14,9.693
2013-05-15,9.674
2013-05-16,9.658
2013-05-17,9.647
2013-05-18,9.634
2013-05-19,9.62
2013-05-20,9.609
2013-05-21,9.621
2013-05-22,9.648
2013-05-23,9.698
2013-05-24,9.703
2013-05-25,9.7
2013-05-26,9.694
2013-05-27,9.686
2013-05-28,9.671
2013-05-29,9.658
2013-05-30,9.64
2013-05-31,9.616
2013-06-01,9.605
2013-06-02,9.594
2013-06-03,9.574
2013-06-04,9.555
2013-06-05,9.548
2013-06-06,9.537
2013-06-07,9.533
2013-06-08,9.516
2013-06-09,9.495
2013-06-10,9.474
2013-06-11,9.452
2013-06-12,9.423
2013-06-13,9.408
2013-06-14,9.423
2013-06-15,9.447
2013-06-16,9.489
2013-06-17,9.517
2013-06-18,9.536
2013-06-19,9.543
2013-06-20,9.536
2013-06-21,9.525
2013-06-22,9.515
2013-06-23,9.507
2013-06-24,9.503
2013-06-25,9.506
2013-06-26,9.501
2013-06-27,9.508
2013-06-28,9.52
2013-06-29,9.524
2013-06-30,9.527
2013-07-01,9.529
2013-07-02,9.529
2013-07-03,9.53
2013-07-04,9.526
2013-07-05,9.519
2013-07-06,9.508
2013-07-07,9.504
2013-07-08,9.499
2013-07-09,9.488
2013-07-10,9.495
2013-07-11,9.483
2013-07-12,9.475
2013-07-13,9.47
2013-07-14,9.463
2013-07-15,9.457
2013-07-16,9.447
2013-07-17,9.445
2013-07-18,9.441
2013-07-19,9.445
2013-07-20,9.448
2013-07-21,9.444
2013-07-22,9.445
2013-07-23,9.445
2013-07-24,9.439
2013-07-25,9.447
2013-07-26,9.459
2013-07-27,9.471
2013-07-28,9.494
2013-07-29,9.5
2013-07-30,9.506
2013-07-31,9.505
2013-08-01,9.511
2013-08-02,9.501
2013-08-03,9.49
2013-08-04,9.473
2013-08-05,9.462
2013-08-06,9.45
2013-08-07,9.449
2013-08-08,9.44
2013-08-09,9.432
2013-08-10,9.43
2013-08-11,9.432
2013-08-12,9.434
2013-08-13,9.434
2013-08-14,9.43
2013-08-15,9.431
2013-08-16,9.428
2013-08-17,9.426
2013-08-18,9.425
2013-08-19,9.425
2013-08-20,9.421
2013-08-21,9.419
2013-08-22,9.418
2013-08-23,9.413
2013-08-24,9.41
2013-08-25,9.414
2013-08-26,9.452
2013-08-27,9.464
2013-08-28,9.469
2013-08-29,9.475
2013-08-30,9.484
2013-08-31,9.496
2013-09-01,9.501
2013-09-02,9.504
2013-09-03,9.503
2013-09-04,9.498
2013-09-05,9.469
2013-09-06,9.439
2013-09-07,9.42
2013-09-08,9.397
2013-09-09,9.382
2013-09-10,9.428
2013-09-11,9.445
2013-09-12,9.454
2013-09-13,9.452
2013-09-14,9.455
2013-09-15,9.463
2013-09-16,9.468
2013-09-17,9.451
2013-09-18,9.432
2013-09-19,9.41
2013-09-20,9.392
2013-09-21,9.412
2013-09-22,9.414
2013-09-23,9.409
2013-09-24,9.402
2013-09-25,9.388
2013-09-26,9.376
2013-09-27,9.374
2013-09-28,9.374
2013-09-29,9.373
2013-09-30,9.374
2013-10-01,9.373
2013-10-02,9.364
2013-10-03,9.354
2013-10-04,9.348
2013-10-05,9.339
2013-10-06,9.338
2013-10-07,9.377
2013-10-08,9.402
2013-10-09,9.402
2013-10-10,9.4
2013-10-11,9.406
2013-10-12,9.411
2013-10-13,9.419
2013-10-14,9.421
2013-10-15,9.422
2013-10-16,9.433
2013-10-17,9.439
2013-10-18,9.444
2013-10-19,9.454
2013-10-20,9.474
2013-10-21,9.496
2013-10-22,9.513
2013-10-23,9.528
2013-10-24,9.542
2013-10-25,9.527
2013-10-26,9.528
2013-10-27,9.526
2013-10-28,9.506
2013-10-29,9.491
2013-10-30,9.478
2013-10-31,9.486
2013-11-01,9.538
2013-11-02,9.576
2013-11-03,9.605
2013-11-04,9.622
2013-11-05,9.628
2013-11-06,9.64
2013-11-07,9.653
2013-11-08,9.655
2013-11-09,9.648
2013-11-10,9.643
2013-11-11,9.64
2013-11-12,9.638
2013-11-13,9.63
2013-11-14,9.616
2013-11-15,9.588
2013-11-16,9.557
2013-11-17,9.535
2013-11-18,9.536
2013-11-19,9.526
2013-11-20,9.515
2013-11-21,9.5
2013-11-22,9.492
2013-11-23,9.482
2013-11-24,9.467
2013-11-25,9.452
2013-11-26,9.429
2013-11-27,9.397
2013-11-28,9.389
2013-11-29,9.38
2013-11-30,9.366
2013-12-01,9.347
2013-12-02,9.332
2013-12-03,9.334
2013-12-04,9.338
2013-12-05,9.342
2013-12-06,9.345
2013-12-07,9.348
2013-12-08,9.349
2013-12-09,9.348
2013-12-10,9.341
2013-12-11,9.336
2013-12-12,9.332
2013-12-13,9.325
2013-12-14,9.311
2013-12-15,9.301
2013-12-16,9.288
2013-12-17,9.278
2013-12-18,9.268
2013-12-19,9.261
2013-12-20,9.255
2013-12-21,9.254
2013-12-22,9.26
2013-12-23,9.256
2013-12-24,9.246
2013-12-25,9.237
2013-12-26,9.231
2013-12-27,9.227
2013-12-28,9.22
2013-12-29,9.212
2013-12-30,9.204
2013-12-31,9.198
2014-01-01,9.197
2014-01-02,9.191
2014-01-03,9.184
2014-01-04,9.176
2014-01-05,9.172
2014-01-06,9.176
2014-01-07,9.179
2014-01-08,9.178
2014-01-09,9.171
2014-01-10,9.159
2014-01-11,9.158
2014-01-12,9.157
2014-01-13,9.149
2014-01-14,9.147
2014-01-15,9.148
2014-01-16,9.148
2014-01-17,9.149
2014-01-18,9.15
2014-01-19,9.152
2014-01-20,9.151
2014-01-21,9.149
2014-01-22,9.147
2014-01-23,9.143
2014-01-24,9.14
2014-01-25,9.143
2014-01-26,9.139
2014-01-27,9.137
2014-01-28,9.132
2014-01-29,9.126
2014-01-30,9.119
2014-01-31,9.112
2014-02-01,9.105
2014-02-02,9.103
2014-02-03,9.094
2014-02-04,9.084
2014-02-05,9.07
2014-02-06,9.057
2014-02-07,9.047
2014-02-08,9.035
2014-02-09,9.022
2014-02-10,9.009
2014-02-11,8.996
2014-02-12,8.982
2014-02-13,8.968
2014-02-14,8.953
2014-02-15,8.939
2014-02-16,8.926
2014-02-17,8.913
2014-02-18,8.902
2014-02-19,8.891
2014-02-20,8.88
2014-02-21,8.884
2014-02-22,8.88
2014-02-23,8.876
2014-02-24,8.871
2014-02-25,8.864
2014-02-26,8.858
2014-02-27,8.847
2014-02-28,8.837
2014-03-01,8.834
2014-03-02,8.829
2014-03-03,8.821
2014-03-04,8.812
2014-03-05,8.806
2014-03-06,8.797
2014-03-07,8.788
2014-03-08,8.781
2014-03-09,8.775
2014-03-10,8.772
2014-03-11,8.768
2014-03-12,8.764
2014-03-13,8.76
2014-03-14,8.755
2014-03-15,8.752
2014-03-16,8.746
2014-03-17,8.738
2014-03-18,8.727
2014-03-19,8.722
2014-03-20,8.731
2014-03-21,8.731
2014-03-22,8.733
2014-03-23,8.727
2014-03-24,8.721
2014-03-25,8.716
2014-03-26,8.714
2014-03-27,8.704
2014-03-28,8.709
2014-03-29,8.706
2014-03-30,8.699
2014-03-31,8.694
2014-04-01,8.692
2014-04-02,8.694
2014-04-03,8.693
2014-04-04,8.699
2014-04-05,8.723
2014-04-06,8.732
2014-04-07,8.746
2014-04-08,8.781
2014-04-09,8.823
2014-04-10,8.864
2014-04-11,8.922
2014-04-12,8.988
2014-04-13,9.069
2014-04-14,9.182
2014-04-15,9.308
2014-04-16,9.397
2014-04-17,9.459
2014-04-18,9.516
2014-04-19,9.574
2014-04-20,9.625
2014-04-21,9.673
2014-04-22,9.734
2014-04-23,9.791
2014-04-24,9.834
2014-04-25,9.863
2014-04-26,9.886
2014-04-27,9.891
2014-04-28,9.891
2014-04-29,9.884
2014-04-30,9.878
2014-05-01,9.868
2014-05-02,9.854
2014-05-03,9.842
2014-05-04,9.853
2014-05-05,9.853
2014-05-06,9.848
2014-05-07,9.835
2014-05-08,9.805
2014-05-09,9.77
2014-05-10,9.746
2014-05-11,9.709
2014-05-12,9.677
2014-05-13,9.684
2014-05-14,9.72
2014-05-15,9.725
2014-05-16,9.722
2014-05-17,9.715
2014-05-18,9.705
2014-05-19,9.69
2014-05-20,9.675
2014-05-21,9.649
2014-05-22,9.616
2014-05-23,9.599
2014-05-24,9.588
2014-05-25,9.57
2014-05-26,9.554
2014-05-27,9.534
2014-05-28,9.512
2014-05-29,9.49
2014-05-30,9.479
2014-05-31,9.465
2014-06-01,9.44
2014-06-02,9.424
2014-06-03,9.435
2014-06-04,9.435
2014-06-05,9.434
2014-06-06,9.444
2014-06-07,9.449
2014-06-08,9.45
2014-06-09,9.451
2014-06-10,9.454
2014-06-11,9.467
2014-06-12,9.492
2014-06-13,9.527
2014-06-14,9.547
2014-06-15,9.576
2014-06-16,9.602
2014-06-17,9.632
2014-06-18,9.644
2014-06-19,9.634
2014-06-20,9.633
2014-06-21,9.631
2014-06-22,9.62
2014-06-23,9.613
2014-06-24,9.623
2014-06-25,9.62
2014-06-26,9.606
2014-06-27,9.604
2014-06-28,9.596
2014-06-29,9.591
2014-06-30,9.615
2014-07-01,9.616
2014-07-02,9.6
2014-07-03,9.584
2014-07-04,9.566
2014-07-05,9.546
2014-07-06,9.525
2014-07-07,9.509
2014-07-08,9.497
2014-07-09,9.487
2014-07-10,9.475
2014-07-11,9.463
2014-07-12,9.452
2014-07-13,9.459
2014-07-14,9.453
2014-07-15,9.441
2014-07-16,9.436
2014-07-17,9.439
2014-07-18,9.437
2014-07-19,9.437
2014-07-20,9.44
2014-07-21,9.442
2014-07-22,9.45
2014-07-23,9.447
2014-07-24,9.437
2014-07-25,9.436
2014-07-26,9.436
2014-07-27,9.445
2014-07-28,9.434
2014-07-29,9.431
2014-07-30,9.427
2014-07-31,9.431
2014-08-01,9.436
2014-08-02,9.441
2014-08-03,9.446
2014-08-04,9.451
2014-08-05,9.453
2014-08-06,9.458
2014-08-07,9.454
2014-08-08,9.45
2014-08-09,9.444
2014-08-10,9.438
2014-08-11,9.431
2014-08-12,9.438
2014-08-13,9.448
2014-08-14,9.446
2014-08-15,9.451
2014-08-16,9.46
2014-08-17,9.473
2014-08-18,9.47
2014-08-19,9.459
2014-08-20,9.459
2014-08-21,9.482
2014-08-22,9.486
2014-08-23,9.495
2014-08-24,9.504
2014-08-25,9.513
2014-08-26,9.514
2014-08-27,9.509
2014-08-28,9.507
2014-08-29,9.506
2014-08-30,9.501
2014-08-31,9.501
2014-09-01,9.495
2014-09-02,9.492
2014-09-03,9.488
2014-09-04,9.488
2014-09-05,9.504
2014-09-06,9.532
2014-09-07,9.53
2014-09-08,9.523
2014-09-09,9.509
2014-09-10,9.484
2014-09-11,9.486
2014-09-12,9.463
2014-09-13,9.449
2014-09-14,9.443
2014-09-15,9.436
2014-09-16,9.431
2014-09-17,9.421
2014-09-18,9.407
2014-09-19,9.404
2014-09-20,9.407
2014-09-21,9.44
2014-09-22,9.463
2014-09-23,9.496
2014-09-24,9.523
2014-09-25,9.546
2014-09-26,9.546
2014-09-27,9.542
2014-09-28,9.537
2014-09-29,9.531
2014-09-30,9.52
2014-10-01,9.497
2014-10-02,9.474
2014-10-03,9.446
2014-10-04,9.428
2014-10-05,9.406
2014-10-06,9.385
2014-10-07,9.372
2014-10-08,9.371
2014-10-09,9.378
2014-10-10,9.383
2014-10-11,9.386
2014-10-12,9.386
2014-10-13,9.381
2014-10-14,9.369
2014-10-15,9.387
2014-10-16,9.412
2014-10-17,9.456
2014-10-18,9.489
2014-10-19,9.513
2014-10-20,9.534
2014-10-21,9.552
2014-10-22,9.559
2014-10-23,9.561
2014-10-24,9.553
2014-10-25,9.539
2014-10-26,9.52
2014-10-27,9.503
2014-10-28,9.494
2014-10-29,9.506
2014-10-30,9.521
2014-10-31,9.532
2014-11-01,9.537
2014-11-02,9.536
2014-11-03,9.53
2014-11-04,9.528
2014-11-05,9.536
2014-11-06,9.533
2014-11-07,9.543
2014-11-08,9.554
2014-11-09,9.567
2014-11-10,9.575
2014-11-11,9.578
2014-11-12,9.583
2014-11-13,9.601
2014-11-14,9.639
2014-11-15,9.628
2014-11-16,9.61
2014-11-17,9.59
2014-11-18,9.583
2014-11-19,9.574
2014-11-20,9.565
2014-11-21,9.55
2014-11-22,9.53
2014-11-23,9.513
2014-11-24,9.525
2014-11-25,9.571
2014-11-26,9.608
2014-11-27,9.636
2014-11-28,9.658
2014-11-29,9.672
2014-11-30,9.677
2014-12-01,9.678
2014-12-02,9.674
2014-12-03,9.666
2014-12-04,9.651
2014-12-05,9.619
2014-12-06,9.583
2014-12-07,9.55
2014-12-08,9.518
2014-12-09,9.508
2014-12-10,9.519
2014-12-11,9.533
2014-12-12,9.541
2014-12-13,9.544
2014-12-14,9.544
2014-12-15,9.543
2014-12-16,9.539
2014-12-17,9.539
2014-12-18,9.531
2014-12-19,9.522
2014-12-20,9.51
2014-12-21,9.496
2014-12-22,9.477
2014-12-23,9.451
2014-12-24,9.45
2014-12-25,9.484
2014-12-26,9.509
2014-12-27,9.526
2014-12-28,9.538
2014-12-29,9.545
2014-12-30,9.548
2014-12-31,9.552
2015-01-01,9.557
2015-01-02,9.552
2015-01-03,9.544
2015-01-04,9.54
2015-01-05,9.53
2015-01-06,9.522
2015-01-07,9.511
2015-01-08,9.503
2015-01-09,9.496
2015-01-10,9.492
2015-01-11,9.475
2015-01-12,9.45
2015-01-13,9.431
2015-01-14,9.412
2015-01-15,9.401
2015-01-16,9.39
2015-01-17,9.38
2015-01-18,9.369
2015-01-19,9.359
2015-01-20,9.346
2015-01-21,9.332
2015-01-22,9.318
2015-01-23,9.304
2015-01-24,9.293
2015-01-25,9.279
2015-01-26,9.264
2015-01-27,9.248
2015-01-28,9.235
2015-01-29,9.231
2015-01-30,9.232
2015-01-31,9.232
2015-02-01,9.23
2015-02-02,9.227
2015-02-03,9.223
2015-02-04,9.219
2015-02-05,9.217
2015-02-06,9.215
2015-02-07,9.209
2015-02-08,9.207
2015-02-09,9.201
2015-02-10,9.196
2015-02-11,9.19
2015-02-12,9.183
2015-02-13,9.176
2015-02-14,9.172
2015-02-15,9.164
2015-02-16,9.156
2015-02-17,9.149
2015-02-18,9.143
2015-02-19,9.137
2015-02-20,9.131
2015-02-21,9.126
2015-02-22,9.118
2015-02-23,9.11
2015-02-24,9.096
2015-02-25,9.083
2015-02-26,9.066
2015-02-27,9.052
2015-02-28,9.038
2015-03-01,9.028
2015-03-02,9.019
2015-03-03,9.005
2015-03-04,8.993
2015-03-05,8.975
2015-03-06,8.959
2015-03-07,8.943
2015-03-08,8.931
2015-03-09,8.918
2015-03-10,8.898
2015-03-11,8.878
2015-03-12,8.861
2015-03-13,8.846
2015-03-14,8.831
2015-03-15,8.817
2015-03-16,8.804
2015-03-17,8.795
2015-03-18,8.776
2015-03-19,8.758
2015-03-20,8.74
2015-03-21,8.731
2015-03-22,8.721
2015-03-23,8.704
2015-03-24,8.69
2015-03-25,8.681
2015-03-26,8.672
2015-03-27,8.658
2015-03-28,8.647
2015-03-29,8.634
2015-03-30,8.629
2015-03-31,8.623
2015-04-01,8.62
2015-04-02,8.62
2015-04-03,8.639
2015-04-04,8.658
2015-04-05,8.673
2015-04-06,8.688
2015-04-07,8.699
2015-04-08,8.7
2015-04-09,8.711
2015-04-10,8.757
2015-04-11,8.806
2015-04-12,8.852
2015-04-13,8.911
2015-04-14,9.003
2015-04-15,9.08
2015-04-16,9.147
2015-04-17,9.205
2015-04-18,9.267
2015-04-19,9.323
2015-04-20,9.41
2015-04-21,9.509
2015-04-22,9.598
2015-04-23,9.665
2015-04-24,9.713
2015-04-25,9.748
2015-04-26,9.768
2015-04-27,9.776
2015-04-28,9.768
2015-04-29,9.75
2015-04-30,9.721
2015-05-01,9.706
2015-05-02,9.686
2015-05-03,9.66
2015-05-04,9.639
2015-05-05,9.616
2015-05-06,9.604
2015-05-07,9.612
2015-05-08,9.62
2015-05-09,9.614
2015-05-10,9.609
2015-05-11,9.616
2015-05-12,9.634
2015-05-13,9.636
2015-05-14,9.632
2015-05-15,9.634
2015-05-16,9.636
2015-05-17,9.631
2015-05-18,9.626
2015-05-19,9.621
2015-05-20,9.612
2015-05-21,9.601
2015-05-22,9.583
2015-05-23,9.568
2015-05-24,9.552
2015-05-25,9.545
2015-05-26,9.541
2015-05-27,9.538
2015-05-28,9.533
2015-05-29,9.529
2015-05-30,9.528
2015-05-31,9.523
2015-06-01,9.515
2015-06-02,9.514
2015-06-03,9.516
2015-06-04,9.516
2015-06-05,9.514
2015-06-06,9.509
2015-06-07,9.509
2015-06-08,9.509
2015-06-09,9.506
2015-06-10,9.517
2015-06-11,9.524
2015-06-12,9.539
2015-06-13,9.563
2015-06-14,9.576
2015-06-15,9.597
2015-06-16,9.601
2015-06-17,9.599
2015-06-18,9.595
2015-06-19,9.589
2015-06-20,9.582
2015-06-21,9.586
2015-06-22,9.585
2015-06-23,9.578
2015-06-24,9.559
2015-06-25,9.541
2015-06-26,9.524
2015-06-27,9.509
2015-06-28,9.504
2015-06-29,9.509
2015-06-30,9.5
2015-07-01,9.491
2015-07-02,9.484
2015-07-03,9.489
2015-07-04,9.495
2015-07-05,9.492
2015-07-06,9.494
2015-07-07,9.496
2015-07-08,9.501
2015-07-09,9.496
2015-07-10,9.492
2015-07-11,9.489
2015-07-12,9.486
2015-07-13,9.481
2015-07-14,9.472
2015-07-15,9.461
2015-07-16,9.458
2015-07-17,9.463
2015-07-18,9.47
2015-07-19,9.468
2015-07-20,9.468
2015-07-21,9.469
2015-07-22,9.463
2015-07-23,9.459
2015-07-24,9.457
2015-07-25,9.457
2015-07-26,9.452
2015-07-27,9.449
2015-07-28,9.451
2015-07-29,9.454
2015-07-30,9.45
2015-07-31,9.443
2015-08-01,9.435
2015-08-02,9.433
2015-08-03,9.448
2015-08-04,9.445
2015-08-05,9.441
2015-08-06,9.437
2015-08-07,9.434
2015-08-08,9.434
2015-08-09,9.433
2015-08-10,9.43
2015-08-11,9.43
2015-08-12,9.434
2015-08-13,9.433
2015-08-14,9.443
2015-08-15,9.468
2015-08-16,9.471
2015-08-17,9.473
2015-08-18,9.477
2015-08-19,9.481
2015-08-20,9.492
2015-08-21,9.5
2015-08-22,9.5
2015-08-23,9.499
2015-08-24,9.499
2015-08-25,9.501
2015-08-26,9.502
2015-08-27,9.496
2015-08-28,9.496
2015-08-29,9.492
2015-08-30,9.491
2015-08-31,9.491
2015-09-01,9.491
2015-09-02,9.487
2015-09-03,9.482
2015-09-04,9.474
2015-09-05,9.469
2015-09-06,9.466
2015-09-07,9.46
2015-09-08,9.458
2015-09-09,9.486
2015-09-10,9.477
2015-09-11,9.466
2015-09-12,9.454
2015-09-13,9.447
2015-09-14,9.444
2015-09-15,9.439
2015-09-16,9.435
2015-09-17,9.425
2015-09-18,9.411
2015-09-19,9.404
2015-09-20,9.393
2015-09-21,9.379
2015-09-22,9.367
2015-09-23,9.355
2015-09-24,9.343
2015-09-25,9.33
2015-09-26,9.316
2015-09-27,9.306
2015-09-28,9.297
2015-09-29,9.301
2015-09-30,9.297
2015-10-01,9.292
2015-10-02,9.288
2015-10-03,9.284
2015-10-04,9.282
2015-10-05,9.283
2015-10-06,9.288
2015-10-07,9.295
2015-10-08,9.299
2015-10-09,9.308
2015-10-10,9.311
2015-10-11,9.319
2015-10-12,9.321
2015-10-13,9.329
2015-10-14,9.346
2015-10-15,9.358
2015-10-16,9.365
2015-10-17,9.368
2015-10-18,9.373
2015-10-19,9.385
2015-10-20,9.391
2015-10-21,9.398
2015-10-22,9.4
2015-10-23,9.402
2015-10-24,9.406
2015-10-25,9.41
2015-10-26,9.41
2015-10-27,9.409
2015-10-28,9.41
2015-10-29,9.417
2015-10-30,9.416
2015-10-31,9.412
2015-11-01,9.427
2015-11-02,9.433
2015-11-03,9.434
2015-11-04,9.435
2015-11-05,9.435
2015-11-06,9.442
2015-11-07,9.453
2015-11-08,9.457
2015-11-09,9.458
2015-11-10,9.461
2015-11-11,9.468
2015-11-12,9.476
2015-11-13,9.5
2015-11-14,9.519
2015-11-15,9.53
2015-11-16,9.537
2015-11-17,9.54
2015-11-18,9.538
2015-11-19,9.546
2015-11-20,9.541
2015-11-21,9.538
2015-11-22,9.54
2015-11-23,9.541
2015-11-24,9.548
2015-11-25,9.55
2015-11-26,9.554
2015-11-27,9.577
2015-11-28,9.606
2015-11-29,9.627
2015-11-30,9.641
2015-12-01,9.652
2015-12-02,9.664
2015-12-03,9.671
2015-12-04,9.672
2015-12-05,9.667
2015-12-06,9.658
2015-12-07,9.646
2015-12-08,9.626
2015-12-09,9.6
2015-12-10,9.576
2015-12-11,9.553
2015-12-12,9.533
2015-12-13,9.524
2015-12-14,9.524
2015-12-15,9.533
2015-12-16,9.534
2015-12-17,9.53
2015-12-18,9.525
2015-12-19,9.532
2015-12-20,9.529
2015-12-21,9.52
2015-12-22,9.517
2015-12-23,9.522
2015-12-24,9.524
2015-12-25,9.513
2015-12-26,9.497
2015-12-27,9.496
2015-12-28,9.481
2015-12-29,9.483
2015-12-30,9.472
2015-12-31,9.46
2016-01-01,9.453
2016-01-02,9.437
2016-01-03,9.413
2016-01-04,9.391
2016-01-05,9.382
2016-01-06,9.367
2016-01-07,9.364
2016-01-08,9.365
2016-01-09,9.369
2016-01-10,9.389
2016-01-11,9.432
2016-01-12,9.458
2016-01-13,9.476
2016-01-14,9.49
2016-01-15,9.49
2016-01-16,9.503
2016-01-17,9.499
2016-01-18,9.492
2016-01-19,9.483
2016-01-20,9.472
2016-01-21,9.464
2016-01-22,9.458
2016-01-23,9.448
2016-01-24,9.436
2016-01-25,9.424
2016-01-26,9.416
2016-01-27,9.408
2016-01-28,9.399
2016-01-29,9.394
2016-01-30,9.385
2016-01-31,9.377
2016-02-01,9.383
2016-02-02,9.38
2016-02-03,9.404
2016-02-04,9.43
2016-02-05,9.434
2016-02-06,9.434
2016-02-07,9.426
2016-02-08,9.415
2016-02-09,9.404
2016-02-10,9.396
2016-02-11,9.391
2016-02-12,9.393
2016-02-13,9.387
2016-02-14,9.37
2016-02-15,9.361
2016-02-16,9.35
2016-02-17,9.338
2016-02-18,9.324
2016-02-19,9.306
2016-02-20,9.308
2016-02-21,9.311
2016-02-22,9.308
2016-02-23,9.298
2016-02-24,9.29
2016-02-25,9.3
2016-02-26,9.285
2016-02-27,9.261
2016-02-28,9.238
2016-02-29,9.228
2016-03-01,9.21
2016-03-02,9.209
2016-03-03,9.186
2016-03-04,9.163
2016-03-05,9.141
2016-03-06,9.119
2016-03-07,9.099
2016-03-08,9.077
2016-03-09,9.066
2016-03-10,9.069
2016-03-11,9.081
2016-03-12,9.094
2016-03-13,9.108
2016-03-14,9.133
2016-03-15,9.172
2016-03-16,9.218
2016-03-17,9.285
2016-03-18,9.337
2016-03-19,9.373
2016-03-20,9.399
2016-03-21,9.415
2016-03-22,9.425
2016-03-23,9.43
2016-03-24,9.433
2016-03-25,9.443
2016-03-26,9.434
2016-03-27,9.424
2016-03-28,9.467
2016-03-29,9.523
2016-03-30,9.546
2016-03-31,9.613
2016-04-01,9.77
2016-04-02,9.873
2016-04-03,9.94
2016-04-04,9.984
2016-04-05,10.013
2016-04-06,10.037
2016-04-07,10.072
2016-04-08,10.084
2016-04-09,10.079
2016-04-10,10.066
2016-04-11,10.05
2016-04-12,10.02
2016-04-13,9.988
2016-04-14,9.947
2016-04-15,9.904
2016-04-16,9.865
2016-04-17,9.832
2016-04-18,9.799
2016-04-19,9.767
2016-04-20,9.742
2016-04-21,9.718
2016-04-22,9.702
2016-04-23,9.692
2016-04-24,9.687
2016-04-25,9.686
2016-04-26,9.693
2016-04-27,9.691
2016-04-28,9.686
2016-04-29,9.681
2016-04-30,9.664
2016-05-01,9.642
2016-05-02,9.619
2016-05-03,9.587
2016-05-04,9.569
2016-05-05,9.552
2016-05-06,9.551
2016-05-07,9.539
2016-05-08,9.523
2016-05-09,9.508
2016-05-10,9.507
2016-05-11,9.505
2016-05-12,9.503
2016-05-13,9.515
2016-05-14,9.537
2016-05-15,9.565
2016-05-16,9.573
2016-05-17,9.584
2016-05-18,9.6
2016-05-19,9.603
2016-05-20,9.597
2016-05-21,9.586
2016-05-22,9.572
2016-05-23,9.562
2016-05-24,9.547
2016-05-25,9.527
2016-05-26,9.515
2016-05-27,9.513
2016-05-28,9.508
2016-05-29,9.504
2016-05-30,9.498
2016-05-31,9.487
2016-06-01,9.487
2016-06-02,9.484
2016-06-03,9.478
2016-06-04,9.472
2016-06-05,9.471
2016-06-06,9.47
2016-06-07,9.463
2016-06-08,9.464
2016-06-09,9.465
2016-06-10,9.465
2016-06-11,9.475
2016-06-12,9.466
2016-06-13,9.468
2016-06-14,9.473
2016-06-15,9.479
2016-06-16,9.482
2016-06-17,9.486
2016-06-18,9.485
2016-06-19,9.482
2016-06-20,9.484
2016-06-21,9.479
2016-06-22,9.474
2016-06-23,9.467
2016-06-24,9.46
2016-06-25,9.452
2016-06-26,9.453
2016-06-27,9.462
2016-06-28,9.456
2016-06-29,9.451
2016-06-30,9.446
2016-07-01,9.446
2016-07-02,9.445
2016-07-03,9.438
2016-07-04,9.434
2016-07-05,9.432
2016-07-06,9.432
2016-07-07,9.441
2016-07-08,9.444
2016-07-09,9.472
2016-07-10,9.482
2016-07-11,9.484
2016-07-12,9.487
2016-07-13,9.489
2016-07-14,9.493
2016-07-15,9.492
2016-07-16,9.492
2016-07-17,9.498
2016-07-18,9.501
2016-07-19,9.501
2016-07-20,9.506
2016-07-21,9.509
2016-07-22,9.509
2016-07-23,9.507
2016-07-24,9.509
2016-07-25,9.511
2016-07-26,9.514
2016-07-27,9.515
2016-07-28,9.513
2016-07-29,9.509
2016-07-30,9.505
2016-07-31,9.499
2016-08-01,9.498
2016-08-02,9.498
2016-08-03,9.496
2016-08-04,9.492
2016-08-05,9.486
2016-08-06,9.475
2016-08-07,9.463
2016-08-08,9.455
2016-08-09,9.447
2016-08-10,9.44
2016-08-11,9.433
2016-08-12,9.428
2016-08-13,9.447
2016-08-14,9.451
2016-08-15,9.447
2016-08-16,9.48
2016-08-17,9.532
2016-08-18,9.54
2016-08-19,9.539
2016-08-20,9.538
2016-08-21,9.543
2016-08-22,9.53
2016-08-23,9.518
2016-08-24,9.505
2016-08-25,9.491
2016-08-26,9.481
2016-08-27,9.472
2016-08-28,9.464
2016-08-29,9.453
2016-08-30,9.449
2016-08-31,9.469
2016-09-01,9.483
2016-09-02,9.499
2016-09-03,9.51
2016-09-04,9.517
2016-09-05,9.513
2016-09-06,9.508
2016-09-07,9.496
2016-09-08,9.495
2016-09-09,9.484
2016-09-10,9.469
2016-09-11,9.446
2016-09-12,9.429
2016-09-13,9.42
2016-09-14,9.406
2016-09-15,9.396
2016-09-16,9.389
2016-09-17,9.401
2016-09-18,9.412
2016-09-19,9.411
2016-09-20,9.406
2016-09-21,9.4
2016-09-22,9.392
2016-09-23,9.386
2016-09-24,9.38
2016-09-25,9.372
2016-09-26,9.365
2016-09-27,9.364
2016-09-28,9.363
2016-09-29,9.359
2016-09-30,9.359
2016-10-01,9.361
2016-10-02,9.361
2016-10-03,9.363
2016-10-04,9.369
2016-10-05,9.377
2016-10-06,9.383
2016-10-07,9.388
2016-10-08,9.393
2016-10-09,9.391
2016-10-10,9.392
2016-10-11,9.395
2016-10-12,9.397
2016-10-13,9.394
2016-10-14,9.396
2016-10-15,9.39
2016-10-16,9.393
2016-10-17,9.419
2016-10-18,9.47
2016-10-19,9.487
2016-10-20,9.499
2016-10-21,9.505
2016-10-22,9.503
2016-10-23,9.5
2016-10-24,9.493
2016-10-25,9.473
2016-10-26,9.452
2016-10-27,9.432
2016-10-28,9.418
2016-10-29,9.399
2016-10-30,9.38
2016-10-31,9.361
2016-11-01,9.352
2016-11-02,9.345
2016-11-03,9.338
2016-11-04,9.332
2016-11-05,9.33
2016-11-06,9.33
2016-11-07,9.328
2016-11-08,9.327
2016-11-09,9.323
2016-11-10,9.325
2016-11-11,9.317
2016-11-12,9.314
2016-11-13,9.313
2016-11-14,9.307
2016-11-15,9.306
2016-11-16,9.303
2016-11-17,9.3
2016-11-18,9.301
2016-11-19,9.302
2016-11-20,9.302
2016-11-21,9.298
2016-11-22,9.296
2016-11-23,9.295
2016-11-24,9.299
2016-11-25,9.304
2016-11-26,9.306
2016-11-27,9.303
2016-11-28,9.302
2016-11-29,9.307
2016-11-30,9.314
2016-12-01,9.332
2016-12-02,9.353
2016-12-03,9.361
2016-12-04,9.369
2016-12-05,9.385
2016-12-06,9.384
2016-12-07,9.39
2016-12-08,9.393
2016-12-09,9.389
2016-12-10,9.389
2016-12-11,9.387
2016-12-12,9.395
2016-12-13,9.4
2016-12-14,9.406
2016-12-15,9.413
2016-12-16,9.42
2016-12-17,9.424
2016-12-18,9.423
2016-12-19,9.423
2016-12-20,9.422
2016-12-21,9.422
2016-12-22,9.418
2016-12-23,9.413
2016-12-24,9.406
2016-12-25,9.4
2016-12-26,9.402
2016-12-27,9.408
2016-12-28,9.412
2016-12-29,9.424
2016-12-30,9.431
2016-12-31,9.443
2017-01-01,9.452
2017-01-02,9.452
2017-01-03,9.464
2017-01-04,9.477
2017-01-05,9.493
2017-01-06,9.502
2017-01-07,9.485
2017-01-08,9.465
2017-01-09,9.443
2017-01-10,9.429
2017-01-11,9.432
2017-01-12,9.432
2017-01-13,9.431
2017-01-14,9.425
2017-01-15,9.413
2017-01-16,9.401
2017-01-17,9.383
2017-01-18,9.369
2017-01-19,9.36
2017-01-20,9.348
2017-01-21,9.335
2017-01-22,9.325
2017-01-23,9.317
2017-01-24,9.314
2017-01-25,9.314
2017-01-26,9.314
2017-01-27,9.308
2017-01-28,9.307
2017-01-29,9.309
2017-01-30,9.303
2017-01-31,9.291
2017-02-01,9.281
2017-02-02,9.272
2017-02-03,9.264
2017-02-04,9.253
2017-02-05,9.241
2017-02-06,9.228
2017-02-07,9.217
2017-02-08,9.214
2017-02-09,9.201
2017-02-10,9.189
2017-02-11,9.179
2017-02-12,9.168
2017-02-13,9.161
2017-02-14,9.148
2017-02-15,9.132
2017-02-16,9.117
2017-02-17,9.103
2017-02-18,9.089
2017-02-19,9.077
2017-02-20,9.065
2017-02-21,9.055
2017-02-22,9.048
2017-02-23,9.049
2017-02-24,9.07
2017-02-25,9.116
2017-02-26,9.152
2017-02-27,9.179
2017-02-28,9.195
2017-03-01,9.236
2017-03-02,9.286
2017-03-03,9.305
2017-03-04,9.311
2017-03-05,9.306
2017-03-06,9.297
2017-03-07,9.296
2017-03-08,9.311
2017-03-09,9.322
2017-03-10,9.324
2017-03-11,9.321
2017-03-12,9.316
2017-03-13,9.299
2017-03-14,9.278
2017-03-15,9.255
2017-03-16,9.234
2017-03-17,9.212
2017-03-18,9.187
2017-03-19,9.163
2017-03-20,9.138
2017-03-21,9.116
2017-03-22,9.093
2017-03-23,9.069
2017-03-24,9.058
2017-03-25,9.06
2017-03-26,9.054
2017-03-27,9.068
2017-03-28,9.085
2017-03-29,9.1
2017-03-30,9.112
2017-03-31,9.124
2017-04-01,9.134
2017-04-02,9.142
2017-04-03,9.155
2017-04-04,9.195
2017-04-05,9.256
2017-04-06,9.324
2017-04-07,9.411
2017-04-08,9.469
2017-04-09,9.509
2017-04-10,9.542
2017-04-11,9.612
2017-04-12,9.68
2017-04-13,9.733
2017-04-14,9.771
2017-04-15,9.804
2017-04-16,9.845
2017-04-17,9.88
2017-04-18,9.905
2017-04-19,9.924
2017-04-20,9.938
2017-04-21,9.954
2017-04-22,9.957
2017-04-23,9.941
2017-04-24,9.919
2017-04-25,9.893
2017-04-26,9.853
2017-04-27,9.807
2017-04-28,9.771
2017-04-29,9.724
2017-04-30,9.694
2017-05-01,9.714
2017-05-02,9.755
2017-05-03,9.773
2017-05-04,9.776
2017-05-05,9.795
2017-05-06,9.845
2017-05-07,9.888
2017-05-08,9.907
2017-05-09,9.912
2017-05-10,9.905
2017-05-11,9.88
2017-05-12,9.852
2017-05-13,9.816
2017-05-14,9.774
2017-05-15,9.732
2017-05-16,9.692
2017-05-17,9.658
2017-05-18,9.622
2017-05-19,9.601
2017-05-20,9.596
2017-05-21,9.597
2017-05-22,9.601
2017-05-23,9.594
2017-05-24,9.581
2017-05-25,9.565
2017-05-26,9.563
2017-05-27,9.559
2017-05-28,9.55
2017-05-29,9.557
2017-05-30,9.565
2017-05-31,9.554
2017-06-01,9.54
2017-06-02,9.526
2017-06-03,9.511
2017-06-04,9.504
2017-06-05,9.498
2017-06-06,9.5
2017-06-07,9.5
2017-06-08,9.493
2017-06-09,9.492
2017-06-10,9.491
2017-06-11,9.49
2017-06-12,9.487
2017-06-13,9.483
2017-06-14,9.48
2017-06-15,9.478
2017-06-16,9.473
2017-06-17,9.466
2017-06-18,9.497
2017-06-19,9.515
2017-06-20,9.513
2017-06-21,9.511
2017-06-22,9.508
2017-06-23,9.517
2017-06-24,9.532
2017-06-25,9.545
2017-06-26,9.556
2017-06-27,9.566
2017-06-28,9.57
2017-06-29,9.578
2017-06-30,9.593
2017-07-01,9.6
2017-07-02,9.597
2017-07-03,9.6
2017-07-04,9.6
2017-07-05,9.602
2017-07-06,9.604
2017-07-07,9.6
2017-07-08,9.588
2017-07-09,9.576
2017-07-10,9.564
2017-07-11,9.548
2017-07-12,9.531
2017-07-13,9.517
2017-07-14,9.507
2017-07-15,9.477
2017-07-16,9.443
2017-07-17,9.42
2017-07-18,9.42
2017-07-19,9.427
2017-07-20,9.425
2017-07-21,9.421
2017-07-22,9.413
2017-07-23,9.403
2017-07-24,9.398
2017-07-25,9.394
2017-07-26,9.406
2017-07-27,9.419
2017-07-28,9.424
2017-07-29,9.423
2017-07-30,9.422
2017-07-31,9.425
2017-08-01,9.426
2017-08-02,9.429
2017-08-03,9.426
2017-08-04,9.447
2017-08-05,9.489
2017-08-06,9.5
2017-08-07,9.506
2017-08-08,9.515
2017-08-09,9.507
2017-08-10,9.501
2017-08-11,9.488
2017-08-12,9.482
2017-08-13,9.476
2017-08-14,9.466
2017-08-15,9.454
2017-08-16,9.437
2017-08-17,9.429
2017-08-18,9.428
2017-08-19,9.411
2017-08-20,9.388
2017-08-21,9.366
2017-08-22,9.385
2017-08-23,9.418
2017-08-24,9.461
2017-08-25,9.49
2017-08-26,9.497
2017-08-27,9.5
2017-08-28,9.498
2017-08-29,9.478
2017-08-30,9.454
2017-08-31,9.434
2017-09-01,9.418
2017-09-02,9.41
2017-09-03,9.41
2017-09-04,9.411
2017-09-05,9.422
2017-09-06,9.436
2017-09-07,9.463
2017-09-08,9.475
2017-09-09,9.483
2017-09-10,9.49
2017-09-11,9.494
2017-09-12,9.483
2017-09-13,9.459
2017-09-14,9.426
2017-09-15,9.411
2017-09-16,9.4
2017-09-17,9.39
2017-09-18,9.383
2017-09-19,9.374
2017-09-20,9.361
2017-09-21,9.353
2017-09-22,9.361
2017-09-23,9.369
2017-09-24,9.375
2017-09-25,9.382
2017-09-26,9.388
2017-09-27,9.384
2017-09-28,9.376
2017-09-29,9.38
2017-09-30,9.372
2017-10-01,9.36
2017-10-02,9.347
2017-10-03,9.333
2017-10-04,9.335
2017-10-05,9.342
2017-10-06,9.35
2017-10-07,9.365
2017-10-08,9.386
2017-10-09,9.395
2017-10-10,9.402
2017-10-11,9.398
2017-10-12,9.396
2017-10-13,9.391
2017-10-14,9.385
2017-10-15,9.396
2017-10-16,9.39
2017-10-17,9.382
2017-10-18,9.376
2017-10-19,9.37
2017-10-20,9.362
2017-10-21,9.357
2017-10-22,9.357
2017-10-23,9.36
2017-10-24,9.371
2017-10-25,9.372
2017-10-26,9.365
2017-10-27,9.357
2017-10-28,9.359
2017-10-29,9.366
2017-10-30,9.367
2017-10-31,9.399
2017-11-01,9.414
2017-11-02,9.433
2017-11-03,9.461
2017-11-04,9.467
2017-11-05,9.49
2017-11-06,9.51
2017-11-07,9.52
2017-11-08,9.527
2017-11-09,9.527
2017-11-10,9.517
2017-11-11,9.507
2017-11-12,9.496
2017-11-13,9.486
2017-11-14,9.476
2017-11-15,9.459
2017-11-16,9.458
2017-11-17,9.457
2017-11-18,9.456
2017-11-19,9.468
2017-11-20,9.475
2017-11-21,9.48
2017-11-22,9.48
2017-11-23,9.475
2017-11-24,9.47
2017-11-25,9.464
2017-11-26,9.449
2017-11-27,9.434
2017-11-28,9.425
2017-11-29,9.408
2017-11-30,9.397
2017-12-01,9.388
2017-12-02,9.378
2017-12-03,9.367
2017-12-04,9.359
2017-12-05,9.359
2017-12-06,9.353
2017-12-07,9.357
2017-12-08,9.365
2017-12-09,9.374
2017-12-10,9.391
2017-12-11,9.401
2017-12-12,9.4
2017-12-13,9.386
2017-12-14,9.366
2017-12-15,9.351
2017-12-16,9.345
2017-12-17,9.336
2017-12-18,9.329
2017-12-19,9.33
2017-12-20,9.32
2017-12-21,9.311
2017-12-22,9.31
2017-12-23,9.305
2017-12-24,9.298
2017-12-25,9.302
2017-12-26,9.307
2017-12-27,9.301
2017-12-28,9.292
2017-12-29,9.285
2017-12-30,9.28
2017-12-31,9.275
2018-01-01,9.266
2018-01-02,9.258
2018-01-03,9.25
2018-01-04,9.242
2018-01-05,9.235
2018-01-06,9.225
2018-01-07,9.214
2018-01-08,9.208
2018-01-09,9.199
2018-01-10,9.188
2018-01-11,9.18
2018-01-12,9.191
2018-01-13,9.199
2018-01-14,9.202
2018-01-15,9.208
2018-01-16,9.214
2018-01-17,9.222
2018-01-18,9.238
2018-01-19,9.243
2018-01-20,9.243
2018-01-21,9.24
2018-01-22,9.242
2018-01-23,9.273
2018-01-24,9.285
2018-01-25,9.291
2018-01-26,9.296
2018-01-27,9.294
2018-01-28,9.293
2018-01-29,9.289
2018-01-30,9.28
2018-01-31,9.268
2018-02-01,9.255
2018-02-02,9.238
2018-02-03,9.226
2018-02-04,9.219
2018-02-05,9.205
2018-02-06,9.185
2018-02-07,9.164
2018-02-08,9.144
2018-02-09,9.123
2018-02-10,9.104
2018-02-11,9.086
2018-02-12,9.068
2018-02-13,9.054
2018-02-14,9.038
2018-02-15,9.024
2018-02-16,9.012
2018-02-17,9.003
2018-02-18,8.994
2018-02-19,8.983
2018-02-20,8.991
2018-02-21,9.037
2018-02-22,9.063
2018-02-23,9.086
2018-02-24,9.103
2018-02-25,9.115
2018-02-26,9.128
2018-02-27,9.138
2018-02-28,9.148
2018-03-01,9.148
2018-03-02,9.146
2018-03-03,9.141
2018-03-04,9.132
2018-03-05,9.119
2018-03-06,9.105
2018-03-07,9.089
2018-03-08,9.076
2018-03-09,9.061
2018-03-10,9.042
2018-03-11,9.022
2018-03-12,9.001
2018-03-13,8.981
2018-03-14,8.965
2018-03-15,8.947
2018-03-16,8.932
2018-03-17,8.919
2018-03-18,8.906
2018-03-19,8.894
2018-03-20,8.879
2018-03-21,8.865
2018-03-22,8.852
2018-03-23,8.841
2018-03-24,8.828
2018-03-25,8.812
2018-03-26,8.794
2018-03-27,8.783
2018-03-28,8.78
2018-03-29,8.774
2018-03-30,8.772
2018-03-31,8.77
2018-04-01,8.779
2018-04-02,8.779
2018-04-03,8.78
2018-04-04,8.794
2018-04-05,8.794
2018-04-06,8.801
2018-04-07,8.802
2018-04-08,8.793
2018-04-09,8.785
2018-04-10,8.783
2018-04-11,8.78
2018-04-12,8.779
2018-04-13,8.784
2018-04-14,8.813
2018-04-15,8.835
2018-04-16,8.855
2018-04-17,8.865
2018-04-18,8.871
2018-04-19,8.873
2018-04-20,8.87
2018-04-21,8.87
2018-04-22,8.875
2018-04-23,8.885
2018-04-24,8.907
2018-04-25,8.958
2018-04-26,9.041
2018-04-27,9.105
2018-04-28,9.163
2018-04-29,9.212
2018-04-30,9.258
2018-05-01,9.299
2018-05-02,9.333
2018-05-03,9.379
2018-05-04,9.432
2018-05-05,9.482
2018-05-06,9.53
2018-05-07,9.572
2018-05-08,9.603
2018-05-09,9.623
2018-05-10,9.64
2018-05-11,9.648
2018-05-12,9.639
2018-05-13,9.627
2018-05-14,9.612
2018-05-15,9.587
2018-05-16,9.565
2018-05-17,9.535
2018-05-18,9.519
2018-05-19,9.52
2018-05-20,9.526
2018-05-21,9.526
2018-05-22,9.53
2018-05-23,9.537
2018-05-24,9.543
2018-05-25,9.546
2018-05-26,9.55
2018-05-27,9.553
2018-05-28,9.547
2018-05-29,9.535
2018-05-30,9.514
2018-05-31,9.501
2018-06-01,9.498
2018-06-02,9.495
2018-06-03,9.493
2018-06-04,9.49
2018-06-05,9.48
2018-06-06,9.472
2018-06-07,9.471
2018-06-08,9.473
2018-06-09,9.477
2018-06-10,9.478
2018-06-11,9.473
2018-06-12,9.47
2018-06-13,9.475
2018-06-14,9.475
2018-06-15,9.481
2018-06-16,9.49
2018-06-17,9.497
2018-06-18,9.501
2018-06-19,9.502
2018-06-20,9.504
2018-06-21,9.503
2018-06-22,9.503
2018-06-23,9.499
2018-06-24,9.497
2018-06-25,9.491
2018-06-26,9.487
2018-06-27,9.486
2018-06-28,9.488
2018-06-29,9.483
2018-06-30,9.486
2018-07-01,9.482
2018-07-02,9.476
2018-07-03,9.471
2018-07-04,9.471
2018-07-05,9.469
2018-07-06,9.458
2018-07-07,9.454
2018-07-08,9.446
2018-07-09,9.437
2018-07-10,9.428
2018-07-11,9.424
2018-07-12,9.423
2018-07-13,9.422
2018-07-14,9.422
2018-07-15,9.419
2018-07-16,9.421
2018-07-17,9.419
2018-07-18,9.416
2018-07-19,9.412
2018-07-20,9.407
2018-07-21,9.402
2018-07-22,9.396
2018-07-23,9.402
2018-07-24,9.414
2018-07-25,9.435
2018-07-26,9.44
2018-07-27,9.443
2018-07-28,9.44
2018-07-29,9.437
2018-07-30,9.434
2018-07-31,9.434
2018-08-01,9.442
2018-08-02,9.445
2018-08-03,9.456
2018-08-04,9.484
2018-08-05,9.489
2018-08-06,9.492
2018-08-07,9.498
2018-08-08,9.498
2018-08-09,9.496
2018-08-10,9.493
2018-08-11,9.492
2018-08-12,9.489
2018-08-13,9.486
2018-08-14,9.483
2018-08-15,9.478
2018-08-16,9.469
2018-08-17,9.489
2018-08-18,9.478
2018-08-19,9.458
2018-08-20,9.441
2018-08-21,9.449
2018-08-22,9.491
2018-08-23,9.496
2018-08-24,9.502
2018-08-25,9.52
2018-08-26,9.524
2018-08-27,9.509
2018-08-28,9.499
2018-08-29,9.495
2018-08-30,9.477
2018-08-31,9.453
2018-09-01,9.435
2018-09-02,9.42
2018-09-03,9.4
2018-09-04,9.377
2018-09-05,9.374
2018-09-06,9.381
2018-09-07,9.39
2018-09-08,9.382
2018-09-09,9.376
2018-09-10,9.375
2018-09-11,9.385
2018-09-12,9.386
2018-09-13,9.385
2018-09-14,9.385
2018-09-15,9.388
2018-09-16,9.389
2018-09-17,9.392
2018-09-18,9.394
2018-09-19,9.397
2018-09-20,9.399
2018-09-21,9.414
2018-09-22,9.414
2018-09-23,9.42
2018-09-24,9.422
2018-09-25,9.423
2018-09-26,9.419
2018-09-27,9.414
2018-09-28,9.405
2018-09-29,9.405
2018-09-30,9.397
2018-10-01,9.39
2018-10-02,9.399
2018-10-03,9.396
2018-10-04,9.393
2018-10-05,9.381
2018-10-06,9.371
2018-10-07,9.36
2018-10-08,9.351
2018-10-09,9.343
2018-10-10,9.344
2018-10-11,9.345
2018-10-12,9.34
2018-10-13,9.338
2018-10-14,9.337
2018-10-15,9.337
2018-10-16,9.339
2018-10-17,9.325
2018-10-18,9.309
2018-10-19,9.299
2018-10-20,9.299
2018-10-21,9.289
2018-10-22,9.288
2018-10-23,9.289
2018-10-24,9.288
2018-10-25,9.29
2018-10-26,9.293
2018-10-27,9.293
2018-10-28,9.305
2018-10-29,9.313
2018-10-30,9.317
2018-10-31,9.339
2018-11-01,9.354
2018-11-02,9.374
2018-11-03,9.39
2018-11-04,9.402
2018-11-05,9.415
2018-11-06,9.424
2018-11-07,9.442
2018-11-08,9.462
2018-11-09,9.465
2018-11-10,9.47
2018-11-11,9.474
2018-11-12,9.474
2018-11-13,9.473
2018-11-14,9.471
2018-11-15,9.466
2018-11-16,9.466
2018-11-17,9.459
2018-11-18,9.449
2018-11-19,9.436
2018-11-20,9.426
2018-11-21,9.421
2018-11-22,9.413
2018-11-23,9.405
2018-11-24,9.395
2018-11-25,9.393
2018-11-26,9.396
2018-11-27,9.419
2018-11-28,9.432
2018-11-29,9.45
2018-11-30,9.47
2018-12-01,9.488
2018-12-02,9.517
2018-12-03,9.553
2018-12-04,9.585
2018-12-05,9.612
2018-12-06,9.628
2018-12-07,9.637
2018-12-08,9.627
2018-12-09,9.612
2018-12-10,9.594
2018-12-11,9.575
2018-12-12,9.553
2018-12-13,9.533
2018-12-14,9.514
2018-12-15,9.496
2018-12-16,9.477
2018-12-17,9.457
2018-12-18,9.442
2018-12-19,9.429
2018-12-20,9.413
2018-12-21,9.412
2018-12-22,9.414
2018-12-23,9.414
2018-12-28,9.395
2018-12-29,9.396
2018-12-30,9.396
2018-12-31,9.394
2019-01-01,9.396
2019-01-02,9.386
2019-01-03,9.379
2019-01-04,9.369
2019-01-05,9.354
2019-01-06,9.34
2019-01-07,9.328
2019-01-08,9.323
2019-01-09,9.312
2019-01-10,9.297
2019-01-11,9.281
2019-01-12,9.263
2019-01-13,9.243
2019-01-14,9.226
2019-01-15,9.217
2019-01-16,9.211
2019-01-17,9.203
2019-01-18,9.194
2019-01-19,9.181
2019-01-20,9.168
2019-01-21,9.158
2019-01-22,9.148
2019-01-23,9.148
2019-01-24,9.143
2019-01-25,9.134
2019-01-26,9.123
2019-01-27,9.112
2019-01-28,9.102
2019-01-29,9.096
2019-01-30,9.09
2019-01-31,9.091
2019-02-01,9.08
2019-02-02,9.07
2019-02-03,9.063
2019-02-04,9.06
2019-02-05,9.075
2019-02-06,9.082
2019-02-07,9.089
2019-02-08,9.101
2019-02-09,9.111
2019-02-10,9.117
2019-02-11,9.123
2019-02-12,9.135
2019-02-13,9.159
2019-02-14,9.162
2019-02-15,9.166
2019-02-16,9.161
2019-02-17,9.148
2019-02-18,9.137
2019-02-19,9.125
2019-02-20,9.11
2019-02-21,9.104
2019-02-22,9.091
2019-02-23,9.078
2019-02-24,9.075
2019-02-25,9.079
2019-02-26,9.068
2019-02-27,9.058
2019-02-28,9.05
2019-03-01,9.032
2019-03-02,9.011
2019-03-03,8.994
2019-03-04,8.976
2019-03-05,8.961
2019-03-06,8.945
2019-03-07,8.93
2019-03-08,8.916
2019-03-09,8.903
2019-03-10,8.9
2019-03-11,8.899
2019-03-12,8.889
2019-03-13,8.882
2019-03-14,8.876
2019-03-15,8.878
2019-03-16,8.883
2019-03-17,8.881
2019-03-18,8.877
2019-03-19,8.874
2019-03-20,8.872
2019-03-21,8.874
2019-03-22,8.88
2019-03-23,8.887
2019-03-24,8.89
2019-03-25,8.891
2019-03-26,8.886
2019-03-27,8.877
2019-03-28,8.867
2019-03-29,8.856
2019-03-30,8.853
2019-03-31,8.854
2019-04-01,8.844
2019-04-02,8.831
2019-04-03,8.821
2019-04-04,8.814
2019-04-05,8.809
2019-04-06,8.806
2019-04-07,8.805
2019-04-08,8.822
2019-04-09,8.852
2019-04-10,8.887
2019-04-11,8.921
2019-04-12,8.953
2019-04-13,8.995
2019-04-14,9.049
2019-04-15,9.111
2019-04-16,9.159
2019-04-17,9.201
2019-04-18,9.278
2019-04-19,9.445
2019-04-20,9.601
2019-04-21,9.733
2019-04-22,9.842
2019-04-23,9.945
2019-04-24,10.047
2019-04-25,10.133
2019-04-26,10.224
2019-04-27,10.333
2019-04-28,10.407
2019-04-29,10.449
2019-04-30,10.461
2019-05-02,10.5
2019-05-03,10.498
2019-05-04,10.475
2019-05-05,10.436
2019-05-06,10.39
2019-05-07,10.337
2019-05-08,10.276
2019-05-09,10.213
2019-05-10,10.154
2019-05-11,10.093
2019-05-12,10.026
2019-05-13,9.968
2019-05-14,9.916
2019-05-15,9.862
2019-05-16,9.824
2019-05-17,9.794
2019-05-18,9.777
2019-05-19,9.767
2019-05-20,9.761
2019-05-21,9.745
2019-05-22,9.731
2019-05-23,9.724
2019-05-24,9.723
2019-05-25,9.717
2019-05-26,9.71
2019-05-27,9.695
2019-05-28,9.685
2019-05-29,9.658
2019-05-30,9.628
2019-05-31,9.599
2019-06-01,9.567
2019-06-02,9.529
2019-06-03,9.487
2019-06-04,9.454
2019-06-05,9.427
2019-06-06,9.418
2019-06-07,9.422
2019-06-08,9.432
2019-06-09,9.441
2019-06-10,9.455
2019-06-11,9.466
2019-06-12,9.484
2019-06-13,9.51
2019-06-14,9.537
2019-06-15,9.562
2019-06-16,9.6
2019-06-17,9.621
2019-06-18,9.621
2019-06-19,9.61
2019-06-20,9.595
2019-06-21,9.578
2019-06-22,9.558
2019-06-23,9.535
2019-06-24,9.51
2019-06-25,9.492
2019-06-26,9.469
2019-06-27,9.462
2019-06-28,9.462
2019-06-29,9.461
2019-06-30,9.45
2019-07-01,9.442
2019-07-02,9.433
2019-07-03,9.423
2019-07-04,9.416
2019-07-05,9.417
2019-07-06,9.42
2019-07-07,9.42
2019-07-08,9.422
2019-07-09,9.425
2019-07-10,9.431
2019-07-11,9.437
2019-07-12,9.435
2019-07-13,9.439
2019-07-14,9.438
2019-07-15,9.441
2019-07-16,9.455
2019-07-17,9.458
2019-07-18,9.464
2019-07-19,9.467
2019-07-20,9.47
2019-07-21,9.468
2019-07-22,9.467
2019-07-23,9.467
2019-07-24,9.466
2019-07-25,9.465
2019-07-26,9.466
2019-07-27,9.469
2019-07-28,9.471
2019-07-29,9.474
2019-07-30,9.48
2019-07-31,9.477
2019-08-01,9.475
2019-08-02,9.473
2019-08-03,9.473
2019-08-04,9.47
2019-08-05,9.467
2019-08-06,9.479
2019-08-07,9.485
2019-08-08,9.489
2019-08-09,9.492
2019-08-10,9.489
2019-08-11,9.49
2019-08-12,9.49
2019-08-13,9.493
2019-08-14,9.49
2019-08-15,9.488
2019-08-16,9.488
2019-08-17,9.499
2019-08-18,9.508
2019-08-19,9.513
2019-08-20,9.514
2019-08-21,9.516
2019-08-22,9.506
2019-08-23,9.495
2019-08-24,9.483
2019-08-25,9.472
2019-08-26,9.461
2019-08-27,9.452
2019-08-28,9.444
2019-08-29,9.437
2019-08-30,9.434
2019-08-31,9.42
2019-09-01,9.413
2019-09-02,9.404
2019-09-03,9.4
2019-09-04,9.39
2019-09-05,9.384
2019-09-06,9.383
2019-09-07,9.382
2019-09-08,9.38
2019-09-09,9.377
2019-09-10,9.382
2019-09-11,9.385
2019-09-12,9.384
2019-09-13,9.39
2019-09-14,9.396
2019-09-15,9.397
2019-09-16,9.402
2019-09-17,9.403
2019-09-18,9.405
2019-09-19,9.408
2019-09-20,9.41
2019-09-21,9.412
2019-09-22,9.422
2019-09-23,9.435
2019-09-24,9.442
2019-09-25,9.449
2019-09-26,9.446
2019-09-27,9.429
2019-09-28,9.417
2019-09-29,9.402
2019-09-30,9.387
2019-10-01,9.381
2019-10-02,9.378
2019-10-03,9.358
2019-10-04,9.331
2019-10-05,9.317
2019-10-06,9.304
2019-10-07,9.293
2019-10-08,9.289
2019-10-09,9.29
2019-10-10,9.295
2019-10-11,9.301
2019-10-12,9.31
2019-10-13,9.318
2019-10-14,9.321
2019-10-15,9.328
2019-10-16,9.351
2019-10-17,9.362
2019-10-18,9.369
2019-10-19,9.377
2019-10-20,9.387
2019-10-21,9.398
2019-10-22,9.413
2019-10-23,9.417
2019-10-24,9.419
2019-10-25,9.423
2019-10-26,9.428
2019-10-27,9.459
2019-10-28,9.479
2019-10-29,9.48
2019-10-30,9.479
2019-10-31,9.489
2019-11-01,9.514
2019-11-02,9.535
2019-11-03,9.551
2019-11-04,9.577
2019-11-05,9.596
2019-11-06,9.601
2019-11-07,9.6
2019-11-08,9.591
2019-11-09,9.583
2019-11-10,9.571
2019-11-11,9.556
2019-11-12,9.542
2019-11-13,9.525
2019-11-14,9.513
2019-11-15,9.491
2019-11-16,9.478
2019-11-17,9.468
2019-11-18,9.458
2019-11-19,9.449
2019-11-20,9.442
2019-11-21,9.441
2019-11-22,9.451
2019-11-23,9.454
2019-11-24,9.455
2019-11-25,9.452
2019-11-26,9.453
2019-11-27,9.465
2019-11-28,9.498
2019-11-29,9.517
2019-11-30,9.518
2019-12-01,9.516
2019-12-02,9.515
2019-12-03,9.504
2019-12-04,9.496
2019-12-05,9.485
2019-12-06,9.471
2019-12-07,9.459
2019-12-08,9.448
2019-12-09,9.442
2019-12-10,9.457
2019-12-11,9.467
2019-12-12,9.479
2019-12-13,9.478
2019-12-14,9.477
2019-12-15,9.48
2019-12-16,9.477
2019-12-17,9.47
2019-12-18,9.464
2019-12-19,9.457
2019-12-20,9.448
2019-12-21,9.437
2019-12-22,9.425
2019-12-23,9.413
2019-12-24,9.394
2019-12-25,9.376
2019-12-26,9.359
2019-12-27,9.342
2019-12-28,9.332
2019-12-29,9.326
2019-12-30,9.318
2019-12-31,9.312
2020-01-01,9.316
2020-01-02,9.309
2020-01-03,9.299
2020-01-04,9.293
2020-01-05,9.287
2020-01-06,9.285
2020-01-07,9.275
2020-01-08,9.259
2020-01-09,9.243
2020-01-10,9.227
2020-01-11,9.245
2020-01-12,9.305
2020-01-13,9.326
2020-01-14,9.331
2020-01-15,9.333
2020-01-16,9.33
2020-01-17,9.324
2020-01-18,9.319
2020-01-19,9.321
2020-01-20,9.311
2020-01-21,9.3
2020-01-22,9.289
2020-01-23,9.279
2020-01-24,9.269
2020-01-25,9.266
2020-01-26,9.264
2020-01-27,9.259
2020-01-28,9.253
2020-01-29,9.242
2020-01-30,9.231
2020-01-31,9.222
2020-02-01,9.214
2020-02-02,9.205
2020-02-03,9.194
2020-02-04,9.185
2020-02-05,9.178
2020-02-06,9.173
2020-02-07,9.172
2020-02-08,9.165
2020-02-09,9.161
2020-02-10,9.16
2020-02-11,9.153
2020-02-12,9.147
2020-02-13,9.14
2020-02-14,9.136
2020-02-15,9.128
2020-02-16,9.119
2020-02-17,9.107
2020-02-18,9.098
2020-02-19,9.09
2020-02-20,9.08
2020-02-21,9.068
2020-02-22,9.053
2020-02-23,9.04
2020-02-24,9.025
2020-02-25,9.01
2020-02-26,8.997
2020-02-27,8.999
2020-02-28,8.991
2020-02-29,8.981
2020-03-01,8.968
2020-03-02,8.954
2020-03-03,8.945
2020-03-04,8.934
2020-03-05,8.922
2020-03-06,8.914
2020-03-07,8.899
2020-03-08,8.878
2020-03-09,8.858
2020-03-10,8.864
2020-03-11,8.878
2020-03-12,8.89
2020-03-13,8.905
2020-03-14,8.919
2020-03-15,8.932
2020-03-16,8.944
2020-03-17,8.957
2020-03-18,8.959
2020-03-19,8.958
2020-03-20,8.978
2020-03-21,8.995
2020-03-22,9.003
2020-03-23,9.005
2020-03-24,9.002
2020-03-25,8.998
2020-03-26,8.996
2020-03-27,8.997
2020-03-28,9
2020-03-29,9.032
2020-03-30,9.114
2020-03-31,9.19
2020-04-01,9.251
2020-04-02,9.301
2020-04-03,9.338
2020-04-04,9.379
2020-04-05,9.412
2020-04-06,9.439
2020-04-07,9.45
2020-04-08,9.459
2020-04-09,9.48
2020-04-10,9.491
2020-04-11,9.496
2020-04-12,9.497
2020-04-13,9.5
2020-04-14,9.498
2020-04-15,9.495
2020-04-16,9.483
2020-04-17,9.477
2020-04-18,9.481
2020-04-19,9.492
2020-04-20,9.502
2020-04-21,9.511
2020-04-22,9.517
2020-04-23,9.523
2020-04-24,9.535
2020-04-25,9.548
2020-04-26,9.562
2020-04-27,9.575
2020-04-28,9.587
2020-04-29,9.598
2020-04-30,9.625
2020-05-01,9.654
2020-05-02,9.677
2020-05-03,9.7
2020-05-04,9.712
2020-05-05,9.72
2020-05-06,9.721
2020-05-07,9.71
2020-05-08,9.695
2020-05-09,9.687
2020-05-10,9.675
2020-05-11,9.661
2020-05-12,9.644
2020-05-13,9.62
2020-05-14,9.598
2020-05-15,9.597
2020-05-16,9.602
2020-05-17,9.595
2020-05-18,9.585
2020-05-19,9.571
2020-05-20,9.556
2020-05-21,9.539
2020-05-22,9.519
2020-05-23,9.509
2020-05-24,9.511
2020-05-25,9.544
2020-05-26,9.549
2020-05-27,9.551
2020-05-28,9.551
2020-05-29,9.556
2020-05-30,9.571
2020-05-31,9.584
2020-06-01,9.589
2020-06-02,9.594
2020-06-03,9.59
2020-06-04,9.586
2020-06-05,9.581
2020-06-06,9.575
2020-06-07,9.564
2020-06-08,9.552
2020-06-09,9.545
2020-06-10,9.555
2020-06-11,9.581
2020-06-12,9.576
2020-06-13,9.573
2020-06-14,9.57
2020-06-15,9.562
2020-06-16,9.553
2020-06-17,9.541
2020-06-18,9.529
2020-06-19,9.513
2020-06-20,9.501
2020-06-21,9.492
2020-06-22,9.484
2020-06-23,9.499
2020-06-24,9.578
2020-06-25,9.586
2020-06-26,9.58
2020-06-27,9.572
2020-06-28,9.561
2020-06-29,9.552
2020-06-30,9.539
2020-07-01,9.524
2020-07-02,9.507
2020-07-03,9.496
2020-07-04,9.484
2020-07-05,9.47
2020-07-06,9.457
2020-07-07,9.444
2020-07-08,9.431
2020-07-09,9.416
2020-07-10,9.411
2020-07-11,9.428
2020-07-12,9.445
2020-07-13,9.453
2020-07-14,9.461
2020-07-15,9.469
2020-07-16,9.472
2020-07-17,9.487
2020-07-18,9.496
2020-07-19,9.508
2020-07-20,9.519
2020-07-21,9.518
2020-07-22,9.523
2020-07-23,9.519
2020-07-24,9.511
2020-07-25,9.501
2020-07-26,9.488
2020-07-27,9.48
2020-07-28,9.462
2020-07-29,9.452
2020-07-30,9.444
2020-07-31,9.441
2020-08-01,9.439
2020-08-02,9.454
2020-08-03,9.472
2020-08-04,9.473
2020-08-05,9.479
2020-08-06,9.483
2020-08-07,9.482
2020-08-08,9.477
2020-08-09,9.472
2020-08-10,9.469
2020-08-11,9.469
2020-08-12,9.465
2020-08-13,9.463
2020-08-14,9.459
2020-08-15,9.452
2020-08-16,9.458
2020-08-17,9.464
2020-08-18,9.455
2020-08-19,9.449
2020-08-20,9.448
2020-08-21,9.45
2020-08-22,9.451
2020-08-23,9.453
2020-08-24,9.457
2020-08-25,9.458
2020-08-26,9.459
2020-08-27,9.47
2020-08-28,9.472
2020-08-29,9.498
2020-08-30,9.511
2020-08-31,9.518
2020-09-01,9.521
2020-09-02,9.539
2020-09-03,9.551
2020-09-04,9.553
2020-09-05,9.554
2020-09-06,9.549
2020-09-07,9.549
2020-09-08,9.541
2020-09-09,9.528
2020-09-10,9.515
2020-09-11,9.49
2020-09-12,9.462
2020-09-13,9.451
2020-09-14,9.434
2020-09-15,9.424
2020-09-16,9.416
2020-09-17,9.403
2020-09-18,9.383
2020-09-19,9.371
2020-09-20,9.358
2020-09-21,9.347
2020-09-22,9.343
2020-09-23,9.338
2020-09-24,9.336
2020-09-25,9.338
2020-09-26,9.342
2020-09-27,9.345
2020-09-28,9.344
2020-09-29,9.353
2020-09-30,9.35
2020-10-01,9.358
2020-10-02,9.362
2020-10-03,9.366
2020-10-04,9.369
2020-10-05,9.373
2020-10-06,9.379
2020-10-07,9.376
2020-10-08,9.369
2020-10-09,9.358
2020-10-10,9.341
2020-10-11,9.322
2020-10-12,9.304
2020-10-13,9.29
2020-10-14,9.29
2020-10-15,9.292
2020-10-16,9.306
2020-10-17,9.315
2020-10-18,9.331
2020-10-19,9.354
2020-10-20,9.374
2020-10-21,9.398
2020-10-22,9.407
2020-10-23,9.425
2020-10-24,9.444
2020-10-25,9.456
2020-10-26,9.464
2020-10-27,9.475
2020-10-28,9.477
2020-10-29,9.475
2020-10-30,9.471
2020-10-31,9.465
2020-11-01,9.46
2020-11-02,9.456
2020-11-03,9.454
2020-11-04,9.448
2020-11-05,9.441
2020-11-06,9.431
2020-11-07,9.419
2020-11-08,9.407
2020-11-09,9.396
2020-11-10,9.394
2020-11-11,9.389
2020-11-12,9.383
2020-11-13,9.376
2020-11-14,9.367
2020-11-15,9.368
2020-11-16,9.387
2020-11-17,9.4
2020-11-18,9.419
2020-11-19,9.436
2020-11-20,9.45
2020-11-21,9.466
2020-11-22,9.481
2020-11-23,9.495
2020-11-24,9.509
2020-11-25,9.53
2020-11-26,9.549
2020-11-27,9.555
2020-11-28,9.564
2020-11-29,9.565
2020-11-30,9.566
2020-12-01,9.581
2020-12-02,9.596
2020-12-03,9.593
2020-12-04,9.585
2020-12-05,9.575
2020-12-06,9.564
2020-12-07,9.551
2020-12-08,9.537
2020-12-09,9.529
2020-12-10,9.519
2020-12-11,9.509
2020-12-12,9.508
2020-12-13,9.53
2020-12-14,9.539
2020-12-15,9.541
2020-12-16,9.537
2020-12-17,9.526
2020-12-18,9.51
2020-12-19,9.5
2020-12-20,9.518
2020-12-21,9.508
2020-12-22,9.493
2020-12-23,9.481
2020-12-24,9.473
2020-12-25,9.48
2020-12-26,9.485
2020-12-27,9.484
2020-12-28,9.492
2020-12-29,9.49
2020-12-30,9.493
2020-12-31,9.497
2021-01-01,9.49
2021-01-02,9.48
2021-01-03,9.468
2021-01-04,9.455
2021-01-05,9.441
2021-01-06,9.425
2021-01-07,9.416
2021-01-15,9.315
2021-01-16,9.311
2021-01-17,9.305
2021-01-18,9.29
2021-01-19,9.289
2021-01-20,9.29
2021-01-21,9.289
2021-01-22,9.291
2021-01-23,9.288
2021-01-24,9.281
2021-01-25,9.273
2021-01-26,9.264
2021-01-27,9.26
2021-01-28,9.25
2021-01-29,9.238
2021-01-30,9.224
2021-01-31,9.21
2021-02-01,9.194
2021-02-02,9.179
2021-02-03,9.163
2021-02-04,9.145
2021-02-05,9.132
2021-02-06,9.121
2021-02-07,9.108
2021-02-08,9.101
2021-02-09,9.088
2021-02-10,9.072
2021-02-11,9.054
2021-02-12,9.036
2021-02-13,9.018
2021-02-14,8.998
2021-02-15,8.976
2021-02-16,8.962
2021-02-17,8.947
2021-02-18,8.93
2021-02-19,8.914
2021-02-20,8.905
2021-02-21,8.897
2021-02-22,8.892
2021-02-23,8.888
2021-02-24,8.884
2021-02-25,8.88
2021-02-26,8.867
2021-02-27,8.861
2021-02-28,8.851
2021-03-01,8.844
2021-03-02,8.838
2021-03-03,8.83
2021-03-04,8.824
2021-03-05,8.821
2021-03-06,8.815
2021-03-07,8.807
2021-03-08,8.795
2021-03-09,8.786
2021-03-10,8.779
2021-03-11,8.781
2021-03-12,8.796
2021-03-13,8.807
2021-03-14,8.811
2021-03-15,8.811
2021-03-16,8.808
2021-03-17,8.799
2021-03-18,8.79
2021-03-19,8.784
2021-03-20,8.775
2021-03-21,8.763
2021-03-22,8.755
2021-03-23,8.758
2021-03-24,8.771
2021-03-25,8.798
2021-03-26,8.857
2021-03-27,8.94
2021-03-28,9.01
2021-03-29,9.071
2021-03-30,9.117
2021-03-31,9.153
2021-04-01,9.177
2021-04-02,9.194
2021-04-03,9.207
2021-04-04,9.211
2021-04-05,9.201
2021-04-06,9.188
2021-04-07,9.17
2021-04-08,9.155
2021-04-09,9.152
2021-04-10,9.155
2021-04-11,9.165
2021-04-12,9.184
2021-04-13,9.199
2021-04-14,9.23
2021-04-15,9.259
2021-04-16,9.287
2021-04-17,9.309
2021-04-18,9.325
2021-04-19,9.345
2021-04-20,9.371
2021-04-21,9.391
2021-04-22,9.41
2021-04-23,9.426
2021-04-24,9.436
2021-04-25,9.45
2021-04-26,9.463
2021-04-27,9.477
2021-04-28,9.508
2021-04-29,9.535
2021-04-30,9.549
2021-05-01,9.55
2021-05-02,9.547
2021-05-03,9.553
2021-05-04,9.559
2021-05-05,9.563
2021-05-06,9.573
2021-05-07,9.57
2021-05-08,9.56
2021-05-09,9.552
2021-05-10,9.542
2021-05-11,9.528
2021-05-12,9.518
2021-05-13,9.511
2021-05-14,9.508
2021-05-15,9.503
2021-05-16,9.496
2021-05-17,9.489
2021-05-18,9.483
2021-05-19,9.475
2021-05-20,9.471
2021-05-21,9.473
2021-05-22,9.475
2021-05-23,9.47
2021-05-24,9.467
2021-05-25,9.465
2021-05-26,9.463
2021-05-27,9.454
2021-05-28,9.445
2021-05-29,9.436
2021-05-30,9.425
2021-05-31,9.414
2021-06-01,9.405
2021-06-02,9.396
2021-06-03,9.395
2021-06-04,9.392
2021-06-05,9.386
2021-06-06,9.379
2021-06-07,9.375
2021-06-08,9.369
2021-06-09,9.362
2021-06-10,9.351
2021-06-11,9.351
2021-06-12,9.353
2021-06-13,9.353
2021-06-14,9.353
2021-06-15,9.347
2021-06-16,9.345
2021-06-17,9.345
2021-06-18,9.35
2021-06-19,9.353
2021-06-20,9.351
2021-06-21,9.357
2021-06-22,9.353
2021-06-23,9.354
2021-06-24,9.357
2021-06-25,9.365
2021-06-26,9.415
2021-06-27,9.499
2021-06-28,9.524
2021-06-29,9.547
2021-06-30,9.561
2021-07-01,9.572
2021-07-02,9.611
2021-07-03,9.613
2021-07-04,9.613
2021-07-05,9.617
2021-07-06,9.633
2021-07-07,9.639
2021-07-08,9.658
2021-07-09,9.676
2021-07-10,9.667
2021-07-11,9.647
2021-07-12,9.618
2021-07-13,9.6
2021-07-14,9.606
2021-07-15,9.604
2021-07-16,9.613
2021-07-17,9.618
2021-07-18,9.618
2021-07-19,9.615
2021-07-20,9.613
2021-07-21,9.61
2021-07-22,9.597
2021-07-23,9.578
2021-07-24,9.554
2021-07-25,9.527
2021-07-26,9.498
2021-07-27,9.496
2021-07-28,9.497
2021-07-29,9.494
2021-07-30,9.481
2021-07-31,9.49
2021-08-01,9.51
2021-08-02,9.516
2021-08-03,9.52
2021-08-04,9.521
2021-08-05,9.512
2021-08-06,9.506
2021-08-07,9.505
2021-08-08,9.492
2021-08-09,9.481
2021-08-10,9.476
2021-08-11,9.477
2021-08-12,9.482
2021-08-13,9.479
2021-08-14,9.476
2021-08-15,9.474
2021-08-16,9.471
2021-08-17,9.463
2021-08-18,9.458
2021-08-19,9.447
2021-08-20,9.436
2021-08-21,9.43
2021-08-22,9.423
2021-08-23,9.42
2021-08-24,9.413
2021-08-25,9.412
2021-08-26,9.408
2021-08-27,9.397
2021-08-28,9.401
2021-08-29,9.422
2021-08-30,9.443
2021-08-31,9.448
2021-09-01,9.444
2021-09-02,9.437
2021-09-03,9.436
2021-09-04,9.435
2021-09-05,9.438
2021-09-06,9.441
2021-09-07,9.444
2021-09-08,9.458
2021-09-09,9.448
2021-09-10,9.434
2021-09-11,9.42
2021-09-12,9.411
2021-09-13,9.391
2021-09-14,9.382
2021-09-15,9.37
2021-09-16,9.362
2021-09-17,9.354
2021-09-18,9.35
2021-09-19,9.347
2021-09-20,9.344
2021-09-21,9.345
2021-09-22,9.375
2021-09-23,9.455
2021-09-24,9.503
2021-09-25,9.551
2021-09-26,9.598
2021-09-27,9.606
2021-09-28,9.6
2021-09-29,9.584
2021-09-30,9.563
2021-10-01,9.543
2021-10-02,9.521
2021-10-03,9.502
2021-10-04,9.477
2021-10-05,9.452
2021-10-06,9.427
2021-10-07,9.404
2021-10-08,9.388
2021-10-09,9.376
2021-10-10,9.376
2021-10-11,9.373
2021-10-12,9.364
2021-10-13,9.37
2021-10-14,9.375
2021-10-15,9.381
2021-10-16,9.395
2021-10-17,9.407
2021-10-18,9.416
2021-10-19,9.42
2021-10-20,9.423
2021-10-21,9.433
2021-10-22,9.431
2021-10-23,9.431
2021-10-24,9.427
2021-10-25,9.42
2021-10-26,9.413
2021-10-27,9.412
2021-10-28,9.431
2021-10-29,9.438
2021-10-30,9.433
2021-10-31,9.426
2021-11-01,9.423
2021-11-02,9.436
2021-11-03,9.444
2021-11-04,9.457
2021-11-05,9.468
2021-11-06,9.468
2021-11-07,9.466
2021-11-08,9.465
2021-11-09,9.459
2021-11-10,9.447
2021-11-11,9.426
2021-11-12,9.403
2021-11-13,9.384
2021-11-14,9.368
2021-11-15,9.349
2021-11-16,9.342
2021-11-17,9.34
2021-11-18,9.354
2021-11-19,9.365
2021-11-20,9.378
2021-11-21,9.391
2021-11-22,9.413
2021-11-23,9.44
2021-11-24,9.463
2021-11-25,9.475
2021-11-26,9.481
2021-11-27,9.485
2021-11-28,9.483
2021-11-29,9.481
2021-11-30,9.477
2021-12-01,9.469
2021-12-02,9.466
2021-12-03,9.463
2021-12-04,9.463
2021-12-05,9.461
2021-12-06,9.473
2021-12-07,9.476
2021-12-08,9.473
2021-12-09,9.47
2021-12-10,9.467
2021-12-11,9.49
2021-12-12,9.524
2021-12-13,9.551
2021-12-14,9.567
2021-12-15,9.589
2021-12-16,9.601
2021-12-17,9.609
2021-12-18,9.604
2021-12-19,9.596
2021-12-20,9.585
2021-12-21,9.575
2021-12-22,9.569
2021-12-23,9.561
2021-12-24,9.546
2021-12-25,9.534
2021-12-26,9.521
2021-12-27,9.505
2021-12-28,9.487
2021-12-29,9.47
2021-12-30,9.448
2021-12-31,9.433
2022-01-01,9.416
2022-01-02,9.396
2022-01-03,9.38
2022-01-04,9.362
2022-01-05,9.354
2022-01-06,9.351
2022-01-07,9.355
2022-01-08,9.34
2022-01-09,9.322
2022-01-10,9.308
2022-01-11,9.296
2022-01-12,9.283
2022-01-13,9.269
2022-01-14,9.252
2022-01-15,9.245
2022-01-16,9.243
2022-01-17,9.233
2022-01-18,9.225
2022-01-19,9.214
2022-01-20,9.2
2022-01-21,9.184
2022-01-22,9.169
2022-01-23,9.156
2022-01-24,9.14
2022-01-25,9.124
2022-01-26,9.107
2022-01-27,9.091
2022-01-28,9.071
2022-01-29,9.052
2022-01-30,9.034
2022-01-31,9.017
2022-02-01,9.004
2022-02-02,9.005
2022-02-03,9.01
2022-02-04,9.006
2022-02-05,8.996
2022-02-06,8.985
2022-02-07,8.974
2022-02-08,8.964
2022-02-09,8.952
2022-02-10,8.94
2022-02-11,8.929
2022-02-12,8.917
2022-02-13,8.903
2022-02-14,8.888
2022-02-15,8.872
2022-02-16,8.855
2022-02-17,8.851
2022-02-18,8.843
2022-02-19,8.841
2022-02-20,8.83
2022-02-21,8.815
2022-02-22,8.809
2022-02-23,8.814
2022-02-24,8.808
2022-02-25,8.81
2022-02-26,8.811
2022-02-27,8.808
2022-02-28,8.802
2022-03-01,8.798
2022-03-02,8.792
2022-03-03,8.793
2022-03-04,8.79
2022-03-05,8.786
2022-03-06,8.784
2022-03-07,8.788
2022-03-08,8.792
2022-03-09,8.795
2022-03-10,8.802
2022-03-11,8.801
2022-03-12,8.796
2022-03-13,8.787
2022-03-14,8.779
2022-03-15,8.773
2022-03-16,8.767
2022-03-17,8.758
2022-03-18,8.756
2022-03-19,8.763
2022-03-20,8.786
2022-03-21,8.812
2022-03-22,8.843
2022-03-23,8.872
2022-03-24,8.901
2022-03-25,8.928
2022-03-26,8.96
2022-03-27,8.992
2022-03-28,9.015
2022-03-29,9.029
2022-03-30,9.044
2022-03-31,9.064
2022-04-01,9.08
2022-04-02,9.086
2022-04-03,9.086
2022-04-04,9.086
2022-04-05,9.088
2022-04-06,9.088
2022-04-07,9.127
2022-04-08,9.174
2022-04-09,9.218
2022-04-10,9.259
2022-04-11,9.296
2022-04-12,9.329
2022-04-13,9.37
2022-04-14,9.42
2022-04-15,9.464
2022-04-16,9.5
2022-04-17,9.531
2022-04-18,9.561
2022-04-19,9.594
2022-04-20,9.614
2022-04-21,9.639
2022-04-22,9.652
2022-04-23,9.659
2022-04-24,9.656
2022-04-25,9.669
2022-04-26,9.69
2022-04-27,9.705
2022-04-28,9.71
2022-04-29,9.711
2022-04-30,9.708
2022-05-01,9.7
2022-05-02,9.691
2022-05-03,9.682
2022-05-04,9.664
2022-05-05,9.642
2022-05-06,9.631
2022-05-07,9.624
2022-05-08,9.618
2022-05-09,9.609
2022-05-10,9.602
2022-05-11,9.59
2022-05-12,9.57
2022-05-13,9.564
2022-05-14,9.564
2022-05-15,9.558
2022-05-16,9.553
2022-05-17,9.554
2022-05-18,9.548
2022-05-19,9.537
2022-05-20,9.53
2022-05-21,9.516
2022-05-22,9.502
2022-05-23,9.49
2022-05-24,9.477
2022-05-25,9.475
2022-05-26,9.489
2022-05-27,9.534
2022-05-28,9.553
2022-05-29,9.568
2022-05-30,9.584
2022-05-31,9.593
2022-06-01,9.611
2022-06-02,9.618
2022-06-03,9.617
2022-06-04,9.602
2022-06-05,9.588
2022-06-06,9.578
2022-06-07,9.59
2022-06-08,9.597
2022-06-09,9.609
2022-06-10,9.609
2022-06-11,9.599
2022-06-12,9.601
2022-06-13,9.592
2022-06-14,9.585
2022-06-15,9.581
2022-06-16,9.573
2022-06-17,9.558
2022-06-18,9.532
2022-06-19,9.513
2022-06-20,9.488
2022-06-21,9.476
2022-06-22,9.467
2022-06-23,9.448
2022-06-24,9.439
2022-06-25,9.431
2022-06-26,9.421
2022-06-27,9.411
2022-06-28,9.413
2022-06-29,9.422
2022-06-30,9.43
2022-07-01,9.437
2022-07-02,9.437
2022-07-03,9.437
2022-07-04,9.439
2022-07-05,9.452
2022-07-06,9.457
2022-07-07,9.463
2022-07-08,9.465
2022-07-09,9.465
2022-07-10,9.461
2022-07-11,9.46
2022-07-12,9.47
2022-07-13,9.473
2022-07-14,9.474
2022-07-15,9.471
2022-07-16,9.468
2022-07-17,9.467
2022-07-18,9.465
2022-07-19,9.461
2022-07-20,9.465
2022-07-21,9.474
2022-07-22,9.472
2022-07-23,9.469
2022-07-24,9.469
2022-07-25,9.467
2022-07-26,9.461
2022-07-27,9.458
2022-07-28,9.456
2022-07-29,9.452
2022-07-30,9.445
2022-07-31,9.44
2022-08-01,9.437
2022-08-02,9.44
2022-08-03,9.444
2022-08-04,9.45
2022-08-05,9.447
2022-08-06,9.447
2022-08-07,9.449
2022-08-08,9.462
2022-08-09,9.47
2022-08-10,9.469
2022-08-11,9.461
2022-08-12,9.456
2022-08-13,9.452
2022-08-14,9.448
2022-08-15,9.442
2022-08-16,9.438
2022-08-17,9.436
2022-08-18,9.435
2022-08-19,9.433
2022-08-20,9.429
2022-08-21,9.43
2022-08-22,9.451
2022-08-23,9.461
2022-08-24,9.464
2022-08-25,9.465
2022-08-26,9.49
2022-08-27,9.493
2022-08-28,9.496
2022-08-29,9.502
2022-08-30,9.502
2022-08-31,9.492
2022-09-01,9.477
2022-09-02,9.47
2022-09-03,9.459
2022-09-04,9.447
2022-09-05,9.441
2022-09-06,9.434
2022-09-07,9.427
2022-09-08,9.419
2022-09-09,9.411
2022-09-10,9.403
2022-09-11,9.393
2022-09-12,9.394
2022-09-13,9.405
2022-09-14,9.401
2022-09-15,9.4
2022-09-16,9.411
2022-09-17,9.419
2022-09-18,9.429
2022-09-19,9.446
2022-09-20,9.454
2022-09-21,9.465
2022-09-22,9.467
2022-09-23,9.46
2022-09-24,9.453
2022-09-25,9.454
2022-09-26,9.461
2022-09-27,9.445
2022-09-28,9.422
2022-09-29,9.399
2022-09-30,9.38
2022-10-01,9.363
2022-10-02,9.338
2022-10-03,9.313
2022-10-04,9.3
2022-10-05,9.294
2022-10-06,9.288
2022-10-07,9.283
2022-10-08,9.279
2022-10-09,9.27
2022-10-10,9.26
2022-10-11,9.253
2022-10-12,9.265
2022-10-13,9.305
2022-10-14,9.326
2022-10-15,9.351
2022-10-16,9.374
2022-10-17,9.402
2022-10-18,9.43
2022-10-19,9.444
2022-10-20,9.488
2022-10-21,9.526
2022-10-22,9.538
2022-10-23,9.538
2022-10-24,9.535
2022-10-25,9.526
2022-10-26,9.52
2022-10-27,9.511
2022-10-28,9.497
2022-10-29,9.484
2022-10-30,9.47
2022-10-31,9.455
2022-11-01,9.448
2022-11-02,9.443
2022-11-03,9.441
2022-11-04,9.439
2022-11-05,9.438
2022-11-06,9.447
2022-11-07,9.44
2022-11-08,9.44
2022-11-09,9.436
2022-11-10,9.43
2022-11-11,9.428
2022-11-12,9.43
2022-11-13,9.421
2022-11-14,9.413
2022-11-15,9.404
2022-11-16,9.394
2022-11-17,9.39
2022-11-18,9.39
2022-11-19,9.395
2022-11-20,9.398
2022-11-21,9.397
2022-11-22,9.396
2022-11-23,9.399
2022-11-24,9.397
2022-11-25,9.4
2022-11-26,9.403
2022-11-27,9.408
2022-11-28,9.425
2022-11-29,9.438
2022-11-30,9.463
2022-12-01,9.499
2022-12-02,9.533
2022-12-03,9.562
2022-12-04,9.597
2022-12-05,9.62
2022-12-06,9.619
2022-12-07,9.61
2022-12-08,9.603
2022-12-09,9.603
2022-12-10,9.601
2022-12-11,9.597
2022-12-12,9.59
2022-12-13,9.58
2022-12-14,9.571
2022-12-15,9.558
2022-12-16,9.554
2022-12-17,9.541
2022-12-18,9.53
2022-12-19,9.522
2022-12-20,9.516
2022-12-21,9.507
2022-12-22,9.504
2022-12-23,9.509
2022-12-24,9.535
2022-12-25,9.562
2022-12-26,9.566
2022-12-27,9.577
2022-12-28,9.579
2022-12-29,9.574
2022-12-30,9.562
2022-12-31,9.574
2023-01-01,9.598
2023-01-02,9.614
2023-01-03,9.612
2023-01-04,9.61
2023-01-05,9.647
2023-01-06,9.671
2023-01-07,9.683
2023-01-08,9.687
2023-01-09,9.686
2023-01-10,9.677
2023-01-11,9.663
2023-01-12,9.649
2023-01-13,9.627
2023-01-14,9.604
2023-01-15,9.578
2023-01-16,9.55
2023-01-17,9.515
2023-01-18,9.498
2023-01-19,9.469
2023-01-20,9.445
2023-01-21,9.428
2023-01-22,9.413
2023-01-23,9.399
2023-01-24,9.385
2023-01-25,9.376
2023-01-26,9.376
2023-01-27,9.363
2023-01-28,9.351
2023-01-29,9.341
2023-01-30,9.328
2023-01-31,9.312
2023-02-01,9.297
2023-02-02,9.283
2023-02-03,9.269
2023-02-04,9.25
2023-02-05,9.236
2023-02-06,9.215
2023-02-07,9.195
2023-02-08,9.174
2023-02-09,9.152
2023-02-10,9.151
2023-02-11,9.146
2023-02-12,9.141
2023-02-13,9.131
2023-02-14,9.12
2023-02-15,9.114
2023-02-16,9.107
2023-02-17,9.113
2023-02-18,9.119
2023-02-19,9.119
2023-02-20,9.117
2023-02-21,9.114
2023-02-22,9.113
2023-02-23,9.123
2023-02-24,9.123
2023-02-25,9.119
2023-02-26,9.113
2023-02-27,9.102
2023-02-28,9.087
2023-03-01,9.064
2023-03-02,9.042
2023-03-03,9.024
2023-03-04,9.014
2023-03-05,8.996
2023-03-06,8.974
2023-03-07,8.951
2023-03-08,8.931
2023-03-09,8.91
2023-03-10,8.888
2023-03-11,8.864
2023-03-12,8.842
2023-03-13,8.82
2023-03-14,8.8
2023-03-15,8.785
2023-03-16,8.773
2023-03-17,8.778
2023-03-18,8.789
2023-03-19,8.797
2023-03-20,8.797
2023-03-21,8.798
2023-03-22,8.808
2023-03-23,8.816
2023-03-24,8.826
2023-03-25,8.832
2023-03-26,8.851
2023-03-27,8.858
2023-03-28,8.86
2023-03-29,8.868
2023-03-30,8.872
2023-03-31,8.88
2023-04-01,8.898
2023-04-02,8.912
2023-04-03,8.925
2023-04-04,8.935
2023-04-05,9.006
2023-04-06,9.146
2023-04-07,9.24
2023-04-08,9.301
2023-04-09,9.349
2023-04-10,9.389
2023-04-11,9.43
2023-04-12,9.477
2023-04-13,9.533
2023-04-14,9.589
2023-04-15,9.64
2023-04-16,9.687
2023-04-17,9.756
2023-04-18,9.815
2023-04-19,9.86
2023-04-20,9.893
2023-04-21,9.918
2023-04-22,9.955
2023-04-23,9.99
2023-04-24,9.997
2023-04-25,9.989
2023-04-26,9.969
2023-04-27,9.931
2023-04-28,9.883
2023-04-29,9.849
2023-04-30,9.815
2023-05-01,9.798
2023-05-02,9.79
2023-05-03,9.797
2023-05-04,9.81
2023-05-05,9.817
2023-05-06,9.816
2023-05-07,9.81
2023-05-08,9.798
2023-05-09,9.77
2023-05-10,9.73
2023-05-11,9.69
2023-05-12,9.643
2023-05-13,9.593
2023-05-14,9.556
2023-05-15,9.521
2023-05-16,9.501
2023-05-17,9.491
2023-05-18,9.485
2023-05-19,9.489
2023-05-20,9.545
2023-05-21,9.579
2023-05-22,9.602
2023-05-23,9.622
2023-05-24,9.629
2023-05-25,9.655
2023-05-26,9.669
2023-05-27,9.662
2023-05-28,9.646
2023-05-29,9.629
2023-05-30,9.614
2023-05-31,9.598
2023-06-01,9.592
2023-06-02,9.587
2023-06-03,9.58
2023-06-04,9.575
2023-06-05,9.565
2023-06-06,9.544
2023-06-07,9.526
2023-06-08,9.519
2023-06-09,9.518
2023-06-10,9.518
2023-06-11,9.511
2023-06-12,9.539
2023-06-13,9.578
2023-06-14,9.588
2023-06-15,9.595
2023-06-16,9.597
2023-06-17,9.593
2023-06-18,9.587
2023-06-19,9.579
2023-06-20,9.564
2023-06-21,9.542
2023-06-22,9.536
2023-06-23,9.534
2023-06-24,9.534
2023-06-25,9.53
2023-06-26,9.548
2023-06-27,9.587
2023-06-28,9.605
2023-06-29,9.602
2023-06-30,9.592
2023-07-01,9.571
2023-07-02,9.544
2023-07-03,9.515
2023-07-04,9.489
2023-07-05,9.485
2023-07-06,9.5
2023-07-07,9.507
2023-07-08,9.496
2023-07-09,9.481
2023-07-10,9.467
2023-07-11,9.466
2023-07-12,9.464
2023-07-13,9.502
2023-07-14,9.532
2023-07-15,9.539
2023-07-16,9.564
2023-07-17,9.571
2023-07-18,9.555
2023-07-19,9.546
2023-07-20,9.541
2023-07-21,9.54
2023-07-22,9.534
2023-07-23,9.526
2023-07-24,9.514
2023-07-25,9.511
2023-07-26,9.509
2023-07-27,9.512
2023-07-28,9.511
2023-07-29,9.501
2023-07-30,9.491
2023-07-31,9.475
2023-08-01,9.48
2023-08-02,9.486
2023-08-03,9.486
2023-08-04,9.5
2023-08-05,9.498
2023-08-06,9.498
2023-08-07,9.513
2023-08-08,9.517
2023-08-09,9.526
2023-08-10,9.545
2023-08-11,9.558
2023-08-12,9.585
2023-08-13,9.608
2023-08-14,9.619
2023-08-15,9.617
2023-08-16,9.605
2023-08-17,9.588
2023-08-18,9.573
2023-08-19,9.538
2023-08-20,9.504
2023-08-21,9.469
2023-08-22,9.452
2023-08-23,9.444
2023-08-24,9.447
2023-08-25,9.448
2023-08-26,9.438
2023-08-27,9.421
2023-08-28,9.407
2023-08-29,9.404
2023-08-30,9.413
2023-08-31,9.418
2023-09-01,9.424
2023-09-02,9.427
2023-09-03,9.428
2023-09-04,9.429
2023-09-05,9.432
2023-09-06,9.431
2023-09-07,9.418
2023-09-08,9.391
2023-09-09,9.377
2023-09-10,9.369
2023-09-11,9.358
2023-09-12,9.372
2023-09-13,9.374
2023-09-14,9.371
2023-09-15,9.372
2023-09-16,9.368
2023-09-17,9.377
2023-09-18,9.396
2023-09-19,9.401
2023-09-20,9.401
2023-09-21,9.399
2023-09-22,9.397
2023-09-23,9.393
2023-09-24,9.385
2023-09-25,9.377
2023-09-26,9.369
2023-09-27,9.363
2023-09-28,9.356
2023-09-29,9.348
2023-09-30,9.343
2023-10-01,9.333
2023-10-02,9.33
2023-10-03,9.325
2023-10-04,9.318
2023-10-05,9.313
2023-10-06,9.325
2023-10-07,9.322
2023-10-08,9.31
2023-10-09,9.315
2023-10-10,9.348
2023-10-11,9.362
2023-10-12,9.35
2023-10-13,9.332
2023-10-14,9.305
2023-10-15,9.273
2023-10-16,9.248
2023-10-17,9.246
2023-10-18,9.256
2023-10-19,9.257
2023-10-20,9.266
2023-10-21,9.27
2023-10-22,9.267
2023-10-23,9.275
2023-10-24,9.279
2023-10-25,9.282
2023-10-26,9.29
2023-10-27,9.301
2023-10-28,9.307
2023-10-29,9.311
2023-10-30,9.324
2023-10-31,9.338
2023-11-01,9.358
2023-11-02,9.379
2023-11-03,9.399
2023-11-04,9.421
2023-11-05,9.44
2023-11-06,9.465
2023-11-07,9.492
2023-11-08,9.508
2023-11-09,9.532
2023-11-10,9.537
2023-11-11,9.539
2023-11-12,9.542
2023-11-13,9.545
2023-11-14,9.545
2023-11-15,9.545
2023-11-16,9.545
2023-11-17,9.547
2023-11-18,9.544
2023-11-19,9.541
2023-11-20,9.539
2023-11-21,9.545
2023-11-22,9.546
2023-11-23,9.543
2023-11-24,9.535
2023-11-25,9.526
2023-11-26,9.516
2023-11-27,9.524
2023-11-28,9.528
2023-11-29,9.527
2023-11-30,9.521
2023-12-01,9.509
2023-12-02,9.501
2023-12-03,9.491
2023-12-04,9.483
2023-12-05,9.471
2023-12-06,9.458
2023-12-07,9.453
2023-12-08,9.447
2023-12-09,9.44
2023-12-10,9.442
2023-12-11,9.446
2023-12-12,9.448
2023-12-13,9.448
2023-12-14,9.447
2023-12-15,9.44
2023-12-16,9.435
2023-12-17,9.435
2023-12-18,9.449
2023-12-19,9.479
2023-12-20,9.499
2023-12-21,9.514
2023-12-22,9.519
2023-12-23,9.527
2023-12-24,9.538
2023-12-25,9.544
2023-12-26,9.55
2023-12-27,9.555
2023-12-28,9.564
2023-12-29,9.57
2023-12-30,9.569
2023-12-31,9.562
2024-01-01,9.551
2024-01-02,9.538
2024-01-03,9.528
2024-01-04,9.511
2024-01-05,9.497
2024-01-06,9.482
2024-01-07,9.463
2024-01-08,9.446
2024-01-09,9.445
2024-01-10,9.456
2024-01-11,9.457
2024-01-12,9.459
2024-01-13,9.468
2024-01-14,9.475
2024-01-15,9.479
2024-01-16,9.475
2024-01-17,9.473
2024-01-18,9.478
2024-01-19,9.477
2024-01-25,9.387
2024-01-26,9.377
2024-01-27,9.364
2024-01-28,9.349
2024-01-29,9.334
2024-01-30,9.32
2024-01-31,9.308
2024-02-01,9.3
2024-02-02,9.295
2024-02-03,9.29
2024-02-04,9.28
2024-02-05,9.27
2024-02-06,9.258
2024-02-07,9.245
2024-02-08,9.232
2024-02-09,9.22
2024-02-10,9.215
2024-02-11,9.212
2024-02-12,9.206
2024-02-13,9.199
2024-02-14,9.188
2024-02-15,9.182
2024-02-16,9.187
2024-02-17,9.185
2024-02-18,9.189
2024-02-19,9.187
2024-02-20,9.182
2024-02-21,9.176
2024-02-22,9.175
2024-02-23,9.175
2024-02-24,9.164
2024-02-25,9.152
2024-02-26,9.136
2024-02-27,9.123
2024-02-28,9.131
2024-02-29,9.141
2024-03-01,9.142
2024-03-02,9.136
2024-03-03,9.131
2024-03-04,9.13
2024-03-05,9.13
2024-03-06,9.139
2024-03-07,9.148
2024-03-08,9.155
2024-03-09,9.195
2024-03-10,9.258
2024-03-11,9.295
2024-03-12,9.31
2024-03-13,9.314
2024-03-14,9.319
2024-03-15,9.331
2024-03-16,9.351
2024-03-17,9.372
2024-03-18,9.39
2024-03-19,9.42
2024-03-20,9.442
2024-03-21,9.455
2024-03-22,9.47
2024-03-23,9.483
2024-03-24,9.492
2024-03-25,9.506
2024-03-26,9.521
2024-03-27,9.548
2024-03-28,9.559
2024-03-29,9.565
2024-03-30,9.565
2024-03-31,9.57
2024-04-01,9.574
2024-04-02,9.577
2024-04-03,9.582
2024-04-04,9.608
2024-04-05,9.625
2024-04-06,9.639
2024-04-07,9.646
2024-04-08,9.644
2024-04-09,9.64
2024-04-10,9.623
2024-04-11,9.611
2024-04-12,9.649
2024-04-13,9.724
2024-04-14,9.778
2024-04-15,9.809
2024-04-16,9.826
2024-04-17,9.846
2024-04-18,9.891
2024-04-19,9.907
2024-04-20,9.909
2024-04-21,9.897
2024-04-22,9.878
2024-04-23,9.854
2024-04-24,9.815
2024-04-25,9.77
2024-04-26,9.731
2024-04-27,9.706
2024-04-28,9.688
2024-04-29,9.697
2024-04-30,9.714
2024-05-01,9.713
2024-05-02,9.697
2024-05-03,9.669
2024-05-04,9.641
2024-05-05,9.612
2024-05-06,9.584
2024-05-07,9.573
2024-05-08,9.579
2024-05-09,9.58
2024-05-10,9.581
2024-05-11,9.575
2024-05-12,9.569
2024-05-13,9.568
2024-05-14,9.565
2024-05-15,9.557
2024-05-16,9.559
2024-05-17,9.555
2024-05-18,9.541
2024-05-19,9.52
2024-05-20,9.5
2024-05-21,9.491
2024-05-22,9.499
2024-05-23,9.505
2024-05-24,9.501
2024-05-25,9.501
2024-05-26,9.498
2024-05-27,9.504
2024-05-28,9.513
2024-05-29,9.513
2024-05-30,9.515
2024-05-31,9.52
2024-06-01,9.518
2024-06-02,9.505
2024-06-03,9.499
2024-06-04,9.499
2024-06-05,9.5
2024-06-06,9.499
2024-06-07,9.501
2024-06-08,9.493
2024-06-09,9.484
2024-06-10,9.469
2024-06-11,9.473
2024-06-12,9.482
2024-06-13,9.491
2024-06-14,9.51
2024-06-15,9.528
2024-06-16,9.539
2024-06-17,9.564
2024-06-18,9.565
2024-06-19,9.558
2024-06-20,9.551
2024-06-21,9.541
2024-06-22,9.537
2024-06-23,9.589
2024-06-24,9.619
2024-06-25,9.646
2024-06-26,9.648
2024-06-27,9.643
2024-06-28,9.635
2024-06-29,9.621
2024-06-30,9.617
2024-07-01,9.596
2024-07-02,9.571
2024-07-03,9.542
2024-07-04,9.524
2024-07-05,9.521
2024-07-06,9.522
2024-07-07,9.514
2024-07-08,9.502
2024-07-09,9.491
2024-07-10,9.473
2024-07-11,9.469
2024-07-12,9.462
2024-07-13,9.458
2024-07-14,9.463
2024-07-15,9.468
2024-07-16,9.478
2024-07-17,9.491
2024-07-18,9.496
2024-07-19,9.505
2024-07-20,9.503
2024-07-21,9.493
2024-07-22,9.487
2024-07-23,9.477
2024-07-24,9.467
2024-07-25,9.455
2024-07-26,9.451
2024-07-27,9.446
2024-07-28,9.436
2024-07-29,9.432
2024-07-30,9.43
2024-07-31,9.442
2024-08-01,9.448
2024-08-02,9.452
2024-08-03,9.458
2024-08-04,9.457
2024-08-05,9.466
2024-08-06,9.468
2024-08-07,9.462
2024-08-08,9.451
2024-08-09,9.444
2024-08-10,9.438
2024-08-11,9.447
2024-08-12,9.449
2024-08-13,9.445
2024-08-14,9.438
2024-08-15,9.431
2024-08-16,9.425
2024-08-17,9.425
2024-08-18,9.43
2024-08-19,9.44
2024-08-20,9.438
2024-08-21,9.435
2024-08-22,9.436
2024-08-23,9.436
2024-08-24,9.437
2024-08-25,9.437
2024-08-26,9.438
2024-08-27,9.437
2024-08-28,9.436
2024-08-29,9.438
2024-08-30,9.442
2024-08-31,9.455
2024-09-01,9.449
2024-09-02,9.433
2024-09-03,9.424
2024-09-04,9.418
2024-09-05,9.414
2024-09-06,9.414
2024-09-07,9.415
2024-09-08,9.413
2024-09-09,9.422
2024-09-10,9.43
2024-09-11,9.433
2024-09-12,9.435
2024-09-13,9.433
2024-09-14,9.435
2024-09-15,9.436
2024-09-16,9.435
2024-09-17,9.424
2024-09-18,9.413
2024-09-19,9.403
2024-09-20,9.389
2024-09-21,9.374
2024-09-22,9.358
2024-09-23,9.344
2024-09-24,9.328
2024-09-25,9.321
2024-09-26,9.313
2024-09-27,9.305
2024-09-28,9.296
2024-09-29,9.29
2024-09-30,9.283
2024-10-01,9.279
2024-10-02,9.29
2024-10-03,9.297
2024-10-04,9.307
2024-10-05,9.321
2024-10-06,9.337
2024-10-07,9.346
2024-10-08,9.357
2024-10-09,9.36
2024-10-10,9.358
2024-10-11,9.35
2024-10-12,9.324
2024-10-13,9.3
2024-10-14,9.275
2024-10-15,9.251
2024-10-16,9.245
2024-10-17,9.24
2024-10-18,9.24
2024-10-19,9.243
2024-10-20,9.244
2024-10-21,9.245
2024-10-22,9.247
2024-10-23,9.244
2024-10-24,9.242
2024-10-25,9.239
2024-10-26,9.238
2024-10-27,9.237
2024-10-28,9.237
2024-10-29,9.233
2024-10-30,9.235
2024-10-31,9.238
2024-11-01,9.242
2024-11-02,9.24
2024-11-03,9.24
2024-11-04,9.242
2024-11-05,9.252
2024-11-06,9.263
2024-11-07,9.269
2024-11-08,9.27
2024-11-09,9.274
2024-11-10,9.277
2024-11-11,9.286
2024-11-12,9.297
2024-11-13,9.307
2024-11-14,9.318
2024-11-15,9.323
2024-11-16,9.33
2024-11-17,9.342
2024-11-18,9.351
2024-11-19,9.361
2024-11-20,9.372
2024-11-21,9.401
2024-11-22,9.413
2024-11-23,9.425
2024-11-24,9.429
2024-11-25,9.438
2024-11-26,9.457
2024-11-27,9.479
2024-11-28,9.491
2024-11-29,9.534
2024-11-30,9.597
2024-12-01,9.644
2024-12-02,9.656
2024-12-03,9.667
2024-12-04,9.674
2024-12-05,9.648
2024-12-06,9.624
2024-12-07,9.611
2024-12-08,9.598
2024-12-09,9.578
2024-12-10,9.554
2024-12-11,9.534
2024-12-12,9.544
2024-12-13,9.553
2024-12-14,9.545
2024-12-15,9.526
2024-12-16,9.508
2024-12-17,9.516
2024-12-18,9.535
2024-12-19,9.549
2024-12-20,9.55
2024-12-21,9.544
2024-12-22,9.535
2024-12-23,9.527
2024-12-24,9.515
2024-12-25,9.492
2024-12-26,9.469
2024-12-27,9.454
2024-12-28,9.443
2024-12-29,9.441
2024-12-30,9.491
2024-12-31,9.547
2026-06-07,9.5568
2026-06-08,9.577
2026-06-09,9.5758
2026-06-10,9.616
2026-06-11,9.6683
2026-06-12,9.6943
2026-06-13,9.6839
2026-06-14,9.6778
2026-06-15,9.6529
2026-06-16,9.6172
2026-06-17,9.5931
2026-06-18,9.5875
2026-06-19,9.5818
2026-06-20,9.5856
2026-06-21,9.5851
2026-06-22,9.5807
2026-06-23,9.5719
2026-06-24,9.5729
2026-06-25,9.5729
2026-06-26,9.5644
2026-06-27,9.5616
2026-06-28,9.5572
2026-06-29,9.555
2026-06-30,9.5569
2026-07-01,9.5463
2026-07-02,9.5276
2026-07-03,9.5171
2026-07-04,9.5035
2026-07-05,9.4877
2026-07-06,9.471
2026-07-07,9.4665
2026-07-08,9.4684
2026-07-09,9.4712
2026-07-10,9.4784
2026-07-11,9.4756
2026-07-12,9.4695
2026-07-13,9.464
2026-07-14,9.4596
2026-07-15,9.458
2026-07-16,9.4553
2026-07-17,9.4533
2026-07-18,9.47
2026-07-19,9.4687
2026-07-20,9.4685
2026-07-21,9.4751
2026-07-22,9.469
2026-07-23,9.4665
2026-07-24,9.463
2026-07-25,9.4585
2026-07-26,9.4495
2026-07-27,9.4453
2026-07-28,9.4635
2026-07-29,9.45
2026-07-30,9.4514
2026-07-31,9.4531
2026-08-01,9.4622
2026-08-02,9.4895
2026-08-03,9.4949
2026-08-04,9.4964
2026-08-05,9.4965
2026-08-06,9.4988
2026-08-07,9.5013
2026-08-08,9.5153
2026-08-09,9.526
2026-08-10,9.5284
2026-08-11,9.5177
2026-08-12,9.5055
2026-08-13,9.4923
2026-08-14,9.4835
2026-08-15,9.4774
2026-08-16,9.4673
2026-08-17,9.4556
2026-08-18,9.4464
2026-08-19,9.4436
2026-08-20,9.4365
2026-08-21,9.4284
2026-08-22,9.4202
2026-08-23,9.4179
2026-08-24,9.4254
2026-08-25,9.4234
2026-08-26,9.4269
2026-08-27,9.4311
2026-08-28,9.433
2026-08-29,9.4365
2026-08-30,9.438
2026-08-31,9.4439
2026-09-01,9.4529
2026-09-02,9.4585
2026-09-03,9.4537
2026-09-04,9.4461
2026-09-05,9.4372
2026-09-06,9.4269
2026-09-07,9.4134
2026-09-08,9.4064
2026-09-09,9.4093
