date,value
2002-10-23,7.54
2002-10-24,7.405
2002-10-25,7.403
2002-10-26,7.407
2002-10-27,7.405
2002-10-28,7.403
2002-10-29,7.402
2002-10-30,7.398
2002-10-31,7.393
2002-11-01,7.392
2002-11-02,7.388
2002-11-03,7.386
2002-11-04,7.385
2002-11-05,7.385
2002-11-06,7.388
2002-11-07,7.387
2002-11-08,7.362
2002-11-09,7.33
2002-11-10,7.341
2002-11-11,7.355
2002-11-12,7.36
2002-11-13,7.36
2002-11-14,7.363
2002-11-15,7.37
2002-11-16,7.37
2002-11-17,7.375
2002-11-18,7.373
2002-11-19,7.377
2002-11-20,7.377
2002-11-21,7.382
2002-11-22,7.391
2002-11-23,7.381
2002-11-24,7.38
2002-11-25,7.384
2002-11-26,7.389
2002-11-27,7.42
2002-11-28,7.445
2002-11-29,7.45
2002-11-30,7.466
2002-12-01,7.466
2002-12-02,7.471
2002-12-03,7.465
2002-12-04,7.461
2002-12-05,7.461
2002-12-06,7.462
2002-12-07,7.461
2002-12-08,7.468
2002-12-09,7.46
2002-12-10,7.459
2002-12-11,7.46
2002-12-12,7.475
2002-12-13,7.508
2002-12-14,7.508
2002-12-15,7.509
2002-12-16,7.512
2002-12-17,7.5
2002-12-18,7.495
2002-12-19,7.495
2002-12-20,7.508
2002-12-21,7.515
2002-12-22,7.527
2002-12-23,7.588
2002-12-24,7.644
2002-12-25,7.645
2002-12-26,7.636
2002-12-27,7.628
2002-12-28,7.622
2002-12-29,7.621
2002-12-30,7.617
2002-12-31,7.613
2003-01-01,7.62
2003-01-02,7.617
2003-01-03,7.61
2003-01-04,7.606
2003-01-05,7.603
2003-01-06,7.605
2003-01-07,7.6
2003-01-08,7.601
2003-01-09,7.613
2003-01-10,7.616
2003-01-11,7.626
2003-01-12,7.63
2003-01-13,7.639
2003-01-14,7.68
2003-01-15,7.72
2003-01-16,7.718
2003-01-17,7.754
2003-01-18,7.78
2003-01-19,7.772
2003-01-20,7.77
2003-01-21,7.764
2003-01-22,7.755
2003-01-23,7.776
2003-01-24,7.816
2003-01-25,7.806
2003-01-26,7.804
2003-01-27,7.796
2003-01-28,7.783
2003-01-29,7.859
2003-01-30,7.936
2003-01-31,7.919
2003-02-01,7.902
2003-02-02,7.887
2003-02-03,7.874
2003-02-04,7.878
2003-02-05,7.876
2003-02-06,7.873
2003-02-07,7.867
2003-02-08,7.859
2003-02-09,7.854
2003-02-10,7.849
2003-02-11,7.845
2003-02-12,7.837
2003-02-13,7.829
2003-02-14,7.867
2003-02-15,7.92
2003-02-16,7.909
2003-02-17,7.898
2003-02-18,7.887
2003-02-19,7.879
2003-02-20,7.871
2003-02-21,7.912
2003-02-22,7.977
2003-02-23,7.977
2003-02-24,7.968
2003-02-25,7.958
2003-02-26,7.948
2003-02-27,7.937
2003-02-28,7.926
2003-03-01,7.914
2003-03-02,7.904
2003-03-03,7.961
2003-03-04,8.019
2003-03-05,8.069
2003-03-06,8.114
2003-03-07,8.096
2003-03-08,8.08
2003-03-09,8.067
2003-03-10,8.101
2003-03-11,8.137
2003-03-12,8.145
2003-03-13,8.179
2003-03-14,8.148
2003-03-15,8.12
2003-03-16,8.092
2003-03-17,8.07
2003-03-18,8.047
2003-03-19,8.024
2003-03-20,8.008
2003-03-21,7.952
2003-03-22,7.898
2003-03-23,7.894
2003-03-24,7.896
2003-03-25,7.917
2003-03-26,7.979
2003-03-27,8.068
2003-03-28,8.106
2003-03-29,8.195
2003-03-30,8.277
2003-03-31,8.335
2003-04-01,8.368
2003-04-02,8.333
2003-04-03,8.286
2003-04-04,8.293
2003-04-05,8.294
2003-04-06,8.288
2003-04-07,8.219
2003-04-08,8.143
2003-04-09,8.133
2003-04-10,8.123
2003-04-11,8.011
2003-04-12,7.884
2003-04-13,7.889
2003-04-14,7.791
2003-04-15,7.723
2003-04-16,7.719
2003-04-17,7.675
2003-04-18,7.714
2003-04-19,7.756
2003-04-20,7.793
2003-04-21,7.838
2003-04-22,7.89
2003-04-23,7.908
2003-04-24,7.885
2003-04-25,7.818
2003-04-26,7.718
2003-04-27,7.741
2003-04-28,7.752
2003-04-29,7.767
2003-04-30,7.774
2003-05-01,7.804
2003-05-02,7.952
2003-05-03,8.037
2003-05-04,8.028
2003-05-05,8.019
2003-05-06,8.015
2003-05-07,8.011
2003-05-08,8.006
2003-05-09,7.998
2003-05-10,7.994
2003-05-11,8.001
2003-05-12,8.027
2003-05-13,8.157
2003-05-14,8.25
2003-05-15,8.251
2003-05-16,8.251
2003-05-17,8.246
2003-05-18,8.235
2003-05-19,8.223
2003-05-20,8.209
2003-05-21,8.207
2003-05-22,8.192
2003-05-23,8.092
2003-05-24,8.033
2003-05-25,8.031
2003-05-26,7.987
2003-05-27,7.943
2003-05-28,8.044
2003-05-29,8.153
2003-05-30,8.16
2003-05-31,8.173
2003-06-01,8.172
2003-06-02,8.158
2003-06-03,8.076
2003-06-04,7.979
2003-06-05,7.984
2003-06-06,7.972
2003-06-07,7.972
2003-06-08,7.963
2003-06-09,7.965
2003-06-10,7.973
2003-06-11,7.996
2003-06-12,8.095
2003-06-13,8.178
2003-06-14,8.168
2003-06-15,8.165
2003-06-16,8.154
2003-06-17,8.024
2003-06-18,7.901
2003-06-19,7.914
2003-06-20,7.906
2003-06-21,7.901
2003-06-22,7.893
2003-06-23,7.885
2003-06-24,7.753
2003-06-25,7.589
2003-06-26,7.58
2003-06-27,7.578
2003-06-28,7.577
2003-06-29,7.572
2003-06-30,7.51
2003-07-01,7.461
2003-07-02,7.394
2003-07-03,7.32
2003-07-04,7.325
2003-07-05,7.325
2003-07-06,7.329
2003-07-07,7.328
2003-07-08,7.318
2003-07-09,7.326
2003-07-10,7.32
2003-07-11,7.313
2003-07-12,7.321
2003-07-13,7.336
2003-07-14,7.336
2003-07-15,7.334
2003-07-16,7.337
2003-07-17,7.34
2003-07-18,7.348
2003-07-19,7.351
2003-07-20,7.352
2003-07-21,7.362
2003-07-22,7.367
2003-07-23,7.366
2003-07-24,7.361
2003-07-25,7.343
2003-07-26,7.339
2003-07-27,7.352
2003-07-28,7.354
2003-07-29,7.35
2003-07-30,7.354
2003-07-31,7.353
2003-08-01,7.35
2003-08-02,7.353
2003-08-03,7.354
2003-08-04,7.353
2003-08-05,7.355
2003-08-06,7.353
2003-08-07,7.356
2003-08-08,7.356
2003-08-09,7.353
2003-08-10,7.354
2003-08-11,7.359
2003-08-12,7.354
2003-08-13,7.345
2003-08-14,7.339
2003-08-15,7.331
2003-08-16,7.338
2003-08-17,7.333
2003-08-18,7.324
2003-08-19,7.318
2003-08-20,7.322
2003-08-21,7.318
2003-08-22,7.333
2003-08-23,7.331
2003-08-24,7.317
2003-08-25,7.316
2003-08-26,7.309
2003-08-27,7.315
2003-08-28,7.338
2003-08-29,7.396
2003-08-30,7.403
2003-08-31,7.396
2003-09-01,7.393
2003-09-02,7.392
2003-09-03,7.392
2003-09-04,7.394
2003-09-05,7.396
2003-09-06,7.389
2003-09-07,7.396
2003-09-08,7.397
2003-09-09,7.393
2003-09-10,7.389
2003-09-11,7.389
2003-09-12,7.387
2003-09-13,7.385
2003-09-14,7.385
2003-09-15,7.387
2003-09-16,7.393
2003-09-17,7.462
2003-09-18,7.523
2003-09-19,7.614
2003-09-20,7.679
2003-09-21,7.676
2003-09-22,7.71
2003-09-23,7.765
2003-09-24,7.827
2003-09-25,7.895
2003-09-26,7.887
2003-09-27,7.894
2003-09-28,7.893
2003-09-29,7.88
2003-09-30,7.863
2003-10-01,7.87
2003-10-02,7.876
2003-10-03,7.867
2003-10-04,7.906
2003-10-05,7.918
2003-10-06,7.921
2003-10-07,7.957
2003-10-08,8.027
2003-10-09,8.02
2003-10-10,8.011
2003-10-11,7.999
2003-10-12,7.984
2003-10-13,7.973
2003-10-14,7.966
2003-10-15,8.129
2003-10-16,8.208
2003-10-17,8.219
2003-10-18,8.224
2003-10-19,8.231
2003-10-20,8.223
2003-10-21,8.277
2003-10-22,8.294
2003-10-23,8.158
2003-10-24,7.933
2003-10-25,7.926
2003-10-26,7.925
2003-10-27,7.922
2003-10-28,7.917
2003-10-29,7.917
2003-10-30,7.836
2003-10-31,7.721
2003-11-01,7.724
2003-11-02,7.732
2003-11-03,7.741
2003-11-04,7.766
2003-11-05,7.93
2003-11-06,8.08
2003-11-07,8.072
2003-11-08,8.063
2003-11-09,8.059
2003-11-10,8.055
2003-11-11,8.056
2003-11-12,8.062
2003-11-13,8.134
2003-11-14,8.28
2003-11-15,8.486
2003-11-16,8.494
2003-11-17,8.559
2003-11-18,8.645
2003-11-19,8.687
2003-11-20,8.732
2003-11-21,8.767
2003-11-22,8.784
2003-11-23,8.826
2003-11-24,8.869
2003-11-25,8.912
2003-11-26,8.922
2003-11-27,8.907
2003-11-28,8.891
2003-11-29,8.882
2003-11-30,8.859
2003-12-01,8.837
2003-12-02,8.81
2003-12-03,8.689
2003-12-04,8.595
2003-12-05,8.509
2003-12-06,8.397
2003-12-07,8.373
2003-12-08,8.285
2003-12-09,8.153
2003-12-10,8.145
2003-12-11,8.143
2003-12-12,8.139
2003-12-13,8.134
2003-12-14,8.129
2003-12-15,8.121
2003-12-16,8.114
2003-12-17,8.036
2003-12-18,7.911
2003-12-19,7.91
2003-12-20,7.906
2003-12-21,7.9
2003-12-22,7.898
2003-12-23,7.9
2003-12-24,7.904
2003-12-25,7.905
2003-12-26,7.904
2003-12-27,7.903
2003-12-28,7.902
2003-12-29,7.906
2003-12-30,7.922
2003-12-31,7.957
2004-01-01,7.99
2004-01-02,8.019
2004-01-03,8.054
2004-01-04,8.059
2004-01-05,8.062
2004-01-06,8.061
2004-01-07,8.064
2004-01-08,8.061
2004-01-09,8.055
2004-01-10,8.05
2004-01-11,8.046
2004-01-12,8.043
2004-01-13,8.09
2004-01-14,8.153
2004-01-15,8.14
2004-01-16,8.126
2004-01-17,8.12
2004-01-18,8.111
2004-01-19,8.068
2004-01-20,7.996
2004-01-21,7.991
2004-01-22,7.966
2004-01-23,7.933
2004-01-24,7.927
2004-01-25,7.92
2004-01-26,7.914
2004-01-27,7.91
2004-01-28,7.908
2004-01-29,7.902
2004-01-30,7.897
2004-01-31,7.892
2004-02-01,7.886
2004-02-02,7.881
2004-02-03,7.878
2004-02-04,7.872
2004-02-05,7.868
2004-02-06,7.867
2004-02-07,7.862
2004-02-08,7.855
2004-02-09,7.849
2004-02-10,7.849
2004-02-11,7.85
2004-02-12,7.851
2004-02-13,7.918
2004-02-14,8.034
2004-02-15,8.024
2004-02-16,8.014
2004-02-17,8.006
2004-02-18,7.996
2004-02-19,7.986
2004-02-20,7.979
2004-02-21,7.976
2004-02-22,7.968
2004-02-23,7.959
2004-02-24,7.95
2004-02-25,7.941
2004-02-26,7.931
2004-02-27,7.922
2004-02-28,7.913
2004-02-29,7.904
2004-03-01,7.897
2004-03-02,8.03
2004-03-03,8.23
2004-03-04,8.208
2004-03-05,8.213
2004-03-06,8.222
2004-03-07,8.224
2004-03-08,8.224
2004-03-09,8.222
2004-03-10,8.217
2004-03-11,8.212
2004-03-12,8.247
2004-03-13,8.302
2004-03-14,8.289
2004-03-15,8.277
2004-03-16,8.266
2004-03-17,8.249
2004-03-18,8.232
2004-03-19,8.216
2004-03-20,8.202
2004-03-21,8.194
2004-03-22,8.174
2004-03-23,8.157
2004-03-24,8.144
2004-03-25,8.129
2004-03-26,8.128
2004-03-27,8.15
2004-03-28,8.167
2004-03-29,8.199
2004-03-30,8.266
2004-03-31,8.366
2004-04-01,8.446
2004-04-02,8.509
2004-04-03,8.555
2004-04-04,8.589
2004-04-05,8.54
2004-04-06,8.47
2004-04-07,8.39
2004-04-08,8.321
2004-04-09,8.318
2004-04-10,8.309
2004-04-11,8.296
2004-04-12,8.285
2004-04-13,8.101
2004-04-14,7.811
2004-04-15,7.66
2004-04-16,7.559
2004-04-17,7.446
2004-04-18,7.451
2004-04-19,7.458
2004-04-20,7.466
2004-04-21,7.477
2004-04-22,7.502
2004-04-23,7.523
2004-04-24,7.544
2004-04-25,7.57
2004-04-26,7.66
2004-04-27,7.763
2004-04-28,7.786
2004-04-29,7.89
2004-04-30,8.036
2004-05-01,8.039
2004-05-02,8.079
2004-05-03,8.269
2004-05-04,8.644
2004-05-05,8.714
2004-05-06,8.788
2004-05-07,8.753
2004-05-08,8.689
2004-05-09,8.658
2004-05-10,8.562
2004-05-11,8.411
2004-05-12,8.386
2004-05-13,8.285
2004-05-14,8.159
2004-05-15,8.149
2004-05-16,8.137
2004-05-17,8.068
2004-05-18,7.994
2004-05-19,8.004
2004-05-20,8.008
2004-05-21,8.104
2004-05-22,8.225
2004-05-23,8.236
2004-05-24,8.33
2004-05-25,8.407
2004-05-26,8.41
2004-05-27,8.412
2004-05-28,8.377
2004-05-29,8.336
2004-05-30,8.329
2004-05-31,8.316
2004-06-01,8.298
2004-06-02,8.144
2004-06-03,8.045
2004-06-04,7.957
2004-06-05,7.834
2004-06-06,7.825
2004-06-07,7.738
2004-06-08,7.661
2004-06-09,7.677
2004-06-10,7.686
2004-06-11,7.679
2004-06-12,7.673
2004-06-13,7.669
2004-06-14,7.618
2004-06-15,7.521
2004-06-16,7.526
2004-06-17,7.531
2004-06-18,7.533
2004-06-19,7.533
2004-06-20,7.525
2004-06-21,7.525
2004-06-22,7.53
2004-06-23,7.528
2004-06-24,7.534
2004-06-25,7.538
2004-06-26,7.53
2004-06-27,7.522
2004-06-28,7.485
2004-06-29,7.438
2004-06-30,7.441
2004-07-01,7.431
2004-07-02,7.408
2004-07-03,7.35
2004-07-04,7.347
2004-07-05,7.374
2004-07-06,7.472
2004-07-07,7.539
2004-07-08,7.681
2004-07-09,7.808
2004-07-10,7.792
2004-07-11,7.775
2004-07-12,7.604
2004-07-13,7.423
2004-07-14,7.513
2004-07-15,7.764
2004-07-16,8.121
2004-07-17,8.205
2004-07-18,8.205
2004-07-19,8.204
2004-07-20,8.13
2004-07-21,8.082
2004-07-22,8.013
2004-07-23,7.921
2004-07-24,7.902
2004-07-25,7.884
2004-07-26,7.728
2004-07-27,7.481
2004-07-28,7.373
2004-07-29,7.369
2004-07-30,7.369
2004-07-31,7.373
2004-08-01,7.372
2004-08-02,7.372
2004-08-03,7.404
2004-08-04,7.419
2004-08-05,7.413
2004-08-06,7.403
2004-08-07,7.392
2004-08-08,7.387
2004-08-09,7.381
2004-08-10,7.384
2004-08-11,7.386
2004-08-12,7.389
2004-08-13,7.391
2004-08-14,7.388
2004-08-15,7.384
2004-08-16,7.439
2004-08-17,7.51
2004-08-18,7.505
2004-08-19,7.502
2004-08-20,7.423
2004-08-21,7.371
2004-08-22,7.356
2004-08-23,7.361
2004-08-24,7.355
2004-08-25,7.344
2004-08-26,7.362
2004-08-27,7.371
2004-08-28,7.381
2004-08-29,7.386
2004-08-30,7.384
2004-08-31,7.377
2004-09-01,7.442
2004-09-02,7.512
2004-09-03,7.506
2004-09-04,7.509
2004-09-05,7.503
2004-09-06,7.494
2004-09-07,7.558
2004-09-08,7.631
2004-09-09,7.643
2004-09-10,7.635
2004-09-11,7.63
2004-09-12,7.633
2004-09-13,7.689
2004-09-14,7.746
2004-09-15,7.735
2004-09-16,7.726
2004-09-17,7.728
2004-09-18,7.724
2004-09-19,7.713
2004-09-20,7.705
2004-09-21,7.637
2004-09-22,7.595
2004-09-23,7.601
2004-09-24,7.599
2004-09-25,7.598
2004-09-26,7.595
2004-09-27,7.592
2004-09-28,7.6
2004-09-29,7.587
2004-09-30,7.521
2004-10-01,7.462
2004-10-02,7.459
2004-10-03,7.457
2004-10-04,7.457
2004-10-05,7.448
2004-10-06,7.407
2004-10-07,7.373
2004-10-08,7.37
2004-10-09,7.382
2004-10-10,7.402
2004-10-11,7.397
2004-10-12,7.391
2004-10-13,7.391
2004-10-14,7.494
2004-10-15,7.601
2004-10-16,7.589
2004-10-17,7.607
2004-10-18,7.731
2004-10-19,7.89
2004-10-20,7.87
2004-10-21,7.624
2004-10-22,7.464
2004-10-23,7.46
2004-10-24,7.457
2004-10-25,7.396
2004-10-26,7.347
2004-10-27,7.35
2004-10-28,7.348
2004-10-29,7.346
2004-10-30,7.354
2004-10-31,7.363
2004-11-01,7.376
2004-11-02,7.54
2004-11-03,7.691
2004-11-04,7.694
2004-11-05,7.612
2004-11-06,7.479
2004-11-07,7.487
2004-11-08,7.447
2004-11-09,7.351
2004-11-10,7.348
2004-11-11,7.36
2004-11-12,7.365
2004-11-13,7.367
2004-11-14,7.366
2004-11-15,7.37
2004-11-16,7.376
2004-11-17,7.38
2004-11-18,7.386
2004-11-19,7.394
2004-11-20,7.4
2004-11-21,7.402
2004-11-22,7.405
2004-11-23,7.467
2004-11-24,7.578
2004-11-25,7.583
2004-11-26,7.567
2004-11-27,7.558
2004-11-28,7.564
2004-11-29,7.575
2004-11-30,7.578
2004-12-01,7.639
2004-12-02,7.635
2004-12-03,7.626
2004-12-04,7.77
2004-12-05,7.777
2004-12-06,7.825
2004-12-07,7.943
2004-12-08,7.935
2004-12-09,7.926
2004-12-10,7.921
2004-12-11,7.919
2004-12-12,7.907
2004-12-13,7.908
2004-12-14,7.892
2004-12-15,7.877
2004-12-16,7.87
2004-12-17,7.879
2004-12-18,7.878
2004-12-19,7.886
2004-12-20,7.876
2004-12-21,7.871
2004-12-22,7.912
2004-12-23,7.979
2004-12-24,7.977
2004-12-25,7.968
2004-12-26,7.964
2004-12-27,7.95
2004-12-28,7.939
2004-12-29,7.93
2004-12-30,7.921
2004-12-31,7.93
2005-01-01,7.935
2005-01-02,7.946
2005-01-03,7.95
2005-01-04,7.954
2005-01-05,7.956
2005-01-06,7.959
2005-01-07,8.045
2005-01-08,8.195
2005-01-09,8.176
2005-01-10,8.155
2005-01-11,8.139
2005-01-12,8.125
2005-01-13,8.125
2005-01-14,8.15
2005-01-15,8.169
2005-01-16,8.188
2005-01-17,8.197
2005-01-18,8.202
2005-01-19,8.25
2005-01-20,8.287
2005-01-21,8.276
2005-01-22,8.268
2005-01-23,8.253
2005-01-24,8.284
2005-01-25,8.319
2005-01-26,8.305
2005-01-27,8.279
2005-01-28,8.255
2005-01-29,8.233
2005-01-30,8.207
2005-01-31,8.184
2005-02-01,8.163
2005-02-02,8.007
2005-02-03,7.879
2005-02-04,7.874
2005-02-05,7.871
2005-02-06,7.866
2005-02-07,7.867
2005-02-08,7.87
2005-02-09,7.87
2005-02-10,7.936
2005-02-11,8.008
2005-02-12,7.993
2005-02-13,7.978
2005-02-14,7.981
2005-02-15,7.993
2005-02-16,8.015
2005-02-17,8.055
2005-02-18,8.045
2005-02-19,8.034
2005-02-20,8.026
2005-02-21,8.016
2005-02-22,8
2005-02-23,7.988
2005-02-24,7.975
2005-02-25,7.965
2005-02-26,7.959
2005-02-27,7.952
2005-02-28,7.945
2005-03-01,7.941
2005-03-02,8.025
2005-03-03,8.115
2005-03-04,8.087
2005-03-05,8.062
2005-03-06,8.042
2005-03-07,8.091
2005-03-08,8.14
2005-03-09,8.107
2005-03-10,8.08
2005-03-11,8.088
2005-03-12,8.098
2005-03-13,8.067
2005-03-14,8.039
2005-03-15,8.042
2005-03-16,8.074
2005-03-17,8.045
2005-03-18,8.017
2005-03-19,7.993
2005-03-20,7.968
2005-03-21,7.942
2005-03-22,7.92
2005-03-23,7.905
2005-03-24,7.882
2005-03-25,7.865
2005-03-26,7.848
2005-03-27,7.831
2005-03-28,7.82
2005-03-29,7.811
2005-03-30,7.807
2005-03-31,7.811
2005-04-01,7.831
2005-04-02,7.867
2005-04-03,7.902
2005-04-04,7.927
2005-04-05,7.949
2005-04-06,7.971
2005-04-07,8.035
2005-04-08,8.119
2005-04-09,8.203
2005-04-10,8.285
2005-04-11,8.361
2005-04-12,8.384
2005-04-13,8.379
2005-04-14,8.422
2005-04-15,8.409
2005-04-16,8.375
2005-04-17,8.416
2005-04-18,8.454
2005-04-19,8.4
2005-04-20,8.398
2005-04-21,8.454
2005-04-22,8.503
2005-04-23,8.548
2005-04-24,8.597
2005-04-25,8.637
2005-04-26,8.668
2005-04-27,8.76
2005-04-28,8.817
2005-04-29,8.812
2005-04-30,8.802
2005-05-01,8.781
2005-05-02,8.659
2005-05-03,8.51
2005-05-04,8.487
2005-05-05,8.464
2005-05-06,8.336
2005-05-07,8.173
2005-05-08,8.151
2005-05-09,8.131
2005-05-10,8.011
2005-05-11,7.827
2005-05-12,7.827
2005-05-13,7.818
2005-05-14,7.819
2005-05-15,7.825
2005-05-16,7.826
2005-05-17,7.824
2005-05-18,7.824
2005-05-19,7.823
2005-05-20,7.821
2005-05-21,7.823
2005-05-22,7.826
2005-05-23,7.828
2005-05-24,7.829
2005-05-25,7.824
2005-05-26,7.82
2005-05-27,7.813
2005-05-28,7.809
2005-05-29,7.805
2005-05-30,7.802
2005-05-31,7.744
2005-06-01,7.639
2005-06-02,7.638
2005-06-03,7.527
2005-06-04,7.441
2005-06-05,7.453
2005-06-06,7.452
2005-06-07,7.439
2005-06-08,7.433
2005-06-09,7.433
2005-06-10,7.432
2005-06-11,7.435
2005-06-12,7.447
2005-06-13,7.633
2005-06-14,7.868
2005-06-15,8.209
2005-06-16,8.414
2005-06-17,8.175
2005-06-18,8.038
2005-06-19,8.034
2005-06-20,8.027
2005-06-21,8.018
2005-06-22,8.015
2005-06-23,7.894
2005-06-24,7.696
2005-06-25,7.7
2005-06-26,7.697
2005-06-27,7.689
2005-06-28,7.656
2005-06-29,7.626
2005-06-30,7.612
2005-07-01,7.586
2005-07-02,7.58
2005-07-03,7.569
2005-07-04,7.519
2005-07-05,7.434
2005-07-06,7.435
2005-07-07,7.428
2005-07-08,7.425
2005-07-09,7.42
2005-07-10,7.415
2005-07-11,7.413
2005-07-12,7.398
2005-07-13,7.385
2005-07-14,7.382
2005-07-15,7.376
2005-07-16,7.368
2005-07-17,7.367
2005-07-18,7.369
2005-07-19,7.367
2005-07-20,7.364
2005-07-21,7.363
2005-07-22,7.362
2005-07-23,7.363
2005-07-24,7.363
2005-07-25,7.362
2005-07-26,7.36
2005-07-27,7.359
2005-07-28,7.358
2005-07-29,7.355
2005-07-30,7.353
2005-07-31,7.353
2005-08-01,7.353
2005-08-02,7.352
2005-08-03,7.35
2005-08-04,7.351
2005-08-05,7.349
2005-08-06,7.347
2005-08-07,7.346
2005-08-08,7.347
2005-08-09,7.346
2005-08-10,7.347
2005-08-11,7.346
2005-08-12,7.345
2005-08-13,7.344
2005-08-14,7.343
2005-08-15,7.342
2005-08-16,7.341
2005-08-17,7.34
2005-08-18,7.341
2005-08-19,7.343
2005-08-20,7.344
2005-08-21,7.342
2005-08-22,7.339
2005-08-23,7.34
2005-08-24,7.34
2005-08-25,7.341
2005-08-26,7.341
2005-08-27,7.343
2005-08-28,7.342
2005-08-29,7.342
2005-08-30,7.342
2005-08-31,7.342
2005-09-01,7.342
2005-09-02,7.341
2005-09-03,7.34
2005-09-04,7.339
2005-09-05,7.338
2005-09-06,7.337
2005-09-07,7.336
2005-09-08,7.336
2005-09-09,7.335
2005-09-10,7.335
2005-09-11,7.335
2005-09-12,7.335
2005-09-13,7.335
2005-09-14,7.335
2005-09-15,7.338
2005-09-16,7.34
2005-09-17,7.339
2005-09-18,7.337
2005-09-19,7.336
2005-09-20,7.335
2005-09-21,7.336
2005-09-22,7.337
2005-09-23,7.338
2005-09-24,7.336
2005-09-25,7.337
2005-09-26,7.368
2005-09-27,7.371
2005-09-28,7.37
2005-09-29,7.449
2005-09-30,7.523
2005-10-01,7.522
2005-10-02,7.533
2005-10-03,7.533
2005-10-04,7.536
2005-10-05,7.535
2005-10-06,7.527
2005-10-07,7.565
2005-10-08,7.597
2005-10-09,7.577
2005-10-10,7.567
2005-10-11,7.565
2005-10-12,7.56
2005-10-13,7.557
2005-10-14,7.557
2005-10-15,7.563
2005-10-16,7.568
2005-10-17,7.559
2005-10-18,7.566
2005-10-19,7.681
2005-10-20,7.746
2005-10-21,7.736
2005-10-22,7.725
2005-10-23,7.705
2005-10-24,7.596
2005-10-25,7.419
2005-10-26,7.393
2005-10-27,7.35
2005-10-28,7.348
2005-10-29,7.346
2005-10-30,7.344
2005-10-31,7.344
2005-11-01,7.347
2005-11-02,7.346
2005-11-03,7.343
2005-11-04,7.341
2005-11-05,7.341
2005-11-06,7.347
2005-11-07,7.349
2005-11-08,7.361
2005-11-09,7.367
2005-11-10,7.372
2005-11-11,7.374
2005-11-12,7.374
2005-11-13,7.375
2005-11-14,7.38
2005-11-15,7.397
2005-11-16,7.42
2005-11-17,7.454
2005-11-18,7.653
2005-11-19,7.9
2005-11-20,7.89
2005-11-21,7.883
2005-11-22,7.886
2005-11-23,7.865
2005-11-24,7.858
2005-11-25,7.846
2005-11-26,7.837
2005-11-27,7.829
2005-11-28,7.821
2005-11-29,7.863
2005-11-30,7.923
2005-12-01,7.978
2005-12-02,7.995
2005-12-03,8.225
2005-12-04,8.224
2005-12-05,8.217
2005-12-06,8.215
2005-12-07,8.209
2005-12-08,8.198
2005-12-09,8.186
2005-12-10,8.166
2005-12-11,8.164
2005-12-12,8.151
2005-12-13,8.127
2005-12-14,8.11
2005-12-15,8.094
2005-12-16,8.077
2005-12-17,8.059
2005-12-18,8.051
2005-12-19,8.038
2005-12-20,7.998
2005-12-21,7.932
2005-12-22,7.924
2005-12-23,7.921
2005-12-24,7.926
2005-12-25,7.942
2005-12-26,7.962
2005-12-27,7.952
2005-12-28,7.951
2005-12-29,7.958
2005-12-30,7.948
2005-12-31,7.939
2006-01-01,7.929
2006-01-02,7.924
2006-01-03,7.915
2006-01-04,7.91
2006-01-05,7.92
2006-01-06,7.933
2006-01-07,7.951
2006-01-08,7.939
2006-01-09,7.965
2006-01-10,8.008
2006-01-11,7.993
2006-01-12,7.979
2006-01-13,7.972
2006-01-14,7.986
2006-01-15,7.978
2006-01-16,7.97
2006-01-17,7.967
2006-01-18,7.979
2006-01-19,7.992
2006-01-20,8.032
2006-01-21,8.101
2006-01-22,8.092
2006-01-23,8.08
2006-01-24,8.071
2006-01-25,8.063
2006-01-26,8.049
2006-01-27,8.037
2006-01-28,8.022
2006-01-29,8.023
2006-01-30,8.019
2006-01-31,8.009
2006-02-01,8.001
2006-02-02,7.99
2006-02-03,7.993
2006-02-04,7.997
2006-02-05,8.003
2006-02-06,8.001
2006-02-07,7.993
2006-02-08,7.985
2006-02-09,7.975
2006-02-10,7.97
2006-02-11,7.968
2006-02-12,7.964
2006-02-13,7.997
2006-02-14,8.047
2006-02-15,8.041
2006-02-16,8.043
2006-02-17,8.054
2006-02-18,8.044
2006-02-19,8.032
2006-02-20,8.025
2006-02-21,8.016
2006-02-22,8.007
2006-02-23,7.995
2006-02-24,8.07
2006-02-25,8.154
2006-02-26,8.128
2006-02-27,8.107
2006-02-28,8.082
2006-03-01,8.062
2006-03-02,8.045
2006-03-03,8.025
2006-03-04,8.007
2006-03-05,7.991
2006-03-06,8.06
2006-03-07,8.17
2006-03-08,8.143
2006-03-09,8.124
2006-03-10,8.138
2006-03-11,8.146
2006-03-12,8.154
2006-03-13,8.253
2006-03-14,8.372
2006-03-15,8.387
2006-03-16,8.388
2006-03-17,8.386
2006-03-18,8.379
2006-03-19,8.369
2006-03-20,8.358
2006-03-21,8.341
2006-03-22,8.325
2006-03-23,8.307
2006-03-24,8.29
2006-03-25,8.276
2006-03-26,8.26
2006-03-27,8.245
2006-03-28,8.236
2006-03-29,8.229
2006-03-30,8.227
2006-03-31,8.236
2006-04-01,8.289
2006-04-02,8.348
2006-04-03,8.408
2006-04-04,8.478
2006-04-05,8.542
2006-04-06,8.588
2006-04-07,8.633
2006-04-08,8.657
2006-04-09,8.679
2006-04-10,8.696
2006-04-11,8.697
2006-04-12,8.71
2006-04-13,8.78
2006-04-14,8.835
2006-04-15,8.797
2006-04-16,8.761
2006-04-17,8.782
2006-04-18,8.736
2006-04-19,8.639
2006-04-20,8.55
2006-04-21,8.443
2006-04-22,8.436
2006-04-23,8.427
2006-04-24,8.43
2006-04-25,8.427
2006-04-26,8.271
2006-04-27,8.19
2006-04-28,8.195
2006-04-29,8.201
2006-04-30,8.203
2006-05-01,8.201
2006-05-02,8.197
2006-05-03,8.184
2006-05-04,8.171
2006-05-05,8.072
2006-05-06,7.864
2006-05-07,7.856
2006-05-08,7.755
2006-05-09,7.647
2006-05-10,7.648
2006-05-11,7.655
2006-05-12,7.692
2006-05-13,7.719
2006-05-14,7.74
2006-05-15,7.79
2006-05-16,7.892
2006-05-17,7.956
2006-05-18,7.954
2006-05-19,7.948
2006-05-20,7.938
2006-05-21,7.927
2006-05-22,7.917
2006-05-23,7.867
2006-05-24,7.811
2006-05-25,7.802
2006-05-26,7.8
2006-05-27,7.795
2006-05-28,7.784
2006-05-29,7.778
2006-05-30,7.772
2006-05-31,7.766
2006-06-01,7.763
2006-06-02,7.758
2006-06-03,7.767
2006-06-04,7.764
2006-06-05,7.749
2006-06-06,7.687
2006-06-07,7.592
2006-06-08,7.587
2006-06-09,7.588
2006-06-10,7.58
2006-06-11,7.566
2006-06-12,7.559
2006-06-13,7.505
2006-06-14,7.409
2006-06-15,7.408
2006-06-16,7.402
2006-06-17,7.4
2006-06-18,7.404
2006-06-19,7.418
2006-06-20,7.42
2006-06-21,7.419
2006-06-22,7.422
2006-06-23,7.437
2006-06-24,7.458
2006-06-25,7.458
2006-06-26,7.496
2006-06-27,7.549
2006-06-28,7.547
2006-06-29,7.546
2006-06-30,7.546
2006-07-01,7.536
2006-07-02,7.531
2006-07-03,7.536
2006-07-04,7.532
2006-07-05,7.531
2006-07-06,7.527
2006-07-07,7.52
2006-07-08,7.515
2006-07-09,7.508
2006-07-10,7.511
2006-07-11,7.509
2006-07-12,7.509
2006-07-13,7.503
2006-07-14,7.458
2006-07-15,7.428
2006-07-16,7.427
2006-07-17,7.423
2006-07-18,7.43
2006-07-19,7.428
2006-07-20,7.433
2006-07-21,7.452
2006-07-22,7.452
2006-07-23,7.447
2006-07-24,7.444
2006-07-25,7.484
2006-07-26,7.587
2006-07-27,7.841
2006-07-28,8.07
2006-07-29,8.054
2006-07-30,8.041
2006-07-31,8.001
2006-08-01,7.954
2006-08-02,7.967
2006-08-03,8.093
2006-08-04,8.234
2006-08-05,8.214
2006-08-06,8.183
2006-08-07,8.152
2006-08-08,7.95
2006-08-09,7.701
2006-08-10,7.71
2006-08-11,7.793
2006-08-12,7.872
2006-08-13,7.855
2006-08-14,7.714
2006-08-15,7.446
2006-08-16,7.45
2006-08-17,7.446
2006-08-18,7.444
2006-08-19,7.442
2006-08-20,7.446
2006-08-21,7.431
2006-08-22,7.428
2006-08-23,7.426
2006-08-24,7.423
2006-08-25,7.424
2006-08-26,7.417
2006-08-27,7.417
2006-08-28,7.42
2006-08-29,7.421
2006-08-30,7.424
2006-08-31,7.413
2006-09-01,7.409
2006-09-02,7.409
2006-09-03,7.416
2006-09-04,7.416
2006-09-05,7.417
2006-09-06,7.421
2006-09-07,7.416
2006-09-08,7.416
2006-09-09,7.43
2006-09-10,7.424
2006-09-11,7.421
2006-09-12,7.468
2006-09-13,7.567
2006-09-14,7.563
2006-09-15,7.555
2006-09-16,7.548
2006-09-17,7.539
2006-09-18,7.542
2006-09-19,7.55
2006-09-20,7.638
2006-09-21,7.732
2006-09-22,7.725
2006-09-23,7.717
2006-09-24,7.725
2006-09-25,7.717
2006-09-26,7.713
2006-09-27,7.705
2006-09-28,7.785
2006-09-29,7.881
2006-09-30,7.868
2006-10-01,7.86
2006-10-02,7.852
2006-10-03,7.845
2006-10-04,7.848
2006-10-05,7.837
2006-10-06,7.859
2006-10-07,7.892
2006-10-08,7.872
2006-10-09,7.86
2006-10-10,7.885
2006-10-11,7.95
2006-10-12,8.022
2006-10-13,8.103
2006-10-14,8.128
2006-10-15,8.152
2006-10-16,8.162
2006-10-17,8.182
2006-10-18,8.185
2006-10-19,8.186
2006-10-20,8.227
2006-10-21,8.29
2006-10-22,8.292
2006-10-23,8.286
2006-10-24,8.278
2006-10-25,8.274
2006-10-26,8.268
2006-10-27,8.264
2006-10-28,8.275
2006-10-29,8.272
2006-10-30,8.078
2006-10-31,7.899
2006-11-01,7.903
2006-11-02,7.909
2006-11-03,7.916
2006-11-04,7.947
2006-11-05,7.952
2006-11-06,7.952
2006-11-07,7.952
2006-11-08,7.96
2006-11-09,7.96
2006-11-10,7.89
2006-11-11,7.838
2006-11-12,7.844
2006-11-13,7.846
2006-11-14,7.853
2006-11-15,7.858
2006-11-16,7.996
2006-11-17,8.116
2006-11-18,8.147
2006-11-19,8.167
2006-11-20,8.172
2006-11-21,8.092
2006-11-22,8.04
2006-11-23,8.05
2006-11-24,8.118
2006-11-25,8.22
2006-11-26,8.208
2006-11-27,8.203
2006-11-28,8.199
2006-11-29,8.184
2006-11-30,8.261
2006-12-01,8.385
2006-12-02,8.384
2006-12-03,8.375
2006-12-04,8.375
2006-12-05,8.358
2006-12-06,8.347
2006-12-07,8.339
2006-12-08,8.312
2006-12-09,8.291
2006-12-10,8.276
2006-12-11,8.264
2006-12-12,8.252
2006-12-13,8.215
2006-12-14,8.181
2006-12-15,8.274
2006-12-16,8.352
2006-12-17,8.357
2006-12-18,8.172
2006-12-19,8.09
2006-12-20,8.334
2006-12-21,8.33
2006-12-22,8.327
2006-12-23,8.324
2006-12-24,8.324
2006-12-25,8.323
2006-12-26,8.319
2006-12-27,8.307
2006-12-28,8.304
2006-12-29,8.303
2006-12-30,8.295
2006-12-31,8.29
2007-01-01,8.29
2007-01-02,8.284
2007-01-03,8.275
2007-01-04,8.268
2007-01-05,8.267
2007-01-06,8.268
2007-01-07,8.263
2007-01-08,8.262
2007-01-09,8.262
2007-01-10,8.254
2007-01-11,8.242
2007-01-12,8.231
2007-01-13,8.226
2007-01-14,8.21
2007-01-15,8.206
2007-01-16,8.193
2007-01-17,8.177
2007-01-18,8.164
2007-01-19,8.152
2007-01-20,8.141
2007-01-21,8.128
2007-01-22,8.104
2007-01-23,8.063
2007-01-24,8.054
2007-01-25,8.04
2007-01-26,8.026
2007-01-27,8.016
2007-01-28,8.004
2007-01-29,7.991
2007-01-30,7.978
2007-01-31,7.966
2007-02-01,7.953
2007-02-02,7.942
2007-02-03,7.937
2007-02-04,7.931
2007-02-05,7.92
2007-02-06,7.907
2007-02-07,7.895
2007-02-08,7.886
2007-02-09,7.879
2007-02-10,7.871
2007-02-11,7.863
2007-02-12,7.857
2007-02-13,7.848
2007-02-14,7.841
2007-02-15,7.829
2007-02-16,7.819
2007-02-17,7.811
2007-02-18,7.806
2007-02-19,7.801
2007-02-20,7.789
2007-02-21,7.783
2007-02-22,7.781
2007-02-23,7.779
2007-02-24,7.773
2007-02-25,7.766
2007-02-26,7.757
2007-02-27,7.749
2007-02-28,7.743
2007-03-01,7.738
2007-03-02,7.742
2007-03-03,7.741
2007-03-04,7.735
2007-03-05,7.786
2007-03-06,7.843
2007-03-07,7.826
2007-03-08,7.812
2007-03-09,7.798
2007-03-10,7.791
2007-03-11,7.782
2007-03-12,7.772
2007-03-13,7.762
2007-03-14,7.837
2007-03-15,7.885
2007-03-16,7.873
2007-03-17,7.856
2007-03-18,7.838
2007-03-19,7.827
2007-03-20,7.819
2007-03-21,7.803
2007-03-22,7.857
2007-03-23,7.902
2007-03-24,7.907
2007-03-25,7.911
2007-03-26,7.925
2007-03-27,7.958
2007-03-28,7.964
2007-03-29,7.939
2007-03-30,7.74
2007-03-31,7.591
2007-04-01,7.61
2007-04-02,7.638
2007-04-03,7.669
2007-04-04,7.735
2007-04-05,7.787
2007-04-06,7.832
2007-04-07,7.868
2007-04-08,7.897
2007-04-09,7.921
2007-04-10,7.937
2007-04-11,7.95
2007-04-12,7.973
2007-04-13,7.99
2007-04-14,8.013
2007-04-15,8.03
2007-04-16,8.046
2007-04-17,8.057
2007-04-18,8.07
2007-04-19,8.082
2007-04-20,8.134
2007-04-21,8.209
2007-04-22,8.207
2007-04-23,8.208
2007-04-24,8.212
2007-04-25,8.204
2007-04-26,8.195
2007-04-27,8.197
2007-04-28,8.196
2007-04-29,8.193
2007-04-30,8.192
2007-05-01,8.187
2007-05-02,8.177
2007-05-03,8.161
2007-05-04,8.038
2007-05-05,7.952
2007-05-06,7.937
2007-05-07,7.922
2007-05-08,7.816
2007-05-09,7.748
2007-05-10,7.75
2007-05-11,7.753
2007-05-12,7.751
2007-05-13,7.736
2007-05-14,7.63
2007-05-15,7.515
2007-05-16,7.684
2007-05-17,7.878
2007-05-18,7.877
2007-05-19,7.878
2007-05-20,7.886
2007-05-21,7.881
2007-05-22,7.877
2007-05-23,7.868
2007-05-24,7.858
2007-05-25,7.786
2007-05-26,7.719
2007-05-27,7.72
2007-05-28,7.717
2007-05-29,7.717
2007-05-30,7.711
2007-05-31,7.71
2007-06-01,7.703
2007-06-02,7.699
2007-06-03,7.696
2007-06-04,7.717
2007-06-05,7.733
2007-06-06,7.724
2007-06-07,7.729
2007-06-08,7.736
2007-06-09,7.753
2007-06-10,7.758
2007-06-11,7.761
2007-06-12,7.757
2007-06-13,7.749
2007-06-14,7.739
2007-06-15,7.727
2007-06-16,7.712
2007-06-17,7.703
2007-06-18,7.632
2007-06-19,7.538
2007-06-20,7.506
2007-06-21,7.483
2007-06-22,7.486
2007-06-23,7.471
2007-06-24,7.461
2007-06-25,7.459
2007-06-26,7.456
2007-06-27,7.451
2007-06-28,7.458
2007-06-29,7.443
2007-06-30,7.443
2007-07-01,7.441
2007-07-02,7.43
2007-07-03,7.41
2007-07-04,7.394
2007-07-05,7.394
2007-07-06,7.396
2007-07-07,7.391
2007-07-08,7.394
2007-07-09,7.401
2007-07-10,7.405
2007-07-11,7.423
2007-07-12,7.424
2007-07-13,7.471
2007-07-14,7.551
2007-07-15,7.566
2007-07-16,7.703
2007-07-17,7.899
2007-07-18,7.891
2007-07-19,7.906
2007-07-20,8.057
2007-07-21,8.267
2007-07-22,8.248
2007-07-23,8.087
2007-07-24,7.865
2007-07-25,7.8
2007-07-26,7.795
2007-07-27,7.788
2007-07-28,7.785
2007-07-29,7.772
2007-07-30,7.614
2007-07-31,7.485
2007-08-01,7.481
2007-08-02,7.471
2007-08-03,7.463
2007-08-04,7.461
2007-08-05,7.45
2007-08-06,7.442
2007-08-07,7.413
2007-08-08,7.367
2007-08-09,7.365
2007-08-10,7.362
2007-08-11,7.359
2007-08-12,7.358
2007-08-13,7.356
2007-08-14,7.355
2007-08-15,7.355
2007-08-16,7.354
2007-08-17,7.353
2007-08-18,7.35
2007-08-19,7.349
2007-08-20,7.349
2007-08-21,7.348
2007-08-22,7.348
2007-08-23,7.349
2007-08-24,7.352
2007-08-25,7.357
2007-08-26,7.362
2007-08-27,7.364
2007-08-28,7.366
2007-08-29,7.369
2007-08-30,7.438
2007-08-31,7.493
2007-09-01,7.49
2007-09-02,7.482
2007-09-03,7.483
2007-09-04,7.579
2007-09-05,7.65
2007-09-06,7.638
2007-09-07,7.62
2007-09-08,7.639
2007-09-09,7.634
2007-09-10,7.625
2007-09-11,7.649
2007-09-12,7.644
2007-09-13,7.631
2007-09-14,7.623
2007-09-15,7.632
2007-09-16,7.615
2007-09-17,7.607
2007-09-18,7.598
2007-09-19,7.589
2007-09-20,7.586
2007-09-21,7.579
2007-09-22,7.565
2007-09-23,7.572
2007-09-24,7.57
2007-09-25,7.57
2007-09-26,7.576
2007-09-27,7.577
2007-09-28,7.569
2007-09-29,7.55
2007-09-30,7.545
2007-10-01,7.541
2007-10-02,7.542
2007-10-03,7.535
2007-10-04,7.542
2007-10-05,7.583
2007-10-06,7.668
2007-10-07,7.676
2007-10-08,7.666
2007-10-09,7.663
2007-10-10,7.66
2007-10-11,7.798
2007-10-12,7.864
2007-10-13,7.849
2007-10-14,7.839
2007-10-15,7.743
2007-10-16,7.607
2007-10-17,7.609
2007-10-18,7.614
2007-10-19,7.614
2007-10-20,7.621
2007-10-21,7.637
2007-10-22,7.704
2007-10-23,7.832
2007-10-24,7.828
2007-10-25,7.82
2007-10-26,7.799
2007-10-27,7.792
2007-10-28,7.784
2007-10-29,7.702
2007-10-30,7.59
2007-10-31,7.599
2007-11-01,7.546
2007-11-02,7.498
2007-11-03,7.413
2007-11-04,7.415
2007-11-05,7.419
2007-11-06,7.404
2007-11-07,7.363
2007-11-08,7.362
2007-11-09,7.361
2007-11-10,7.36
2007-11-11,7.36
2007-11-12,7.361
2007-11-13,7.36
2007-11-14,7.36
2007-11-15,7.36
2007-11-16,7.362
2007-11-17,7.364
2007-11-18,7.368
2007-11-19,7.372
2007-11-20,7.386
2007-11-21,7.408
2007-11-22,7.539
2007-11-23,7.713
2007-11-24,7.707
2007-11-25,7.705
2007-11-26,7.709
2007-11-27,7.715
2007-11-28,7.717
2007-11-29,7.721
2007-11-30,7.735
2007-12-01,7.744
2007-12-02,7.751
2007-12-03,7.765
2007-12-04,7.844
2007-12-05,7.983
2007-12-06,7.961
2007-12-07,7.948
2007-12-08,7.937
2007-12-09,7.923
2007-12-10,7.909
2007-12-11,7.896
2007-12-12,7.889
2007-12-13,7.878
2007-12-14,7.867
2007-12-15,7.859
2007-12-16,7.864
2007-12-17,7.856
2007-12-18,7.844
2007-12-19,7.839
2007-12-20,7.833
2007-12-21,7.876
2007-12-22,7.938
2007-12-23,7.935
2007-12-24,7.941
2007-12-25,7.943
2007-12-26,7.943
2007-12-27,7.944
2007-12-28,7.946
2007-12-29,7.948
2007-12-30,7.953
2007-12-31,8.05
2008-01-01,8.138
2008-01-02,8.138
2008-01-03,8.088
2008-01-04,8.067
2008-01-05,8.052
2008-01-06,8.037
2008-01-07,8.034
2008-01-08,8.061
2008-01-09,8.193
2008-01-10,8.348
2008-01-11,8.458
2008-01-12,8.571
2008-01-13,8.641
2008-01-14,8.704
2008-01-15,8.776
2008-01-16,8.771
2008-01-17,8.745
2008-01-18,8.768
2008-01-19,8.838
2008-01-20,8.797
2008-01-21,8.753
2008-01-22,8.714
2008-01-23,8.68
2008-01-24,8.639
2008-01-25,8.602
2008-01-26,8.567
2008-01-27,8.532
2008-01-28,8.495
2008-01-29,8.517
2008-01-30,8.569
2008-01-31,8.559
2008-02-01,8.543
2008-02-02,8.525
2008-02-03,8.502
2008-02-04,8.48
2008-02-05,8.46
2008-02-06,8.439
2008-02-07,8.409
2008-02-08,8.384
2008-02-09,8.366
2008-02-10,8.352
2008-02-11,8.338
2008-02-12,8.322
2008-02-13,8.309
2008-02-14,8.292
2008-02-15,8.278
2008-02-16,8.26
2008-02-17,8.25
2008-02-18,8.258
2008-02-19,8.256
2008-02-20,8.254
2008-02-21,8.247
2008-02-22,8.242
2008-02-23,8.232
2008-02-24,8.218
2008-02-25,8.206
2008-02-26,8.2
2008-02-27,8.186
2008-02-28,8.169
2008-02-29,8.159
2008-03-01,8.148
2008-03-02,8.134
2008-03-03,8.128
2008-03-04,8.125
2008-03-05,8.124
2008-03-06,8.116
2008-03-07,8.107
2008-03-08,8.103
2008-03-09,8.098
2008-03-10,8.089
2008-03-11,8.077
2008-03-12,8.07
2008-03-13,8.06
2008-03-14,8.048
2008-03-15,8.036
2008-03-16,8.028
2008-03-17,8.015
2008-03-18,8.007
2008-03-19,8.004
2008-03-20,7.994
2008-03-21,7.984
2008-03-22,7.974
2008-03-23,7.963
2008-03-24,7.953
2008-03-25,7.95
2008-03-26,7.952
2008-03-27,7.947
2008-03-28,7.94
2008-03-29,7.931
2008-03-30,7.924
2008-03-31,7.964
2008-04-01,8.08
2008-04-02,8.123
2008-04-03,8.172
2008-04-04,8.223
2008-04-05,8.259
2008-04-06,8.298
2008-04-07,8.338
2008-04-08,8.386
2008-04-09,8.454
2008-04-10,8.523
2008-04-11,8.601
2008-04-12,8.726
2008-04-13,8.809
2008-04-14,8.871
2008-04-15,8.826
2008-04-16,8.783
2008-04-17,8.812
2008-04-18,8.85
2008-04-19,8.897
2008-04-20,8.944
2008-04-21,8.969
2008-04-22,8.997
2008-04-23,8.988
2008-04-24,8.984
2008-04-25,8.965
2008-04-26,8.961
2008-04-27,8.935
2008-04-28,8.928
2008-04-29,8.91
2008-04-30,8.885
2008-05-01,8.866
2008-05-02,8.843
2008-05-03,8.83
2008-05-04,8.835
2008-05-05,8.826
2008-05-06,8.813
2008-05-07,8.775
2008-05-08,8.73
2008-05-09,8.728
2008-05-10,8.726
2008-05-11,8.718
2008-05-12,8.603
2008-05-13,8.439
2008-05-14,8.43
2008-05-15,8.417
2008-05-16,8.328
2008-05-17,8.225
2008-05-18,8.222
2008-05-19,8.225
2008-05-20,8.219
2008-05-21,8.217
2008-05-22,8.217
2008-05-23,8.152
2008-05-24,8.088
2008-05-25,8.076
2008-05-26,8.076
2008-05-27,8.076
2008-05-28,8.059
2008-05-29,7.87
2008-05-30,7.743
2008-05-31,7.757
2008-06-01,7.755
2008-06-02,7.754
2008-06-03,7.754
2008-06-04,7.752
2008-06-05,7.756
2008-06-06,8.017
2008-06-07,8.317
2008-06-08,8.318
2008-06-09,8.325
2008-06-10,8.33
2008-06-11,8.324
2008-06-12,8.312
2008-06-13,8.297
2008-06-14,8.321
2008-06-15,8.34
2008-06-16,8.489
2008-06-17,8.712
2008-06-18,8.709
2008-06-19,8.7
2008-06-20,8.581
2008-06-21,8.495
2008-06-22,8.488
2008-06-23,8.464
2008-06-24,8.265
2008-06-25,8.129
2008-06-26,8.122
2008-06-27,8.112
2008-06-28,8.119
2008-06-29,8.155
2008-06-30,8.172
2008-07-01,8.196
2008-07-02,8.361
2008-07-03,8.525
2008-07-04,8.413
2008-07-05,8.29
2008-07-06,8.272
2008-07-07,8.255
2008-07-08,8.244
2008-07-09,8.227
2008-07-10,8.042
2008-07-11,7.916
2008-07-12,7.897
2008-07-13,7.874
2008-07-14,7.863
2008-07-15,7.777
2008-07-16,7.681
2008-07-17,7.59
2008-07-18,7.47
2008-07-19,7.48
2008-07-20,7.491
2008-07-21,7.651
2008-07-22,7.831
2008-07-23,7.831
2008-07-24,7.826
2008-07-25,7.817
2008-07-26,7.81
2008-07-27,7.799
2008-07-28,7.797
2008-07-29,7.791
2008-07-30,7.791
2008-07-31,7.797
2008-08-01,7.796
2008-08-02,7.794
2008-08-03,7.785
2008-08-04,7.774
2008-08-05,7.673
2008-08-06,7.6
2008-08-07,7.616
2008-08-08,7.74
2008-08-09,7.827
2008-08-10,7.872
2008-08-11,8.083
2008-08-12,8.236
2008-08-13,8.236
2008-08-14,8.22
2008-08-15,8.207
2008-08-16,8.198
2008-08-17,8.182
2008-08-18,8.037
2008-08-19,7.899
2008-08-20,7.886
2008-08-21,7.882
2008-08-22,7.876
2008-08-23,7.868
2008-08-24,7.861
2008-08-25,7.857
2008-08-26,7.843
2008-08-27,7.834
2008-08-28,7.728
2008-08-29,7.622
2008-08-30,7.619
2008-08-31,7.616
2008-09-01,7.612
2008-09-02,7.609
2008-09-03,7.606
2008-09-04,7.605
2008-09-05,7.528
2008-09-06,7.409
2008-09-07,7.409
2008-09-08,7.41
2008-09-09,7.418
2008-09-10,7.418
2008-09-11,7.424
2008-09-12,7.418
2008-09-13,7.421
2008-09-14,7.436
2008-09-15,7.742
2008-09-16,8.033
2008-09-17,8.017
2008-09-18,8.006
2008-09-19,7.845
2008-09-20,7.732
2008-09-21,7.738
2008-09-22,7.737
2008-09-23,7.804
2008-09-24,7.884
2008-09-25,7.878
2008-09-26,7.871
2008-09-27,7.865
2008-09-28,7.861
2008-09-29,7.85
2008-09-30,7.847
2008-10-01,7.843
2008-10-02,7.833
2008-10-03,7.822
2008-10-04,7.814
2008-10-05,7.805
2008-10-06,7.798
2008-10-07,7.788
2008-10-08,7.725
2008-10-09,7.645
2008-10-10,7.54
2008-10-11,7.383
2008-10-12,7.386
2008-10-13,7.388
2008-10-14,7.389
2008-10-15,7.496
2008-10-16,7.614
2008-10-17,7.611
2008-10-18,7.608
2008-10-19,7.602
2008-10-20,7.601
2008-10-21,7.619
2008-10-22,7.611
2008-10-23,7.6
2008-10-24,7.519
2008-10-25,7.417
2008-10-26,7.421
2008-10-27,7.432
2008-10-28,7.441
2008-10-29,7.441
2008-10-30,7.443
2008-10-31,7.446
2008-11-01,7.455
2008-11-02,7.456
2008-11-03,7.463
2008-11-04,7.469
2008-11-05,7.475
2008-11-06,7.48
2008-11-07,7.484
2008-11-08,7.498
2008-11-09,7.505
2008-11-10,7.517
2008-11-11,7.527
2008-11-12,7.532
2008-11-13,7.553
2008-11-14,7.692
2008-11-15,7.935
2008-11-16,7.966
2008-11-17,8.027
2008-11-18,8.081
2008-11-19,8.08
2008-11-20,8.078
2008-11-21,8.068
2008-11-22,8.057
2008-11-23,8.047
2008-11-24,8.041
2008-11-25,8.037
2008-11-26,8.086
2008-11-27,8.17
2008-11-28,8.154
2008-11-29,8.137
2008-11-30,8.123
2008-12-01,8.113
2008-12-02,8.099
2008-12-03,8.084
2008-12-04,8.075
2008-12-05,8.005
2008-12-06,7.934
2008-12-07,7.935
2008-12-08,7.925
2008-12-09,7.932
2008-12-10,7.939
2008-12-11,7.931
2008-12-12,7.925
2008-12-13,7.92
2008-12-14,7.923
2008-12-15,7.934
2008-12-16,7.957
2008-12-17,8.074
2008-12-18,8.222
2008-12-19,8.224
2008-12-20,8.208
2008-12-21,8.198
2008-12-22,8.185
2008-12-23,8.174
2008-12-24,8.172
2008-12-25,8.174
2008-12-26,8.171
2008-12-27,8.179
2008-12-28,8.227
2008-12-29,8.496
2008-12-30,8.716
2008-12-31,8.759
2009-01-01,8.779
2009-01-02,8.785
2009-01-03,8.781
2009-01-04,8.771
2009-01-05,8.75
2009-01-06,8.732
2009-01-07,8.716
2009-01-08,8.691
2009-01-09,8.668
2009-01-10,8.643
2009-01-11,8.615
2009-01-12,8.587
2009-01-13,8.513
2009-01-14,8.392
2009-01-15,8.363
2009-01-16,8.335
2009-01-17,8.313
2009-01-18,8.293
2009-01-19,8.189
2009-01-20,8.024
2009-01-21,8.018
2009-01-22,8.013
2009-01-23,8.008
2009-01-24,8.003
2009-01-25,7.998
2009-01-26,7.991
2009-01-27,7.982
2009-01-28,7.979
2009-01-29,7.973
2009-01-30,7.966
2009-01-31,7.961
2009-02-01,7.951
2009-02-02,7.944
2009-02-03,7.939
2009-02-04,7.931
2009-02-05,7.923
2009-02-06,7.913
2009-02-07,7.902
2009-02-08,7.892
2009-02-09,7.885
2009-02-10,7.914
2009-02-11,7.96
2009-02-12,7.979
2009-02-13,7.982
2009-02-14,7.982
2009-02-15,7.982
2009-02-16,7.981
2009-02-17,7.979
2009-02-18,7.978
2009-02-19,7.974
2009-02-20,8.039
2009-02-21,8.096
2009-02-22,8.086
2009-02-23,8.072
2009-02-24,8.056
2009-02-25,8.045
2009-02-26,8.041
2009-02-27,8.048
2009-02-28,8.046
2009-03-01,8.038
2009-03-02,8.035
2009-03-03,8.025
2009-03-04,8.08
2009-03-05,8.148
2009-03-06,8.129
2009-03-07,8.115
2009-03-08,8.105
2009-03-09,8.103
2009-03-10,8.137
2009-03-11,8.174
2009-03-12,8.179
2009-03-13,8.177
2009-03-14,8.172
2009-03-15,8.168
2009-03-16,8.162
2009-03-17,8.192
2009-03-18,8.245
2009-03-19,8.249
2009-03-20,8.249
2009-03-21,8.245
2009-03-22,8.241
2009-03-23,8.232
2009-03-24,8.222
2009-03-25,8.213
2009-03-26,8.204
2009-03-27,8.203
2009-03-28,8.207
2009-03-29,8.237
2009-03-30,8.288
2009-03-31,8.324
2009-04-01,8.358
2009-04-02,8.393
2009-04-03,8.45
2009-04-04,8.582
2009-04-05,8.682
2009-04-06,8.713
2009-04-07,8.69
2009-04-08,8.711
2009-04-09,8.728
2009-04-10,8.748
2009-04-11,8.748
2009-04-12,8.74
2009-04-13,8.728
2009-04-14,8.594
2009-04-15,8.4
2009-04-16,8.22
2009-04-17,8.082
2009-04-18,8.093
2009-04-19,8.111
2009-04-20,8.125
2009-04-21,8.141
2009-04-22,8.156
2009-04-23,8.167
2009-04-24,8.181
2009-04-25,8.196
2009-04-26,8.224
2009-04-27,8.306
2009-04-28,8.387
2009-04-29,8.398
2009-04-30,8.516
2009-05-01,8.621
2009-05-02,8.624
2009-05-03,8.618
2009-05-04,8.609
2009-05-05,8.597
2009-05-06,8.579
2009-05-07,8.559
2009-05-08,8.546
2009-05-09,8.542
2009-05-10,8.539
2009-05-11,8.52
2009-05-12,8.411
2009-05-13,8.334
2009-05-14,8.336
2009-05-15,8.341
2009-05-16,8.332
2009-05-17,8.324
2009-05-18,8.312
2009-05-19,8.163
2009-05-20,7.985
2009-05-21,7.983
2009-05-22,7.989
2009-05-23,7.985
2009-05-24,7.979
2009-05-25,7.973
2009-05-26,7.958
2009-05-27,7.953
2009-05-28,7.957
2009-05-29,7.952
2009-05-30,7.949
2009-05-31,7.943
2009-06-01,7.876
2009-06-02,7.782
2009-06-03,7.778
2009-06-04,7.777
2009-06-05,7.772
2009-06-06,7.762
2009-06-07,7.757
2009-06-08,7.692
2009-06-09,7.65
2009-06-10,7.657
2009-06-11,7.662
2009-06-12,7.661
2009-06-13,7.655
2009-06-14,7.645
2009-06-15,7.583
2009-06-16,7.487
2009-06-17,7.488
2009-06-18,7.489
2009-06-19,7.484
2009-06-20,7.488
2009-06-21,7.491
2009-06-22,7.491
2009-06-23,7.488
2009-06-24,7.484
2009-06-25,7.477
2009-06-26,7.483
2009-06-27,7.478
2009-06-28,7.473
2009-06-29,7.478
2009-06-30,7.487
2009-07-01,7.501
2009-07-02,7.631
2009-07-03,7.782
2009-07-04,7.787
2009-07-05,7.776
2009-07-06,7.764
2009-07-07,7.763
2009-07-08,7.9
2009-07-09,8.005
2009-07-10,7.838
2009-07-11,7.731
2009-07-12,7.73
2009-07-13,7.725
2009-07-14,7.716
2009-07-15,7.707
2009-07-16,7.704
2009-07-17,7.701
2009-07-18,7.703
2009-07-19,7.694
2009-07-20,7.69
2009-07-21,7.683
2009-07-22,7.676
2009-07-23,7.687
2009-07-24,7.885
2009-07-25,8.024
2009-07-26,8.026
2009-07-27,8.015
2009-07-28,7.916
2009-07-29,7.833
2009-07-30,7.843
2009-07-31,7.85
2009-08-01,7.847
2009-08-02,7.838
2009-08-03,7.835
2009-08-04,7.827
2009-08-05,7.822
2009-08-06,7.814
2009-08-07,7.81
2009-08-08,7.798
2009-08-09,7.793
2009-08-10,7.787
2009-08-11,7.778
2009-08-12,7.769
2009-08-13,7.597
2009-08-14,7.457
2009-08-15,7.459
2009-08-16,7.461
2009-08-17,7.46
2009-08-18,7.461
2009-08-19,7.467
2009-08-20,7.595
2009-08-21,7.864
2009-08-22,7.974
2009-08-23,7.962
2009-08-24,7.859
2009-08-25,7.724
2009-08-26,7.726
2009-08-27,7.712
2009-08-28,7.564
2009-08-29,7.465
2009-08-30,7.47
2009-08-31,7.469
2009-09-01,7.552
2009-09-02,7.68
2009-09-03,7.676
2009-09-04,7.603
2009-09-05,7.552
2009-09-06,7.551
2009-09-07,7.55
2009-09-08,7.55
2009-09-09,7.633
2009-09-10,7.765
2009-09-11,7.754
2009-09-12,7.74
2009-09-13,7.731
2009-09-14,7.717
2009-09-15,7.631
2009-09-16,7.503
2009-09-17,7.424
2009-09-18,7.357
2009-09-19,7.356
2009-09-20,7.356
2009-09-21,7.356
2009-09-22,7.356
2009-09-23,7.515
2009-09-24,7.659
2009-09-25,7.805
2009-09-26,7.943
2009-09-27,7.923
2009-09-28,7.918
2009-09-29,7.992
2009-09-30,8.07
2009-10-01,8.048
2009-10-02,7.991
2009-10-03,7.908
2009-10-04,7.905
2009-10-05,7.905
2009-10-06,7.904
2009-10-07,7.914
2009-10-08,7.912
2009-10-09,7.921
2009-10-10,7.93
2009-10-11,7.931
2009-10-12,7.933
2009-10-13,7.936
2009-10-14,7.998
2009-10-15,8.041
2009-10-16,7.966
2009-10-17,7.891
2009-10-18,7.874
2009-10-19,7.784
2009-10-20,7.649
2009-10-21,7.652
2009-10-22,7.66
2009-10-23,7.665
2009-10-24,7.663
2009-10-25,7.671
2009-10-26,7.557
2009-10-27,7.412
2009-10-28,7.548
2009-10-29,7.65
2009-10-30,7.672
2009-10-31,7.709
2009-11-01,7.752
2009-11-02,7.781
2009-11-03,7.979
2009-11-04,8.121
2009-11-05,8.124
2009-11-06,8.125
2009-11-07,8.118
2009-11-08,8.114
2009-11-09,7.972
2009-11-10,7.841
2009-11-11,7.844
2009-11-12,7.846
2009-11-13,7.846
2009-11-14,7.845
2009-11-15,7.841
2009-11-16,7.807
2009-11-17,7.731
2009-11-18,7.727
2009-11-19,7.726
2009-11-20,7.864
2009-11-21,8.038
2009-11-22,8.075
2009-11-23,8.227
2009-11-24,8.483
2009-11-25,8.396
2009-11-26,8.335
2009-11-27,8.334
2009-11-28,8.328
2009-11-29,8.324
2009-11-30,8.319
2009-12-01,8.242
2009-12-02,8.182
2009-12-03,8.186
2009-12-04,8.185
2009-12-05,8.186
2009-12-06,8.181
2009-12-07,8.182
2009-12-08,8.221
2009-12-09,8.301
2009-12-10,8.286
2009-12-11,8.294
2009-12-12,8.284
2009-12-13,8.272
2009-12-14,8.259
2009-12-15,8.245
2009-12-16,8.226
2009-12-17,8.169
2009-12-18,8.075
2009-12-19,8.066
2009-12-20,8.056
2009-12-21,8.049
2009-12-22,8.04
2009-12-23,8.031
2009-12-24,8.022
2009-12-25,8.017
2009-12-26,8.023
2009-12-27,8.021
2009-12-28,8.018
2009-12-29,8.013
2009-12-30,8.005
2009-12-31,8
2010-01-01,7.996
2010-01-02,7.991
2010-01-03,7.98
2010-01-04,7.972
2010-01-05,7.9
2010-01-06,7.804
2010-01-07,7.805
2010-01-08,7.807
2010-01-09,7.801
2010-01-10,7.794
2010-01-11,7.792
2010-01-12,7.789
2010-01-13,7.784
2010-01-14,7.78
2010-01-15,7.773
2010-01-16,7.765
2010-01-17,7.758
2010-01-18,7.748
2010-01-19,7.744
2010-01-20,7.739
2010-01-21,7.731
2010-01-22,7.725
2010-01-23,7.718
2010-01-24,7.713
2010-01-25,7.789
2010-01-26,7.903
2010-01-27,7.906
2010-01-28,7.908
2010-01-29,7.904
2010-01-30,7.897
2010-01-31,7.891
2010-02-01,7.887
2010-02-02,7.882
2010-02-03,7.874
2010-02-04,7.868
2010-02-05,7.862
2010-02-06,7.855
2010-02-07,7.846
2010-02-08,7.837
2010-02-09,7.831
2010-02-10,7.826
2010-02-11,7.817
2010-02-12,7.81
2010-02-13,7.802
2010-02-14,7.796
2010-02-15,7.791
2010-02-16,7.786
2010-02-17,7.78
2010-02-18,7.817
2010-02-19,7.885
2010-02-20,7.879
2010-02-21,7.873
2010-02-22,7.869
2010-02-23,7.933
2010-02-24,8.031
2010-02-25,8.02
2010-02-26,8.009
2010-02-27,7.997
2010-02-28,7.984
2010-03-01,7.972
2010-03-02,7.968
2010-03-03,7.974
2010-03-04,7.958
2010-03-05,7.942
2010-03-06,7.927
2010-03-07,7.913
2010-03-08,7.948
2010-03-09,8.016
2010-03-10,8
2010-03-11,7.988
2010-03-12,7.977
2010-03-13,7.976
2010-03-14,7.982
2010-03-15,7.991
2010-03-16,8.002
2010-03-17,7.887
2010-03-18,7.743
2010-03-19,7.65
2010-03-20,7.496
2010-03-21,7.512
2010-03-22,7.451
2010-03-23,7.4
2010-03-24,7.378
2010-03-25,7.362
2010-03-26,7.377
2010-03-27,7.388
2010-03-28,7.403
2010-03-29,7.422
2010-03-30,7.434
2010-03-31,7.447
2010-04-01,7.427
2010-04-02,7.405
2010-04-03,7.412
2010-04-04,7.42
2010-04-05,7.43
2010-04-06,7.444
2010-04-07,7.469
2010-04-08,7.491
2010-04-09,7.509
2010-04-10,7.529
2010-04-11,7.545
2010-04-12,7.562
2010-04-13,7.576
2010-04-14,7.591
2010-04-15,7.606
2010-04-16,7.618
2010-04-17,7.638
2010-04-18,7.656
2010-04-19,7.662
2010-04-20,7.669
2010-04-21,7.588
2010-04-22,7.523
2010-04-23,7.522
2010-04-24,7.525
2010-04-25,7.534
2010-04-26,7.537
2010-04-27,7.513
2010-04-28,7.466
2010-04-29,7.465
2010-04-30,7.468
2010-05-01,7.477
2010-05-02,7.49
2010-05-03,7.499
2010-05-04,7.5
2010-05-05,7.508
2010-05-06,7.513
2010-05-07,7.609
2010-05-08,7.721
2010-05-09,7.716
2010-05-10,7.71
2010-05-11,7.703
2010-05-12,7.701
2010-05-13,7.653
2010-05-14,7.582
2010-05-15,7.59
2010-05-16,7.597
2010-05-17,7.602
2010-05-18,7.604
2010-05-19,7.599
2010-05-20,7.594
2010-05-21,7.593
2010-05-22,7.581
2010-05-23,7.578
2010-05-24,7.574
2010-05-25,7.57
2010-05-26,7.563
2010-05-27,7.51
2010-05-28,7.451
2010-05-29,7.453
2010-05-30,7.442
2010-05-31,7.438
2010-06-01,7.434
2010-06-02,7.414
2010-06-03,7.398
2010-06-04,7.397
2010-06-05,7.396
2010-06-06,7.402
2010-06-07,7.398
2010-06-08,7.396
2010-06-09,7.395
2010-06-10,7.394
2010-06-11,7.395
2010-06-12,7.418
2010-06-13,7.422
2010-06-14,7.424
2010-06-15,7.604
2010-06-16,7.749
2010-06-17,7.755
2010-06-18,7.744
2010-06-19,7.737
2010-06-20,7.742
2010-06-21,7.733
2010-06-22,7.744
2010-06-23,7.761
2010-06-24,8.062
2010-06-25,8.306
2010-06-26,8.304
2010-06-27,8.297
2010-06-28,8.279
2010-06-29,8.266
2010-06-30,8.249
2010-07-01,8.236
2010-07-02,8.108
2010-07-03,7.83
2010-07-04,7.833
2010-07-05,7.832
2010-07-06,7.83
2010-07-07,7.819
2010-07-08,7.811
2010-07-09,7.816
2010-07-10,7.807
2010-07-11,7.792
2010-07-12,7.783
2010-07-13,7.679
2010-07-14,7.597
2010-07-15,7.59
2010-07-16,7.586
2010-07-17,7.581
2010-07-18,7.584
2010-07-19,7.609
2010-07-20,7.61
2010-07-21,7.677
2010-07-22,7.725
2010-07-23,7.721
2010-07-24,7.719
2010-07-25,7.727
2010-07-26,7.717
2010-07-27,7.713
2010-07-28,7.702
2010-07-29,7.542
2010-07-30,7.412
2010-07-31,7.412
2010-08-01,7.414
2010-08-02,7.415
2010-08-03,7.417
2010-08-04,7.418
2010-08-05,7.414
2010-08-06,7.415
2010-08-07,7.404
2010-08-08,7.421
2010-08-09,7.619
2010-08-10,7.765
2010-08-11,7.751
2010-08-12,7.734
2010-08-13,7.629
2010-08-14,7.543
2010-08-15,7.537
2010-08-16,7.535
2010-08-17,7.53
2010-08-18,7.527
2010-08-19,7.527
2010-08-20,7.477
2010-08-21,7.445
2010-08-22,7.467
2010-08-23,7.617
2010-08-24,7.727
2010-08-25,7.717
2010-08-26,7.667
2010-08-27,7.579
2010-08-28,7.574
2010-08-29,7.573
2010-08-30,7.571
2010-08-31,7.567
2010-09-01,7.561
2010-09-02,7.572
2010-09-03,7.579
2010-09-04,7.579
2010-09-05,7.582
2010-09-06,7.58
2010-09-07,7.67
2010-09-08,7.821
2010-09-09,7.897
2010-09-10,7.943
2010-09-11,7.92
2010-09-12,7.9
2010-09-13,7.79
2010-09-14,7.7
2010-09-15,7.7
2010-09-16,7.707
2010-09-17,7.708
2010-09-18,7.701
2010-09-19,7.703
2010-09-20,7.701
2010-09-21,7.703
2010-09-22,7.825
2010-09-23,7.912
2010-09-24,7.972
2010-09-25,8.025
2010-09-26,8.032
2010-09-27,8.027
2010-09-28,8.121
2010-09-29,8.182
2010-09-30,8.183
2010-10-01,8.219
2010-10-02,8.252
2010-10-03,8.243
2010-10-04,8.179
2010-10-05,8.103
2010-10-06,8.095
2010-10-07,8.085
2010-10-08,8.07
2010-10-09,8.068
2010-10-10,8.051
2010-10-11,8.043
2010-10-12,7.941
2010-10-13,7.82
2010-10-14,7.825
2010-10-15,7.759
2010-10-16,7.643
2010-10-17,7.636
2010-10-18,7.631
2010-10-19,7.526
2010-10-20,7.409
2010-10-21,7.413
2010-10-22,7.411
2010-10-23,7.415
2010-10-24,7.427
2010-10-25,7.439
2010-10-26,7.457
2010-10-27,7.467
2010-10-28,7.483
2010-10-29,7.64
2010-10-30,7.86
2010-10-31,7.869
2010-11-01,7.867
2010-11-02,7.865
2010-11-03,7.865
2010-11-04,7.87
2010-11-05,7.933
2010-11-06,8.009
2010-11-07,8.004
2010-11-08,7.936
2010-11-09,7.869
2010-11-10,7.866
2010-11-11,7.863
2010-11-12,7.859
2010-11-13,7.858
2010-11-14,7.852
2010-11-15,7.847
2010-11-16,7.849
2010-11-17,7.864
2010-11-18,7.863
2010-11-19,7.863
2010-11-20,7.863
2010-11-21,7.866
2010-11-22,7.866
2010-11-23,7.903
2010-11-24,7.987
2010-11-25,8.086
2010-11-26,8.106
2010-11-27,8.156
2010-11-28,8.169
2010-11-29,8.241
2010-11-30,8.464
2010-12-01,8.598
2010-12-02,8.731
2010-12-03,8.791
2010-12-04,8.818
2010-12-05,8.804
2010-12-06,8.787
2010-12-07,8.761
2010-12-08,8.733
2010-12-09,8.699
2010-12-10,8.603
2010-12-11,8.463
2010-12-12,8.463
2010-12-13,8.457
2010-12-14,8.433
2010-12-15,8.412
2010-12-16,8.393
2010-12-17,8.375
2010-12-18,8.365
2010-12-19,8.352
2010-12-20,8.334
2010-12-21,8.315
2010-12-22,8.178
2010-12-23,8.067
2010-12-24,8.056
2010-12-25,8.045
2010-12-26,8.032
2010-12-27,8.014
2010-12-28,7.998
2010-12-29,7.988
2010-12-30,7.978
2010-12-31,7.969
2011-01-01,7.982
2011-01-02,8.005
2011-01-03,8.02
2011-01-04,8.035
2011-01-05,8.044
2011-01-06,8.049
2011-01-07,8.053
2011-01-08,8.053
2011-01-09,8.049
2011-01-10,8.045
2011-01-11,8.042
2011-01-12,8.035
2011-01-13,8.026
2011-01-14,8.02
2011-01-15,8.016
2011-01-16,8.009
2011-01-17,8.003
2011-01-18,8.01
2011-01-19,8.016
2011-01-20,8
2011-01-21,7.99
2011-01-22,7.99
2011-01-23,7.991
2011-01-24,7.991
2011-01-25,7.988
2011-01-26,7.985
2011-01-27,8.051
2011-01-28,8.105
2011-01-29,8.09
2011-01-30,8.074
2011-01-31,8.059
2011-02-01,8.045
2011-02-02,8.041
2011-02-03,8.024
2011-02-04,8.011
2011-02-05,7.999
2011-02-06,7.985
2011-02-07,7.977
2011-02-08,7.966
2011-02-09,7.957
2011-02-10,7.949
2011-02-11,7.941
2011-02-12,7.931
2011-02-13,7.922
2011-02-14,7.914
2011-02-15,7.905
2011-02-16,7.896
2011-02-17,7.904
2011-02-18,7.919
2011-02-19,7.916
2011-02-20,7.908
2011-02-21,7.9
2011-02-22,7.887
2011-02-23,7.876
2011-02-24,7.866
2011-02-25,7.858
2011-02-26,7.848
2011-02-27,7.842
2011-02-28,7.837
2011-03-01,7.829
2011-03-02,7.821
2011-03-03,7.862
2011-03-04,7.899
2011-03-05,7.906
2011-03-06,7.911
2011-03-07,7.898
2011-03-08,7.888
2011-03-09,7.923
2011-03-10,7.97
2011-03-11,7.966
2011-03-12,7.954
2011-03-13,7.946
2011-03-14,7.936
2011-03-15,7.927
2011-03-16,7.919
2011-03-17,7.913
2011-03-18,7.948
2011-03-19,8.001
2011-03-20,8
2011-03-21,8.002
2011-03-22,8.001
2011-03-23,7.999
2011-03-24,8.029
2011-03-25,8.05
2011-03-26,8.042
2011-03-27,8.032
2011-03-28,8.02
2011-03-29,8.01
2011-03-30,8.001
2011-03-31,7.991
2011-04-01,7.983
2011-04-02,7.975
2011-04-03,7.969
2011-04-04,7.921
2011-04-05,7.885
2011-04-06,7.837
2011-04-07,7.781
2011-04-08,7.79
2011-04-09,7.798
2011-04-10,7.816
2011-04-11,7.704
2011-04-12,7.475
2011-04-13,7.526
2011-04-14,7.598
2011-04-15,7.803
2011-04-16,8.008
2011-04-17,8.059
2011-04-18,8.002
2011-04-19,7.922
2011-04-20,7.994
2011-04-21,8.034
2011-04-22,8.07
2011-04-23,8.107
2011-04-24,8.144
2011-04-25,8.17
2011-04-26,8.196
2011-04-27,8.236
2011-04-28,8.453
2011-04-29,8.712
2011-04-30,8.807
2011-05-01,8.83
2011-05-02,8.845
2011-05-03,8.845
2011-05-04,8.816
2011-05-05,8.77
2011-05-06,8.732
2011-05-07,8.698
2011-05-08,8.656
2011-05-09,8.507
2011-05-10,8.264
2011-05-11,8.161
2011-05-12,8.138
2011-05-13,8.115
2011-05-14,8.122
2011-05-15,8.144
2011-05-16,8.128
2011-05-17,8.118
2011-05-18,8.106
2011-05-19,8.026
2011-05-20,7.974
2011-05-21,7.975
2011-05-22,7.972
2011-05-23,7.992
2011-05-24,8.028
2011-05-25,8.241
2011-05-26,8.505
2011-05-27,8.586
2011-05-28,8.677
2011-05-29,8.679
2011-05-30,8.673
2011-05-31,8.566
2011-06-01,8.488
2011-06-02,8.471
2011-06-03,8.346
2011-06-04,8.281
2011-06-05,8.269
2011-06-06,8.247
2011-06-07,8.058
2011-06-08,7.926
2011-06-09,7.926
2011-06-10,7.919
2011-06-11,7.905
2011-06-12,7.891
2011-06-13,7.75
2011-06-14,7.509
2011-06-15,7.513
2011-06-16,7.518
2011-06-17,7.524
2011-06-18,7.534
2011-06-19,7.533
2011-06-20,7.534
2011-06-21,7.538
2011-06-22,7.544
2011-06-23,7.546
2011-06-24,7.647
2011-06-25,7.707
2011-06-26,7.714
2011-06-27,7.804
2011-06-28,7.883
2011-06-29,7.887
2011-06-30,7.891
2011-07-01,7.881
2011-07-02,7.866
2011-07-03,7.859
2011-07-04,7.718
2011-07-05,7.613
2011-07-06,7.63
2011-07-07,7.638
2011-07-08,7.63
2011-07-09,7.627
2011-07-10,7.61
2011-07-11,7.605
2011-07-12,7.599
2011-07-13,7.598
2011-07-14,7.579
2011-07-15,7.571
2011-07-16,7.561
2011-07-17,7.548
2011-07-18,7.571
2011-07-19,7.572
2011-07-20,7.503
2011-07-21,7.444
2011-07-22,7.443
2011-07-23,7.441
2011-07-24,7.44
2011-07-25,7.452
2011-07-26,7.449
2011-07-27,7.446
2011-07-28,7.44
2011-07-29,7.438
2011-07-30,7.438
2011-07-31,7.43
2011-08-01,7.424
2011-08-02,7.421
2011-08-03,7.431
2011-08-04,7.432
2011-08-05,7.427
2011-08-06,7.422
2011-08-07,7.423
2011-08-08,7.427
2011-08-09,7.428
2011-08-10,7.426
2011-08-11,7.426
2011-08-12,7.422
2011-08-13,7.423
2011-08-14,7.447
2011-08-15,7.439
2011-08-16,7.431
2011-08-17,7.423
2011-08-18,7.482
2011-08-19,7.528
2011-08-20,7.525
2011-08-21,7.53
2011-08-22,7.541
2011-08-23,7.552
2011-08-24,7.542
2011-08-25,7.569
2011-08-26,7.567
2011-08-27,7.564
2011-08-28,7.565
2011-08-29,7.526
2011-08-30,7.495
2011-08-31,7.497
2011-09-01,7.494
2011-09-02,7.487
2011-09-03,7.487
2011-09-04,7.487
2011-09-05,7.493
2011-09-06,7.484
2011-09-07,7.478
2011-09-08,7.474
2011-09-09,7.469
2011-09-10,7.468
2011-09-11,7.462
2011-09-12,7.459
2011-09-13,7.458
2011-09-14,7.458
2011-09-15,7.457
2011-09-16,7.454
2011-09-17,7.453
2011-09-18,7.451
2011-09-19,7.449
2011-09-20,7.451
2011-09-21,7.45
2011-09-22,7.45
2011-09-23,7.454
2011-09-24,7.454
2011-09-25,7.457
2011-09-26,7.519
2011-09-27,7.559
2011-09-28,7.561
2011-09-29,7.56
2011-09-30,7.591
2011-10-01,7.605
2011-10-02,7.591
2011-10-03,7.647
2011-10-04,7.725
2011-10-05,7.72
2011-10-06,7.707
2011-10-07,7.698
2011-10-08,7.691
2011-10-09,7.683
2011-10-10,7.676
2011-10-11,7.668
2011-10-12,7.664
2011-10-13,7.663
2011-10-14,7.734
2011-10-15,7.822
2011-10-16,7.835
2011-10-17,7.846
2011-10-18,7.853
2011-10-19,7.923
2011-10-20,8.012
2011-10-21,7.998
2011-10-22,7.982
2011-10-23,7.965
2011-10-24,7.852
2011-10-25,7.76
2011-10-26,7.76
2011-10-27,7.747
2011-10-28,7.681
2011-10-29,7.58
2011-10-30,7.578
2011-10-31,7.576
2011-11-01,7.573
2011-11-02,7.569
2011-11-03,7.572
2011-11-04,7.57
2011-11-05,7.564
2011-11-06,7.559
2011-11-07,7.551
2011-11-08,7.553
2011-11-09,7.553
2011-11-10,7.548
2011-11-11,7.555
2011-11-12,7.55
2011-11-13,7.55
2011-11-14,7.555
2011-11-15,7.559
2011-11-16,7.555
2011-11-17,7.557
2011-11-18,7.556
2011-11-19,7.554
2011-11-20,7.568
2011-11-21,7.568
2011-11-22,7.569
2011-11-23,7.567
2011-11-24,7.56
2011-11-25,7.56
2011-11-26,7.564
2011-11-27,7.573
2011-11-28,7.59
2011-11-29,7.633
2011-11-30,7.679
2011-12-01,7.711
2011-12-02,7.742
2011-12-03,7.757
2011-12-04,7.781
2011-12-05,7.836
2011-12-06,7.88
2011-12-07,8.02
2011-12-08,8.238
2011-12-09,8.232
2011-12-10,8.224
2011-12-11,8.207
2011-12-12,8.19
2011-12-13,8.172
2011-12-14,8.259
2011-12-15,8.378
2011-12-16,8.391
2011-12-17,8.395
2011-12-18,8.384
2011-12-19,8.374
2011-12-20,8.362
2011-12-21,8.265
2011-12-22,8.143
2011-12-23,8.144
2011-12-24,8.137
2011-12-25,8.127
2011-12-26,8.12
2011-12-27,8.116
2011-12-28,8.118
2011-12-29,8.103
2011-12-30,8.094
2011-12-31,8.086
2012-01-01,8.077
2012-01-02,8.081
2012-01-03,8.073
2012-01-04,8.055
2012-01-05,8.044
2012-01-06,8.036
2012-01-07,8.025
2012-01-08,8.015
2012-01-09,8
2012-01-10,7.997
2012-01-11,7.987
2012-01-12,7.984
2012-01-13,7.978
2012-01-14,7.967
2012-01-15,7.951
2012-01-16,7.938
2012-01-17,7.933
2012-01-18,7.932
2012-01-19,7.927
2012-01-20,7.925
2012-01-21,7.917
2012-01-22,7.908
2012-01-23,7.905
2012-01-24,7.909
2012-01-25,7.907
2012-01-26,7.904
2012-01-27,7.902
2012-01-28,7.901
2012-01-29,7.909
2012-01-30,7.907
2012-01-31,7.906
2012-02-01,7.899
2012-02-02,8
2012-02-03,8.086
2012-02-04,8.061
2012-02-05,8.034
2012-02-06,8.009
2012-02-07,7.993
2012-02-08,7.969
2012-02-09,7.949
2012-02-10,7.942
2012-02-11,7.942
2012-02-12,7.93
2012-02-13,7.919
2012-02-14,7.913
2012-02-15,7.905
2012-02-16,7.901
2012-02-17,7.894
2012-02-18,7.89
2012-02-19,7.882
2012-02-20,7.872
2012-02-21,7.867
2012-02-22,7.864
2012-02-23,7.953
2012-02-24,8.031
2012-02-25,8.021
2012-02-26,8.003
2012-02-27,7.984
2012-02-28,7.969
2012-02-29,7.957
2012-03-01,7.943
2012-03-02,7.928
2012-03-03,7.923
2012-03-04,7.929
2012-03-05,7.954
2012-03-06,8.023
2012-03-07,8.001
2012-03-08,7.996
2012-03-09,8.001
2012-03-10,8.001
2012-03-11,7.996
2012-03-12,7.997
2012-03-13,8.018
2012-03-14,8.05
2012-03-15,8.099
2012-03-16,8.169
2012-03-17,8.255
2012-03-18,8.343
2012-03-19,8.428
2012-03-20,8.501
2012-03-21,8.572
2012-03-22,8.619
2012-03-23,8.657
2012-03-24,8.672
2012-03-25,8.663
2012-03-26,8.549
2012-03-27,8.455
2012-03-28,8.45
2012-03-29,8.337
2012-03-30,8.138
2012-03-31,8.129
2012-04-01,8.121
2012-04-02,8.111
2012-04-03,7.887
2012-04-04,7.691
2012-04-05,7.693
2012-04-06,7.692
2012-04-07,7.69
2012-04-08,7.686
2012-04-09,7.682
2012-04-10,7.685
2012-04-11,7.688
2012-04-12,7.684
2012-04-13,7.681
2012-04-14,7.679
2012-04-15,7.678
2012-04-16,7.645
2012-04-17,7.6
2012-04-18,7.603
2012-04-19,7.602
2012-04-20,7.609
2012-04-21,7.617
2012-04-22,7.616
2012-04-23,7.618
2012-04-24,7.622
2012-04-25,7.627
2012-04-26,7.634
2012-04-27,7.642
2012-04-28,7.646
2012-04-29,7.651
2012-04-30,7.657
2012-05-01,7.662
2012-05-02,7.671
2012-05-03,7.689
2012-05-04,7.712
2012-05-05,7.727
2012-05-06,7.737
2012-05-07,7.745
2012-05-08,7.795
2012-05-09,7.87
2012-05-10,7.872
2012-05-11,7.865
2012-05-12,7.858
2012-05-13,7.855
2012-05-14,7.849
2012-05-15,7.842
2012-05-16,7.834
2012-05-17,7.764
2012-05-18,7.702
2012-05-19,7.694
2012-05-20,7.687
2012-05-21,7.68
2012-05-22,7.68
2012-05-23,7.671
2012-05-24,7.662
2012-05-25,7.652
2012-05-26,7.652
2012-05-27,7.647
2012-05-28,7.639
2012-05-29,7.631
2012-05-30,7.554
2012-05-31,7.482
2012-06-01,7.49
2012-06-02,7.503
2012-06-03,7.509
2012-06-04,7.519
2012-06-05,7.515
2012-06-06,7.516
2012-06-07,7.519
2012-06-08,7.52
2012-06-09,7.524
2012-06-10,7.527
2012-06-11,7.523
2012-06-12,7.527
2012-06-13,7.533
2012-06-14,7.53
2012-06-15,7.526
2012-06-16,7.521
2012-06-17,7.514
2012-06-18,7.519
2012-06-19,7.527
2012-06-20,7.524
2012-06-21,7.52
2012-06-22,7.52
2012-06-23,7.519
2012-06-24,7.516
2012-06-25,7.522
2012-06-26,7.509
2012-06-27,7.499
2012-06-28,7.494
2012-06-29,7.484
2012-06-30,7.479
2012-07-01,7.481
2012-07-02,7.478
2012-07-03,7.472
2012-07-04,7.468
2012-07-05,7.46
2012-07-06,7.442
2012-07-07,7.437
2012-07-08,7.435
2012-07-09,7.431
2012-07-10,7.428
2012-07-11,7.425
2012-07-12,7.422
2012-07-13,7.419
2012-07-14,7.417
2012-07-15,7.416
2012-07-16,7.411
2012-07-17,7.406
2012-07-18,7.407
2012-07-19,7.407
2012-07-20,7.406
2012-07-21,7.405
2012-07-22,7.405
2012-07-23,7.404
2012-07-24,7.4
2012-07-25,7.395
2012-07-26,7.395
2012-07-27,7.393
2012-07-28,7.392
2012-07-29,7.389
2012-07-30,7.391
2012-07-31,7.392
2012-08-01,7.391
2012-08-02,7.392
2012-08-03,7.391
2012-08-04,7.391
2012-08-05,7.39
2012-08-06,7.388
2012-08-07,7.384
2012-08-08,7.38
2012-08-09,7.378
2012-08-10,7.379
2012-08-11,7.381
2012-08-12,7.381
2012-08-13,7.38
2012-08-14,7.38
2012-08-15,7.38
2012-08-16,7.381
2012-08-17,7.38
2012-08-18,7.379
2012-08-19,7.378
2012-08-20,7.377
2012-08-21,7.377
2012-08-22,7.377
2012-08-23,7.376
2012-08-24,7.376
2012-08-25,7.376
2012-08-26,7.376
2012-08-27,7.376
2012-08-28,7.374
2012-08-29,7.374
2012-08-30,7.373
2012-08-31,7.372
2012-09-01,7.372
2012-09-02,7.371
2012-09-03,7.371
2012-09-04,7.373
2012-09-05,7.371
2012-09-06,7.37
2012-09-07,7.372
2012-09-08,7.376
2012-09-09,7.374
2012-09-10,7.374
2012-09-11,7.374
2012-09-12,7.374
2012-09-13,7.374
2012-09-14,7.375
2012-09-15,7.374
2012-09-16,7.374
2012-09-17,7.372
2012-09-18,7.374
2012-09-19,7.372
2012-09-20,7.373
2012-09-21,7.373
2012-09-22,7.372
2012-09-23,7.372
2012-09-24,7.371
2012-09-25,7.371
2012-09-26,7.37
2012-09-27,7.37
2012-09-28,7.37
2012-09-29,7.37
2012-09-30,7.371
2012-10-01,7.371
2012-10-02,7.369
2012-10-03,7.37
2012-10-04,7.41
2012-10-05,7.442
2012-10-06,7.445
2012-10-07,7.448
2012-10-08,7.447
2012-10-09,7.447
2012-10-10,7.549
2012-10-11,7.741
2012-10-12,7.746
2012-10-13,7.742
2012-10-14,7.763
2012-10-15,7.917
2012-10-16,8.089
2012-10-17,8.079
2012-10-18,8.007
2012-10-19,7.923
2012-10-20,7.917
2012-10-21,7.913
2012-10-22,7.909
2012-10-23,7.906
2012-10-24,7.897
2012-10-25,7.74
2012-10-26,7.636
2012-10-27,7.648
2012-10-28,7.66
2012-10-29,7.674
2012-10-30,7.777
2012-10-31,7.871
2012-11-01,7.884
2012-11-02,7.899
2012-11-03,7.914
2012-11-04,7.927
2012-11-05,7.931
2012-11-06,7.93
2012-11-07,7.936
2012-11-08,7.933
2012-11-09,7.932
2012-11-10,7.934
2012-11-11,7.944
2012-11-12,7.947
2012-11-13,7.979
2012-11-14,7.996
2012-11-15,8.006
2012-11-16,8.012
2012-11-17,8.012
2012-11-18,8.012
2012-11-19,8.008
2012-11-20,8.003
2012-11-21,7.996
2012-11-22,7.988
2012-11-23,7.982
2012-11-24,7.986
2012-11-25,7.981
2012-11-26,7.976
2012-11-27,7.967
2012-11-28,7.958
2012-11-29,7.952
2012-11-30,7.945
2012-12-01,7.93
2012-12-02,7.934
2012-12-03,7.948
2012-12-04,7.951
2012-12-05,7.963
2012-12-06,7.964
2012-12-07,7.966
2012-12-08,7.972
2012-12-09,7.978
2012-12-10,7.977
2012-12-11,7.975
2012-12-12,7.971
2012-12-13,7.969
2012-12-14,7.965
2012-12-15,7.962
2012-12-16,7.962
2012-12-17,8.029
2012-12-18,8.106
2012-12-19,8.095
2012-12-20,8.092
2012-12-21,8.09
2012-12-22,8.08
2012-12-23,8.071
2012-12-24,8.061
2012-12-25,8.05
2012-12-26,8.042
2012-12-27,8.036
2012-12-28,8.019
2012-12-29,8.007
2012-12-30,7.992
2012-12-31,7.977
2013-01-01,7.967
2013-01-02,7.96
2013-01-03,7.946
2013-01-04,7.929
2013-01-05,7.926
2013-01-06,7.922
2013-01-07,7.913
2013-01-08,7.902
2013-01-09,7.892
2013-01-10,7.886
2013-01-11,7.922
2013-01-12,7.974
2013-01-13,7.977
2013-01-14,7.988
2013-01-15,7.993
2013-01-16,7.995
2013-01-17,8.005
2013-01-18,8
2013-01-19,8.005
2013-01-20,8.02
2013-01-21,8.021
2013-01-22,8.015
2013-01-23,8.007
2013-01-24,7.998
2013-01-25,7.988
2013-01-26,7.979
2013-01-27,7.971
2013-01-28,7.972
2013-01-29,7.969
2013-01-30,7.989
2013-01-31,8.023
2013-02-01,8.054
2013-02-02,8.081
2013-02-03,8.103
2013-02-04,8.115
2013-02-05,8.127
2013-02-06,8.13
2013-02-07,8.135
2013-02-08,8.146
2013-02-09,8.142
2013-02-10,8.136
2013-02-11,8.134
2013-02-12,8.129
2013-02-13,8.126
2013-02-14,8.121
2013-02-15,8.205
2013-02-16,8.301
2013-02-17,8.282
2013-02-18,8.265
2013-02-19,8.253
2013-02-20,8.236
2013-02-21,8.221
2013-02-22,8.207
2013-02-23,8.193
2013-02-24,8.178
2013-02-25,8.162
2013-02-26,8.146
2013-02-27,8.134
2013-02-28,8.125
2013-03-01,8.111
2013-03-02,8.093
2013-03-03,8.076
2013-03-04,8.06
2013-03-05,8.047
2013-03-06,8.033
2013-03-07,8.017
2013-03-08,8.003
2013-03-09,7.991
2013-03-10,7.979
2013-03-11,8.06
2013-03-12,8.181
2013-03-13,8.179
2013-03-14,8.173
2013-03-15,8.169
2013-03-16,8.16
2013-03-17,8.149
2013-03-18,8.139
2013-03-19,8.132
2013-03-20,8.122
2013-03-21,8.113
2013-03-22,8.103
2013-03-23,8.092
2013-03-24,8.081
2013-03-25,8.102
2013-03-26,8.127
2013-03-27,8.113
2013-03-28,8.103
2013-03-29,8.093
2013-03-30,8.084
2013-03-31,8.08
2013-04-01,8.079
2013-04-02,8.076
2013-04-03,8.069
2013-04-04,8.056
2013-04-05,8.046
2013-04-06,8.034
2013-04-07,8.031
2013-04-08,8.035
2013-04-09,8.06
2013-04-10,7.998
2013-04-11,7.956
2013-04-12,7.988
2013-04-13,8.011
2013-04-14,8.028
2013-04-15,8.043
2013-04-16,8.081
2013-04-17,8.133
2013-04-18,8.23
2013-04-19,8.554
2013-04-20,9.01
2013-04-21,9.204
2013-04-22,9.319
2013-04-23,9.389
2013-04-24,9.424
2013-04-25,9.445
2013-04-26,9.448
2013-04-27,9.436
2013-04-28,9.41
2013-04-29,9.377
2013-04-30,9.275
2013-05-01,9.206
2013-05-02,9.15
2013-05-03,9.09
2013-05-04,9.027
2013-05-05,8.959
2013-05-06,8.788
2013-05-07,8.541
2013-05-08,8.51
2013-05-09,8.487
2013-05-10,8.355
2013-05-11,8.272
2013-05-12,8.265
2013-05-13,8.272
2013-05-14,8.273
2013-05-15,8.265
2013-05-16,8.254
2013-05-17,8.25
2013-05-18,8.243
2013-05-19,8.218
2013-05-20,8.203
2013-05-21,8.091
2013-05-22,8.025
2013-05-23,8.081
2013-05-24,8.295
2013-05-25,8.439
2013-05-26,8.439
2013-05-27,8.429
2013-05-28,8.484
2013-05-29,8.548
2013-05-30,8.579
2013-05-31,8.599
2013-06-01,8.592
2013-06-02,8.584
2013-06-03,8.569
2013-06-04,8.557
2013-06-05,8.488
2013-06-06,8.434
2013-06-07,8.425
2013-06-08,8.4
2013-06-09,8.376
2013-06-10,8.252
2013-06-11,8.087
2013-06-12,8.07
2013-06-13,8.062
2013-06-14,8.017
2013-06-15,7.894
2013-06-16,7.905
2013-06-17,7.757
2013-06-18,7.596
2013-06-19,7.594
2013-06-20,7.592
2013-06-21,7.591
2013-06-22,7.592
2013-06-23,7.592
2013-06-24,7.638
2013-06-25,7.712
2013-06-26,7.715
2013-06-27,7.717
2013-06-28,7.748
2013-06-29,7.794
2013-06-30,7.789
2013-07-01,7.786
2013-07-02,7.775
2013-07-03,7.658
2013-07-04,7.577
2013-07-05,7.577
2013-07-06,7.575
2013-07-07,7.572
2013-07-08,7.572
2013-07-09,7.58
2013-07-10,7.609
2013-07-11,7.645
2013-07-12,7.639
2013-07-13,7.63
2013-07-14,7.623
2013-07-15,7.482
2013-07-16,7.35
2013-07-17,7.345
2013-07-18,7.345
2013-07-19,7.356
2013-07-20,7.375
2013-07-21,7.376
2013-07-22,7.474
2013-07-23,7.551
2013-07-24,7.717
2013-07-25,7.807
2013-07-26,7.793
2013-07-27,7.779
2013-07-28,7.765
2013-07-29,7.76
2013-07-30,7.6
2013-07-31,7.471
2013-08-01,7.478
2013-08-02,7.475
2013-08-03,7.484
2013-08-04,7.486
2013-08-05,7.476
2013-08-06,7.47
2013-08-07,7.481
2013-08-08,7.5
2013-08-09,7.498
2013-08-10,7.489
2013-08-11,7.481
2013-08-12,7.475
2013-08-13,7.469
2013-08-14,7.467
2013-08-15,7.45
2013-08-16,7.451
2013-08-17,7.446
2013-08-18,7.44
2013-08-19,7.435
2013-08-20,7.429
2013-08-21,7.422
2013-08-22,7.429
2013-08-23,7.432
2013-08-24,7.422
2013-08-25,7.417
2013-08-26,7.458
2013-08-27,7.472
2013-08-28,7.475
2013-08-29,7.471
2013-08-30,7.47
2013-08-31,7.477
2013-09-01,7.471
2013-09-02,7.462
2013-09-03,7.457
2013-09-04,7.454
2013-09-05,7.613
2013-09-06,7.751
2013-09-07,7.745
2013-09-08,7.743
2013-09-09,7.728
2013-09-10,7.737
2013-09-11,7.737
2013-09-17,7.535
2013-09-18,7.428
2013-09-19,7.429
2013-09-20,7.431
2013-09-21,7.457
2013-09-22,7.477
2013-09-23,7.484
2013-09-24,7.61
2013-09-25,7.759
2013-09-26,7.856
2013-09-27,7.934
2013-09-28,7.922
2013-09-29,7.908
2013-09-30,7.902
2013-10-01,7.892
2013-10-02,7.876
2013-10-03,7.868
2013-10-04,7.866
2013-10-05,7.857
2013-10-06,7.86
2013-10-07,7.921
2013-10-08,7.956
2013-10-09,8.04
2013-10-10,8.136
2013-10-11,8.133
2013-10-12,8.129
2013-10-13,8.126
2013-10-14,8.121
2013-10-15,8.109
2013-10-16,8.11
2013-10-17,8.158
2013-10-18,8.224
2013-10-19,8.224
2013-10-20,8.22
2013-10-21,8.215
2013-10-22,8.229
2013-10-23,8.248
2013-10-24,8.254
2013-10-25,8.254
2013-10-26,8.263
2013-10-27,8.294
2013-10-28,8.417
2013-10-29,8.552
2013-10-30,8.534
2013-10-31,8.531
2013-11-01,8.575
2013-11-02,8.632
2013-11-03,8.653
2013-11-04,8.663
2013-11-05,8.652
2013-11-06,8.644
2013-11-07,8.649
2013-11-08,8.58
2013-11-09,8.525
2013-11-10,8.527
2013-11-11,8.53
2013-11-12,8.531
2013-11-13,8.518
2013-11-14,8.502
2013-11-15,8.492
2013-11-16,8.48
2013-11-17,8.48
2013-11-18,8.504
2013-11-19,8.537
2013-11-20,8.546
2013-11-21,8.544
2013-11-22,8.538
2013-11-23,8.528
2013-11-24,8.512
2013-11-25,8.491
2013-11-26,8.474
2013-11-27,8.399
2013-11-28,8.339
2013-11-29,8.325
2013-11-30,8.311
2013-12-01,8.306
2013-12-02,8.263
2013-12-03,8.202
2013-12-04,8.194
2013-12-05,8.178
2013-12-06,8.162
2013-12-07,8.149
2013-12-08,8.135
2013-12-09,8.03
2013-12-10,7.933
2013-12-11,7.943
2013-12-12,7.941
2013-12-13,7.942
2013-12-14,7.937
2013-12-15,7.933
2013-12-16,7.925
2013-12-17,7.921
2013-12-18,7.916
2013-12-19,7.913
2013-12-20,7.915
2013-12-21,7.914
2013-12-22,7.925
2013-12-23,7.921
2013-12-24,7.915
2013-12-25,7.911
2013-12-26,7.906
2013-12-27,7.902
2013-12-28,7.895
2013-12-29,7.89
2013-12-30,7.884
2013-12-31,7.938
2014-01-01,7.987
2014-01-02,7.975
2014-01-03,7.958
2014-01-04,7.944
2014-01-05,7.935
2014-01-06,7.937
2014-01-07,7.936
2014-01-08,7.933
2014-01-09,7.924
2014-01-10,7.914
2014-01-11,7.919
2014-01-12,7.921
2014-01-13,7.921
2014-01-14,7.92
2014-01-15,7.919
2014-01-16,7.92
2014-01-17,7.92
2014-01-18,7.917
2014-01-19,7.917
2014-01-20,7.917
2014-01-21,7.911
2014-01-22,7.905
2014-01-23,7.898
2014-01-24,7.892
2014-01-25,7.889
2014-01-26,7.887
2014-01-27,7.881
2014-01-28,7.876
2014-01-29,7.872
2014-01-30,7.869
2014-01-31,7.864
2014-02-01,7.862
2014-02-02,7.86
2014-02-03,7.896
2014-02-04,7.928
2014-02-05,7.917
2014-02-06,7.903
2014-02-07,7.89
2014-02-08,7.882
2014-02-09,7.873
2014-02-10,7.863
2014-02-11,7.855
2014-02-12,7.843
2014-02-13,7.829
2014-02-14,7.81
2014-02-15,7.8
2014-02-16,7.793
2014-02-17,7.786
2014-02-18,7.779
2014-02-19,7.816
2014-02-20,7.847
2014-02-21,7.849
2014-02-22,7.843
2014-02-23,7.839
2014-02-24,7.832
2014-02-25,7.826
2014-02-26,7.818
2014-02-27,7.81
2014-02-28,7.804
2014-03-01,7.799
2014-03-02,7.793
2014-03-03,7.786
2014-03-04,7.781
2014-03-05,7.775
2014-03-06,7.767
2014-03-07,7.804
2014-03-08,7.872
2014-03-09,7.858
2014-03-10,7.848
2014-03-11,7.833
2014-03-12,7.828
2014-03-13,7.809
2014-03-14,7.797
2014-03-15,7.79
2014-03-16,7.781
2014-03-17,7.815
2014-03-18,7.86
2014-03-19,7.85
2014-03-20,7.872
2014-03-21,7.914
2014-03-22,7.906
2014-03-23,7.895
2014-03-24,7.882
2014-03-25,7.871
2014-03-26,7.861
2014-03-27,7.892
2014-03-28,7.924
2014-03-29,7.918
2014-03-30,7.902
2014-03-31,7.891
2014-04-01,7.886
2014-04-02,7.885
2014-04-03,7.886
2014-04-04,7.894
2014-04-05,7.909
2014-04-06,7.917
2014-04-07,7.93
2014-04-08,7.958
2014-04-09,7.984
2014-04-10,8.016
2014-04-11,8.066
2014-04-12,8.124
2014-04-13,8.201
2014-04-14,8.311
2014-04-15,8.454
2014-04-16,8.553
2014-04-17,8.623
2014-04-18,8.676
2014-04-19,8.723
2014-04-20,8.755
2014-04-21,8.786
2014-04-22,8.835
2014-04-23,8.883
2014-04-24,8.919
2014-04-25,8.901
2014-04-26,8.894
2014-04-27,8.898
2014-04-28,8.896
2014-04-29,8.872
2014-04-30,8.846
2014-05-01,8.854
2014-05-02,8.854
2014-05-03,8.855
2014-05-04,8.874
2014-05-05,8.878
2014-05-06,8.869
2014-05-07,8.852
2014-05-08,8.819
2014-05-09,8.716
2014-05-10,8.608
2014-05-11,8.59
2014-05-12,8.578
2014-05-13,8.521
2014-05-14,8.467
2014-05-15,8.565
2014-05-16,8.658
2014-05-17,8.676
2014-05-18,8.684
2014-05-19,8.683
2014-05-20,8.673
2014-05-21,8.654
2014-05-22,8.628
2014-05-23,8.604
2014-05-24,8.582
2014-05-25,8.552
2014-05-26,8.523
2014-05-27,8.412
2014-05-28,8.26
2014-05-29,8.232
2014-05-30,8.06
2014-05-31,7.802
2014-06-01,7.798
2014-06-02,7.798
2014-06-03,7.802
2014-06-04,7.801
2014-06-05,7.804
2014-06-06,7.796
2014-06-07,7.786
2014-06-08,7.777
2014-06-09,7.644
2014-06-10,7.515
2014-06-11,7.491
2014-06-12,7.455
2014-06-13,7.465
2014-06-14,7.472
2014-06-15,7.487
2014-06-16,7.501
2014-06-17,7.602
2014-06-18,7.842
2014-06-19,8.079
2014-06-20,8.065
2014-06-21,8.05
2014-06-22,8.037
2014-06-23,8.017
2014-06-24,8.045
2014-06-25,8.14
2014-06-26,8.206
2014-06-27,8.185
2014-06-28,8.164
2014-06-29,8.143
2014-06-30,7.995
2014-07-01,7.905
2014-07-02,7.993
2014-07-03,8.125
2014-07-04,8.103
2014-07-05,8.082
2014-07-06,8.06
2014-07-07,8.045
2014-07-08,8.038
2014-07-09,7.973
2014-07-10,7.906
2014-07-11,7.978
2014-07-12,8.058
2014-07-13,8.053
2014-07-14,8.048
2014-07-15,8.036
2014-07-16,8.023
2014-07-17,8.011
2014-07-18,7.997
2014-07-19,7.985
2014-07-20,7.974
2014-07-21,7.971
2014-07-22,7.813
2014-07-23,7.681
2014-07-24,7.67
2014-07-25,7.568
2014-07-26,7.439
2014-07-27,7.462
2014-07-28,7.481
2014-07-29,7.47
2014-07-30,7.477
2014-07-31,7.476
2014-08-01,7.477
2014-08-02,7.482
2014-08-03,7.482
2014-08-04,7.479
2014-08-05,7.479
2014-08-06,7.477
2014-08-07,7.476
2014-08-08,7.47
2014-08-09,7.466
2014-08-10,7.464
2014-08-11,7.459
2014-08-12,7.471
2014-08-13,7.505
2014-08-14,7.518
2014-08-15,7.528
2014-08-16,7.536
2014-08-17,7.554
2014-08-18,7.643
2014-08-19,7.818
2014-08-20,7.81
2014-08-21,7.821
2014-08-22,7.841
2014-08-23,7.86
2014-08-24,7.87
2014-08-25,7.871
2014-08-26,7.925
2014-08-27,7.968
2014-08-28,7.964
2014-08-29,7.954
2014-08-30,7.954
2014-08-31,7.983
2014-09-01,7.986
2014-09-02,8.042
2014-09-03,8.155
2014-09-04,8.138
2014-09-05,8.184
2014-09-06,8.236
2014-09-07,8.198
2014-09-08,8.164
2014-09-09,8.048
2014-09-10,7.887
2014-09-11,7.924
2014-09-12,8.015
2014-09-13,8.077
2014-09-14,8.062
2014-09-15,8.047
2014-09-16,8.039
2014-09-17,8.027
2014-09-18,8.03
2014-09-19,8.009
2014-09-20,8.003
2014-09-21,8.049
2014-09-22,8.07
2014-09-23,8.089
2014-09-24,8.115
2014-09-25,8.131
2014-09-26,8.238
2014-09-27,8.306
2014-09-28,8.295
2014-09-29,8.281
2014-09-30,8.272
2014-10-01,8.251
2014-10-02,8.235
2014-10-03,8.222
2014-10-04,8.224
2014-10-05,8.218
2014-10-06,8.219
2014-10-07,8.216
2014-10-08,8.212
2014-10-09,8.22
2014-10-10,8.222
2014-10-11,8.215
2014-10-12,8.202
2014-10-13,8.187
2014-10-14,8.174
2014-10-15,8.201
2014-10-16,8.214
2014-10-17,8.229
2014-10-18,8.25
2014-10-19,8.249
2014-10-20,8.25
2014-10-21,8.27
2014-10-22,8.261
2014-10-23,8.185
2014-10-24,8.092
2014-10-25,8.092
2014-10-26,8.097
2014-10-27,8.099
2014-10-28,8.131
2014-10-29,8.175
2014-10-30,8.236
2014-10-31,8.244
2014-11-01,8.242
2014-11-02,8.218
2014-11-03,8.2
2014-11-04,8.191
2014-11-05,8.198
2014-11-06,8.211
2014-11-07,8.221
2014-11-08,8.22
2014-11-09,8.228
2014-11-10,8.24
2014-11-11,8.238
2014-11-12,8.231
2014-11-13,8.25
2014-11-14,8.266
2014-11-15,8.265
2014-11-16,8.264
2014-11-17,8.26
2014-11-18,8.262
2014-11-19,8.276
2014-11-20,8.274
2014-11-21,8.275
2014-11-22,8.262
2014-11-23,8.258
2014-11-24,8.354
2014-11-25,8.556
2014-11-26,8.616
2014-11-27,8.65
2014-11-28,8.659
2014-11-29,8.66
2014-11-30,8.649
2014-12-01,8.644
2014-12-02,8.63
2014-12-03,8.606
2014-12-04,8.595
2014-12-05,8.574
2014-12-06,8.548
2014-12-07,8.52
2014-12-08,8.493
2014-12-09,8.398
2014-12-10,8.254
2014-12-11,8.241
2014-12-12,8.229
2014-12-13,8.209
2014-12-14,8.193
2014-12-15,8.179
2014-12-16,8.175
2014-12-17,8.172
2014-12-18,8.165
2014-12-19,8.152
2014-12-20,8.137
2014-12-21,8.12
2014-12-22,8.107
2014-12-23,8.169
2014-12-24,8.222
2014-12-25,8.246
2014-12-26,8.274
2014-12-27,8.285
2014-12-28,8.297
2014-12-29,8.304
2014-12-30,8.299
2014-12-31,8.289
2015-01-01,8.296
2015-01-02,8.299
2015-01-03,8.295
2015-01-04,8.293
2015-01-05,8.28
2015-01-06,8.268
2015-01-07,8.258
2015-01-08,8.243
2015-01-09,8.234
2015-01-10,8.221
2015-01-11,8.21
2015-01-12,8.195
2015-01-13,8.179
2015-01-14,8.162
2015-01-15,8.144
2015-01-16,8.134
2015-01-17,8.122
2015-01-18,8.102
2015-01-19,8.091
2015-01-20,8.078
2015-01-21,8.064
2015-01-22,8.049
2015-01-23,8.032
2015-01-24,8.021
2015-01-25,8.011
2015-01-26,8.001
2015-01-27,7.988
2015-01-28,7.975
2015-01-29,7.967
2015-01-30,7.962
2015-01-31,7.953
2015-02-01,7.944
2015-02-02,7.934
2015-02-03,7.924
2015-02-04,7.917
2015-02-05,7.912
2015-02-06,7.904
2015-02-07,7.902
2015-02-08,7.904
2015-02-09,7.895
2015-02-10,7.885
2015-02-11,7.878
2015-02-12,7.872
2015-02-13,7.867
2015-02-14,7.86
2015-02-15,7.856
2015-02-16,7.849
2015-02-17,7.842
2015-02-18,7.834
2015-02-19,7.827
2015-02-20,7.819
2015-02-21,7.811
2015-02-22,7.803
2015-02-23,7.798
2015-02-24,7.791
2015-02-25,7.785
2015-02-26,7.815
2015-02-27,7.85
2015-02-28,7.838
2015-03-01,7.829
2015-03-02,7.816
2015-03-03,7.817
2015-03-04,7.81
2015-03-05,7.807
2015-03-06,7.846
2015-03-07,7.88
2015-03-08,7.867
2015-03-09,7.856
2015-03-10,7.843
2015-03-11,7.829
2015-03-12,7.841
2015-03-13,7.854
2015-03-14,7.844
2015-03-15,7.834
2015-03-16,7.824
2015-03-17,7.821
2015-03-18,7.812
2015-03-19,7.804
2015-03-20,7.795
2015-03-21,7.792
2015-03-22,7.786
2015-03-23,7.778
2015-03-24,7.77
2015-03-25,7.765
2015-03-26,7.762
2015-03-27,7.759
2015-03-28,7.751
2015-03-29,7.743
2015-03-30,7.741
2015-03-31,7.742
2015-04-01,7.736
2015-04-02,7.733
2015-04-03,7.738
2015-04-04,7.742
2015-04-05,7.742
2015-04-06,7.746
2015-04-07,7.748
2015-04-08,7.752
2015-04-09,7.756
2015-04-10,7.783
2015-04-11,7.812
2015-04-12,7.841
2015-04-13,7.886
2015-04-14,7.962
2015-04-15,8.016
2015-04-16,8.012
2015-04-17,8.015
2015-04-18,8.067
2015-04-19,8.119
2015-04-20,8.292
2015-04-21,8.452
2015-04-22,8.522
2015-04-23,8.571
2015-04-24,8.602
2015-04-25,8.617
2015-04-26,8.625
2015-04-27,8.624
2015-04-28,8.614
2015-04-29,8.506
2015-04-30,8.431
2015-05-01,8.421
2015-05-02,8.403
2015-05-03,8.388
2015-05-04,8.258
2015-05-05,8.159
2015-05-06,8.154
2015-05-07,8.146
2015-05-08,8.098
2015-05-09,8.051
2015-05-10,8.052
2015-05-11,8.069
2015-05-12,8.077
2015-05-13,8.028
2015-05-14,8.108
2015-05-15,8.117
2015-05-16,8.123
2015-05-17,8.128
2015-05-18,8.128
2015-05-19,8.121
2015-05-20,8.12
2015-05-21,8.112
2015-05-22,8.103
2015-05-23,8.08
2015-05-24,8.061
2015-05-25,8.015
2015-05-26,7.938
2015-05-27,7.936
2015-05-28,7.938
2015-05-29,7.933
2015-05-30,7.93
2015-05-31,7.93
2015-06-01,7.915
2015-06-02,7.902
2015-06-03,7.849
2015-06-04,7.759
2015-06-05,7.76
2015-06-06,7.76
2015-06-07,7.751
2015-06-08,7.752
2015-06-09,7.753
2015-06-10,7.753
2015-06-11,7.754
2015-06-12,7.771
2015-06-13,7.784
2015-06-14,7.79
2015-06-15,7.798
2015-06-16,7.804
2015-06-17,7.802
2015-06-18,7.801
2015-06-19,7.808
2015-06-20,7.8
2015-06-21,7.802
2015-06-22,7.8
2015-06-23,7.795
2015-06-24,7.799
2015-06-25,7.8
2015-06-26,7.906
2015-06-27,7.972
2015-06-28,7.971
2015-06-29,7.963
2015-06-30,7.952
2015-07-01,7.95
2015-07-02,7.934
2015-07-03,7.781
2015-07-04,7.575
2015-07-05,7.576
2015-07-06,7.575
2015-07-07,7.582
2015-07-08,7.601
2015-07-09,7.598
2015-07-10,7.593
2015-07-11,7.589
2015-07-12,7.585
2015-07-13,7.582
2015-07-14,7.584
2015-07-15,7.581
2015-07-16,7.566
2015-07-17,7.562
2015-07-18,7.563
2015-07-19,7.56
2015-07-20,7.554
2015-07-21,7.551
2015-07-22,7.546
2015-07-23,7.543
2015-07-24,7.537
2015-07-25,7.531
2015-07-26,7.529
2015-07-27,7.525
2015-07-28,7.479
2015-07-29,7.404
2015-07-30,7.399
2015-07-31,7.398
2015-08-01,7.398
2015-08-02,7.398
2015-08-03,7.409
2015-08-04,7.412
2015-08-05,7.414
2015-08-06,7.413
2015-08-07,7.413
2015-08-08,7.411
2015-08-09,7.41
2015-08-10,7.41
2015-08-11,7.413
2015-08-12,7.412
2015-08-13,7.405
2015-08-14,7.396
2015-08-15,7.412
2015-08-16,7.414
2015-08-17,7.411
2015-08-18,7.419
2015-08-19,7.427
2015-08-20,7.429
2015-08-21,7.433
2015-08-22,7.436
2015-08-23,7.432
2015-08-24,7.439
2015-08-25,7.449
2015-08-26,7.453
2015-08-27,7.456
2015-08-28,7.51
2015-08-29,7.59
2015-08-30,7.586
2015-08-31,7.579
2015-09-01,7.574
2015-09-02,7.662
2015-09-03,7.811
2015-09-04,7.79
2015-09-05,7.764
2015-09-06,7.741
2015-09-07,7.72
2015-09-08,7.711
2015-09-09,7.727
2015-09-10,7.795
2015-09-11,7.847
2015-09-12,7.827
2015-09-13,7.803
2015-09-14,7.775
2015-09-15,7.758
2015-09-16,7.587
2015-09-17,7.45
2015-09-18,7.45
2015-09-19,7.453
2015-09-20,7.455
2015-09-21,7.455
2015-09-22,7.454
2015-09-23,7.453
2015-09-24,7.455
2015-09-25,7.453
2015-09-26,7.449
2015-09-27,7.445
2015-09-28,7.443
2015-09-29,7.45
2015-09-30,7.455
2015-10-01,7.449
2015-10-02,7.447
2015-10-03,7.443
2015-10-04,7.439
2015-10-05,7.44
2015-10-06,7.442
2015-10-07,7.446
2015-10-08,7.449
2015-10-09,7.459
2015-10-10,7.459
2015-10-11,7.458
2015-10-12,7.461
2015-10-13,7.538
2015-10-14,7.608
2015-10-15,7.602
2015-10-16,7.606
2015-10-17,7.606
2015-10-18,7.6
2015-10-19,7.587
2015-10-20,7.588
2015-10-21,7.52
2015-10-22,7.464
2015-10-23,7.463
2015-10-24,7.458
2015-10-25,7.459
2015-10-26,7.456
2015-10-27,7.454
2015-10-28,7.462
2015-10-29,7.469
2015-10-30,7.48
2015-10-31,7.482
2015-11-01,7.496
2015-11-02,7.509
2015-11-03,7.517
2015-11-04,7.522
2015-11-05,7.527
2015-11-06,7.528
2015-11-07,7.541
2015-11-08,7.543
2015-11-09,7.542
2015-11-10,7.547
2015-11-11,7.556
2015-11-12,7.565
2015-11-13,7.586
2015-11-14,7.597
2015-11-15,7.601
2015-11-16,7.612
2015-11-17,7.617
2015-11-18,7.72
2015-11-19,7.839
2015-11-20,7.848
2015-11-21,7.86
2015-11-22,7.871
2015-11-23,7.957
2015-11-24,8.072
2015-11-25,8.055
2015-11-26,8.045
2015-11-27,8.083
2015-11-28,8.122
2015-11-29,8.164
2015-11-30,8.215
2015-12-01,8.3
2015-12-02,8.293
2015-12-03,8.279
2015-12-04,8.259
2015-12-05,8.244
2015-12-06,8.226
2015-12-07,8.177
2015-12-08,8.112
2015-12-09,8.08
2015-12-10,8.05
2015-12-11,8.044
2015-12-12,8.047
2015-12-13,8.043
2015-12-14,8.08
2015-12-15,8.159
2015-12-16,8.165
2015-12-17,8.165
2015-12-18,8.163
2015-12-19,8.164
2015-12-20,8.157
2015-12-21,8.151
2015-12-22,8.158
2015-12-23,8.164
2015-12-24,8.152
2015-12-25,8.161
2015-12-26,8.165
2015-12-27,8.181
2015-12-28,8.216
2015-12-29,8.275
2015-12-30,8.261
2015-12-31,8.247
2016-01-01,8.235
2016-01-02,8.221
2016-01-03,8.211
2016-01-04,8.195
2016-01-05,8.163
2016-01-06,8.143
2016-01-07,8.13
2016-01-08,8.117
2016-01-09,8.108
2016-01-10,8.121
2016-01-11,8.148
2016-01-12,8.158
2016-01-13,8.164
2016-01-14,8.166
2016-01-15,8.168
2016-01-16,8.177
2016-01-17,8.172
2016-01-18,8.166
2016-01-19,8.152
2016-01-20,8.141
2016-01-21,8.129
2016-01-22,8.115
2016-01-23,8.101
2016-01-24,8.089
2016-01-25,8.078
2016-01-26,8.068
2016-01-27,8.064
2016-01-28,8.051
2016-01-29,8.043
2016-01-30,8.03
2016-01-31,8.016
2016-02-01,8.017
2016-02-02,8.015
2016-02-03,8.039
2016-02-04,8.049
2016-02-05,8.054
2016-02-06,8.06
2016-02-07,8.073
2016-02-08,8.077
2016-02-09,8.154
2016-02-10,8.257
2016-02-11,8.248
2016-02-12,8.242
2016-02-13,8.23
2016-02-14,8.215
2016-02-15,8.202
2016-02-16,8.184
2016-02-17,8.171
2016-02-18,8.156
2016-02-19,8.144
2016-02-20,8.147
2016-02-21,8.15
2016-02-22,8.14
2016-02-23,8.129
2016-02-24,8.191
2016-02-25,8.248
2016-02-26,8.224
2016-02-27,8.202
2016-02-28,8.189
2016-02-29,8.176
2016-03-01,8.167
2016-03-02,8.214
2016-03-03,8.234
2016-03-04,8.213
2016-03-05,8.195
2016-03-06,8.177
2016-03-07,8.163
2016-03-08,8.15
2016-03-09,8.143
2016-03-10,8.153
2016-03-11,8.16
2016-03-12,8.167
2016-03-13,8.184
2016-03-14,8.205
2016-03-15,8.234
2016-03-16,8.269
2016-03-17,8.321
2016-03-18,8.364
2016-03-19,8.394
2016-03-20,8.41
2016-03-21,8.415
2016-03-22,8.416
2016-03-23,8.416
2016-03-24,8.419
2016-03-25,8.426
2016-03-26,8.416
2016-03-27,8.408
2016-03-28,8.446
2016-03-29,8.487
2016-03-30,8.536
2016-03-31,8.666
2016-04-01,8.883
2016-04-02,9.045
2016-04-03,9.166
2016-04-04,9.232
2016-04-05,9.25
2016-04-06,9.257
2016-04-07,9.283
2016-04-08,9.276
2016-04-09,9.24
2016-04-10,9.195
2016-04-11,9.161
2016-04-12,9.112
2016-04-13,9.058
2016-04-14,9.009
2016-04-15,8.961
2016-04-16,8.93
2016-04-17,8.911
2016-04-18,8.908
2016-04-19,8.913
2016-04-20,8.917
2016-04-21,8.922
2016-04-22,8.947
2016-04-23,8.959
2016-04-24,8.966
2016-04-25,8.966
2016-04-26,8.956
2016-04-27,8.92
2016-04-28,8.89
2016-04-29,8.855
2016-04-30,8.816
2016-05-01,8.776
2016-05-02,8.731
2016-05-03,8.597
2016-05-04,8.403
2016-05-05,8.233
2016-05-06,7.951
2016-05-07,7.947
2016-05-08,7.947
2016-05-09,7.943
2016-05-10,7.939
2016-05-11,7.936
2016-05-12,7.815
2016-05-13,7.691
2016-05-14,7.716
2016-05-15,7.747
2016-05-16,7.768
2016-05-17,7.791
2016-05-18,7.809
2016-05-19,7.905
2016-05-20,8.052
2016-05-21,8.026
2016-05-22,8.026
2016-05-23,8.017
2016-05-24,8.09
2016-05-25,8.138
2016-05-26,8.126
2016-05-27,8.113
2016-05-28,8.099
2016-05-29,8.089
2016-05-30,8.071
2016-05-31,7.869
2016-06-01,7.81
2016-06-02,7.788
2016-06-03,7.775
2016-06-04,7.767
2016-06-05,7.757
2016-06-06,7.736
2016-06-07,7.707
2016-06-08,7.609
2016-06-09,7.606
2016-06-10,7.602
2016-06-11,7.601
2016-06-12,7.612
2016-06-13,7.605
2016-06-14,7.596
2016-06-15,7.593
2016-06-16,7.591
2016-06-17,7.584
2016-06-18,7.574
2016-06-19,7.566
2016-06-20,7.549
2016-06-21,7.483
2016-06-22,7.425
2016-06-23,7.425
2016-06-24,7.422
2016-06-25,7.415
2016-06-26,7.413
2016-06-27,7.422
2016-06-28,7.429
2016-06-29,7.424
2016-06-30,7.413
2016-07-01,7.413
2016-07-02,7.411
2016-07-03,7.405
2016-07-04,7.405
2016-07-05,7.401
2016-07-06,7.401
2016-07-07,7.408
2016-07-08,7.402
2016-07-09,7.442
2016-07-10,7.451
2016-07-11,7.449
2016-07-12,7.45
2016-07-13,7.455
2016-07-14,7.463
2016-07-15,7.581
2016-07-16,7.65
2016-07-17,7.647
2016-07-18,7.643
2016-07-19,7.65
2016-07-20,7.643
2016-07-21,7.637
2016-07-22,7.632
2016-07-23,7.632
2016-07-24,7.623
2016-07-25,7.612
2016-07-26,7.607
2016-07-27,7.6
2016-07-28,7.596
2016-07-29,7.59
2016-07-30,7.576
2016-07-31,7.565
2016-08-01,7.555
2016-08-02,7.453
2016-08-03,7.362
2016-08-04,7.359
2016-08-05,7.353
2016-08-06,7.354
2016-08-07,7.352
2016-08-08,7.349
2016-08-09,7.346
2016-08-10,7.343
2016-08-11,7.342
2016-08-12,7.341
2016-08-13,7.349
2016-08-14,7.35
2016-08-15,7.349
2016-08-16,7.392
2016-08-17,7.439
2016-08-18,7.474
2016-08-19,7.476
2016-08-20,7.476
2016-08-21,7.484
2016-08-22,7.571
2016-08-23,7.702
2016-08-24,7.691
2016-08-25,7.682
2016-08-26,7.721
2016-08-27,7.753
2016-08-28,7.74
2016-08-29,7.804
2016-08-30,7.874
2016-08-31,7.925
2016-09-01,7.913
2016-09-02,7.89
2016-09-03,7.865
2016-09-04,7.847
2016-09-05,7.829
2016-09-06,7.813
2016-09-07,7.8
2016-09-08,7.793
2016-09-09,7.785
2016-09-10,7.768
2016-09-11,7.75
2016-09-12,7.73
2016-09-13,7.712
2016-09-14,7.709
2016-09-15,7.689
2016-09-16,7.673
2016-09-17,7.68
2016-09-18,7.697
2016-09-19,7.689
2016-09-20,7.675
2016-09-21,7.664
2016-09-22,7.658
2016-09-23,7.66
2016-09-24,7.635
2016-09-25,7.619
2016-09-26,7.606
2016-09-27,7.554
2016-09-28,7.499
2016-09-29,7.5
2016-09-30,7.493
2016-10-01,7.488
2016-10-02,7.492
2016-10-03,7.494
2016-10-04,7.59
2016-10-05,7.675
2016-10-06,7.678
2016-10-07,7.676
2016-10-08,7.68
2016-10-09,7.685
2016-10-10,7.674
2016-10-11,7.666
2016-10-12,7.658
2016-10-13,7.662
2016-10-14,7.658
2016-10-15,7.65
2016-10-16,7.659
2016-10-17,7.69
2016-10-18,7.709
2016-10-19,7.715
2016-10-20,7.715
2016-10-21,7.718
2016-10-22,7.697
2016-10-23,7.671
2016-10-24,7.659
2016-10-25,7.646
2016-10-26,7.634
2016-10-27,7.547
2016-10-28,7.453
2016-10-29,7.457
2016-10-30,7.464
2016-10-31,7.463
2016-11-01,7.462
2016-11-02,7.465
2016-11-03,7.468
2016-11-04,7.466
2016-11-05,7.464
2016-11-06,7.467
2016-11-07,7.465
2016-11-08,7.465
2016-11-09,7.469
2016-11-10,7.439
2016-11-11,7.414
2016-11-12,7.406
2016-11-13,7.405
2016-11-14,7.406
2016-11-15,7.408
2016-11-16,7.408
2016-11-17,7.408
2016-11-18,7.409
2016-11-19,7.41
2016-11-20,7.415
2016-11-21,7.41
2016-11-22,7.408
2016-11-23,7.408
2016-11-24,7.411
2016-11-25,7.411
2016-11-26,7.412
2016-11-27,7.413
2016-11-28,7.415
2016-11-29,7.421
2016-11-30,7.43
2016-12-01,7.445
2016-12-02,7.461
2016-12-03,7.473
2016-12-04,7.486
2016-12-05,7.506
2016-12-06,7.522
2016-12-07,7.53
2016-12-08,7.624
2016-12-09,7.728
2016-12-10,7.725
2016-12-11,7.723
2016-12-12,7.733
2016-12-13,7.799
2016-12-14,7.929
2016-12-15,7.933
2016-12-16,7.914
2016-12-17,7.912
2016-12-18,7.908
2016-12-19,7.898
2016-12-20,7.889
2016-12-21,7.884
2016-12-22,7.889
2016-12-23,7.945
2016-12-24,8.014
2016-12-25,8.005
2016-12-26,7.992
2016-12-27,7.992
2016-12-28,8
2016-12-29,8.001
2016-12-30,8.001
2016-12-31,8.001
2017-01-01,8.003
2017-01-02,7.999
2017-01-03,8.007
2017-01-04,8.004
2017-01-05,8.016
2017-01-06,8.015
2017-01-07,8.005
2017-01-08,7.993
2017-01-09,7.982
2017-01-10,7.983
2017-01-11,8.006
2017-01-12,8.027
2017-01-13,8.034
2017-01-14,8.037
2017-01-15,8.037
2017-01-16,8.036
2017-01-17,8.04
2017-01-18,8.098
2017-01-19,8.217
2017-01-20,8.208
2017-01-21,8.197
2017-01-22,8.19
2017-01-23,8.182
2017-01-24,8.169
2017-01-25,8.158
2017-01-26,8.219
2017-01-27,8.272
2017-01-28,8.256
2017-01-29,8.242
2017-01-30,8.222
2017-01-31,8.205
2017-02-01,8.184
2017-02-02,8.167
2017-02-03,8.15
2017-02-04,8.131
2017-02-05,8.117
2017-02-06,8.106
2017-02-07,8.097
2017-02-08,8.089
2017-02-09,8.075
2017-02-10,8.063
2017-02-11,8.055
2017-02-12,8.045
2017-02-13,8.036
2017-02-14,8.025
2017-02-15,8.013
2017-02-16,8.001
2017-02-17,7.99
2017-02-18,7.977
2017-02-19,7.967
2017-02-20,7.959
2017-02-21,7.951
2017-02-22,7.945
2017-02-23,7.942
2017-02-24,8.009
2017-02-25,8.111
2017-02-26,8.126
2017-02-27,8.141
2017-02-28,8.158
2017-03-01,8.209
2017-03-02,8.275
2017-03-03,8.298
2017-03-04,8.312
2017-03-05,8.321
2017-03-06,8.324
2017-03-07,8.378
2017-03-08,8.467
2017-03-09,8.473
2017-03-10,8.491
2017-03-11,8.511
2017-03-12,8.505
2017-03-13,8.495
2017-03-14,8.483
2017-03-15,8.464
2017-03-16,8.445
2017-03-17,8.427
2017-03-18,8.409
2017-03-19,8.389
2017-03-20,8.37
2017-03-21,8.354
2017-03-22,8.339
2017-03-23,8.319
2017-03-24,8.312
2017-03-25,8.307
2017-03-26,8.293
2017-03-27,8.289
2017-03-28,8.302
2017-03-29,8.312
2017-03-30,8.306
2017-03-31,8.302
2017-04-01,8.292
2017-04-02,8.289
2017-04-03,8.294
2017-04-04,8.326
2017-04-05,8.365
2017-04-06,8.427
2017-04-07,8.496
2017-04-08,8.528
2017-04-09,8.552
2017-04-10,8.579
2017-04-11,8.667
2017-04-12,8.777
2017-04-13,8.873
2017-04-14,8.93
2017-04-15,8.982
2017-04-16,9.041
2017-04-17,9.11
2017-04-18,9.176
2017-04-19,9.22
2017-04-20,9.247
2017-04-21,9.248
2017-04-22,9.244
2017-04-23,9.218
2017-04-24,9.169
2017-04-25,9.046
2017-04-26,8.913
2017-04-27,8.887
2017-04-28,8.879
2017-04-29,8.853
2017-04-30,8.839
2017-05-01,8.875
2017-05-02,8.924
2017-05-03,8.964
2017-05-04,9.006
2017-05-05,9.063
2017-05-06,9.118
2017-05-07,9.159
2017-05-08,9.176
2017-05-09,9.175
2017-05-10,9.154
2017-05-11,9.124
2017-05-12,9.086
2017-05-13,9.051
2017-05-14,9.015
2017-05-15,8.899
2017-05-16,8.809
2017-05-17,8.763
2017-05-18,8.725
2017-05-19,8.7
2017-05-20,8.664
2017-05-21,8.635
2017-05-22,8.62
2017-05-23,8.476
2017-05-24,8.285
2017-05-25,8.28
2017-05-26,8.267
2017-05-27,8.253
2017-05-28,8.237
2017-05-29,8.009
2017-05-30,7.745
2017-05-31,7.745
2017-06-01,7.707
2017-06-02,7.652
2017-06-03,7.652
2017-06-04,7.662
2017-06-05,7.675
2017-06-06,7.684
2017-06-07,7.688
2017-06-08,7.818
2017-06-09,7.932
2017-06-10,7.928
2017-06-11,7.918
2017-06-12,7.991
2017-06-13,8.083
2017-06-14,8.057
2017-06-15,8.022
2017-06-16,7.932
2017-06-17,7.825
2017-06-18,7.877
2017-06-19,7.914
2017-06-20,8.016
2017-06-21,8.246
2017-06-22,8.325
2017-06-23,8.405
2017-06-24,8.386
2017-06-25,8.374
2017-06-26,8.364
2017-06-27,8.353
2017-06-28,8.337
2017-06-29,8.335
2017-06-30,8.335
2017-07-01,8.338
2017-07-02,8.339
2017-07-03,8.343
2017-07-04,8.343
2017-07-05,8.339
2017-07-06,8.329
2017-07-07,8.3
2017-07-08,8.28
2017-07-09,8.253
2017-07-10,8.251
2017-07-11,8.244
2017-07-12,8.236
2017-07-13,8.219
2017-07-14,7.937
2017-07-15,7.72
2017-07-16,7.729
2017-07-17,7.805
2017-07-18,7.917
2017-07-19,7.91
2017-07-20,7.903
2017-07-21,7.893
2017-07-22,7.884
2017-07-23,7.881
2017-07-24,7.877
2017-07-25,7.86
2017-07-26,7.84
2017-07-27,7.692
2017-07-28,7.493
2017-07-29,7.489
2017-07-30,7.486
2017-07-31,7.486
2017-08-01,7.484
2017-08-02,7.48
2017-08-03,7.481
2017-08-04,7.489
2017-08-05,7.516
2017-08-06,7.538
2017-08-07,7.552
2017-08-08,7.833
2017-08-09,8.07
2017-08-10,8.053
2017-08-11,8.08
2017-08-12,8.168
2017-08-13,8.173
2017-08-14,8.165
2017-08-15,8.153
2017-08-16,8.138
2017-08-17,8.018
2017-08-18,7.835
2017-08-19,7.839
2017-08-20,7.845
2017-08-21,7.845
2017-08-22,7.867
2017-08-23,8.081
2017-08-24,8.44
2017-08-25,8.44
2017-08-26,8.427
2017-08-27,8.409
2017-08-28,8.385
2017-08-29,8.359
2017-08-30,8.184
2017-08-31,8.008
2017-09-01,7.995
2017-09-02,7.984
2017-09-03,7.982
2017-09-04,7.98
2017-09-05,7.997
2017-09-06,8.08
2017-09-07,8.245
2017-09-08,8.237
2017-09-09,8.224
2017-09-10,8.211
2017-09-11,8.193
2017-09-12,8.063
2017-09-13,7.858
2017-09-14,7.859
2017-09-15,7.858
2017-09-16,7.856
2017-09-17,7.854
2017-09-18,7.853
2017-09-19,7.852
2017-09-20,7.91
2017-09-21,7.944
2017-09-22,7.93
2017-09-23,7.914
2017-09-24,7.902
2017-09-25,7.887
2017-09-26,7.824
2017-09-27,7.712
2017-09-28,7.706
2017-09-29,7.594
2017-09-30,7.497
2017-10-01,7.495
2017-10-02,7.495
2017-10-03,7.596
2017-10-04,7.75
2017-10-05,7.806
2017-10-06,7.867
2017-10-07,7.86
2017-10-08,7.871
2017-10-09,7.882
2017-10-10,7.872
2017-10-11,7.967
2017-10-12,8.003
2017-10-13,7.977
2017-10-14,7.966
2017-10-15,7.97
2017-10-16,7.976
2017-10-17,7.826
2017-10-18,7.604
2017-10-19,7.609
2017-10-20,7.625
2017-10-21,7.637
2017-10-22,7.645
2017-10-23,7.653
2017-10-24,7.663
2017-10-25,7.621
2017-10-26,7.581
2017-10-27,7.583
2017-10-28,7.589
2017-10-29,7.601
2017-10-30,7.602
2017-10-31,7.636
2017-11-01,7.665
2017-11-02,7.695
2017-11-03,7.888
2017-11-04,8.202
2017-11-05,8.201
2017-11-06,8.205
2017-11-07,8.211
2017-11-08,8.22
2017-11-09,8.226
2017-11-10,8.234
2017-11-11,8.229
2017-11-12,8.222
2017-11-13,8.215
2017-11-14,8.208
2017-11-15,8.195
2017-11-16,8.195
2017-11-17,8.188
2017-11-18,8.187
2017-11-19,8.195
2017-11-20,8.185
2017-11-21,8.172
2017-11-22,8.17
2017-11-23,8.155
2017-11-24,8.07
2017-11-25,7.91
2017-11-26,7.924
2017-11-27,7.939
2017-11-28,7.936
2017-11-29,7.941
2017-11-30,7.94
2017-12-01,7.944
2017-12-02,7.944
2017-12-03,7.941
2017-12-04,7.984
2017-12-05,8.072
2017-12-06,8.059
2017-12-07,8.081
2017-12-08,8.193
2017-12-09,8.296
2017-12-10,8.272
2017-12-11,8.251
2017-12-12,8.157
2017-12-13,7.994
2017-12-14,7.987
2017-12-15,7.982
2017-12-16,7.981
2017-12-17,7.976
2017-12-18,7.972
2017-12-19,7.97
2017-12-20,8.012
2017-12-21,8.068
2017-12-22,8.055
2017-12-23,8.04
2017-12-24,8.029
2017-12-25,8.023
2017-12-26,8.017
2017-12-27,8.004
2017-12-28,7.99
2017-12-29,7.978
2017-12-30,7.967
2017-12-31,7.954
2018-01-01,7.944
2018-01-02,7.933
2018-01-03,7.926
2018-01-04,7.919
2018-01-05,7.911
2018-01-06,7.9
2018-01-07,7.89
2018-01-08,7.803
2018-01-09,7.704
2018-01-10,7.708
2018-01-11,7.708
2018-01-12,7.751
2018-01-13,7.778
2018-01-14,7.797
2018-01-15,7.818
2018-01-16,7.833
2018-01-17,7.893
2018-01-18,7.943
2018-01-19,7.942
2018-01-20,7.937
2018-01-21,7.936
2018-01-22,7.978
2018-01-23,8.066
2018-01-24,8.174
2018-01-25,8.262
2018-01-26,8.252
2018-01-27,8.235
2018-01-28,8.221
2018-01-29,8.209
2018-01-30,8.191
2018-01-31,8.179
2018-02-01,8.165
2018-02-02,8.148
2018-02-03,8.133
2018-02-04,8.124
2018-02-05,8.047
2018-02-06,7.964
2018-02-07,7.96
2018-02-08,7.954
2018-02-09,7.949
2018-02-10,7.942
2018-02-11,7.939
2018-02-12,7.933
2018-02-13,7.928
2018-02-14,7.916
2018-02-15,7.958
2018-02-16,8.022
2018-02-17,8.008
2018-02-18,7.993
2018-02-19,7.981
2018-02-20,8.015
2018-02-21,8.148
2018-02-22,8.248
2018-02-23,8.247
2018-02-24,8.247
2018-02-25,8.251
2018-02-26,8.249
2018-02-27,8.246
2018-02-28,8.243
2018-03-01,8.242
2018-03-02,8.237
2018-03-03,8.23
2018-03-04,8.222
2018-03-05,8.214
2018-03-06,8.204
2018-03-07,8.194
2018-03-08,8.186
2018-03-09,8.179
2018-03-10,8.169
2018-03-11,8.157
2018-03-12,8.171
2018-03-13,8.177
2018-03-14,8.16
2018-03-15,8.143
2018-03-16,8.162
2018-03-17,8.172
2018-03-18,8.151
2018-03-19,8.127
2018-03-20,8.107
2018-03-21,8.086
2018-03-22,8.031
2018-03-23,7.951
2018-03-24,7.941
2018-03-25,7.929
2018-03-26,7.919
2018-03-27,7.912
2018-03-28,7.909
2018-03-29,7.905
2018-03-30,7.901
2018-03-31,7.897
2018-04-01,7.9
2018-04-02,7.897
2018-04-03,7.896
2018-04-04,7.904
2018-04-05,7.904
2018-04-06,7.901
2018-04-07,7.899
2018-04-08,7.896
2018-04-09,7.891
2018-04-10,7.885
2018-04-11,7.877
2018-04-12,7.874
2018-04-13,7.878
2018-04-14,7.889
2018-04-15,7.895
2018-04-16,7.909
2018-04-17,7.913
2018-04-18,7.915
2018-04-19,7.916
2018-04-20,7.912
2018-04-21,7.912
2018-04-22,7.919
2018-04-23,7.934
2018-04-24,7.896
2018-04-25,7.797
2018-04-26,7.709
2018-04-27,7.689
2018-04-28,7.803
2018-04-29,7.843
2018-04-30,7.839
2018-05-01,7.917
2018-05-02,8.091
2018-05-03,8.25
2018-05-04,8.411
2018-05-05,8.553
2018-05-06,8.609
2018-05-07,8.673
2018-05-08,8.719
2018-05-09,8.739
2018-05-10,8.757
2018-05-11,8.74
2018-05-12,8.7
2018-05-13,8.658
2018-05-14,8.62
2018-05-15,8.488
2018-05-16,8.309
2018-05-17,8.297
2018-05-18,8.167
2018-05-19,8.054
2018-05-20,8.078
2018-05-21,8.079
2018-05-22,8.084
2018-05-23,8.158
2018-05-24,8.204
2018-05-25,8.186
2018-05-26,8.17
2018-05-27,8.15
2018-05-28,8.132
2018-05-29,8.044
2018-05-30,7.914
2018-05-31,7.899
2018-06-01,7.909
2018-06-02,7.903
2018-06-03,7.877
2018-06-04,7.752
2018-06-05,7.652
2018-06-06,7.656
2018-06-07,7.651
2018-06-08,7.653
2018-06-09,7.651
2018-06-10,7.651
2018-06-11,7.646
2018-06-12,7.637
2018-06-13,7.637
2018-06-14,7.644
2018-06-15,7.638
2018-06-16,7.634
2018-06-17,7.629
2018-06-18,7.627
2018-06-19,7.63
2018-06-20,7.621
2018-06-21,7.622
2018-06-22,7.575
2018-06-23,7.508
2018-06-24,7.509
2018-06-25,7.506
2018-06-26,7.499
2018-06-27,7.497
2018-06-28,7.458
2018-06-29,7.419
2018-06-30,7.42
2018-07-01,7.42
2018-07-02,7.417
2018-07-03,7.419
2018-07-04,7.419
2018-07-05,7.417
2018-07-06,7.418
2018-07-07,7.411
2018-07-08,7.406
2018-07-09,7.403
2018-07-10,7.404
2018-07-11,7.401
2018-07-12,7.399
2018-07-13,7.397
2018-07-14,7.397
2018-07-15,7.397
2018-07-16,7.396
2018-07-17,7.394
2018-07-18,7.393
2018-07-19,7.391
2018-07-20,7.389
2018-07-21,7.389
2018-07-22,7.389
2018-07-23,7.389
2018-07-24,7.395
2018-07-25,7.399
2018-07-26,7.404
2018-07-27,7.412
2018-07-28,7.417
2018-07-29,7.421
2018-07-30,7.426
2018-07-31,7.429
2018-08-01,7.433
2018-08-02,7.437
2018-08-03,7.442
2018-08-04,7.451
2018-08-05,7.45
2018-08-06,7.45
2018-08-07,7.453
2018-08-08,7.455
2018-08-13,7.635
2018-08-14,7.716
2018-08-15,7.702
2018-08-16,7.695
2018-08-17,7.707
2018-08-18,7.708
2018-08-19,7.692
2018-08-20,7.681
2018-08-21,7.754
2018-08-22,7.904
2018-08-23,8.013
2018-08-24,8.258
2018-08-25,8.246
2018-08-26,8.243
2018-08-27,8.239
2018-08-28,8.229
2018-08-29,8.23
2018-08-30,8.222
2018-08-31,8.197
2018-09-01,8.173
2018-09-02,8.083
2018-09-03,7.906
2018-09-04,7.901
2018-09-05,7.889
2018-09-06,7.887
2018-09-07,7.875
2018-09-08,7.865
2018-09-09,7.846
2018-09-10,7.672
2018-09-11,7.497
2018-09-12,7.497
2018-09-13,7.499
2018-09-14,7.5
2018-09-15,7.502
2018-09-16,7.502
2018-09-17,7.501
2018-09-18,7.502
2018-09-19,7.501
2018-09-20,7.501
2018-09-21,7.588
2018-09-22,7.678
2018-09-23,7.687
2018-09-24,7.83
2018-09-25,7.939
2018-09-26,7.933
2018-09-27,7.935
2018-09-28,7.926
2018-09-29,7.923
2018-09-30,7.918
2018-10-01,7.959
2018-10-02,8.041
2018-10-03,8.017
2018-10-04,8.045
2018-10-05,8.115
2018-10-06,8.1
2018-10-07,8.093
2018-10-08,8.077
2018-10-09,8.07
2018-10-10,8.066
2018-10-11,8.065
2018-10-12,8.065
2018-10-13,8.061
2018-10-14,8.054
2018-10-15,8.049
2018-10-16,8.042
2018-10-17,8.036
2018-10-18,8.019
2018-10-19,7.887
2018-10-20,7.674
2018-10-21,7.679
2018-10-22,7.675
2018-10-23,7.678
2018-10-24,7.68
2018-10-25,7.647
2018-10-26,7.606
2018-10-27,7.609
2018-10-28,7.608
2018-10-29,7.61
2018-10-30,7.61
2018-10-31,7.622
2018-11-01,7.632
2018-11-02,7.648
2018-11-03,7.652
2018-11-04,7.661
2018-11-05,7.671
2018-11-06,7.681
2018-11-07,7.706
2018-11-08,7.741
2018-11-09,7.948
2018-11-10,8.166
2018-11-11,8.17
2018-11-12,8.159
2018-11-13,8.153
2018-11-14,8.138
2018-11-15,8.134
2018-11-16,8.145
2018-11-17,8.148
2018-11-18,8.145
2018-11-19,8.144
2018-11-20,8.144
2018-11-21,8.136
2018-11-22,8.123
2018-11-23,8.11
2018-11-24,8.099
2018-11-25,8.091
2018-11-26,8.008
2018-11-27,7.907
2018-11-28,7.924
2018-11-29,7.936
2018-11-30,7.946
2018-12-01,7.954
2018-12-02,7.978
2018-12-03,8.018
2018-12-04,8.022
2018-12-05,8.073
2018-12-06,8.119
2018-12-07,8.116
2018-12-08,8.106
2018-12-09,8.093
2018-12-10,8.088
2018-12-11,8.078
2018-12-12,8.133
2018-12-13,8.222
2018-12-14,8.195
2018-12-15,8.17
2018-12-16,8.146
2018-12-17,8.121
2018-12-18,8.096
2018-12-19,8.073
2018-12-20,8.054
2018-12-21,8.059
2018-12-22,8.052
2018-12-23,8.04
2018-12-24,8.033
2018-12-25,8.022
2018-12-26,8.011
2018-12-27,8.003
2018-12-28,8.01
2018-12-29,8.016
2018-12-30,8.014
2018-12-31,8.014
2019-01-01,8.02
2019-01-02,8.015
2019-01-03,8.01
2019-01-04,8.008
2019-01-05,8.005
2019-01-06,8.002
2019-01-07,7.999
2019-01-08,7.999
2019-01-09,7.997
2019-01-10,7.994
2019-01-11,7.983
2019-01-12,7.974
2019-01-13,7.965
2019-01-14,7.955
2019-01-15,7.947
2019-01-16,7.909
2019-01-17,7.85
2019-01-18,7.845
2019-01-19,7.842
2019-01-20,7.834
2019-01-21,7.824
2019-01-22,7.819
2019-01-23,7.824
2019-01-24,7.825
2019-01-25,7.824
2019-01-26,7.823
2019-01-27,7.818
2019-01-28,7.817
2019-01-29,7.818
2019-01-30,7.816
2019-01-31,7.815
2019-02-01,7.81
2019-02-02,7.806
2019-02-03,7.805
2019-02-04,7.805
2019-02-05,7.823
2019-02-06,7.829
2019-02-07,7.833
2019-02-08,7.842
2019-02-09,7.855
2019-02-10,7.859
2019-02-11,7.934
2019-02-12,8.049
2019-02-13,8.058
2019-02-14,8.057
2019-02-15,8.061
2019-02-16,8.062
2019-02-17,8.059
2019-02-18,8.052
2019-02-19,8.116
2019-02-20,8.182
2019-02-21,8.161
2019-02-22,8.204
2019-02-23,8.24
2019-02-24,8.216
2019-02-25,8.202
2019-02-26,8.182
2019-02-27,8.162
2019-02-28,8.141
2019-03-01,8.123
2019-03-02,8.107
2019-03-03,8.093
2019-03-04,8.077
2019-03-05,8.106
2019-03-06,8.129
2019-03-07,8.108
2019-03-08,8.088
2019-03-09,8.07
2019-03-10,8.063
2019-03-11,8.055
2019-03-12,8.095
2019-03-13,8.17
2019-03-14,8.151
2019-03-15,8.174
2019-03-16,8.19
2019-03-17,8.177
2019-03-18,8.166
2019-03-19,8.154
2019-03-20,8.159
2019-03-21,8.216
2019-03-22,8.258
2019-03-23,8.235
2019-03-24,8.219
2019-03-25,8.199
2019-03-26,8.121
2019-03-27,8.048
2019-03-28,8.035
2019-03-29,8.025
2019-03-30,8.025
2019-03-31,8.024
2019-04-01,8.013
2019-04-02,8.049
2019-04-03,8.097
2019-04-04,8.084
2019-04-05,8.069
2019-04-06,8.056
2019-04-07,8.053
2019-04-08,8.06
2019-04-09,8.09
2019-04-10,8.127
2019-04-11,8.156
2019-04-12,8.188
2019-04-13,8.227
2019-04-14,8.28
2019-04-15,8.331
2019-04-16,8.363
2019-04-17,8.383
2019-04-18,8.452
2019-04-19,8.644
2019-04-20,8.809
2019-04-21,8.971
2019-04-22,9.097
2019-04-23,9.222
2019-04-24,9.358
2019-04-25,9.449
2019-04-26,9.546
2019-04-27,9.649
2019-04-28,9.714
2019-04-29,9.738
2019-04-30,9.737
2019-05-01,9.726
2019-05-02,9.662
2019-05-03,9.556
2019-05-04,9.447
2019-05-05,9.335
2019-05-06,9.284
2019-05-07,9.213
2019-05-08,9.124
2019-05-09,9.023
2019-05-10,8.957
2019-05-11,8.881
2019-05-12,8.815
2019-05-13,8.703
2019-05-14,8.549
2019-05-15,8.533
2019-05-16,8.51
2019-05-17,8.49
2019-05-18,8.473
2019-05-19,8.463
2019-05-20,8.454
2019-05-21,8.446
2019-05-22,8.439
2019-05-23,8.339
2019-05-24,8.223
2019-05-25,8.235
2019-05-26,8.239
2019-05-27,8.239
2019-05-28,8.241
2019-05-29,8.285
2019-05-30,8.336
2019-05-31,8.316
2019-06-01,8.303
2019-06-02,8.278
2019-06-03,8.153
2019-06-04,8.059
2019-06-05,8.063
2019-06-06,8.057
2019-06-07,8.051
2019-06-08,8.044
2019-06-09,8.034
2019-06-10,8.032
2019-06-11,8.031
2019-06-12,7.958
2019-06-13,7.872
2019-06-14,7.876
2019-06-15,7.889
2019-06-16,7.908
2019-06-17,7.916
2019-06-18,7.998
2019-06-19,8.073
2019-06-20,8.07
2019-06-21,8.061
2019-06-22,8.047
2019-06-23,8.034
2019-06-24,8.023
2019-06-25,8.021
2019-06-26,8.012
2019-06-27,8.005
2019-06-28,7.906
2019-06-29,7.789
2019-06-30,7.788
2019-07-01,7.782
2019-07-02,7.657
2019-07-03,7.534
2019-07-04,7.532
2019-07-05,7.531
2019-07-06,7.532
2019-07-07,7.53
2019-07-08,7.528
2019-07-09,7.527
2019-07-10,7.519
2019-07-11,7.472
2019-07-12,7.445
2019-07-13,7.44
2019-07-14,7.441
2019-07-15,7.441
2019-07-16,7.44
2019-07-17,7.441
2019-07-18,7.441
2019-07-19,7.439
2019-07-20,7.439
2019-07-21,7.438
2019-07-22,7.438
2019-07-23,7.437
2019-07-24,7.436
2019-07-25,7.435
2019-07-26,7.435
2019-07-27,7.435
2019-07-28,7.434
2019-07-29,7.433
2019-07-30,7.432
2019-07-31,7.428
2019-08-01,7.425
2019-08-02,7.423
2019-08-03,7.423
2019-08-04,7.42
2019-08-05,7.42
2019-08-06,7.421
2019-08-07,7.42
2019-08-08,7.422
2019-08-09,7.421
2019-08-10,7.419
2019-08-11,7.418
2019-08-12,7.417
2019-08-13,7.416
2019-08-14,7.415
2019-08-15,7.416
2019-08-16,7.415
2019-08-17,7.418
2019-08-18,7.417
2019-08-19,7.416
2019-08-20,7.416
2019-08-21,7.42
2019-08-22,7.416
2019-08-23,7.415
2019-08-24,7.414
2019-08-25,7.414
2019-08-26,7.415
2019-08-27,7.414
2019-08-28,7.414
2019-08-29,7.415
2019-08-30,7.415
2019-08-31,7.413
2019-09-01,7.413
2019-09-02,7.413
2019-09-03,7.414
2019-09-04,7.413
2019-09-05,7.413
2019-09-06,7.413
2019-09-07,7.413
2019-09-08,7.412
2019-09-09,7.412
2019-09-10,7.413
2019-09-11,7.412
2019-09-12,7.412
2019-09-13,7.413
2019-09-14,7.413
2019-09-15,7.413
2019-09-16,7.413
2019-09-17,7.413
2019-09-18,7.413
2019-09-19,7.413
2019-09-20,7.413
2019-09-21,7.412
2019-09-22,7.413
2019-09-23,7.414
2019-09-24,7.412
2019-09-25,7.413
2019-09-26,7.466
2019-09-27,7.539
2019-09-28,7.551
2019-09-29,7.553
2019-09-30,7.551
2019-10-01,7.633
2019-10-02,7.71
2019-10-03,7.692
2019-10-04,7.681
2019-10-05,7.666
2019-10-06,7.649
2019-10-07,7.64
2019-10-08,7.638
2019-10-09,7.631
2019-10-10,7.624
2019-10-11,7.615
2019-10-12,7.605
2019-10-13,7.594
2019-10-14,7.59
2019-10-15,7.59
2019-10-16,7.607
2019-10-17,7.62
2019-10-18,7.614
2019-10-19,7.614
2019-10-20,7.616
2019-10-21,7.619
2019-10-22,7.635
2019-10-23,7.639
2019-10-24,7.651
2019-10-25,7.66
2019-10-26,7.666
2019-10-27,7.695
2019-10-28,7.715
2019-10-29,7.728
2019-10-30,7.742
2019-10-31,7.778
2019-11-01,7.811
2019-11-02,7.836
2019-11-03,7.867
2019-11-04,7.996
2019-11-05,8.252
2019-11-06,8.284
2019-11-07,8.361
2019-11-08,8.424
2019-11-09,8.406
2019-11-10,8.398
2019-11-11,8.386
2019-11-12,8.36
2019-11-13,8.331
2019-11-14,8.16
2019-11-15,8
2019-11-16,7.996
2019-11-17,7.984
2019-11-18,7.976
2019-11-19,7.966
2019-11-20,7.955
2019-11-21,7.948
2019-11-22,7.952
2019-11-23,7.949
2019-11-24,7.945
2019-11-25,7.94
2019-11-26,7.934
2019-11-27,7.948
2019-11-28,7.99
2019-11-29,7.995
2019-11-30,8.004
2019-12-01,8.012
2019-12-02,8.023
2019-12-03,8.009
2019-12-04,8.001
2019-12-05,7.997
2019-12-06,8.023
2019-12-07,8.063
2019-12-08,8.045
2019-12-09,8.043
2019-12-10,8.06
2019-12-11,8.066
2019-12-12,8.077
2019-12-13,8.076
2019-12-14,8.08
2019-12-15,8.083
2019-12-16,8.121
2019-12-17,8.153
2019-12-18,8.145
2019-12-21,8.064
2019-12-22,8.047
2019-12-23,8.037
2019-12-25,7.996
2019-12-26,7.982
2019-12-27,7.975
2019-12-29,7.936
2019-12-30,7.923
2019-12-31,7.913
2020-01-01,7.9
2020-01-02,7.887
2020-01-03,7.817
2020-01-04,7.685
2020-01-29,7.942
2020-01-30,7.939
2020-01-31,7.932
2020-02-01,7.926
2020-02-02,7.92
2020-02-03,7.912
2020-02-04,7.96
2020-02-05,8.045
2020-02-06,8.036
2020-02-07,8.027
2020-02-08,8.01
2020-02-09,7.997
2020-02-10,7.991
2020-02-11,8.02
2020-02-12,8.05
2020-02-13,8.034
2020-02-14,8.011
2020-02-15,7.991
2020-02-16,7.976
2020-02-17,7.962
2020-02-18,7.947
2020-02-19,7.935
2020-02-20,7.922
2020-02-21,7.907
2020-02-22,7.895
2020-02-23,7.884
2020-02-24,7.872
2020-02-25,7.864
2020-02-26,7.857
2020-02-27,7.856
2020-02-28,7.849
2020-02-29,7.84
2020-03-01,7.832
2020-03-02,7.821
2020-03-03,7.897
2020-03-04,7.971
2020-03-05,7.998
2020-03-06,8.043
2020-03-07,8.01
2020-03-08,7.985
2020-03-09,8.023
2020-03-10,8.126
2020-03-11,8.118
2020-03-12,8.104
2020-03-13,8.165
2020-03-14,8.226
2020-03-15,8.217
2020-03-16,8.204
2020-03-17,8.191
2020-03-18,8.182
2020-03-19,8.168
2020-03-20,8.179
2020-03-21,8.194
2020-03-22,8.198
2020-03-23,8.201
2020-03-24,8.198
2020-03-25,8.196
2020-03-26,8.196
2020-03-27,8.203
2020-03-28,8.211
2020-03-29,8.249
2020-03-30,8.366
2020-03-31,8.507
2020-04-01,8.564
2020-04-02,8.539
2020-04-03,8.473
2020-04-04,8.515
2020-04-05,8.549
2020-04-06,8.58
2020-04-07,8.607
2020-04-08,8.633
2020-04-09,8.654
2020-04-10,8.671
2020-04-11,8.673
2020-04-12,8.578
2020-04-13,8.51
2020-04-14,8.431
2020-04-15,8.236
2020-04-16,8.152
2020-04-17,8.076
2020-04-18,8.078
2020-04-19,8.084
2020-04-20,8.088
2020-04-21,7.96
2020-04-22,7.856
2020-04-23,7.869
2020-04-24,7.876
2020-04-25,7.877
2020-04-26,7.883
2020-04-27,7.881
2020-04-28,7.883
2020-04-29,7.889
2020-04-30,7.908
2020-05-01,7.925
2020-05-02,7.934
2020-05-03,7.94
2020-05-04,7.954
2020-05-05,7.957
2020-05-06,7.965
2020-05-07,8.028
2020-05-08,8.112
2020-05-09,8.113
2020-05-10,8.108
2020-05-11,8.109
2020-05-12,8.089
2020-05-13,8.075
2020-05-14,8.058
2020-05-15,7.974
2020-05-16,7.895
2020-05-17,7.894
2020-05-18,7.893
2020-05-19,7.883
2020-05-20,7.866
2020-05-21,7.784
2020-05-22,7.657
2020-05-23,7.658
2020-05-24,7.657
2020-05-25,7.672
2020-05-26,7.668
2020-05-27,7.662
2020-05-28,7.661
2020-05-29,7.676
2020-05-30,7.708
2020-05-31,7.715
2020-06-01,7.712
2020-06-02,7.719
2020-06-03,7.735
2020-06-04,7.745
2020-06-05,7.814
2020-06-06,7.887
2020-06-07,7.884
2020-06-08,7.926
2020-06-09,7.986
2020-06-10,7.982
2020-06-11,8.055
2020-06-12,8.081
2020-06-13,8.07
2020-06-14,8.044
2020-06-15,7.982
2020-06-16,7.916
2020-06-17,7.892
2020-06-18,7.824
2020-06-19,7.732
2020-06-20,7.718
2020-06-21,7.702
2020-06-22,7.694
2020-06-23,7.718
2020-06-24,7.795
2020-06-25,7.893
2020-06-26,7.973
2020-06-27,7.975
2020-06-28,7.975
2020-06-29,7.963
2020-06-30,7.946
2020-07-01,7.924
2020-07-02,7.9
2020-07-03,7.884
2020-07-04,7.86
2020-07-05,7.833
2020-07-06,7.812
2020-07-07,7.715
2020-07-08,7.606
2020-07-09,7.6
2020-07-10,7.495
2020-07-11,7.436
2020-07-12,7.452
2020-07-13,7.451
2020-07-14,7.448
2020-07-15,7.441
2020-07-16,7.439
2020-07-17,7.441
2020-07-18,7.44
2020-07-19,7.454
2020-07-20,7.472
2020-07-21,7.629
2020-07-22,7.739
2020-07-23,7.733
2020-07-24,7.721
2020-07-25,7.707
2020-07-26,7.691
2020-07-27,7.701
2020-07-28,7.689
2020-07-29,7.682
2020-07-30,7.68
2020-07-31,7.63
2020-08-01,7.581
2020-08-02,7.599
2020-08-03,7.609
2020-08-04,7.606
2020-08-05,7.589
2020-08-06,7.588
2020-08-07,7.591
2020-08-08,7.589
2020-08-09,7.594
2020-08-10,7.597
2020-08-11,7.603
2020-08-12,7.601
2020-08-13,7.605
2020-08-14,7.605
2020-08-15,7.6
2020-08-16,7.605
2020-08-17,7.618
2020-08-18,7.623
2020-08-19,7.714
2020-08-20,7.792
2020-08-21,7.809
2020-08-22,7.808
2020-08-23,7.805
2020-08-24,7.799
2020-08-25,7.801
2020-08-26,7.858
2020-08-27,7.994
2020-08-28,7.987
2020-08-29,8.002
2020-08-30,8.007
2020-08-31,8.003
2020-09-01,8.071
2020-09-02,8.162
2020-09-03,8.163
2020-09-04,8.164
2020-09-05,8.162
2020-09-06,8.162
2020-09-07,8.164
2020-09-08,8.173
2020-09-09,8.255
2020-09-10,8.291
2020-09-11,8.275
2020-09-12,8.263
2020-09-13,8.257
2020-09-14,8.241
2020-09-15,8.226
2020-09-16,8.152
2020-09-17,8.088
2020-09-18,8.035
2020-09-19,8.003
2020-09-20,7.995
2020-09-21,7.896
2020-09-22,7.757
2020-09-23,7.759
2020-09-24,7.762
2020-09-25,7.76
2020-09-26,7.758
2020-09-27,7.756
2020-09-28,7.757
2020-10-01,7.89
2020-10-02,7.901
2020-10-03,7.89
2020-10-04,7.893
2020-10-05,7.969
2020-10-06,8.015
2020-10-07,8.008
2020-10-08,8.003
2020-10-09,7.992
2020-10-10,7.985
2020-10-11,7.984
2020-10-12,7.97
2020-10-13,7.961
2020-10-14,7.956
2020-10-15,7.96
2020-10-16,7.97
2020-10-17,7.965
2020-10-18,7.968
2020-10-19,7.987
2020-10-20,7.993
2020-10-21,8.001
2020-10-22,8.011
2020-10-23,8.02
2020-10-24,8.05
2020-10-25,8.059
2020-10-26,8.067
2020-10-27,8.074
2020-10-28,8.07
2020-10-29,8.085
2020-10-30,8.079
2020-10-31,8.071
2020-11-01,8.076
2020-11-02,8.086
2020-11-03,8.086
2020-11-04,7.986
2020-11-05,7.908
2020-11-06,7.911
2020-11-07,7.91
2020-11-08,7.909
2020-11-09,7.905
2020-11-10,7.898
2020-11-11,7.893
2020-11-12,7.891
2020-11-13,7.832
2020-11-14,7.78
2020-11-15,7.782
2020-11-16,7.816
2020-11-17,7.84
2020-11-18,7.841
2020-11-19,7.842
2020-11-20,7.757
2020-11-21,7.684
2020-11-22,7.697
2020-11-23,7.709
2020-11-24,7.722
2020-11-25,7.739
2020-11-26,7.756
2020-11-27,7.771
2020-11-28,7.786
2020-11-29,7.802
2020-11-30,7.826
2020-12-01,7.989
2020-12-02,8.156
2020-12-03,8.139
2020-12-04,8.173
2020-12-05,8.214
2020-12-06,8.183
2020-12-07,8.156
2020-12-08,8.128
2020-12-09,8.104
2020-12-10,8.087
2020-12-11,8.069
2020-12-12,8.067
2020-12-13,8.07
2020-12-14,8.067
2020-12-15,8.064
2020-12-16,8.056
2020-12-17,8.038
2020-12-18,8.019
2020-12-19,8.006
2020-12-20,7.999
2020-12-21,7.991
2020-12-22,7.979
2020-12-23,8.017
2020-12-24,8.064
2020-12-25,8.078
2020-12-26,8.068
2020-12-27,8.059
2020-12-28,8.062
2020-12-29,8.055
2020-12-30,8.047
2020-12-31,8.045
2021-01-01,8.037
2021-01-02,8.032
2021-01-03,8.021
2021-01-04,8.008
2021-01-05,7.999
2021-01-06,7.992
2021-01-07,7.983
2021-01-08,7.97
2021-01-09,7.96
2021-01-10,7.948
2021-01-11,7.939
2021-01-12,7.932
2021-01-13,7.924
2021-01-14,7.919
2021-01-15,7.912
2021-01-16,7.904
2021-01-17,7.899
2021-01-18,7.89
2021-01-19,7.88
2021-01-20,7.871
2021-01-21,7.862
2021-01-22,7.858
2021-01-23,7.849
2021-01-24,7.839
2021-01-25,7.83
2021-01-26,7.826
2021-01-27,7.818
2021-01-28,7.81
2021-01-29,7.802
2021-01-30,7.794
2021-01-31,7.785
2021-02-01,7.777
2021-02-02,7.77
2021-02-03,7.76
2021-02-04,7.754
2021-02-05,7.753
2021-02-06,7.755
2021-02-07,7.758
2021-02-08,7.753
2021-02-09,7.747
2021-02-10,7.821
2021-02-11,7.952
2021-02-12,7.936
2021-02-13,7.92
2021-02-14,7.906
2021-02-15,7.896
2021-02-16,7.895
2021-02-17,7.879
2021-02-18,7.867
2021-02-19,7.855
2021-02-20,7.842
2021-02-21,7.83
2021-02-22,7.867
2021-02-23,7.959
2021-02-24,8.018
2021-02-25,8.001
2021-02-26,7.98
2021-02-27,7.962
2021-02-28,7.947
2021-03-01,7.933
2021-03-02,7.917
2021-03-03,7.991
2021-03-04,8.109
2021-03-05,8.087
2021-03-06,8.069
2021-03-07,8.051
2021-03-08,8.035
2021-03-09,8.1
2021-03-10,8.155
2021-03-11,8.129
2021-03-12,8.119
2021-03-13,8.108
2021-03-14,8.101
2021-03-15,8.087
2021-03-16,8.044
2021-03-17,7.993
2021-03-18,7.985
2021-03-19,7.968
2021-03-20,7.953
2021-03-21,7.944
2021-03-22,7.936
2021-03-23,7.938
2021-03-24,7.953
2021-03-25,7.986
2021-03-26,8.058
2021-03-27,8.133
2021-03-28,8.205
2021-03-29,8.272
2021-03-30,8.32
2021-03-31,8.363
2021-04-01,8.397
2021-04-02,8.417
2021-04-03,8.43
2021-04-04,8.438
2021-04-05,8.304
2021-04-06,8.14
2021-04-07,7.904
2021-04-08,7.577
2021-04-09,7.531
2021-04-10,7.497
2021-04-11,7.541
2021-04-12,7.546
2021-04-13,7.513
2021-04-14,7.536
2021-04-15,7.484
2021-04-16,7.448
2021-04-17,7.471
2021-04-18,7.491
2021-04-19,7.515
2021-04-20,7.537
2021-04-21,7.565
2021-04-22,7.574
2021-04-23,7.587
2021-04-24,7.601
2021-04-25,7.613
2021-04-26,7.62
2021-04-27,7.731
2021-04-28,7.835
2021-04-29,7.838
2021-04-30,7.856
2021-05-01,7.858
2021-05-02,7.858
2021-05-03,7.874
2021-05-04,7.977
2021-05-05,8.059
2021-05-06,8.053
2021-05-07,8.046
2021-05-08,8.038
2021-05-09,8.027
2021-05-10,8.016
2021-05-11,7.871
2021-05-12,7.738
2021-05-13,7.738
2021-05-14,7.737
2021-05-15,7.739
2021-05-16,7.741
2021-05-17,7.737
2021-05-18,7.734
2021-05-19,7.73
2021-05-20,7.724
2021-05-21,7.672
2021-05-22,7.615
2021-05-23,7.623
2021-05-24,7.61
2021-05-25,7.598
2021-05-26,7.591
2021-05-27,7.598
2021-05-28,7.528
2021-05-29,7.444
2021-05-30,7.439
2021-05-31,7.434
2021-06-01,7.428
2021-06-02,7.429
2021-06-03,7.431
2021-06-04,7.433
2021-06-05,7.428
2021-06-06,7.426
2021-06-07,7.425
2021-06-08,7.426
2021-06-09,7.43
2021-06-10,7.423
2021-06-11,7.415
2021-06-12,7.41
2021-06-13,7.401
2021-06-14,7.398
2021-06-15,7.474
2021-06-16,7.509
2021-06-17,7.489
2021-06-18,7.481
2021-06-19,7.486
2021-06-20,7.482
2021-06-21,7.47
2021-06-22,7.472
2021-06-23,7.458
2021-06-24,7.392
2021-06-25,7.338
2021-06-26,7.38
2021-06-27,7.453
2021-06-28,7.484
2021-06-29,7.62
2021-06-30,7.839
2021-07-01,7.869
2021-07-02,7.994
2021-07-03,8.094
2021-07-04,8.086
2021-07-05,8.077
2021-07-06,8.143
2021-07-07,8.278
2021-07-08,8.292
2021-07-09,8.323
2021-07-10,8.35
2021-07-11,8.364
2021-07-12,8.36
2021-07-13,8.356
2021-07-14,8.407
2021-07-15,8.425
2021-07-16,8.426
2021-07-17,8.415
2021-07-18,8.401
2021-07-19,8.381
2021-07-20,8.37
2021-07-21,8.356
2021-07-22,8.334
2021-07-23,8.314
2021-07-24,8.291
2021-07-25,8.29
2021-07-26,8.282
2021-07-27,8.277
2021-07-28,8.263
2021-07-29,8.244
2021-07-30,8.228
2021-07-31,8.188
2021-08-01,8.201
2021-08-02,8.177
2021-08-03,8.152
2021-08-04,8.034
2021-08-05,7.927
2021-08-06,7.916
2021-08-07,7.916
2021-08-08,7.909
2021-08-09,7.899
2021-08-10,7.898
2021-08-11,7.903
2021-08-12,7.896
2021-08-13,7.889
2021-08-14,7.878
2021-08-15,7.865
2021-08-16,7.738
2021-08-17,7.627
2021-08-18,7.628
2021-08-19,7.524
2021-08-20,7.42
2021-08-21,7.422
2021-08-22,7.424
2021-08-23,7.427
2021-08-24,7.424
2021-08-25,7.422
2021-08-26,7.422
2021-08-27,7.427
2021-08-28,7.417
2021-08-29,7.424
2021-08-30,7.525
2021-08-31,7.697
2021-09-01,7.69
2021-09-02,7.678
2021-09-03,7.626
2021-09-04,7.548
2021-09-05,7.55
2021-09-06,7.553
2021-09-07,7.555
2021-09-08,7.559
2021-09-09,7.568
2021-09-10,7.567
2021-09-11,7.56
2021-09-12,7.566
2021-09-13,7.672
2021-09-14,7.776
2021-09-15,7.766
2021-09-16,7.759
2021-09-17,7.748
2021-09-18,7.742
2021-09-19,7.732
2021-09-20,7.722
2021-09-21,7.71
2021-09-22,7.852
2021-09-23,8.022
2021-09-24,8.031
2021-09-25,8.06
2021-09-26,8.187
2021-09-27,8.271
2021-09-28,8.279
2021-09-29,8.279
2021-09-30,8.274
2021-10-01,8.264
2021-10-02,8.262
2021-10-03,8.274
2021-10-04,8.275
2021-10-05,8.274
2021-10-06,8.272
2021-10-07,8.324
2021-10-08,8.357
2021-10-09,8.343
2021-10-10,8.337
2021-10-11,8.336
2021-10-12,8.332
2021-10-13,8.324
2021-10-14,8.313
2021-10-15,8.296
2021-10-16,8.295
2021-10-17,8.287
2021-10-18,8.276
2021-10-19,8.258
2021-10-20,8.249
2021-10-21,8.249
2021-10-22,8.244
2021-10-23,8.235
2021-10-24,8.227
2021-10-25,8.225
2021-10-26,8.218
2021-10-27,8.199
2021-10-28,8.069
2021-10-29,7.896
2021-10-30,7.901
2021-10-31,7.898
2021-11-01,7.901
2021-11-02,7.912
2021-11-03,7.921
2021-11-04,7.919
2021-11-05,7.915
2021-11-06,7.908
2021-11-07,7.907
2021-11-08,7.834
2021-11-09,7.684
2021-11-10,7.682
2021-11-11,7.684
2021-11-12,7.673
2021-11-13,7.672
2021-11-14,7.682
2021-11-15,7.685
2021-11-16,7.681
2021-11-17,7.682
2021-11-18,7.693
2021-11-19,7.703
2021-11-20,7.705
2021-11-21,7.713
2021-11-22,7.727
2021-11-23,7.787
2021-11-24,7.898
2021-11-25,7.905
2021-11-26,7.91
2021-11-27,7.905
2021-11-28,7.904
2021-11-29,7.897
2021-11-30,7.893
2021-12-01,7.89
2021-12-02,7.895
2021-12-03,7.905
2021-12-04,7.903
2021-12-05,7.912
2021-12-06,7.929
2021-12-07,7.941
2021-12-08,7.938
2021-12-09,7.938
2021-12-10,7.937
2021-12-11,7.951
2021-12-12,7.974
2021-12-13,7.991
2021-12-14,8.013
2021-12-15,8.028
2021-12-16,8.029
2021-12-17,8.05
2021-12-18,8.08
2021-12-19,8.09
2021-12-20,8.153
2021-12-21,8.238
2021-12-22,8.222
2021-12-23,8.246
2021-12-24,8.281
2021-12-25,8.258
2021-12-26,8.237
2021-12-27,8.215
2021-12-28,8.191
2021-12-29,8.172
2021-12-30,8.15
2021-12-31,8.131
2022-01-01,8.119
2022-01-02,8.099
2022-01-03,8.071
2022-01-04,8.05
2022-01-05,8.037
2022-01-06,7.977
2022-01-07,7.884
2022-01-08,7.875
2022-01-09,7.869
2022-01-10,7.866
2022-01-11,7.86
2022-01-12,7.85
2022-01-13,7.844
2022-01-14,7.84
2022-01-15,7.828
2022-01-16,7.819
2022-01-17,7.821
2022-01-18,7.818
2022-01-19,7.819
2022-01-20,7.815
2022-01-21,7.809
2022-01-22,7.801
2022-01-23,7.798
2022-01-24,7.793
2022-01-25,7.786
2022-01-26,7.781
2022-01-27,7.772
2022-01-28,7.767
2022-01-29,7.761
2022-01-30,7.753
2022-01-31,7.822
2022-02-01,7.982
2022-02-02,7.978
2022-02-03,7.977
2022-02-04,7.96
2022-02-05,7.942
2022-02-06,7.926
2022-02-07,7.91
2022-02-08,7.895
2022-02-09,7.884
2022-02-10,7.871
2022-02-11,7.864
2022-02-12,7.858
2022-02-13,7.848
2022-02-14,7.836
2022-02-15,7.824
2022-02-16,7.813
2022-02-17,7.83
2022-02-18,7.831
2022-02-19,7.831
2022-02-20,7.826
2022-02-21,7.823
2022-02-22,7.828
2022-02-23,7.844
2022-02-24,7.843
2022-02-25,7.845
2022-02-26,7.842
2022-02-27,7.84
2022-02-28,7.838
2022-03-01,7.836
2022-03-02,7.914
2022-03-03,8.003
2022-03-04,7.982
2022-03-05,7.964
2022-03-06,7.946
2022-03-07,7.947
2022-03-08,8.036
2022-03-09,8.109
2022-03-10,8.081
2022-03-11,8.059
2022-03-12,8.035
2022-03-13,8.011
2022-03-14,7.992
2022-03-15,8.031
2022-03-16,8.048
2022-03-17,8.027
2022-03-18,8.013
2022-03-19,8.009
2022-03-20,8.015
2022-03-21,8.027
2022-03-22,8.04
2022-03-23,8.057
2022-03-24,8.083
2022-03-25,8.118
2022-03-26,8.153
2022-03-27,8.189
2022-03-28,8.207
2022-03-29,8.217
2022-03-30,8.231
2022-03-31,8.241
2022-04-01,8.167
2022-04-02,8.072
2022-04-03,8.096
2022-04-04,8.035
2022-04-05,7.937
2022-04-06,7.834
2022-04-07,7.706
2022-04-08,7.787
2022-04-09,7.872
2022-04-10,7.945
2022-04-11,8
2022-04-12,8.039
2022-04-13,8.08
2022-04-14,8.129
2022-04-15,8.158
2022-04-16,8.188
2022-04-17,8.209
2022-04-18,8.224
2022-04-19,8.24
2022-04-20,8.246
2022-04-21,8.257
2022-04-22,8.266
2022-04-23,8.338
2022-04-24,8.415
2022-04-25,8.434
2022-04-26,8.463
2022-04-27,8.51
2022-04-28,8.525
2022-04-29,8.522
2022-04-30,8.513
2022-05-01,8.502
2022-05-02,8.497
2022-05-03,8.482
2022-05-04,8.466
2022-05-05,8.44
2022-05-06,8.421
2022-05-07,8.399
2022-05-08,8.372
2022-05-09,8.346
2022-05-10,8.142
2022-05-11,7.883
2022-05-12,7.875
2022-05-13,7.867
2022-05-14,7.859
2022-05-15,7.85
2022-05-16,7.844
2022-05-17,7.753
2022-05-18,7.669
2022-05-19,7.671
2022-05-20,7.669
2022-05-21,7.67
2022-05-22,7.675
2022-05-23,7.674
2022-05-24,7.672
2022-05-25,7.669
2022-05-26,7.674
2022-05-27,7.794
2022-05-28,7.902
2022-05-29,7.917
2022-05-30,7.922
2022-05-31,7.926
2022-06-01,7.955
2022-06-02,7.967
2022-06-03,8.042
2022-06-04,8.075
2022-06-05,8.063
2022-06-06,8.064
2022-06-07,8.188
2022-06-08,8.284
2022-06-09,8.344
2022-06-10,8.387
2022-06-11,8.391
2022-06-12,8.4
2022-06-13,8.394
2022-06-14,8.385
2022-06-15,8.378
2022-06-16,8.357
2022-06-17,8.328
2022-06-18,8.321
2022-06-19,8.286
2022-06-20,8.258
2022-06-21,8.107
2022-06-22,7.996
2022-06-23,7.983
2022-06-24,7.964
2022-06-25,7.946
2022-06-26,7.923
2022-06-27,7.898
2022-06-28,7.881
2022-06-29,7.628
2022-06-30,7.411
2022-07-01,7.411
2022-07-02,7.409
2022-07-03,7.409
2022-07-04,7.409
2022-07-05,7.415
2022-07-06,7.42
2022-07-07,7.411
2022-07-08,7.413
2022-07-09,7.409
2022-07-10,7.403
2022-07-11,7.396
2022-07-12,7.401
2022-07-13,7.408
2022-07-14,7.41
2022-07-15,7.407
2022-07-16,7.405
2022-07-17,7.405
2022-07-18,7.406
2022-07-19,7.4
2022-07-20,7.399
2022-07-21,7.408
2022-07-22,7.416
2022-07-23,7.421
2022-07-24,7.428
2022-07-25,7.43
2022-07-26,7.433
2022-07-27,7.434
2022-07-28,7.432
2022-07-29,7.426
2022-07-30,7.427
2022-07-31,7.424
2022-08-01,7.427
2022-08-02,7.461
2022-08-03,7.453
2022-08-04,7.457
2022-08-05,7.465
2022-08-06,7.458
2022-08-07,7.458
2022-08-08,7.474
2022-08-09,7.487
2022-08-10,7.476
2022-08-11,7.478
2022-08-12,7.469
2022-08-13,7.461
2022-08-14,7.458
2022-08-15,7.455
2022-08-16,7.451
2022-08-17,7.447
2022-08-18,7.444
2022-08-19,7.442
2022-08-20,7.438
2022-08-21,7.436
2022-08-22,7.51
2022-08-23,7.594
2022-08-24,7.586
2022-08-25,7.58
2022-08-26,7.678
2022-08-27,7.784
2022-08-28,7.766
2022-08-29,7.748
2022-08-30,7.743
2022-08-31,7.725
2022-09-01,7.669
2022-09-02,7.565
2022-09-03,7.563
2022-09-04,7.563
2022-09-05,7.551
2022-09-06,7.519
2022-09-07,7.462
2022-09-08,7.459
2022-09-09,7.456
2022-09-10,7.454
2022-09-11,7.453
2022-09-12,7.456
2022-09-13,7.466
2022-09-14,7.61
2022-09-15,7.81
2022-09-16,7.805
2022-09-17,7.797
2022-09-18,7.789
2022-09-19,7.817
2022-09-20,7.825
2022-09-21,7.88
2022-09-22,7.929
2022-09-23,7.909
2022-09-24,7.894
2022-09-25,7.892
2022-09-26,7.898
2022-09-27,7.897
2022-09-28,7.894
2022-09-29,7.88
2022-09-30,7.871
2022-10-01,7.867
2022-10-02,7.857
2022-10-03,7.763
2022-10-04,7.672
2022-10-05,7.674
2022-10-06,7.677
2022-10-07,7.687
2022-10-08,7.675
2022-10-09,7.678
2022-10-10,7.679
2022-10-11,7.677
2022-10-12,7.678
2022-10-13,7.718
2022-10-14,7.733
2022-10-15,7.736
2022-10-16,7.747
2022-10-17,7.754
2022-10-18,7.76
2022-10-19,7.765
2022-10-20,7.779
2022-10-21,7.795
2022-10-22,7.801
2022-10-23,7.81
2022-10-24,7.813
2022-10-25,7.814
2022-10-26,7.816
2022-10-27,7.821
2022-10-28,7.819
2022-10-29,7.816
2022-10-30,7.813
2022-10-31,7.81
2022-11-01,7.807
2022-11-02,7.746
2022-11-03,7.68
2022-11-04,7.673
2022-11-05,7.667
2022-11-06,7.683
2022-11-07,7.678
2022-11-08,7.683
2022-11-09,7.673
2022-11-10,7.666
2022-11-11,7.666
2022-11-12,7.666
2022-11-13,7.661
2022-11-14,7.651
2022-11-15,7.61
2022-11-16,7.559
2022-11-17,7.554
2022-11-18,7.557
2022-11-19,7.549
2022-11-20,7.554
2022-11-21,7.548
2022-11-22,7.548
2022-11-23,7.522
2022-11-24,7.495
2022-11-25,7.503
2022-11-26,7.506
2022-11-27,7.517
2022-11-28,7.534
2022-11-29,7.537
2022-11-30,7.554
2022-12-01,7.59
2022-12-02,7.609
2022-12-03,7.635
2022-12-04,7.663
2022-12-05,7.681
2022-12-06,7.704
2022-12-07,7.814
2022-12-08,7.999
2022-12-09,7.992
2022-12-10,7.975
2022-12-11,7.96
2022-12-12,7.944
2022-12-13,7.927
2022-12-14,7.914
2022-12-15,7.903
2022-12-16,7.906
2022-12-17,7.896
2022-12-18,7.891
2022-12-19,7.889
2022-12-20,7.96
2022-12-21,8.024
2022-12-22,8.01
2022-12-23,7.991
2022-12-24,7.997
2022-12-25,8.028
2022-12-26,8.01
2022-12-27,8.001
2022-12-28,7.995
2022-12-29,7.983
2022-12-30,8.056
2022-12-31,8.149
2023-01-01,8.159
2023-01-02,8.163
2023-01-03,8.172
2023-01-04,8.189
2023-01-05,8.285
2023-01-06,8.336
2023-01-07,8.346
2023-01-08,8.34
2023-01-09,8.332
2023-01-10,8.325
2023-01-11,8.31
2023-01-12,8.301
2023-01-13,8.292
2023-01-14,8.263
2023-01-15,8.242
2023-01-16,8.227
2023-01-17,8.216
2023-01-18,8.2
2023-01-19,8.186
2023-01-20,8.193
2023-01-21,8.207
2023-01-22,8.194
2023-01-23,8.184
2023-01-24,8.17
2023-01-25,8.159
2023-01-26,8.149
2023-01-27,8.132
2023-01-28,8.118
2023-01-29,8.111
2023-01-30,8.095
2023-01-31,8.078
2023-02-01,8.062
2023-02-02,8.051
2023-02-03,8.04
2023-02-04,8.027
2023-02-05,8.012
2023-02-06,8.001
2023-02-07,7.989
2023-02-08,8.002
2023-02-09,8.037
2023-02-10,8.031
2023-02-11,8.025
2023-02-12,8.016
2023-02-13,8.004
2023-02-14,7.994
2023-02-15,7.987
2023-02-16,8.058
2023-02-17,8.119
2023-02-18,8.096
2023-02-19,8.082
2023-02-20,8.067
2023-02-21,8.053
2023-02-22,8.043
2023-02-23,8.039
2023-02-24,8.023
2023-02-25,8.01
2023-02-26,7.995
2023-02-27,7.986
2023-02-28,7.977
2023-03-01,8.059
2023-03-02,8.141
2023-03-03,8.115
2023-03-04,8.1
2023-03-05,8.075
2023-03-06,8.101
2023-03-07,8.15
2023-03-08,8.119
2023-03-09,8.017
2023-03-10,7.877
2023-03-11,7.867
2023-03-12,7.858
2023-03-13,7.854
2023-03-14,7.851
2023-03-15,7.858
2023-03-16,7.873
2023-03-17,7.878
2023-03-18,7.887
2023-03-19,7.891
2023-03-20,7.888
2023-03-21,7.888
2023-03-22,7.882
2023-03-23,7.88
2023-03-24,7.883
2023-03-25,7.892
2023-03-26,7.907
2023-03-27,7.923
2023-03-28,7.997
2023-03-29,8.118
2023-03-30,8.19
2023-03-31,8.178
2023-04-01,8.187
2023-04-02,8.185
2023-04-03,8.187
2023-04-04,8.193
2023-04-05,8.253
2023-04-06,8.366
2023-04-07,8.459
2023-04-08,8.537
2023-04-09,8.594
2023-04-10,8.635
2023-04-11,8.688
2023-04-12,8.773
2023-04-13,8.863
2023-04-14,8.96
2023-04-15,9.054
2023-04-16,9.135
2023-04-17,9.23
2023-04-18,9.316
2023-04-19,9.366
2023-04-20,9.392
2023-04-21,9.391
2023-04-22,9.386
2023-04-23,9.375
2023-04-24,9.345
2023-04-25,9.219
2023-04-26,9.075
2023-04-27,9.043
2023-04-28,8.946
2023-04-29,8.873
2023-04-30,8.859
2023-05-01,8.909
2023-05-02,8.954
2023-05-03,8.987
2023-05-04,9.003
2023-05-05,9.007
2023-05-06,8.996
2023-05-07,8.976
2023-05-08,8.949
2023-05-09,8.913
2023-05-10,8.87
2023-05-11,8.683
2023-05-12,8.414
2023-05-13,8.391
2023-05-14,8.364
2023-05-15,8.333
2023-05-16,8.072
2023-05-17,7.82
2023-05-18,7.68
2023-05-19,7.57
2023-05-20,7.603
2023-05-21,7.627
2023-05-22,7.656
2023-05-23,7.909
2023-05-24,8.317
2023-05-25,8.36
2023-05-26,8.343
2023-05-27,8.324
2023-05-28,8.305
2023-05-29,8.287
2023-05-30,8.141
2023-05-31,7.998
2023-06-01,7.984
2023-06-02,7.975
2023-06-03,7.969
2023-06-04,7.948
2023-06-05,7.828
2023-06-06,7.591
2023-06-07,7.586
2023-06-08,7.582
2023-06-09,7.581
2023-06-10,7.578
2023-06-11,7.577
2023-06-12,7.601
2023-06-13,7.674
2023-06-14,7.906
2023-06-15,8.153
2023-06-16,8.232
2023-06-17,8.279
2023-06-18,8.258
2023-06-19,8.123
2023-06-20,7.965
2023-06-21,7.96
2023-06-22,7.912
2023-06-23,7.839
2023-06-24,7.834
2023-06-25,7.828
2023-06-26,7.831
2023-06-27,7.852
2023-06-28,7.921
2023-06-29,7.994
2023-06-30,7.994
2023-07-01,7.99
2023-07-02,7.987
2023-07-03,7.981
2023-07-04,7.975
2023-07-05,7.965
2023-07-06,7.855
2023-07-07,7.744
2023-07-08,7.738
2023-07-09,7.734
2023-07-10,7.725
2023-07-11,7.608
2023-07-12,7.51
2023-07-13,7.587
2023-07-14,7.65
2023-07-15,7.686
2023-07-16,7.746
2023-07-17,7.94
2023-07-18,8.275
2023-07-19,8.304
2023-07-20,8.291
2023-07-21,8.286
2023-07-22,8.266
2023-07-23,8.248
2023-07-24,8.228
2023-07-25,8.213
2023-07-26,8.198
2023-07-27,8.194
2023-07-28,8.061
2023-07-29,7.955
2023-07-30,7.942
2023-07-31,7.938
2023-08-01,7.701
2023-08-02,7.539
2023-08-03,7.593
2023-08-04,7.605
2023-08-05,7.602
2023-08-06,7.593
2023-08-07,7.608
2023-08-08,7.753
2023-08-09,8.026
2023-08-10,8.132
2023-08-11,8.127
2023-08-12,8.145
2023-08-13,8.154
2023-08-14,8.157
2023-08-15,8.216
2023-08-16,8.253
2023-08-17,8.243
2023-08-18,8.258
2023-08-19,8.248
2023-08-20,8.233
2023-08-21,8.226
2023-08-22,8.197
2023-08-23,8.174
2023-08-24,8.152
2023-08-25,8.023
2023-08-26,7.869
2023-08-27,7.855
2023-08-28,7.841
2023-08-29,7.832
2023-08-30,7.858
2023-08-31,7.791
2023-09-01,7.737
2023-09-02,7.726
2023-09-03,7.725
2023-09-04,7.722
2023-09-05,7.716
2023-09-06,7.709
2023-09-07,7.705
2023-09-08,7.778
2023-09-09,7.822
2023-09-10,7.809
2023-09-11,7.794
2023-09-12,7.798
2023-09-13,7.793
2023-09-14,7.783
2023-09-15,7.713
2023-09-16,7.645
2023-09-17,7.65
2023-09-18,7.662
2023-09-19,7.658
2023-09-20,7.655
2023-09-21,7.652
2023-09-22,7.65
2023-09-23,7.648
2023-09-24,7.646
2023-09-25,7.642
2023-09-26,7.635
2023-09-27,7.631
2023-09-28,7.627
2023-09-29,7.623
2023-09-30,7.619
2023-10-01,7.616
2023-10-02,7.613
2023-10-03,7.642
2023-10-04,7.683
2023-10-05,7.676
2023-10-06,7.766
2023-10-07,7.882
2023-10-08,7.875
2023-10-09,7.875
2023-10-10,7.89
2023-10-11,7.903
2023-10-12,7.911
2023-10-13,7.91
2023-10-14,7.912
2023-10-15,7.903
2023-10-16,7.897
2023-10-17,7.76
2023-10-18,7.553
2023-10-19,7.551
2023-10-20,7.559
2023-10-21,7.572
2023-10-22,7.572
2023-10-23,7.566
2023-10-24,7.568
2023-10-25,7.569
2023-10-26,7.575
2023-10-27,7.586
2023-10-28,7.602
2023-10-29,7.613
2023-10-30,7.62
2023-10-31,7.629
2023-11-01,7.739
2023-11-02,7.819
2023-11-03,7.76
2023-11-04,7.772
2023-11-05,7.776
2023-11-06,7.777
2023-11-07,7.796
2023-11-08,7.801
2023-11-09,7.816
2023-11-10,7.824
2023-11-11,7.836
2023-11-12,7.84
2023-11-13,7.842
2023-11-14,7.846
2023-11-15,7.846
2023-11-16,7.849
2023-11-17,7.856
2023-11-18,7.865
2023-11-19,7.874
2023-11-20,7.876
2023-11-21,7.882
2023-11-22,7.917
2023-11-23,7.941
2023-11-24,7.937
2023-11-25,7.926
2023-11-26,7.927
2023-11-27,7.932
2023-11-28,7.933
2023-11-29,7.923
2023-11-30,7.919
2023-12-01,7.914
2023-12-02,7.911
2023-12-03,7.905
2023-12-04,7.895
2023-12-05,7.885
2023-12-06,7.876
2023-12-07,7.868
2023-12-08,7.86
2023-12-09,7.848
2023-12-10,7.848
2023-12-11,7.849
2023-12-12,7.841
2023-12-13,7.845
2023-12-14,7.837
2023-12-15,7.832
2023-12-16,7.836
2023-12-17,7.837
2023-12-18,7.857
2023-12-19,7.867
2023-12-20,7.873
2023-12-21,7.926
2023-12-22,8.035
2023-12-23,8.085
2023-12-24,8.075
2023-12-25,8.066
2023-12-26,8.058
2023-12-27,8.123
2023-12-28,8.189
2023-12-29,8.178
2023-12-30,8.167
2023-12-31,8.153
2024-01-01,8.137
2024-01-02,8.116
2024-01-03,8.109
2024-01-04,8.101
2024-01-05,8.022
2024-01-06,7.951
2024-01-07,7.942
2024-01-08,7.934
2024-01-09,7.942
2024-01-10,7.959
2024-01-11,7.962
2024-01-12,8.001
2024-01-13,8.061
2024-01-14,8.063
2024-01-15,8.054
2024-01-16,8.05
2024-01-17,8.04
2024-01-18,8.046
2024-01-19,8.039
2024-01-20,8.023
2024-01-21,8.012
2024-01-22,8.002
2024-01-23,7.997
2024-01-24,7.993
2024-01-25,7.987
2024-01-26,7.978
2024-01-27,7.966
2024-01-28,7.958
2024-01-29,7.947
2024-01-30,7.939
2024-01-31,7.926
2024-02-01,7.92
2024-02-02,7.915
2024-02-03,7.903
2024-02-04,7.894
2024-02-05,7.887
2024-02-06,7.877
2024-02-07,7.869
2024-02-08,7.861
2024-02-09,7.855
2024-02-10,7.849
2024-02-11,7.844
2024-02-12,7.84
2024-02-13,7.837
2024-02-14,7.828
2024-02-15,7.827
2024-02-16,7.828
2024-02-17,7.823
2024-02-18,7.826
2024-02-19,7.831
2024-02-20,7.888
2024-02-21,7.973
2024-02-22,7.958
2024-02-23,8.019
2024-02-24,8.098
2024-02-25,8.07
2024-02-26,8.046
2024-02-27,8.026
2024-02-28,8.015
2024-02-29,8.013
2024-03-01,8.057
2024-03-02,8.125
2024-03-03,8.109
2024-03-04,8.099
2024-03-05,8.127
2024-03-06,8.184
2024-03-07,8.189
2024-03-08,8.196
2024-03-09,8.246
2024-03-10,8.164
2024-03-11,8.034
2024-03-12,8.036
2024-03-13,8.065
2024-03-14,7.988
2024-03-15,7.894
2024-03-16,7.913
2024-03-17,7.927
2024-03-18,7.943
2024-03-19,7.948
2024-03-20,7.806
2024-03-21,7.683
2024-03-22,7.7
2024-03-23,7.716
2024-03-24,7.728
2024-03-25,7.665
2024-03-26,7.549
2024-03-27,7.583
2024-03-28,7.605
2024-03-29,7.626
2024-03-30,7.645
2024-03-31,7.658
2024-04-01,7.671
2024-04-02,7.686
2024-04-03,7.709
2024-04-04,7.866
2024-04-05,8.047
2024-04-06,8.044
2024-04-07,8.035
2024-04-08,8.03
2024-04-09,8.032
2024-04-10,8.039
2024-04-11,8.131
2024-04-12,8.28
2024-04-13,8.366
2024-04-14,8.413
2024-04-15,8.437
2024-04-16,8.45
2024-04-17,8.46
2024-04-18,8.47
2024-04-19,8.475
2024-04-20,8.472
2024-04-21,8.466
2024-04-22,8.459
2024-04-23,8.444
2024-04-24,8.465
2024-04-25,8.474
2024-04-26,8.449
2024-04-27,8.428
2024-04-28,8.415
2024-04-29,8.373
2024-04-30,8.305
2024-05-01,8.298
2024-05-02,8.245
2024-05-03,8.208
2024-05-04,8.201
2024-05-05,8.189
2024-05-06,8.178
2024-05-07,8.063
2024-05-08,7.996
2024-05-09,8.014
2024-05-10,8.017
2024-05-11,8.016
2024-05-12,8.015
2024-05-13,8.011
2024-05-14,8.008
2024-05-15,8.007
2024-05-16,7.995
2024-05-17,7.924
2024-05-18,7.809
2024-05-19,7.799
2024-05-20,7.793
2024-05-21,7.795
2024-05-22,7.799
2024-05-23,7.805
2024-05-24,7.805
2024-05-25,7.805
2024-05-26,7.8
2024-05-27,7.822
2024-05-28,7.871
2024-05-29,7.931
2024-05-30,7.958
2024-05-31,7.841
2024-06-01,7.706
2024-06-02,7.703
2024-06-03,7.701
2024-06-04,7.695
2024-06-05,7.688
2024-06-06,7.675
2024-06-07,7.547
2024-06-08,7.442
2024-06-09,7.443
2024-06-10,7.457
2024-06-11,7.456
2024-06-17,7.5
2024-06-18,7.625
2024-06-19,7.729
2024-06-20,7.725
2024-06-21,7.73
2024-06-22,7.738
2024-06-23,7.874
2024-06-24,8.086
2024-06-25,8.357
2024-06-26,8.436
2024-06-27,8.43
2024-06-28,8.411
2024-06-29,8.399
2024-06-30,8.399
2024-07-01,8.379
2024-07-02,8.359
2024-07-03,8.34
2024-07-04,8.332
2024-07-05,8.192
2024-07-06,8.1
2024-07-07,8.085
2024-07-08,8.07
2024-07-09,8.055
2024-07-10,8.151
2024-07-11,8.153
2024-07-12,8.042
2024-07-13,7.933
2024-07-14,7.925
2024-07-15,7.928
2024-07-16,7.93
2024-07-17,7.924
2024-07-18,7.917
2024-07-19,7.812
2024-07-20,7.702
2024-07-21,7.705
2024-07-22,7.7
2024-07-23,7.696
2024-07-24,7.699
2024-07-25,7.703
2024-07-26,7.697
2024-07-27,7.692
2024-07-28,7.687
2024-07-29,7.606
2024-07-30,7.457
2024-07-31,7.465
2024-08-01,7.461
2024-08-02,7.458
2024-08-03,7.454
2024-08-04,7.45
2024-08-05,7.451
2024-08-06,7.45
2024-08-07,7.446
2024-08-08,7.44
2024-08-09,7.436
2024-08-10,7.429
2024-08-11,7.434
2024-08-12,7.44
2024-08-13,7.438
2024-08-14,7.435
2024-08-15,7.433
2024-08-16,7.541
2024-08-17,7.615
2024-08-18,7.628
2024-08-19,7.659
2024-08-20,7.669
2024-08-21,7.671
2024-08-22,7.672
2024-08-23,7.677
2024-08-24,7.682
2024-08-25,7.689
2024-08-26,7.692
2024-08-27,7.787
2024-08-28,7.88
2024-08-29,7.86
2024-08-30,7.693
2024-08-31,7.497
2024-09-01,7.498
2024-09-02,7.5
2024-09-03,7.494
2024-09-04,7.494
2024-09-05,7.568
2024-09-06,7.662
2024-09-07,7.669
2024-09-08,7.655
2024-09-09,7.656
2024-09-10,7.653
2024-09-11,7.649
2024-09-12,7.644
2024-09-13,7.64
2024-09-14,7.635
2024-09-15,7.63
2024-09-16,7.624
2024-09-17,7.724
2024-09-18,7.8
2024-09-19,7.788
2024-09-20,7.776
2024-09-21,7.766
2024-09-22,7.754
2024-09-23,7.761
2024-09-24,7.797
2024-09-25,7.861
2024-09-26,7.869
2024-09-27,7.876
2024-09-28,7.884
2024-09-29,7.887
2024-09-30,7.886
2024-10-01,7.88
2024-10-02,7.909
2024-10-03,7.914
2024-10-04,7.916
2024-10-05,7.912
2024-10-06,7.91
2024-10-07,7.977
2024-10-08,8.044
2024-10-09,8.031
2024-10-10,8.017
2024-10-11,7.932
2024-10-12,7.831
2024-10-13,7.832
2024-10-14,7.834
2024-10-15,7.736
2024-10-16,7.658
2024-10-17,7.63
2024-10-18,7.599
2024-10-19,7.597
2024-10-20,7.592
2024-10-21,7.517
2024-10-22,7.447
2024-10-23,7.446
2024-10-24,7.451
2024-10-25,7.449
2024-10-26,7.45
2024-10-27,7.448
2024-10-28,7.449
2024-10-29,7.445
2024-10-30,7.441
2024-10-31,7.443
2024-11-01,7.455
2024-11-02,7.456
2024-11-03,7.454
2024-11-04,7.457
2024-11-05,7.473
2024-11-06,7.489
2024-11-07,7.498
2024-11-08,7.507
2024-11-09,7.517
2024-11-10,7.526
2024-11-11,7.54
2024-11-12,7.562
2024-11-13,7.541
2024-11-14,7.494
2024-11-15,7.499
2024-11-16,7.502
2024-11-17,7.506
2024-11-18,7.511
2024-11-19,7.519
2024-11-20,7.524
2024-11-21,7.543
2024-11-22,7.562
2024-11-23,7.562
2024-11-24,7.569
2024-11-25,7.576
2024-11-26,7.682
2024-11-27,7.8
2024-11-28,7.868
2024-11-29,7.929
2024-11-30,7.93
2024-12-01,7.945
2024-12-02,7.937
2024-12-03,7.927
2024-12-04,7.928
2024-12-05,7.93
2024-12-06,7.921
2024-12-07,7.916
2024-12-08,7.916
2024-12-09,7.914
2024-12-10,7.903
2024-12-11,7.896
2024-12-12,7.9
2024-12-13,7.901
2024-12-14,7.896
2024-12-15,7.89
2024-12-16,7.948
2024-12-17,8.061
2024-12-18,8.068
2024-12-19,8.114
2024-12-20,8.163
2024-12-21,8.147
2024-12-22,8.124
2024-12-23,8.109
2024-12-24,8.101
2024-12-25,8.087
2024-12-26,8.072
2024-12-27,8.059
2024-12-28,8.047
2024-12-29,8.049
2024-12-30,8.138
2024-12-31,8.252
2026-06-07,7.7906
2026-06-08,7.8384
2026-06-09,7.9436
2026-06-10,8.1019
2026-06-11,8.4495
2026-06-12,8.4542
2026-06-13,8.4556
2026-06-14,8.4321
2026-06-15,8.3984
2026-06-16,8.3631
2026-06-17,8.3607
2026-06-18,8.4071
2026-06-19,8.4034
2026-06-20,8.4112
2026-06-21,8.4144
2026-06-22,8.4137
2026-06-23,8.4233
2026-06-24,8.3216
2026-06-25,8.2198
2026-06-26,8.2099
2026-06-27,8.1935
2026-06-28,8.176
2026-06-29,8.0641
2026-06-30,7.6728
2026-07-01,7.6732
2026-07-02,7.675
2026-07-03,7.6737
2026-07-04,7.6741
2026-07-05,7.6721
2026-07-06,7.667
2026-07-07,7.6601
2026-07-08,7.6557
2026-07-09,7.6601
2026-07-10,7.6718
2026-07-11,7.6686
2026-07-12,7.657
2026-07-13,7.6485
2026-07-14,7.6415
2026-07-15,7.6403
2026-07-16,7.6363
2026-07-17,7.6294
2026-07-18,7.6359
2026-07-19,7.6375
2026-07-20,7.6268
2026-07-21,7.6219
2026-07-22,7.6218
2026-07-23,7.602
2026-07-24,7.5466
2026-07-25,7.5448
2026-07-26,7.5424
2026-07-27,7.5401
2026-07-28,7.5263
2026-07-29,7.4966
2026-07-30,7.4835
2026-07-31,7.4768
2026-08-01,7.4767
2026-08-02,7.5007
2026-08-03,7.5038
2026-08-04,7.4914
2026-08-05,7.4892
2026-08-06,7.4872
2026-08-07,7.486
2026-08-08,7.4902
2026-08-09,7.4975
2026-08-10,7.4934
2026-08-11,7.493
2026-08-12,7.4878
2026-08-13,7.4888
2026-08-14,7.4898
2026-08-15,7.4894
2026-08-16,7.4833
2026-08-17,7.4867
2026-08-18,7.4815
2026-08-19,7.4806
2026-08-20,7.4808
2026-08-21,7.4795
2026-08-22,7.4746
2026-08-23,7.4757
2026-08-24,7.485
2026-08-25,7.4911
2026-08-26,7.4861
2026-08-27,7.4861
2026-08-28,7.4949
2026-08-29,7.4889
2026-08-30,7.492
2026-08-31,7.5366
2026-09-01,7.6537
2026-09-02,7.7681
2026-09-03,7.7673
2026-09-04,7.7646
2026-09-05,7.7613
2026-09-06,7.7557
2026-09-07,7.7474
2026-09-08,7.7404
2026-09-09,7.7383
2026-09-10,7.7771
2026-09-11,7.8791
2026-09-12,7.873
