date,value
2003-01-01,225.21
2003-01-02,225.21
2003-01-03,225.21
2003-01-04,225.209
2003-01-05,225.207
2003-01-06,225.206
2003-01-07,225.207
2003-01-08,225.211
2003-01-09,225.214
2003-01-10,225.216
2003-01-11,225.219
2003-01-12,225.217
2003-01-13,225.22
2003-01-14,225.218
2003-01-15,225.212
2003-01-16,225.215
2003-01-17,225.214
2003-01-18,225.213
2003-01-19,225.212
2003-01-20,225.213
2003-01-21,225.211
2003-01-22,225.206
2003-01-23,225.203
2003-01-24,225.2
2003-01-25,225.2
2003-01-26,225.204
2003-01-27,225.197
2003-01-28,225.177
2003-01-29,225.145
2003-01-30,225.125
2003-01-31,225.107
2003-02-01,225.09
2003-02-02,225.073
2003-02-03,225.061
2003-02-04,225.062
2003-02-05,225.053
2003-02-06,225.045
2003-02-07,225.036
2003-02-08,225.029
2003-02-09,225.021
2003-02-10,225.015
2003-02-11,225.009
2003-02-12,224.999
2003-02-13,224.99
2003-02-14,224.972
2003-02-15,224.948
2003-02-16,224.935
2003-02-17,224.921
2003-02-18,224.908
2003-02-19,224.893
2003-02-20,224.88
2003-02-21,224.858
2003-02-22,224.843
2003-02-23,224.842
2003-02-24,224.833
2003-02-25,224.821
2003-02-26,224.799
2003-02-27,224.774
2003-02-28,224.758
2003-03-01,224.742
2003-03-02,224.726
2003-03-03,224.706
2003-03-04,224.682
2003-03-05,224.672
2003-03-06,224.661
2003-03-07,224.645
2003-03-08,224.632
2003-03-09,224.629
2003-03-10,224.618
2003-03-11,224.593
2003-03-12,224.56
2003-03-13,224.539
2003-03-14,224.517
2003-03-15,224.508
2003-03-16,224.497
2003-03-17,224.452
2003-03-18,224.393
2003-03-19,224.374
2003-03-20,224.357
2003-03-21,224.346
2003-03-22,224.337
2003-03-23,224.33
2003-03-24,224.327
2003-03-25,224.345
2003-03-26,224.385
2003-03-27,224.424
2003-03-28,224.473
2003-03-29,224.567
2003-03-30,224.675
2003-03-31,224.748
2003-04-01,224.804
2003-04-02,224.838
2003-04-03,224.86
2003-04-04,224.867
2003-04-05,224.871
2003-04-06,224.868
2003-04-07,224.857
2003-04-08,224.837
2003-04-09,224.813
2003-04-10,224.828
2003-04-11,224.905
2003-04-12,224.943
2003-04-13,224.937
2003-04-14,224.945
2003-04-15,224.968
2003-04-16,224.992
2003-04-17,225.024
2003-04-18,225.048
2003-04-19,225.069
2003-04-20,225.091
2003-04-21,225.121
2003-04-22,225.157
2003-04-23,225.201
2003-04-24,225.237
2003-04-25,225.27
2003-04-26,225.288
2003-04-27,225.298
2003-04-28,225.302
2003-04-29,225.305
2003-04-30,225.314
2003-05-01,225.348
2003-05-02,225.374
2003-05-03,225.389
2003-05-04,225.409
2003-05-05,225.427
2003-05-06,225.439
2003-05-07,225.441
2003-05-08,225.438
2003-05-09,225.435
2003-05-10,225.428
2003-05-11,225.428
2003-05-12,225.444
2003-05-13,225.443
2003-05-14,225.425
2003-05-15,225.417
2003-05-16,225.412
2003-05-17,225.396
2003-05-18,225.381
2003-05-19,225.372
2003-05-20,225.358
2003-05-21,225.345
2003-05-22,225.33
2003-05-23,225.325
2003-05-24,225.324
2003-05-25,225.316
2003-05-26,225.308
2003-05-27,225.308
2003-05-28,225.295
2003-05-29,225.284
2003-05-30,225.275
2003-05-31,225.275
2003-06-01,225.261
2003-06-02,225.255
2003-06-03,225.263
2003-06-04,225.275
2003-06-05,225.306
2003-06-06,225.318
2003-06-07,225.329
2003-06-08,225.336
2003-06-09,225.351
2003-06-10,225.357
2003-06-11,225.365
2003-06-12,225.361
2003-06-13,225.363
2003-06-14,225.365
2003-06-15,225.37
2003-06-16,225.368
2003-06-17,225.367
2003-06-18,225.358
2003-06-19,225.346
2003-06-20,225.334
2003-06-21,225.322
2003-06-22,225.307
2003-06-23,225.303
2003-06-24,225.319
2003-06-25,225.32
2003-06-26,225.321
2003-06-27,225.339
2003-06-28,225.347
2003-06-29,225.353
2003-06-30,225.351
2003-07-01,225.352
2003-07-02,225.35
2003-07-03,225.346
2003-07-04,225.353
2003-07-05,225.349
2003-07-06,225.346
2003-07-07,225.346
2003-07-08,225.337
2003-07-09,225.34
2003-07-10,225.339
2003-07-11,225.338
2003-07-12,225.341
2003-07-13,225.347
2003-07-14,225.349
2003-07-15,225.353
2003-07-16,225.354
2003-07-17,225.353
2003-07-18,225.353
2003-07-19,225.353
2003-07-20,225.363
2003-07-21,225.37
2003-07-22,225.37
2003-07-23,225.364
2003-07-24,225.359
2003-07-25,225.352
2003-07-26,225.352
2003-07-27,225.357
2003-07-28,225.351
2003-07-29,225.346
2003-07-30,225.346
2003-07-31,225.346
2003-08-01,225.341
2003-08-02,225.339
2003-08-03,225.336
2003-08-04,225.334
2003-08-05,225.333
2003-08-06,225.332
2003-08-07,225.332
2003-08-08,225.33
2003-08-09,225.327
2003-08-10,225.326
2003-08-11,225.327
2003-08-12,225.32
2003-08-13,225.317
2003-08-14,225.311
2003-08-15,225.308
2003-08-16,225.311
2003-08-17,225.304
2003-08-18,225.298
2003-08-19,225.292
2003-08-20,225.287
2003-08-21,225.282
2003-08-22,225.28
2003-08-23,225.271
2003-08-24,225.262
2003-08-25,225.256
2003-08-26,225.25
2003-08-27,225.244
2003-08-28,225.241
2003-08-29,225.256
2003-08-30,225.267
2003-08-31,225.266
2003-09-01,225.269
2003-09-02,225.271
2003-09-03,225.271
2003-09-04,225.268
2003-09-05,225.268
2003-09-06,225.267
2003-09-07,225.269
2003-09-08,225.27
2003-09-09,225.268
2003-09-10,225.268
2003-09-11,225.268
2003-09-12,225.272
2003-09-13,225.271
2003-09-14,225.275
2003-09-15,225.282
2003-09-16,225.283
2003-09-17,225.286
2003-09-18,225.284
2003-09-19,225.29
2003-09-20,225.292
2003-09-21,225.294
2003-09-22,225.309
2003-09-23,225.331
2003-09-24,225.333
2003-09-25,225.32
2003-09-26,225.312
2003-09-27,225.307
2003-09-28,225.297
2003-09-29,225.281
2003-09-30,225.266
2003-10-01,225.269
2003-10-02,225.263
2003-10-03,225.25
2003-10-04,225.262
2003-10-05,225.26
2003-10-06,225.256
2003-10-07,225.245
2003-10-08,225.232
2003-10-09,225.227
2003-10-10,225.223
2003-10-11,225.219
2003-10-12,225.211
2003-10-13,225.205
2003-10-14,225.208
2003-10-15,225.228
2003-10-16,225.237
2003-10-17,225.239
2003-10-18,225.245
2003-10-19,225.251
2003-10-20,225.252
2003-10-21,225.243
2003-10-22,225.223
2003-10-23,225.208
2003-10-24,225.2
2003-10-25,225.186
2003-10-26,225.169
2003-10-27,225.157
2003-10-28,225.156
2003-10-29,225.141
2003-10-30,225.143
2003-10-31,225.146
2003-11-01,225.131
2003-11-02,225.125
2003-11-03,225.121
2003-11-04,225.136
2003-11-05,225.157
2003-11-06,225.184
2003-11-07,225.204
2003-11-08,225.226
2003-11-09,225.24
2003-11-10,225.251
2003-11-11,225.265
2003-11-12,225.283
2003-11-13,225.318
2003-11-14,225.344
2003-11-15,225.362
2003-11-16,225.386
2003-11-17,225.369
2003-11-18,225.302
2003-11-19,225.275
2003-11-20,225.278
2003-11-21,225.278
2003-11-22,225.263
2003-11-23,225.261
2003-11-24,225.257
2003-11-25,225.255
2003-11-26,225.245
2003-11-27,225.233
2003-11-28,225.215
2003-11-29,225.197
2003-11-30,225.17
2003-12-01,225.14
2003-12-02,225.116
2003-12-03,225.09
2003-12-04,225.111
2003-12-05,225.164
2003-12-06,225.168
2003-12-07,225.15
2003-12-08,225.157
2003-12-09,225.181
2003-12-10,225.194
2003-12-11,225.197
2003-12-12,225.202
2003-12-13,225.209
2003-12-14,225.217
2003-12-15,225.215
2003-12-16,225.214
2003-12-17,225.214
2003-12-18,225.216
2003-12-19,225.212
2003-12-20,225.201
2003-12-21,225.192
2003-12-22,225.186
2003-12-23,225.184
2003-12-24,225.182
2003-12-25,225.175
2003-12-26,225.165
2003-12-27,225.159
2003-12-28,225.155
2003-12-29,225.154
2003-12-30,225.176
2003-12-31,225.189
2004-01-01,225.206
2004-01-02,225.214
2004-01-03,225.217
2004-01-04,225.228
2004-01-05,225.23
2004-01-06,225.215
2004-01-07,225.22
2004-01-08,225.21
2004-01-09,225.196
2004-01-10,225.183
2004-01-11,225.171
2004-01-12,225.157
2004-01-13,225.142
2004-01-14,225.127
2004-01-15,225.109
2004-01-16,225.093
2004-01-17,225.082
2004-01-18,225.068
2004-01-19,225.058
2004-01-20,225.062
2004-01-21,225.056
2004-01-22,225.048
2004-01-23,225.035
2004-01-24,225.019
2004-01-25,225.003
2004-01-26,224.988
2004-01-27,224.98
2004-01-28,224.972
2004-01-29,224.954
2004-01-30,224.939
2004-01-31,224.926
2004-02-01,224.913
2004-02-02,224.903
2004-02-03,224.895
2004-02-04,224.887
2004-02-05,224.875
2004-02-06,224.869
2004-02-07,224.859
2004-02-08,224.85
2004-02-09,224.841
2004-02-10,224.831
2004-02-11,224.824
2004-02-12,224.816
2004-02-13,224.807
2004-02-14,224.797
2004-02-15,224.796
2004-02-16,224.793
2004-02-17,224.79
2004-02-18,224.787
2004-02-19,224.777
2004-02-20,224.768
2004-02-21,224.774
2004-02-22,224.77
2004-02-23,224.765
2004-02-24,224.755
2004-02-25,224.74
2004-02-26,224.72
2004-02-27,224.708
2004-02-28,224.698
2004-02-29,224.689
2004-03-01,224.683
2004-03-02,224.682
2004-03-03,224.651
2004-03-04,224.602
2004-03-05,224.611
2004-03-06,224.632
2004-03-07,224.657
2004-03-08,224.67
2004-03-09,224.677
2004-03-10,224.662
2004-03-11,224.641
2004-03-12,224.639
2004-03-13,224.63
2004-03-14,224.63
2004-03-15,224.625
2004-03-16,224.618
2004-03-17,224.608
2004-03-18,224.597
2004-03-19,224.585
2004-03-20,224.571
2004-03-21,224.555
2004-03-22,224.537
2004-03-23,224.522
2004-03-24,224.507
2004-03-25,224.496
2004-03-26,224.5
2004-03-27,224.523
2004-03-28,224.554
2004-03-29,224.593
2004-03-30,224.663
2004-03-31,224.773
2004-04-01,224.864
2004-04-02,224.935
2004-04-03,224.996
2004-04-04,225.051
2004-04-05,225.089
2004-04-06,225.113
2004-04-07,225.117
2004-04-08,225.218
2004-04-09,225.325
2004-04-10,225.338
2004-04-11,225.346
2004-04-12,225.349
2004-04-13,225.346
2004-04-14,225.345
2004-04-15,225.341
2004-04-16,225.333
2004-04-17,225.34
2004-04-18,225.342
2004-04-19,225.341
2004-04-20,225.356
2004-04-21,225.365
2004-04-22,225.372
2004-04-23,225.375
2004-04-24,225.381
2004-04-25,225.395
2004-04-26,225.404
2004-04-27,225.406
2004-04-28,225.416
2004-04-29,225.413
2004-04-30,225.415
2004-05-01,225.419
2004-05-02,225.443
2004-05-03,225.448
2004-05-04,225.447
2004-05-05,225.464
2004-05-06,225.46
2004-05-07,225.468
2004-05-08,225.466
2004-05-09,225.457
2004-05-10,225.444
2004-05-11,225.414
2004-05-12,225.382
2004-05-13,225.366
2004-05-14,225.366
2004-05-15,225.343
2004-05-16,225.316
2004-05-17,225.303
2004-05-18,225.307
2004-05-19,225.294
2004-05-20,225.283
2004-05-21,225.29
2004-05-22,225.295
2004-05-23,225.316
2004-05-24,225.38
2004-05-25,225.393
2004-05-26,225.409
2004-05-27,225.427
2004-05-28,225.429
2004-05-29,225.426
2004-05-30,225.423
2004-05-31,225.417
2004-06-01,225.405
2004-06-02,225.388
2004-06-03,225.357
2004-06-04,225.339
2004-06-05,225.329
2004-06-06,225.306
2004-06-07,225.293
2004-06-08,225.301
2004-06-09,225.33
2004-06-10,225.351
2004-06-11,225.353
2004-06-12,225.349
2004-06-13,225.345
2004-06-14,225.347
2004-06-15,225.35
2004-06-16,225.347
2004-06-17,225.336
2004-06-18,225.331
2004-06-19,225.318
2004-06-20,225.305
2004-06-21,225.303
2004-06-22,225.32
2004-06-23,225.325
2004-06-24,225.339
2004-06-25,225.347
2004-06-26,225.348
2004-06-27,225.345
2004-06-28,225.348
2004-06-29,225.355
2004-06-30,225.364
2004-07-01,225.364
2004-07-02,225.366
2004-07-03,225.366
2004-07-04,225.368
2004-07-05,225.368
2004-07-06,225.368
2004-07-07,225.371
2004-07-08,225.375
2004-07-09,225.351
2004-07-10,225.341
2004-07-11,225.334
2004-07-12,225.332
2004-07-13,225.331
2004-07-14,225.346
2004-07-15,225.348
2004-07-16,225.354
2004-07-17,225.362
2004-07-18,225.372
2004-07-19,225.378
2004-07-20,225.38
2004-07-21,225.378
2004-07-22,225.37
2004-07-23,225.362
2004-07-24,225.351
2004-07-25,225.341
2004-07-26,225.34
2004-07-27,225.353
2004-07-28,225.348
2004-07-29,225.342
2004-07-30,225.342
2004-07-31,225.336
2004-08-01,225.33
2004-08-02,225.329
2004-08-03,225.343
2004-08-04,225.346
2004-08-05,225.335
2004-08-06,225.33
2004-08-07,225.324
2004-08-08,225.319
2004-08-09,225.315
2004-08-10,225.32
2004-08-11,225.328
2004-08-12,225.331
2004-08-13,225.331
2004-08-14,225.328
2004-08-15,225.325
2004-08-16,225.324
2004-08-17,225.324
2004-08-18,225.326
2004-08-19,225.319
2004-08-20,225.318
2004-08-21,225.314
2004-08-22,225.309
2004-08-23,225.305
2004-08-24,225.303
2004-08-25,225.299
2004-08-26,225.304
2004-08-27,225.31
2004-08-28,225.308
2004-08-29,225.31
2004-08-30,225.31
2004-08-31,225.305
2004-09-01,225.302
2004-09-02,225.299
2004-09-03,225.295
2004-09-04,225.297
2004-09-05,225.297
2004-09-06,225.297
2004-09-07,225.304
2004-09-08,225.315
2004-09-09,225.316
2004-09-10,225.317
2004-09-11,225.319
2004-09-12,225.321
2004-09-13,225.326
2004-09-14,225.325
2004-09-15,225.319
2004-09-16,225.315
2004-09-17,225.311
2004-09-18,225.307
2004-09-19,225.297
2004-09-20,225.29
2004-09-21,225.287
2004-09-22,225.277
2004-09-23,225.273
2004-09-24,225.27
2004-09-25,225.259
2004-09-26,225.253
2004-09-27,225.249
2004-09-28,225.244
2004-09-29,225.234
2004-09-30,225.229
2004-10-01,225.228
2004-10-02,225.223
2004-10-03,225.223
2004-10-04,225.216
2004-10-05,225.217
2004-10-06,225.211
2004-10-07,225.207
2004-10-08,225.205
2004-10-09,225.214
2004-10-10,225.223
2004-10-11,225.219
2004-10-12,225.215
2004-10-13,225.216
2004-10-14,225.221
2004-10-15,225.226
2004-10-16,225.219
2004-10-17,225.229
2004-10-18,225.235
2004-10-19,225.231
2004-10-20,225.216
2004-10-21,225.208
2004-10-22,225.204
2004-10-23,225.198
2004-10-24,225.186
2004-10-25,225.178
2004-10-26,225.171
2004-10-27,225.171
2004-10-28,225.167
2004-10-29,225.167
2004-10-30,225.168
2004-10-31,225.17
2004-11-01,225.177
2004-11-02,225.182
2004-11-03,225.171
2004-11-04,225.169
2004-11-05,225.16
2004-11-06,225.159
2004-11-07,225.149
2004-11-08,225.145
2004-11-09,225.146
2004-11-10,225.151
2004-11-11,225.152
2004-11-12,225.156
2004-11-13,225.159
2004-11-14,225.161
2004-11-15,225.166
2004-11-16,225.172
2004-11-17,225.178
2004-11-18,225.184
2004-11-19,225.192
2004-11-20,225.201
2004-11-21,225.203
2004-11-22,225.207
2004-11-23,225.213
2004-11-24,225.226
2004-11-25,225.238
2004-11-26,225.245
2004-11-27,225.26
2004-11-28,225.265
2004-11-29,225.285
2004-11-30,225.296
2004-12-01,225.316
2004-12-02,225.335
2004-12-03,225.33
2004-12-04,225.327
2004-12-05,225.334
2004-12-06,225.337
2004-12-07,225.338
2004-12-08,225.337
2004-12-09,225.34
2004-12-10,225.339
2004-12-11,225.343
2004-12-12,225.341
2004-12-13,225.336
2004-12-14,225.306
2004-12-15,225.288
2004-12-16,225.268
2004-12-17,225.257
2004-12-18,225.246
2004-12-19,225.229
2004-12-20,225.218
2004-12-21,225.211
2004-12-22,225.196
2004-12-23,225.197
2004-12-24,225.201
2004-12-25,225.197
2004-12-26,225.19
2004-12-27,225.183
2004-12-28,225.178
2004-12-29,225.167
2004-12-30,225.158
2004-12-31,225.164
2005-01-01,225.166
2005-01-02,225.177
2005-01-03,225.183
2005-01-04,225.183
2005-01-05,225.182
2005-01-06,225.176
2005-01-07,225.158
2005-01-08,225.151
2005-01-09,225.153
2005-01-10,225.148
2005-01-11,225.144
2005-01-12,225.141
2005-01-13,225.152
2005-01-14,225.164
2005-01-15,225.164
2005-01-16,225.173
2005-01-17,225.17
2005-01-18,225.169
2005-01-19,225.17
2005-01-20,225.165
2005-01-21,225.163
2005-01-22,225.16
2005-01-23,225.145
2005-01-24,225.132
2005-01-25,225.118
2005-01-26,225.103
2005-01-27,225.072
2005-01-28,225.057
2005-01-29,225.041
2005-01-30,225.024
2005-01-31,225.006
2005-02-01,224.988
2005-02-02,224.972
2005-02-03,224.946
2005-02-04,224.922
2005-02-05,224.898
2005-02-06,224.874
2005-02-07,224.852
2005-02-08,224.854
2005-02-09,224.857
2005-02-10,224.848
2005-02-11,224.843
2005-02-12,224.841
2005-02-13,224.836
2005-02-14,224.843
2005-02-15,224.848
2005-02-16,224.839
2005-02-17,224.843
2005-02-18,224.842
2005-02-19,224.84
2005-02-20,224.835
2005-02-21,224.832
2005-02-22,224.823
2005-02-23,224.809
2005-02-24,224.796
2005-02-25,224.784
2005-02-26,224.769
2005-02-27,224.755
2005-02-28,224.731
2005-03-01,224.706
2005-03-02,224.677
2005-03-03,224.645
2005-03-04,224.631
2005-03-05,224.616
2005-03-06,224.604
2005-03-07,224.582
2005-03-08,224.549
2005-03-09,224.534
2005-03-10,224.522
2005-03-11,224.509
2005-03-12,224.497
2005-03-13,224.487
2005-03-14,224.474
2005-03-15,224.463
2005-03-16,224.453
2005-03-17,224.445
2005-03-18,224.436
2005-03-19,224.425
2005-03-20,224.412
2005-03-21,224.399
2005-03-22,224.388
2005-03-23,224.379
2005-03-24,224.372
2005-03-25,224.364
2005-03-26,224.356
2005-03-27,224.347
2005-03-28,224.34
2005-03-29,224.337
2005-03-30,224.338
2005-03-31,224.348
2005-04-01,224.368
2005-04-02,224.404
2005-04-03,224.451
2005-04-04,224.505
2005-04-05,224.516
2005-04-06,224.506
2005-04-07,224.547
2005-04-08,224.604
2005-04-09,224.66
2005-04-10,224.715
2005-04-11,224.768
2005-04-12,224.81
2005-04-13,224.845
2005-04-14,224.893
2005-04-15,224.934
2005-04-16,224.95
2005-04-17,224.957
2005-04-18,224.96
2005-04-19,225.037
2005-04-20,225.166
2005-04-21,225.205
2005-04-22,225.241
2005-04-23,225.274
2005-04-24,225.328
2005-04-25,225.336
2005-04-26,225.297
2005-04-27,225.274
2005-04-28,225.253
2005-04-29,225.268
2005-04-30,225.27
2005-05-01,225.261
2005-05-02,225.248
2005-05-03,225.27
2005-05-04,225.287
2005-05-05,225.307
2005-05-06,225.321
2005-05-07,225.293
2005-05-08,225.26
2005-05-09,225.242
2005-05-10,225.233
2005-05-11,225.23
2005-05-12,225.243
2005-05-13,225.248
2005-05-14,225.256
2005-05-15,225.273
2005-05-16,225.278
2005-05-17,225.283
2005-05-18,225.292
2005-05-19,225.3
2005-05-20,225.3
2005-05-21,225.302
2005-05-22,225.305
2005-05-23,225.301
2005-05-24,225.305
2005-05-25,225.311
2005-05-26,225.305
2005-05-27,225.302
2005-05-28,225.299
2005-05-29,225.296
2005-05-30,225.294
2005-05-31,225.302
2005-06-01,225.312
2005-06-02,225.318
2005-06-03,225.319
2005-06-04,225.316
2005-06-05,225.349
2005-06-06,225.356
2005-06-07,225.355
2005-06-08,225.362
2005-06-09,225.361
2005-06-10,225.363
2005-06-11,225.366
2005-06-12,225.369
2005-06-13,225.388
2005-06-14,225.44
2005-06-15,225.497
2005-06-16,225.506
2005-06-17,225.483
2005-06-18,225.456
2005-06-19,225.403
2005-06-20,225.368
2005-06-21,225.352
2005-06-22,225.342
2005-06-23,225.339
2005-06-24,225.327
2005-06-25,225.317
2005-06-26,225.298
2005-06-27,225.286
2005-06-28,225.286
2005-06-29,225.301
2005-06-30,225.313
2005-07-01,225.306
2005-07-02,225.307
2005-07-03,225.311
2005-07-04,225.313
2005-07-05,225.326
2005-07-06,225.328
2005-07-07,225.327
2005-07-08,225.326
2005-07-09,225.318
2005-07-10,225.315
2005-07-11,225.313
2005-07-12,225.316
2005-07-13,225.315
2005-07-14,225.315
2005-07-15,225.31
2005-07-16,225.306
2005-07-17,225.318
2005-07-18,225.339
2005-07-19,225.343
2005-07-20,225.346
2005-07-21,225.343
2005-07-22,225.339
2005-07-23,225.327
2005-07-24,225.327
2005-07-25,225.317
2005-07-26,225.317
2005-07-27,225.317
2005-07-28,225.309
2005-07-29,225.302
2005-07-30,225.297
2005-07-31,225.29
2005-08-01,225.294
2005-08-02,225.291
2005-08-03,225.292
2005-08-04,225.291
2005-08-05,225.301
2005-08-06,225.298
2005-08-07,225.291
2005-08-08,225.287
2005-08-09,225.281
2005-08-10,225.281
2005-08-11,225.278
2005-08-12,225.277
2005-08-13,225.275
2005-08-14,225.272
2005-08-15,225.266
2005-08-16,225.257
2005-08-17,225.253
2005-08-18,225.249
2005-08-19,225.249
2005-08-20,225.244
2005-08-21,225.24
2005-08-22,225.239
2005-08-23,225.237
2005-08-24,225.232
2005-08-25,225.23
2005-08-26,225.226
2005-08-27,225.23
2005-08-28,225.24
2005-08-29,225.239
2005-08-30,225.25
2005-08-31,225.242
2005-09-01,225.227
2005-09-02,225.213
2005-09-03,225.21
2005-09-04,225.209
2005-09-05,225.207
2005-09-06,225.203
2005-09-07,225.199
2005-09-08,225.196
2005-09-09,225.197
2005-09-10,225.19
2005-09-11,225.184
2005-09-12,225.18
2005-09-13,225.177
2005-09-14,225.177
2005-09-15,225.177
2005-09-16,225.181
2005-09-17,225.177
2005-09-18,225.173
2005-09-19,225.171
2005-09-20,225.154
2005-09-21,225.158
2005-09-22,225.161
2005-09-23,225.165
2005-09-24,225.161
2005-09-25,225.161
2005-09-26,225.195
2005-09-27,225.197
2005-09-28,225.202
2005-09-29,225.209
2005-09-30,225.219
2005-10-01,225.223
2005-10-02,225.234
2005-10-03,225.241
2005-10-04,225.252
2005-10-05,225.261
2005-10-06,225.267
2005-10-07,225.276
2005-10-08,225.277
2005-10-09,225.279
2005-10-10,225.283
2005-10-11,225.288
2005-10-12,225.282
2005-10-13,225.274
2005-10-14,225.265
2005-10-15,225.257
2005-10-16,225.249
2005-10-17,225.24
2005-10-18,225.232
2005-10-19,225.229
2005-10-20,225.227
2005-10-21,225.224
2005-10-22,225.22
2005-10-23,225.218
2005-10-24,225.217
2005-10-25,225.211
2005-10-26,225.195
2005-10-27,225.186
2005-10-28,225.184
2005-10-29,225.181
2005-10-30,225.181
2005-10-31,225.182
2005-11-01,225.189
2005-11-02,225.192
2005-11-03,225.19
2005-11-04,225.194
2005-11-05,225.192
2005-11-06,225.206
2005-11-07,225.218
2005-11-08,225.239
2005-11-09,225.246
2005-11-10,225.245
2005-11-11,225.256
2005-11-12,225.266
2005-11-13,225.273
2005-11-14,225.279
2005-11-15,225.299
2005-11-16,225.328
2005-11-17,225.326
2005-11-18,225.277
2005-11-19,225.259
2005-11-20,225.246
2005-11-21,225.239
2005-11-22,225.239
2005-11-23,225.237
2005-11-24,225.238
2005-11-25,225.245
2005-11-26,225.253
2005-11-27,225.254
2005-11-28,225.258
2005-11-29,225.292
2005-11-30,225.316
2005-12-01,225.295
2005-12-02,225.291
2005-12-03,225.287
2005-12-04,225.291
2005-12-05,225.293
2005-12-06,225.293
2005-12-07,225.289
2005-12-08,225.279
2005-12-09,225.266
2005-12-10,225.251
2005-12-11,225.232
2005-12-12,225.223
2005-12-13,225.228
2005-12-14,225.22
2005-12-15,225.237
2005-12-16,225.269
2005-12-17,225.265
2005-12-18,225.268
2005-12-19,225.277
2005-12-20,225.28
2005-12-21,225.283
2005-12-22,225.278
2005-12-23,225.268
2005-12-24,225.265
2005-12-25,225.271
2005-12-26,225.283
2005-12-27,225.284
2005-12-28,225.286
2005-12-29,225.287
2005-12-30,225.278
2005-12-31,225.273
2006-01-01,225.263
2006-01-02,225.253
2006-01-03,225.244
2006-01-04,225.24
2006-01-05,225.243
2006-01-06,225.246
2006-01-07,225.242
2006-01-08,225.236
2006-01-09,225.225
2006-01-10,225.207
2006-01-11,225.199
2006-01-12,225.192
2006-01-13,225.187
2006-01-14,225.194
2006-01-15,225.197
2006-01-16,225.194
2006-01-17,225.194
2006-01-18,225.199
2006-01-19,225.18
2006-01-20,225.148
2006-01-21,225.143
2006-01-22,225.138
2006-01-23,225.126
2006-01-24,225.116
2006-01-25,225.103
2006-01-26,225.089
2006-01-27,225.075
2006-01-28,225.058
2006-01-29,225.05
2006-01-30,225.047
2006-01-31,225.034
2006-02-01,225.023
2006-02-02,225.004
2006-02-03,224.992
2006-02-04,224.989
2006-02-05,224.995
2006-02-06,224.991
2006-02-07,224.979
2006-02-08,224.966
2006-02-09,224.952
2006-02-10,224.937
2006-02-11,224.922
2006-02-12,224.905
2006-02-13,224.893
2006-02-14,224.891
2006-02-15,224.884
2006-02-16,224.881
2006-02-17,224.886
2006-02-18,224.883
2006-02-19,224.88
2006-02-20,224.872
2006-02-21,224.867
2006-02-22,224.862
2006-02-23,224.846
2006-02-24,224.824
2006-02-25,224.821
2006-02-26,224.811
2006-02-27,224.8
2006-02-28,224.787
2006-03-01,224.775
2006-03-02,224.753
2006-03-03,224.73
2006-03-04,224.715
2006-03-05,224.702
2006-03-06,224.672
2006-03-07,224.633
2006-03-08,224.618
2006-03-09,224.611
2006-03-10,224.608
2006-03-11,224.6
2006-03-12,224.612
2006-03-13,224.623
2006-03-14,224.645
2006-03-15,224.691
2006-03-16,224.718
2006-03-17,224.737
2006-03-18,224.752
2006-03-19,224.759
2006-03-20,224.752
2006-03-21,224.731
2006-03-22,224.723
2006-03-23,224.715
2006-03-24,224.703
2006-03-25,224.692
2006-03-26,224.682
2006-03-27,224.675
2006-03-28,224.691
2006-03-29,224.668
2006-03-30,224.702
2006-03-31,224.691
2006-04-01,224.731
2006-04-02,224.788
2006-04-03,224.844
2006-04-04,224.911
2006-04-05,224.967
2006-04-06,225.006
2006-04-07,225.043
2006-04-08,225.074
2006-04-09,225.099
2006-04-10,225.117
2006-04-11,225.13
2006-04-12,225.147
2006-04-13,225.187
2006-04-14,225.229
2006-04-15,225.256
2006-04-16,225.273
2006-04-17,225.281
2006-04-18,225.282
2006-04-19,225.277
2006-04-20,225.278
2006-04-21,225.282
2006-04-22,225.262
2006-04-23,225.225
2006-04-24,225.227
2006-04-25,225.236
2006-04-26,225.27
2006-04-27,225.331
2006-04-28,225.332
2006-04-29,225.317
2006-04-30,225.305
2006-05-01,225.295
2006-05-02,225.304
2006-05-03,225.32
2006-05-04,225.326
2006-05-05,225.34
2006-05-06,225.361
2006-05-07,225.372
2006-05-08,225.378
2006-05-09,225.38
2006-05-10,225.377
2006-05-11,225.383
2006-05-12,225.401
2006-05-13,225.409
2006-05-14,225.422
2006-05-15,225.425
2006-05-16,225.435
2006-05-17,225.445
2006-05-18,225.448
2006-05-19,225.448
2006-05-20,225.437
2006-05-21,225.43
2006-05-22,225.423
2006-05-23,225.416
2006-05-24,225.414
2006-05-25,225.405
2006-05-26,225.395
2006-05-27,225.382
2006-05-28,225.367
2006-05-29,225.361
2006-05-30,225.359
2006-05-31,225.356
2006-06-01,225.359
2006-06-02,225.367
2006-06-03,225.382
2006-06-04,225.385
2006-06-05,225.379
2006-06-06,225.378
2006-06-07,225.373
2006-06-08,225.365
2006-06-09,225.368
2006-06-10,225.359
2006-06-11,225.352
2006-06-12,225.35
2006-06-13,225.352
2006-06-14,225.355
2006-06-15,225.354
2006-06-16,225.356
2006-06-17,225.356
2006-06-18,225.364
2006-06-19,225.401
2006-06-20,225.407
2006-06-21,225.409
2006-06-22,225.412
2006-06-23,225.417
2006-06-24,225.418
2006-06-25,225.422
2006-06-26,225.423
2006-06-27,225.418
2006-06-28,225.414
2006-06-29,225.413
2006-06-30,225.406
2006-07-01,225.402
2006-07-02,225.397
2006-07-03,225.399
2006-07-04,225.39
2006-07-05,225.383
2006-07-06,225.377
2006-07-07,225.372
2006-07-08,225.367
2006-07-09,225.364
2006-07-10,225.369
2006-07-11,225.376
2006-07-12,225.376
2006-07-13,225.369
2006-07-14,225.364
2006-07-15,225.357
2006-07-16,225.353
2006-07-17,225.339
2006-07-18,225.339
2006-07-19,225.334
2006-07-20,225.342
2006-07-21,225.358
2006-07-22,225.353
2006-07-23,225.344
2006-07-24,225.337
2006-07-25,225.361
2006-07-26,225.391
2006-07-27,225.414
2006-07-28,225.404
2006-07-29,225.402
2006-07-30,225.403
2006-07-31,225.397
2006-08-01,225.387
2006-08-02,225.386
2006-08-03,225.389
2006-08-04,225.376
2006-08-05,225.369
2006-08-06,225.358
2006-08-07,225.34
2006-08-08,225.335
2006-08-09,225.317
2006-08-10,225.303
2006-08-11,225.3
2006-08-12,225.293
2006-08-13,225.29
2006-08-14,225.288
2006-08-15,225.282
2006-08-16,225.292
2006-08-17,225.294
2006-08-18,225.297
2006-08-19,225.297
2006-08-20,225.297
2006-08-21,225.293
2006-08-22,225.289
2006-08-23,225.288
2006-08-24,225.292
2006-08-25,225.294
2006-08-26,225.294
2006-08-27,225.298
2006-08-28,225.3
2006-08-29,225.303
2006-08-30,225.303
2006-08-31,225.299
2006-09-01,225.296
2006-09-02,225.296
2006-09-03,225.306
2006-09-04,225.306
2006-09-05,225.31
2006-09-06,225.313
2006-09-07,225.312
2006-09-08,225.308
2006-09-09,225.313
2006-09-10,225.31
2006-09-11,225.307
2006-09-12,225.3
2006-09-13,225.286
2006-09-14,225.273
2006-09-15,225.261
2006-09-16,225.248
2006-09-17,225.234
2006-09-18,225.23
2006-09-19,225.235
2006-09-20,225.237
2006-09-21,225.225
2006-09-22,225.224
2006-09-23,225.219
2006-09-24,225.224
2006-09-25,225.222
2006-09-26,225.221
2006-09-27,225.224
2006-09-28,225.227
2006-09-29,225.222
2006-09-30,225.218
2006-10-01,225.209
2006-10-02,225.204
2006-10-03,225.198
2006-10-04,225.197
2006-10-05,225.194
2006-10-06,225.186
2006-10-07,225.177
2006-10-08,225.168
2006-10-09,225.16
2006-10-10,225.152
2006-10-11,225.163
2006-10-12,225.175
2006-10-13,225.183
2006-10-14,225.193
2006-10-15,225.221
2006-10-16,225.229
2006-10-17,225.238
2006-10-18,225.255
2006-10-19,225.265
2006-10-20,225.258
2006-10-21,225.262
2006-10-22,225.283
2006-10-23,225.296
2006-10-24,225.305
2006-10-25,225.302
2006-10-26,225.288
2006-10-27,225.277
2006-10-28,225.27
2006-10-29,225.257
2006-10-30,225.262
2006-10-31,225.239
2006-11-01,225.228
2006-11-02,225.246
2006-11-03,225.243
2006-11-04,225.24
2006-11-05,225.236
2006-11-06,225.231
2006-11-07,225.241
2006-11-08,225.277
2006-11-09,225.294
2006-11-10,225.308
2006-11-11,225.323
2006-11-12,225.33
2006-11-13,225.334
2006-11-14,225.337
2006-11-15,225.341
2006-11-16,225.367
2006-11-17,225.396
2006-11-18,225.436
2006-11-19,225.463
2006-11-20,225.483
2006-11-21,225.494
2006-11-22,225.501
2006-11-23,225.494
2006-11-24,225.483
2006-11-25,225.469
2006-11-26,225.458
2006-11-27,225.456
2006-11-28,225.456
2006-11-29,225.45
2006-11-30,225.446
2006-12-01,225.444
2006-12-02,225.452
2006-12-03,225.467
2006-12-04,225.452
2006-12-05,225.401
2006-12-06,225.381
2006-12-07,225.358
2006-12-08,225.333
2006-12-09,225.313
2006-12-10,225.294
2006-12-11,225.289
2006-12-12,225.299
2006-12-13,225.304
2006-12-14,225.288
2006-12-15,225.26
2006-12-16,225.27
2006-12-17,225.273
2006-12-18,225.277
2006-12-19,225.274
2006-12-20,225.26
2006-12-21,225.262
2006-12-22,225.276
2006-12-23,225.282
2006-12-24,225.287
2006-12-25,225.292
2006-12-26,225.289
2006-12-27,225.285
2006-12-28,225.276
2006-12-29,225.263
2006-12-30,225.245
2006-12-31,225.233
2007-01-01,225.223
2007-01-02,225.21
2007-01-03,225.198
2007-01-04,225.204
2007-01-05,225.229
2007-01-06,225.238
2007-01-07,225.249
2007-01-08,225.259
2007-01-09,225.269
2007-01-10,225.27
2007-01-11,225.27
2007-01-12,225.266
2007-01-13,225.264
2007-01-14,225.257
2007-01-15,225.256
2007-01-16,225.246
2007-01-17,225.236
2007-01-18,225.224
2007-01-19,225.212
2007-01-20,225.197
2007-01-21,225.185
2007-01-22,225.173
2007-01-23,225.16
2007-01-24,225.143
2007-01-25,225.132
2007-01-26,225.135
2007-01-27,225.139
2007-01-28,225.135
2007-01-29,225.13
2007-01-30,225.125
2007-01-31,225.123
2007-02-01,225.119
2007-02-02,225.111
2007-02-03,225.108
2007-02-04,225.112
2007-02-05,225.11
2007-02-06,225.105
2007-02-07,225.101
2007-02-08,225.094
2007-02-09,225.088
2007-02-10,225.081
2007-02-11,225.074
2007-02-12,225.066
2007-02-13,225.059
2007-02-14,225.05
2007-02-15,225.042
2007-02-16,225.035
2007-02-17,225.027
2007-02-18,225.018
2007-02-19,225.012
2007-02-20,225.003
2007-02-21,224.995
2007-02-22,224.991
2007-02-23,224.986
2007-02-24,224.979
2007-02-25,224.973
2007-02-26,224.964
2007-02-27,224.956
2007-02-28,224.95
2007-03-01,224.945
2007-03-02,224.949
2007-03-03,224.95
2007-03-04,224.947
2007-03-05,224.941
2007-03-06,224.934
2007-03-07,224.932
2007-03-08,224.929
2007-03-09,224.925
2007-03-10,224.919
2007-03-11,224.915
2007-03-12,224.91
2007-03-13,224.905
2007-03-14,224.89
2007-03-15,224.871
2007-03-16,224.861
2007-03-17,224.848
2007-03-18,224.837
2007-03-19,224.834
2007-03-20,224.825
2007-03-21,224.818
2007-03-22,224.815
2007-03-23,224.801
2007-03-24,224.809
2007-03-25,224.817
2007-03-26,224.831
2007-03-27,224.862
2007-03-28,224.922
2007-03-29,225
2007-03-30,225.066
2007-03-31,225.104
2007-04-01,225.136
2007-04-02,225.183
2007-04-03,225.241
2007-04-04,225.346
2007-04-05,225.431
2007-04-06,225.478
2007-04-07,225.52
2007-04-08,225.545
2007-04-09,225.562
2007-04-10,225.571
2007-04-11,225.559
2007-04-12,225.537
2007-04-13,225.506
2007-04-14,225.478
2007-04-15,225.446
2007-04-16,225.431
2007-04-17,225.433
2007-04-18,225.425
2007-04-19,225.419
2007-04-20,225.42
2007-04-21,225.416
2007-04-22,225.413
2007-04-23,225.411
2007-04-24,225.411
2007-04-25,225.409
2007-04-26,225.411
2007-04-27,225.418
2007-04-28,225.423
2007-04-29,225.426
2007-04-30,225.426
2007-05-01,225.428
2007-05-02,225.426
2007-05-03,225.424
2007-05-04,225.418
2007-05-05,225.406
2007-05-06,225.384
2007-05-07,225.379
2007-05-08,225.386
2007-05-09,225.385
2007-05-10,225.394
2007-05-11,225.392
2007-05-12,225.391
2007-05-13,225.384
2007-05-14,225.382
2007-05-15,225.388
2007-05-16,225.407
2007-05-17,225.417
2007-05-18,225.419
2007-05-19,225.426
2007-05-20,225.432
2007-05-21,225.43
2007-05-22,225.431
2007-05-23,225.43
2007-05-24,225.425
2007-05-25,225.415
2007-05-26,225.41
2007-05-27,225.41
2007-05-28,225.4
2007-05-29,225.393
2007-05-30,225.381
2007-05-31,225.374
2007-06-01,225.375
2007-06-02,225.378
2007-06-03,225.383
2007-06-04,225.443
2007-06-05,225.45
2007-06-06,225.441
2007-06-07,225.455
2007-06-08,225.443
2007-06-09,225.438
2007-06-10,225.434
2007-06-11,225.424
2007-06-12,225.415
2007-06-13,225.407
2007-06-14,225.402
2007-06-15,225.402
2007-06-16,225.395
2007-06-17,225.387
2007-06-18,225.379
2007-06-19,225.367
2007-06-20,225.35
2007-06-21,225.345
2007-06-22,225.346
2007-06-23,225.339
2007-06-24,225.337
2007-06-25,225.338
2007-06-26,225.336
2007-06-27,225.334
2007-06-28,225.336
2007-06-29,225.327
2007-06-30,225.326
2007-07-01,225.32
2007-07-02,225.312
2007-07-03,225.31
2007-07-04,225.313
2007-07-05,225.31
2007-07-06,225.306
2007-07-07,225.301
2007-07-08,225.302
2007-07-09,225.303
2007-07-10,225.309
2007-07-11,225.327
2007-07-12,225.331
2007-07-13,225.333
2007-07-14,225.345
2007-07-15,225.353
2007-07-16,225.359
2007-07-17,225.367
2007-07-18,225.366
2007-07-19,225.38
2007-07-20,225.392
2007-07-21,225.347
2007-07-22,225.327
2007-07-23,225.317
2007-07-24,225.319
2007-07-25,225.319
2007-07-26,225.312
2007-07-27,225.307
2007-07-28,225.307
2007-07-29,225.303
2007-07-30,225.301
2007-07-31,225.3
2007-08-01,225.299
2007-08-02,225.298
2007-08-03,225.293
2007-08-04,225.291
2007-08-05,225.289
2007-08-06,225.28
2007-08-07,225.282
2007-08-08,225.281
2007-08-09,225.282
2007-08-10,225.273
2007-08-11,225.265
2007-08-12,225.26
2007-08-13,225.256
2007-08-14,225.249
2007-08-15,225.24
2007-08-16,225.232
2007-08-17,225.221
2007-08-18,225.219
2007-08-19,225.217
2007-08-20,225.213
2007-08-21,225.207
2007-08-22,225.2
2007-08-23,225.2
2007-08-24,225.214
2007-08-25,225.24
2007-08-26,225.246
2007-08-27,225.248
2007-08-28,225.249
2007-08-29,225.245
2007-08-30,225.249
2007-08-31,225.244
2007-09-01,225.242
2007-09-02,225.237
2007-09-03,225.232
2007-09-04,225.235
2007-09-05,225.243
2007-09-06,225.243
2007-09-07,225.241
2007-09-08,225.25
2007-09-09,225.256
2007-09-10,225.26
2007-09-11,225.285
2007-09-12,225.292
2007-09-13,225.297
2007-09-14,225.295
2007-09-15,225.295
2007-09-16,225.298
2007-09-17,225.298
2007-09-18,225.286
2007-09-19,225.273
2007-09-20,225.263
2007-09-21,225.254
2007-09-22,225.237
2007-09-23,225.23
2007-09-24,225.223
2007-09-25,225.219
2007-09-26,225.226
2007-09-27,225.222
2007-09-28,225.227
2007-09-29,225.228
2007-09-30,225.224
2007-10-01,225.219
2007-10-02,225.215
2007-10-03,225.205
2007-10-04,225.202
2007-10-05,225.198
2007-10-06,225.215
2007-10-07,225.231
2007-10-08,225.234
2007-10-09,225.235
2007-10-10,225.219
2007-10-11,225.21
2007-10-12,225.196
2007-10-13,225.204
2007-10-14,225.206
2007-10-15,225.206
2007-10-16,225.194
2007-10-17,225.181
2007-10-18,225.18
2007-10-19,225.184
2007-10-20,225.184
2007-10-21,225.191
2007-10-22,225.19
2007-10-23,225.187
2007-10-24,225.191
2007-10-25,225.191
2007-10-26,225.19
2007-10-27,225.193
2007-10-28,225.198
2007-10-29,225.196
2007-10-30,225.194
2007-10-31,225.185
2007-11-01,225.182
2007-11-02,225.181
2007-11-03,225.19
2007-11-04,225.193
2007-11-05,225.203
2007-11-06,225.216
2007-11-07,225.224
2007-11-08,225.24
2007-11-09,225.255
2007-11-10,225.269
2007-11-11,225.285
2007-11-12,225.3
2007-11-13,225.316
2007-11-14,225.329
2007-11-15,225.34
2007-11-16,225.348
2007-11-17,225.357
2007-11-18,225.365
2007-11-19,225.376
2007-11-20,225.391
2007-11-21,225.403
2007-11-22,225.392
2007-11-23,225.377
2007-11-24,225.363
2007-11-25,225.355
2007-11-26,225.357
2007-11-27,225.366
2007-11-28,225.379
2007-11-29,225.387
2007-11-30,225.388
2007-12-01,225.369
2007-12-02,225.36
2007-12-03,225.35
2007-12-04,225.344
2007-12-05,225.343
2007-12-06,225.341
2007-12-07,225.341
2007-12-08,225.337
2007-12-09,225.335
2007-12-10,225.329
2007-12-11,225.323
2007-12-12,225.316
2007-12-13,225.313
2007-12-14,225.301
2007-12-15,225.297
2007-12-16,225.293
2007-12-17,225.287
2007-12-18,225.276
2007-12-19,225.267
2007-12-20,225.257
2007-12-21,225.246
2007-12-22,225.234
2007-12-23,225.227
2007-12-24,225.229
2007-12-25,225.24
2007-12-26,225.247
2007-12-27,225.251
2007-12-28,225.26
2007-12-29,225.266
2007-12-30,225.282
2007-12-31,225.279
2008-01-01,225.262
2008-01-02,225.252
2008-01-03,225.242
2008-01-04,225.233
2008-01-05,225.215
2008-01-06,225.199
2008-01-07,225.192
2008-01-08,225.216
2008-01-09,225.263
2008-01-10,225.319
2008-01-11,225.336
2008-01-12,225.339
2008-01-13,225.365
2008-01-14,225.38
2008-01-15,225.391
2008-01-16,225.394
2008-01-17,225.391
2008-01-18,225.378
2008-01-19,225.354
2008-01-20,225.323
2008-01-21,225.296
2008-01-22,225.263
2008-01-23,225.232
2008-01-24,225.195
2008-01-25,225.16
2008-01-26,225.125
2008-01-27,225.086
2008-01-28,225.05
2008-01-29,225.027
2008-02-04,224.93
2008-02-05,224.945
2008-02-06,224.974
2008-02-07,224.97
2008-02-08,224.963
2008-02-09,224.957
2008-02-10,224.956
2008-02-11,224.951
2008-02-12,224.943
2008-02-13,224.935
2008-02-14,224.922
2008-02-15,224.92
2008-02-16,224.907
2008-02-17,224.902
2008-02-18,224.909
2008-02-19,224.913
2008-02-20,224.911
2008-02-21,224.905
2008-02-22,224.9
2008-02-23,224.899
2008-02-24,224.896
2008-02-25,224.878
2008-02-26,224.849
2008-02-27,224.835
2008-02-28,224.82
2008-02-29,224.806
2008-03-01,224.793
2008-03-02,224.78
2008-03-03,224.773
2008-03-04,224.764
2008-03-05,224.762
2008-03-06,224.756
2008-03-07,224.744
2008-03-08,224.731
2008-03-09,224.726
2008-03-10,224.714
2008-03-11,224.702
2008-03-12,224.692
2008-03-13,224.68
2008-03-14,224.664
2008-03-15,224.648
2008-03-16,224.634
2008-03-17,224.624
2008-03-18,224.614
2008-03-19,224.609
2008-03-20,224.599
2008-03-21,224.585
2008-03-22,224.572
2008-03-23,224.558
2008-03-24,224.545
2008-03-25,224.541
2008-03-26,224.539
2008-03-27,224.525
2008-03-28,224.511
2008-03-29,224.5
2008-03-30,224.49
2008-03-31,224.453
2008-04-01,224.436
2008-04-02,224.482
2008-04-03,224.527
2008-04-04,224.566
2008-04-05,224.604
2008-04-06,224.646
2008-04-07,224.695
2008-04-08,224.759
2008-04-09,224.836
2008-04-10,224.92
2008-04-11,225.013
2008-04-12,225.142
2008-04-13,225.235
2008-04-14,225.3
2008-04-15,225.352
2008-04-16,225.391
2008-04-17,225.418
2008-04-18,225.448
2008-04-19,225.479
2008-04-20,225.507
2008-04-21,225.526
2008-04-22,225.536
2008-04-23,225.532
2008-04-24,225.523
2008-04-25,225.509
2008-04-26,225.486
2008-04-27,225.452
2008-04-28,225.419
2008-04-29,225.384
2008-04-30,225.355
2008-05-01,225.324
2008-05-02,225.292
2008-05-03,225.276
2008-05-04,225.27
2008-05-05,225.26
2008-05-06,225.278
2008-05-07,225.314
2008-05-08,225.332
2008-05-09,225.344
2008-05-10,225.344
2008-05-11,225.341
2008-05-12,225.325
2008-05-13,225.298
2008-05-14,225.256
2008-05-15,225.294
2008-05-16,225.362
2008-05-17,225.364
2008-05-18,225.364
2008-05-19,225.362
2008-05-20,225.353
2008-05-21,225.348
2008-05-22,225.346
2008-05-23,225.342
2008-05-24,225.338
2008-05-25,225.325
2008-05-26,225.324
2008-05-27,225.334
2008-05-28,225.341
2008-05-29,225.342
2008-05-30,225.343
2008-05-31,225.343
2008-06-01,225.332
2008-06-02,225.327
2008-06-03,225.328
2008-06-04,225.333
2008-06-05,225.343
2008-06-06,225.357
2008-06-07,225.377
2008-06-08,225.408
2008-06-09,225.429
2008-06-10,225.438
2008-06-11,225.438
2008-06-12,225.419
2008-06-13,225.409
2008-06-14,225.401
2008-06-15,225.39
2008-06-16,225.375
2008-06-17,225.373
2008-06-18,225.39
2008-06-19,225.394
2008-06-20,225.388
2008-06-21,225.38
2008-06-22,225.372
2008-06-23,225.355
2008-06-24,225.316
2008-06-25,225.3
2008-06-26,225.3
2008-06-27,225.281
2008-06-28,225.275
2008-06-29,225.287
2008-06-30,225.298
2008-07-01,225.297
2008-07-02,225.29
2008-07-03,225.295
2008-07-04,225.299
2008-07-05,225.297
2008-07-06,225.281
2008-07-07,225.272
2008-07-08,225.272
2008-07-09,225.272
2008-07-10,225.28
2008-07-11,225.302
2008-07-12,225.303
2008-07-13,225.292
2008-07-14,225.284
2008-07-15,225.278
2008-07-16,225.277
2008-07-17,225.282
2008-07-18,225.291
2008-07-19,225.297
2008-07-20,225.304
2008-07-21,225.329
2008-07-22,225.347
2008-07-23,225.361
2008-07-24,225.365
2008-07-25,225.362
2008-07-26,225.368
2008-07-27,225.366
2008-07-28,225.359
2008-07-29,225.358
2008-07-30,225.364
2008-07-31,225.364
2008-08-01,225.365
2008-08-02,225.37
2008-08-03,225.37
2008-08-04,225.369
2008-08-05,225.37
2008-08-06,225.363
2008-08-07,225.356
2008-08-08,225.355
2008-08-09,225.372
2008-08-10,225.397
2008-08-11,225.387
2008-08-12,225.361
2008-08-13,225.378
2008-08-14,225.386
2008-08-15,225.382
2008-08-16,225.383
2008-08-17,225.376
2008-08-18,225.364
2008-08-19,225.337
2008-08-20,225.305
2008-08-21,225.295
2008-08-22,225.304
2008-08-23,225.312
2008-08-24,225.309
2008-08-25,225.306
2008-08-26,225.306
2008-08-27,225.307
2008-08-28,225.311
2008-08-29,225.309
2008-08-30,225.304
2008-08-31,225.3
2008-09-01,225.298
2008-09-02,225.295
2008-09-03,225.289
2008-09-04,225.283
2008-09-05,225.277
2008-09-06,225.269
2008-09-07,225.263
2008-09-08,225.256
2008-09-09,225.263
2008-09-10,225.261
2008-09-11,225.253
2008-09-12,225.249
2008-09-13,225.252
2008-09-14,225.265
2008-09-15,225.278
2008-09-16,225.249
2008-09-17,225.244
2008-09-18,225.246
2008-09-19,225.248
2008-09-20,225.24
2008-09-21,225.224
2008-09-22,225.204
2008-09-23,225.191
2008-09-24,225.201
2008-09-25,225.202
2008-09-26,225.203
2008-09-27,225.207
2008-09-28,225.21
2008-09-29,225.207
2008-09-30,225.211
2008-10-01,225.209
2008-10-02,225.201
2008-10-03,225.193
2008-10-04,225.189
2008-10-05,225.186
2008-10-06,225.18
2008-10-07,225.175
2008-10-08,225.172
2008-10-09,225.167
2008-10-10,225.171
2008-10-11,225.172
2008-10-12,225.17
2008-10-13,225.164
2008-10-14,225.156
2008-10-15,225.155
2008-10-16,225.153
2008-10-17,225.153
2008-10-18,225.154
2008-10-19,225.154
2008-10-20,225.155
2008-10-21,225.165
2008-10-22,225.171
2008-10-23,225.173
2008-10-24,225.177
2008-10-25,225.186
2008-10-26,225.197
2008-10-27,225.224
2008-10-28,225.237
2008-10-29,225.241
2008-10-30,225.255
2008-10-31,225.267
2008-11-01,225.281
2008-11-02,225.293
2008-11-03,225.31
2008-11-04,225.333
2008-11-05,225.354
2008-11-06,225.374
2008-11-07,225.394
2008-11-08,225.426
2008-11-09,225.454
2008-11-10,225.476
2008-11-11,225.46
2008-11-12,225.437
2008-11-13,225.425
2008-11-14,225.398
2008-11-15,225.392
2008-11-16,225.429
2008-11-17,225.441
2008-11-18,225.401
2008-11-19,225.343
2008-11-20,225.309
2008-11-21,225.306
2008-11-22,225.316
2008-11-23,225.299
2008-11-24,225.291
2008-11-25,225.293
2008-11-26,225.292
2008-11-27,225.298
2008-11-28,225.297
2008-11-29,225.304
2008-11-30,225.306
2008-12-01,225.31
2008-12-02,225.309
2008-12-03,225.31
2008-12-04,225.31
2008-12-05,225.325
2008-12-06,225.337
2008-12-07,225.337
2008-12-08,225.335
2008-12-09,225.343
2008-12-10,225.352
2008-12-11,225.352
2008-12-12,225.343
2008-12-13,225.338
2008-12-14,225.338
2008-12-15,225.339
2008-12-16,225.355
2008-12-17,225.369
2008-12-18,225.367
2008-12-19,225.348
2008-12-20,225.34
2008-12-21,225.336
2008-12-22,225.326
2008-12-23,225.312
2008-12-24,225.308
2008-12-25,225.306
2008-12-26,225.301
2008-12-27,225.306
2008-12-28,225.318
2008-12-29,225.315
2008-12-30,225.346
2008-12-31,225.359
2009-01-01,225.357
2009-01-02,225.351
2009-01-03,225.339
2009-01-04,225.335
2009-01-05,225.329
2009-01-06,225.316
2009-01-07,225.307
2009-01-08,225.298
2009-01-09,225.273
2009-01-10,225.243
2009-01-11,225.204
2009-01-12,225.17
2009-01-13,225.163
2009-01-14,225.164
2009-01-15,225.137
2009-01-16,225.108
2009-01-17,225.084
2009-01-18,225.062
2009-01-19,225.037
2009-01-20,225.037
2009-01-21,225.057
2009-01-22,225.049
2009-01-23,225.049
2009-01-24,225.04
2009-01-25,225.038
2009-01-26,225.032
2009-01-27,225.023
2009-01-28,225.016
2009-01-29,225.012
2009-01-30,225.004
2009-01-31,224.996
2009-02-01,224.988
2009-02-02,224.977
2009-02-03,224.965
2009-02-04,224.95
2009-02-05,224.942
2009-02-06,224.932
2009-02-07,224.92
2009-02-08,224.909
2009-02-09,224.902
2009-02-10,224.893
2009-02-11,224.883
2009-02-12,224.905
2009-02-13,224.931
2009-02-14,224.953
2009-02-15,224.971
2009-02-16,224.983
2009-02-17,224.988
2009-02-18,224.988
2009-02-19,224.991
2009-02-20,224.992
2009-02-21,224.995
2009-02-22,225.002
2009-02-23,224.99
2009-02-24,224.962
2009-02-25,224.941
2009-02-26,224.924
2009-02-27,224.918
2009-02-28,224.914
2009-03-01,224.912
2009-03-02,224.909
2009-03-03,224.904
2009-03-04,224.895
2009-03-05,224.863
2009-03-06,224.821
2009-03-07,224.807
2009-03-08,224.797
2009-03-09,224.795
2009-03-10,224.789
2009-03-11,224.799
2009-03-12,224.814
2009-03-13,224.789
2009-03-14,224.751
2009-03-15,224.746
2009-03-16,224.739
2009-03-17,224.713
2009-03-18,224.687
2009-03-19,224.697
2009-03-20,224.709
2009-03-21,224.715
2009-03-22,224.712
2009-03-23,224.706
2009-03-24,224.697
2009-03-25,224.687
2009-03-26,224.682
2009-03-27,224.68
2009-03-28,224.679
2009-03-29,224.708
2009-03-30,224.766
2009-03-31,224.811
2009-04-01,224.845
2009-04-02,224.878
2009-04-03,224.936
2009-04-04,225.079
2009-04-05,225.199
2009-04-06,225.276
2009-04-07,225.329
2009-04-08,225.357
2009-04-09,225.372
2009-04-10,225.378
2009-04-11,225.371
2009-04-12,225.36
2009-04-13,225.346
2009-04-14,225.325
2009-04-15,225.364
2009-04-16,225.456
2009-04-17,225.492
2009-04-18,225.491
2009-04-19,225.496
2009-04-20,225.505
2009-04-21,225.511
2009-04-22,225.505
2009-04-23,225.487
2009-04-24,225.485
2009-04-25,225.486
2009-04-26,225.503
2009-04-27,225.507
2009-04-28,225.488
2009-04-29,225.452
2009-04-30,225.407
2009-05-01,225.377
2009-05-02,225.371
2009-05-03,225.357
2009-05-04,225.337
2009-05-05,225.306
2009-05-06,225.311
2009-05-07,225.338
2009-05-08,225.328
2009-05-09,225.32
2009-05-10,225.324
2009-05-11,225.32
2009-05-12,225.31
2009-05-13,225.309
2009-05-14,225.317
2009-05-15,225.32
2009-05-16,225.316
2009-05-17,225.308
2009-05-18,225.305
2009-05-19,225.305
2009-05-20,225.314
2009-05-21,225.309
2009-05-22,225.311
2009-05-23,225.309
2009-05-24,225.301
2009-05-25,225.304
2009-05-26,225.321
2009-05-27,225.342
2009-05-28,225.362
2009-05-29,225.357
2009-05-30,225.359
2009-05-31,225.35
2009-06-01,225.363
2009-06-02,225.368
2009-06-03,225.361
2009-06-04,225.356
2009-06-05,225.354
2009-06-06,225.342
2009-06-07,225.342
2009-06-08,225.351
2009-06-09,225.373
2009-06-10,225.38
2009-06-11,225.395
2009-06-12,225.396
2009-06-13,225.397
2009-06-14,225.399
2009-06-15,225.395
2009-06-16,225.393
2009-06-17,225.393
2009-06-18,225.381
2009-06-19,225.369
2009-06-20,225.391
2009-06-21,225.401
2009-06-22,225.406
2009-06-23,225.408
2009-06-24,225.408
2009-06-25,225.404
2009-06-26,225.404
2009-06-27,225.395
2009-06-28,225.398
2009-06-29,225.403
2009-06-30,225.411
2009-07-01,225.397
2009-07-02,225.383
2009-07-03,225.368
2009-07-04,225.354
2009-07-05,225.346
2009-07-06,225.339
2009-07-07,225.34
2009-07-08,225.341
2009-07-09,225.338
2009-07-10,225.338
2009-07-11,225.334
2009-07-12,225.327
2009-07-13,225.317
2009-07-14,225.307
2009-07-15,225.318
2009-07-16,225.322
2009-07-17,225.333
2009-07-18,225.336
2009-07-19,225.339
2009-07-20,225.352
2009-07-21,225.358
2009-07-22,225.362
2009-07-23,225.377
2009-07-24,225.367
2009-07-25,225.348
2009-07-26,225.363
2009-07-27,225.35
2009-07-28,225.351
2009-07-29,225.387
2009-07-30,225.387
2009-07-31,225.371
2009-08-01,225.352
2009-08-02,225.331
2009-08-03,225.331
2009-08-04,225.34
2009-08-05,225.312
2009-08-06,225.281
2009-08-07,225.266
2009-08-08,225.278
2009-08-09,225.293
2009-08-10,225.303
2009-08-11,225.308
2009-08-12,225.31
2009-08-13,225.31
2009-08-14,225.313
2009-08-15,225.317
2009-08-16,225.323
2009-08-17,225.32
2009-08-18,225.313
2009-08-19,225.31
2009-08-20,225.312
2009-08-21,225.333
2009-08-22,225.324
2009-08-23,225.318
2009-08-24,225.314
2009-08-25,225.311
2009-08-26,225.305
2009-08-27,225.297
2009-08-28,225.294
2009-08-29,225.299
2009-08-30,225.292
2009-08-31,225.287
2009-09-01,225.277
2009-09-02,225.273
2009-09-03,225.278
2009-09-04,225.283
2009-09-05,225.288
2009-09-06,225.293
2009-09-07,225.295
2009-09-08,225.298
2009-09-09,225.303
2009-09-10,225.296
2009-09-11,225.294
2009-09-12,225.296
2009-09-13,225.298
2009-09-14,225.295
2009-09-15,225.294
2009-09-16,225.283
2009-09-17,225.269
2009-09-18,225.256
2009-09-19,225.242
2009-09-20,225.229
2009-09-21,225.222
2009-09-22,225.222
2009-09-23,225.248
2009-09-24,225.256
2009-09-25,225.228
2009-09-26,225.211
2009-09-27,225.199
2009-09-28,225.202
2009-09-29,225.2
2009-09-30,225.196
2009-10-01,225.194
2009-10-02,225.2
2009-10-03,225.202
2009-10-04,225.195
2009-10-05,225.187
2009-10-06,225.195
2009-10-07,225.203
2009-10-08,225.201
2009-10-09,225.206
2009-10-10,225.213
2009-10-11,225.216
2009-10-12,225.215
2009-10-13,225.205
2009-10-14,225.183
2009-10-15,225.165
2009-10-16,225.15
2009-10-17,225.143
2009-10-18,225.129
2009-10-19,225.125
2009-10-20,225.141
2009-10-21,225.153
2009-10-22,225.168
2009-10-23,225.173
2009-10-24,225.171
2009-10-25,225.176
2009-10-26,225.188
2009-10-27,225.201
2009-10-28,225.209
2009-10-29,225.23
2009-10-30,225.268
2009-10-31,225.313
2009-11-01,225.359
2009-11-02,225.385
2009-11-03,225.39
2009-11-04,225.403
2009-11-05,225.413
2009-11-06,225.417
2009-11-07,225.405
2009-11-08,225.393
2009-11-09,225.38
2009-11-10,225.372
2009-11-11,225.361
2009-11-12,225.346
2009-11-13,225.333
2009-11-14,225.326
2009-11-15,225.314
2009-11-16,225.31
2009-11-17,225.312
2009-11-18,225.305
2009-11-19,225.308
2009-11-20,225.344
2009-11-21,225.381
2009-11-22,225.42
2009-11-23,225.432
2009-11-24,225.414
2009-11-25,225.425
2009-11-26,225.427
2009-11-27,225.398
2009-11-28,225.372
2009-11-29,225.355
2009-11-30,225.335
2009-12-01,225.324
2009-12-02,225.305
2009-12-03,225.291
2009-12-04,225.292
2009-12-05,225.287
2009-12-06,225.285
2009-12-07,225.283
2009-12-08,225.277
2009-12-09,225.285
2009-12-10,225.288
2009-12-11,225.315
2009-12-12,225.328
2009-12-13,225.325
2009-12-14,225.32
2009-12-15,225.311
2009-12-16,225.295
2009-12-17,225.278
2009-12-18,225.273
2009-12-19,225.27
2009-12-20,225.259
2009-12-21,225.251
2009-12-22,225.253
2009-12-23,225.255
2009-12-24,225.265
2009-12-25,225.272
2009-12-26,225.278
2009-12-27,225.287
2009-12-28,225.295
2009-12-29,225.295
2009-12-30,225.291
2009-12-31,225.29
2010-01-01,225.285
2010-01-02,225.28
2010-01-03,225.273
2010-01-04,225.273
2010-01-05,225.272
2010-01-06,225.266
2010-01-07,225.262
2010-01-08,225.259
2010-01-09,225.253
2010-01-10,225.246
2010-01-11,225.24
2010-01-12,225.229
2010-01-13,225.22
2010-01-14,225.208
2010-01-15,225.197
2010-01-16,225.188
2010-01-17,225.176
2010-01-18,225.166
2010-01-19,225.16
2010-01-20,225.152
2010-01-21,225.144
2010-01-22,225.135
2010-01-23,225.125
2010-01-24,225.116
2010-01-25,225.127
2010-01-26,225.147
2010-01-27,225.166
2010-01-28,225.189
2010-01-29,225.198
2010-01-30,225.204
2010-01-31,225.212
2010-02-01,225.22
2010-02-02,225.226
2010-02-03,225.227
2010-02-04,225.224
2010-02-05,225.218
2010-02-06,225.213
2010-02-07,225.207
2010-02-08,225.203
2010-02-09,225.199
2010-02-10,225.191
2010-02-11,225.183
2010-02-12,225.176
2010-02-13,225.168
2010-02-14,225.161
2010-02-15,225.153
2010-02-16,225.143
2010-02-17,225.134
2010-02-18,225.127
2010-02-19,225.119
2010-02-20,225.111
2010-02-21,225.104
2010-02-22,225.101
2010-02-23,225.091
2010-02-24,225.068
2010-02-25,225.057
2010-02-26,225.048
2010-02-27,225.036
2010-02-28,225.023
2010-03-01,225.005
2010-03-02,224.984
2010-03-03,224.969
2010-03-04,224.953
2010-03-05,224.941
2010-03-06,224.93
2010-03-07,224.919
2010-03-08,224.907
2010-03-09,224.89
2010-03-10,224.865
2010-03-11,224.855
2010-03-12,224.854
2010-03-13,224.869
2010-03-14,224.904
2010-03-15,224.907
2010-03-16,224.888
2010-03-17,224.955
2010-03-18,225.025
2010-03-19,225.065
2010-03-20,225.124
2010-03-21,225.16
2010-03-22,225.194
2010-03-23,225.226
2010-03-24,225.257
2010-03-25,225.287
2010-03-26,225.31
2010-03-27,225.335
2010-03-28,225.357
2010-03-29,225.382
2010-03-30,225.4
2010-03-31,225.405
2010-04-01,225.411
2010-04-02,225.41
2010-04-03,225.41
2010-04-04,225.414
2010-04-05,225.42
2010-04-06,225.429
2010-04-07,225.439
2010-04-08,225.442
2010-04-09,225.438
2010-04-10,225.441
2010-04-11,225.439
2010-04-12,225.438
2010-04-13,225.438
2010-04-14,225.434
2010-04-15,225.432
2010-04-16,225.424
2010-04-17,225.419
2010-04-18,225.407
2010-04-19,225.396
2010-04-20,225.394
2010-04-21,225.389
2010-04-22,225.377
2010-04-23,225.37
2010-04-24,225.368
2010-04-25,225.365
2010-04-26,225.356
2010-04-27,225.354
2010-04-28,225.35
2010-04-29,225.353
2010-04-30,225.359
2010-05-01,225.373
2010-05-02,225.385
2010-05-03,225.391
2010-05-04,225.396
2010-05-05,225.408
2010-05-06,225.41
2010-05-07,225.415
2010-05-08,225.431
2010-05-09,225.442
2010-05-10,225.449
2010-05-11,225.437
2010-05-12,225.422
2010-05-13,225.417
2010-05-14,225.426
2010-05-15,225.424
2010-05-16,225.421
2010-05-17,225.418
2010-05-18,225.415
2010-05-19,225.412
2010-05-20,225.407
2010-05-21,225.412
2010-05-22,225.411
2010-05-23,225.41
2010-05-24,225.41
2010-05-25,225.408
2010-05-26,225.404
2010-05-27,225.406
2010-05-28,225.415
2010-05-29,225.411
2010-05-30,225.401
2010-05-31,225.401
2010-06-01,225.392
2010-06-02,225.381
2010-06-03,225.371
2010-06-04,225.357
2010-06-05,225.345
2010-06-06,225.339
2010-06-07,225.324
2010-06-08,225.321
2010-06-09,225.329
2010-06-10,225.322
2010-06-11,225.326
2010-06-12,225.362
2010-06-13,225.376
2010-06-14,225.375
2010-06-15,225.363
2010-06-16,225.366
2010-06-17,225.369
2010-06-18,225.366
2010-06-19,225.351
2010-06-20,225.343
2010-06-21,225.337
2010-06-22,225.347
2010-06-23,225.345
2010-06-24,225.35
2010-06-25,225.359
2010-06-26,225.374
2010-06-27,225.389
2010-06-28,225.395
2010-06-29,225.384
2010-06-30,225.362
2010-07-01,225.35
2010-07-02,225.354
2010-07-03,225.373
2010-07-04,225.366
2010-07-05,225.355
2010-07-06,225.345
2010-07-07,225.334
2010-07-08,225.324
2010-07-09,225.32
2010-07-10,225.311
2010-07-11,225.304
2010-07-12,225.302
2010-07-13,225.316
2010-07-14,225.315
2010-07-15,225.318
2010-07-16,225.312
2010-07-17,225.305
2010-07-18,225.305
2010-07-19,225.31
2010-07-20,225.304
2010-07-21,225.297
2010-07-22,225.299
2010-07-23,225.305
2010-07-24,225.303
2010-07-25,225.301
2010-07-26,225.295
2010-07-27,225.292
2010-07-28,225.284
2010-07-29,225.282
2010-07-30,225.285
2010-07-31,225.292
2010-08-01,225.289
2010-08-02,225.291
2010-08-03,225.3
2010-08-04,225.298
2010-08-05,225.292
2010-08-06,225.286
2010-08-07,225.28
2010-08-08,225.294
2010-08-09,225.319
2010-08-10,225.315
2010-08-11,225.318
2010-08-12,225.328
2010-08-13,225.323
2010-08-14,225.318
2010-08-15,225.306
2010-08-16,225.293
2010-08-17,225.284
2010-08-18,225.277
2010-08-19,225.28
2010-08-20,225.287
2010-08-21,225.296
2010-08-22,225.302
2010-08-23,225.312
2010-08-24,225.318
2010-08-25,225.331
2010-08-26,225.338
2010-08-27,225.343
2010-08-28,225.341
2010-08-29,225.334
2010-08-30,225.33
2010-08-31,225.323
2010-09-01,225.305
2010-09-02,225.308
2010-09-03,225.302
2010-09-04,225.297
2010-09-05,225.302
2010-09-06,225.302
2010-09-07,225.295
2010-09-08,225.283
2010-09-09,225.277
2010-09-10,225.281
2010-09-11,225.281
2010-09-12,225.275
2010-09-13,225.28
2010-09-14,225.275
2010-09-15,225.275
2010-09-16,225.286
2010-09-17,225.288
2010-09-18,225.288
2010-09-19,225.287
2010-09-20,225.283
2010-09-21,225.285
2010-09-22,225.312
2010-09-23,225.307
2010-09-24,225.306
2010-09-25,225.306
2010-09-26,225.302
2010-09-27,225.293
2010-09-28,225.297
2010-09-29,225.302
2010-09-30,225.294
2010-10-01,225.263
2010-10-02,225.245
2010-10-03,225.231
2010-10-04,225.224
2010-10-05,225.222
2010-10-06,225.228
2010-10-07,225.23
2010-10-08,225.225
2010-10-09,225.227
2010-10-10,225.213
2010-10-11,225.205
2010-10-12,225.196
2010-10-13,225.19
2010-10-14,225.194
2010-10-15,225.188
2010-10-16,225.18
2010-10-17,225.166
2010-10-18,225.162
2010-10-19,225.163
2010-10-20,225.159
2010-10-21,225.151
2010-10-22,225.141
2010-10-23,225.136
2010-10-24,225.141
2010-10-25,225.147
2010-10-26,225.165
2010-10-27,225.177
2010-10-28,225.177
2010-10-29,225.18
2010-10-30,225.199
2010-10-31,225.22
2010-11-01,225.237
2010-11-02,225.253
2010-11-03,225.263
2010-11-04,225.264
2010-11-05,225.265
2010-11-06,225.267
2010-11-07,225.271
2010-11-08,225.273
2010-11-09,225.272
2010-11-10,225.265
2010-11-11,225.262
2010-11-12,225.261
2010-11-13,225.26
2010-11-14,225.256
2010-11-15,225.248
2010-11-16,225.244
2010-11-17,225.253
2010-11-18,225.26
2010-11-19,225.262
2010-11-20,225.258
2010-11-21,225.26
2010-11-22,225.258
2010-11-23,225.29
2010-11-24,225.32
2010-11-25,225.342
2010-11-26,225.349
2010-11-27,225.37
2010-11-28,225.384
2010-11-29,225.367
2010-11-30,225.334
2010-12-01,225.317
2010-12-02,225.281
2010-12-03,225.305
2010-12-04,225.312
2010-12-05,225.299
2010-12-06,225.289
2010-12-07,225.271
2010-12-08,225.244
2010-12-09,225.208
2010-12-10,225.235
2010-12-11,225.287
2010-12-12,225.273
2010-12-13,225.255
2010-12-14,225.244
2010-12-15,225.259
2010-12-16,225.251
2010-12-17,225.259
2010-12-18,225.275
2010-12-19,225.278
2010-12-20,225.278
2010-12-21,225.275
2010-12-22,225.278
2010-12-23,225.284
2010-12-24,225.282
2010-12-25,225.282
2010-12-26,225.278
2010-12-27,225.27
2010-12-28,225.265
2010-12-29,225.259
2010-12-30,225.257
2010-12-31,225.255
2011-01-01,225.271
2011-01-02,225.31
2011-01-03,225.343
2011-01-04,225.346
2011-01-05,225.328
2011-01-06,225.327
2011-01-07,225.324
2011-01-08,225.316
2011-01-09,225.306
2011-01-10,225.296
2011-01-11,225.285
2011-01-12,225.279
2011-01-13,225.281
2011-01-14,225.275
2011-01-15,225.272
2011-01-16,225.267
2011-01-17,225.262
2011-01-18,225.258
2011-01-19,225.252
2011-01-20,225.244
2011-01-21,225.234
2011-01-22,225.222
2011-01-23,225.21
2011-01-24,225.2
2011-01-25,225.188
2011-01-26,225.177
2011-01-27,225.163
2011-01-28,225.156
2011-01-29,225.15
2011-01-30,225.145
2011-01-31,225.138
2011-02-01,225.13
2011-02-02,225.128
2011-02-03,225.122
2011-02-04,225.113
2011-02-05,225.104
2011-02-06,225.093
2011-02-07,225.084
2011-02-08,225.073
2011-02-09,225.076
2011-02-10,225.074
2011-02-11,225.065
2011-02-12,225.058
2011-02-13,225.05
2011-02-14,225.037
2011-02-15,225.03
2011-02-16,225.024
2011-02-17,225.018
2011-02-18,225.022
2011-02-19,225.024
2011-02-20,225.026
2011-02-21,225.024
2011-02-22,225.02
2011-02-23,225.019
2011-02-24,225.012
2011-02-25,224.997
2011-02-26,224.987
2011-02-27,224.982
2011-02-28,224.974
2011-03-01,224.966
2011-03-02,224.954
2011-03-03,224.941
2011-03-04,224.925
2011-03-05,224.934
2011-03-06,224.943
2011-03-07,224.936
2011-03-08,224.928
2011-03-09,224.913
2011-03-10,224.915
2011-03-11,224.926
2011-03-12,224.936
2011-03-13,224.938
2011-03-14,224.938
2011-03-15,224.92
2011-03-16,224.876
2011-03-17,224.845
2011-03-18,224.82
2011-03-19,224.803
2011-03-20,224.803
2011-03-21,224.803
2011-03-22,224.764
2011-03-23,224.715
2011-03-24,224.692
2011-03-25,224.673
2011-03-26,224.649
2011-03-27,224.628
2011-03-28,224.605
2011-03-29,224.612
2011-03-30,224.626
2011-03-31,224.627
2011-04-01,224.637
2011-04-02,224.634
2011-04-03,224.635
2011-04-04,224.645
2011-04-05,224.654
2011-04-06,224.662
2011-04-07,224.66
2011-04-08,224.658
2011-04-09,224.656
2011-04-10,224.671
2011-04-11,224.757
2011-04-12,224.85
2011-04-13,224.916
2011-04-14,224.983
2011-04-15,225.026
2011-04-16,225.071
2011-04-17,225.118
2011-04-18,225.185
2011-04-19,225.248
2011-04-20,225.309
2011-04-21,225.346
2011-04-22,225.379
2011-04-23,225.407
2011-04-24,225.433
2011-04-25,225.456
2011-04-26,225.467
2011-04-27,225.468
2011-04-28,225.466
2011-04-29,225.431
2011-04-30,225.405
2011-05-01,225.41
2011-05-02,225.405
2011-05-03,225.402
2011-05-04,225.388
2011-05-05,225.411
2011-05-06,225.434
2011-05-07,225.419
2011-05-08,225.403
2011-05-09,225.385
2011-05-10,225.384
2011-05-11,225.383
2011-05-12,225.354
2011-05-13,225.322
2011-05-14,225.302
2011-05-15,225.301
2011-05-16,225.302
2011-05-17,225.318
2011-05-18,225.318
2011-05-19,225.322
2011-05-20,225.329
2011-05-21,225.341
2011-05-22,225.353
2011-05-23,225.366
2011-05-24,225.379
2011-05-25,225.377
2011-05-26,225.38
2011-05-27,225.367
2011-05-28,225.352
2011-05-29,225.362
2011-05-30,225.367
2011-05-31,225.367
2011-06-01,225.344
2011-06-02,225.318
2011-06-03,225.313
2011-06-04,225.337
2011-06-05,225.324
2011-06-06,225.309
2011-06-07,225.313
2011-06-08,225.349
2011-06-09,225.371
2011-06-10,225.37
2011-06-11,225.366
2011-06-12,225.358
2011-06-13,225.366
2011-06-14,225.382
2011-06-15,225.387
2011-06-16,225.393
2011-06-17,225.389
2011-06-18,225.388
2011-06-19,225.384
2011-06-20,225.383
2011-06-21,225.386
2011-06-22,225.389
2011-06-23,225.395
2011-06-24,225.404
2011-06-25,225.411
2011-06-26,225.417
2011-06-27,225.423
2011-06-28,225.432
2011-06-29,225.424
2011-06-30,225.423
2011-07-01,225.427
2011-07-02,225.422
2011-07-03,225.407
2011-07-04,225.397
2011-07-05,225.391
2011-07-06,225.39
2011-07-07,225.386
2011-07-08,225.38
2011-07-09,225.377
2011-07-10,225.37
2011-07-11,225.365
2011-07-12,225.356
2011-07-13,225.352
2011-07-14,225.337
2011-07-15,225.339
2011-07-16,225.34
2011-07-17,225.339
2011-07-18,225.353
2011-07-19,225.361
2011-07-20,225.36
2011-07-21,225.357
2011-07-22,225.359
2011-07-23,225.357
2011-07-24,225.353
2011-07-25,225.365
2011-07-26,225.36
2011-07-27,225.363
2011-07-28,225.364
2011-07-29,225.363
2011-07-30,225.362
2011-07-31,225.358
2011-08-01,225.35
2011-08-02,225.347
2011-08-03,225.375
2011-08-04,225.377
2011-08-05,225.366
2011-08-06,225.356
2011-08-07,225.351
2011-08-08,225.346
2011-08-09,225.347
2011-08-10,225.346
2011-08-11,225.344
2011-08-12,225.347
2011-08-13,225.347
2011-08-14,225.351
2011-08-15,225.346
2011-08-16,225.341
2011-08-17,225.337
2011-08-18,225.332
2011-08-19,225.326
2011-08-20,225.324
2011-08-21,225.329
2011-08-22,225.321
2011-08-23,225.316
2011-08-24,225.311
2011-08-25,225.305
2011-08-26,225.304
2011-08-27,225.302
2011-08-28,225.295
2011-08-29,225.284
2011-08-30,225.279
2011-08-31,225.286
2011-09-01,225.294
2011-09-02,225.297
2011-09-03,225.3
2011-09-04,225.31
2011-09-05,225.316
2011-09-06,225.315
2011-09-07,225.315
2011-09-08,225.313
2011-09-09,225.312
2011-09-10,225.315
2011-09-11,225.315
2011-09-12,225.314
2011-09-13,225.31
2011-09-14,225.307
2011-09-15,225.299
2011-09-16,225.294
2011-09-17,225.292
2011-09-18,225.29
2011-09-19,225.29
2011-09-20,225.294
2011-09-21,225.296
2011-09-22,225.292
2011-09-23,225.299
2011-09-24,225.301
2011-09-25,225.302
2011-09-26,225.302
2011-09-27,225.287
2011-09-28,225.287
2011-09-29,225.286
2011-09-30,225.298
2011-10-01,225.297
2011-10-02,225.281
2011-10-03,225.28
2011-10-04,225.28
2011-10-05,225.282
2011-10-06,225.275
2011-10-07,225.263
2011-10-08,225.254
2011-10-09,225.24
2011-10-10,225.227
2011-10-11,225.218
2011-10-12,225.214
2011-10-13,225.214
2011-10-14,225.215
2011-10-15,225.224
2011-10-16,225.249
2011-10-17,225.262
2011-10-18,225.259
2011-10-19,225.261
2011-10-20,225.271
2011-10-21,225.277
2011-10-22,225.283
2011-10-23,225.286
2011-10-24,225.281
2011-10-25,225.28
2011-10-26,225.281
2011-10-27,225.267
2011-10-28,225.257
2011-10-29,225.248
2011-10-30,225.235
2011-10-31,225.231
2011-11-01,225.232
2011-11-02,225.227
2011-11-03,225.222
2011-11-04,225.215
2011-11-05,225.203
2011-11-06,225.191
2011-11-07,225.181
2011-11-08,225.183
2011-11-09,225.185
2011-11-10,225.179
2011-11-11,225.179
2011-11-12,225.178
2011-11-13,225.177
2011-11-14,225.176
2011-11-15,225.175
2011-11-16,225.171
2011-11-17,225.182
2011-11-18,225.196
2011-11-19,225.199
2011-11-20,225.208
2011-11-21,225.216
2011-11-22,225.22
2011-11-23,225.217
2011-11-24,225.214
2011-11-25,225.215
2011-11-26,225.216
2011-11-27,225.223
2011-11-28,225.223
2011-11-29,225.237
2011-11-30,225.295
2011-12-01,225.336
2011-12-02,225.351
2011-12-03,225.338
2011-12-04,225.336
2011-12-05,225.348
2011-12-06,225.361
2011-12-07,225.362
2011-12-08,225.335
2011-12-09,225.336
2011-12-10,225.344
2011-12-11,225.34
2011-12-12,225.33
2011-12-13,225.32
2011-12-14,225.288
2011-12-15,225.259
2011-12-16,225.264
2011-12-17,225.268
2011-12-18,225.266
2011-12-19,225.251
2011-12-20,225.248
2011-12-21,225.266
2011-12-22,225.288
2011-12-23,225.274
2011-12-24,225.263
2011-12-25,225.247
2011-12-26,225.231
2011-12-27,225.22
2011-12-28,225.221
2011-12-29,225.229
2011-12-30,225.221
2011-12-31,225.211
2012-01-01,225.204
2012-01-02,225.203
2012-01-03,225.194
2012-01-04,225.195
2012-01-05,225.201
2012-01-06,225.205
2012-01-07,225.202
2012-01-08,225.2
2012-01-09,225.198
2012-01-10,225.191
2012-01-11,225.185
2012-01-12,225.177
2012-01-13,225.168
2012-01-14,225.158
2012-01-15,225.149
2012-01-16,225.14
2012-01-17,225.134
2012-01-18,225.135
2012-01-19,225.129
2012-01-20,225.117
2012-01-21,225.108
2012-01-22,225.099
2012-01-23,225.094
2012-01-24,225.093
2012-01-25,225.089
2012-01-26,225.085
2012-01-27,225.08
2012-01-28,225.079
2012-01-29,225.08
2012-01-30,225.075
2012-01-31,225.074
2012-02-01,225.069
2012-02-02,225.066
2012-02-03,225.065
2012-02-04,225.07
2012-02-05,225.072
2012-02-06,225.072
2012-02-07,225.07
2012-02-08,225.067
2012-02-09,225.062
2012-02-10,225.059
2012-02-11,225.056
2012-02-12,225.05
2012-02-13,225.044
2012-02-14,225.04
2012-02-15,225.032
2012-02-16,225.024
2012-02-17,225.014
2012-02-18,225.008
2012-02-19,225.002
2012-02-20,224.993
2012-02-21,224.986
2012-02-22,224.982
2012-02-23,224.975
2012-02-24,224.977
2012-02-25,224.982
2012-02-26,224.982
2012-02-27,224.977
2012-02-28,224.968
2012-02-29,224.959
2012-03-01,224.952
2012-03-02,224.945
2012-03-03,224.945
2012-03-04,224.945
2012-03-05,224.938
2012-03-06,224.934
2012-03-07,224.921
2012-03-08,224.913
2012-03-09,224.923
2012-03-10,224.932
2012-03-11,224.938
2012-03-12,224.926
2012-03-13,224.92
2012-03-14,224.947
2012-03-15,224.953
2012-03-16,224.957
2012-03-17,224.999
2012-03-18,225.037
2012-03-19,225.075
2012-03-20,225.111
2012-03-21,225.146
2012-03-22,225.177
2012-03-23,225.2
2012-03-24,225.215
2012-03-25,225.223
2012-03-26,225.228
2012-03-27,225.244
2012-03-28,225.301
2012-03-29,225.322
2012-03-30,225.318
2012-03-31,225.296
2012-04-01,225.278
2012-04-02,225.285
2012-04-03,225.32
2012-04-04,225.34
2012-04-05,225.353
2012-04-06,225.356
2012-04-07,225.36
2012-04-08,225.365
2012-04-09,225.365
2012-04-10,225.375
2012-04-11,225.382
2012-04-12,225.378
2012-04-13,225.368
2012-04-14,225.36
2012-04-15,225.351
2012-04-16,225.34
2012-04-17,225.333
2012-04-18,225.339
2012-04-19,225.336
2012-04-20,225.346
2012-04-21,225.362
2012-04-22,225.367
2012-04-23,225.367
2012-04-24,225.385
2012-04-25,225.402
2012-04-26,225.412
2012-04-27,225.412
2012-04-28,225.414
2012-04-29,225.412
2012-04-30,225.414
2012-05-01,225.41
2012-05-02,225.416
2012-05-03,225.436
2012-05-04,225.455
2012-05-05,225.463
2012-05-06,225.467
2012-05-07,225.479
2012-05-08,225.476
2012-05-09,225.468
2012-05-10,225.453
2012-05-11,225.44
2012-05-12,225.43
2012-05-13,225.425
2012-05-14,225.421
2012-05-15,225.427
2012-05-16,225.426
2012-05-17,225.437
2012-05-18,225.442
2012-05-19,225.437
2012-05-20,225.438
2012-05-21,225.431
2012-05-22,225.432
2012-05-23,225.432
2012-05-24,225.436
2012-05-25,225.434
2012-05-26,225.432
2012-05-27,225.43
2012-05-28,225.425
2012-05-29,225.417
2012-05-30,225.414
2012-05-31,225.417
2012-06-01,225.43
2012-06-02,225.436
2012-06-03,225.442
2012-06-04,225.447
2012-06-05,225.441
2012-06-06,225.441
2012-06-07,225.436
2012-06-08,225.425
2012-06-09,225.426
2012-06-10,225.424
2012-06-11,225.418
2012-06-12,225.415
2012-06-13,225.41
2012-06-14,225.407
2012-06-15,225.398
2012-06-16,225.39
2012-06-17,225.386
2012-06-18,225.399
2012-06-19,225.397
2012-06-20,225.398
2012-06-21,225.393
2012-06-22,225.387
2012-06-23,225.379
2012-06-24,225.378
2012-06-25,225.375
2012-06-26,225.373
2012-06-27,225.377
2012-06-28,225.383
2012-06-29,225.38
2012-06-30,225.379
2012-07-01,225.378
2012-07-02,225.377
2012-07-03,225.383
2012-07-04,225.382
2012-07-05,225.386
2012-07-06,225.38
2012-07-07,225.378
2012-07-08,225.377
2012-07-09,225.371
2012-07-10,225.363
2012-07-11,225.359
2012-07-12,225.358
2012-07-13,225.354
2012-07-14,225.349
2012-07-15,225.344
2012-07-16,225.338
2012-07-17,225.333
2012-07-18,225.333
2012-07-19,225.329
2012-07-20,225.321
2012-07-21,225.324
2012-07-22,225.33
2012-07-23,225.324
2012-07-24,225.322
2012-07-25,225.316
2012-07-26,225.32
2012-07-27,225.318
2012-07-28,225.309
2012-07-29,225.303
2012-07-30,225.301
2012-07-31,225.301
2012-08-01,225.299
2012-08-02,225.292
2012-08-03,225.292
2012-08-04,225.295
2012-08-05,225.293
2012-08-06,225.288
2012-08-07,225.285
2012-08-08,225.284
2012-08-09,225.286
2012-08-10,225.298
2012-08-11,225.317
2012-08-12,225.323
2012-08-13,225.322
2012-08-14,225.324
2012-08-15,225.324
2012-08-16,225.323
2012-08-17,225.319
2012-08-18,225.318
2012-08-19,225.312
2012-08-20,225.307
2012-08-21,225.303
2012-08-22,225.302
2012-08-23,225.299
2012-08-24,225.302
2012-08-25,225.298
2012-08-26,225.296
2012-08-27,225.291
2012-08-28,225.291
2012-08-29,225.285
2012-08-30,225.279
2012-08-31,225.274
2012-09-01,225.279
2012-09-02,225.275
2012-09-03,225.273
2012-09-04,225.273
2012-09-05,225.275
2012-09-06,225.272
2012-09-07,225.273
2012-09-08,225.277
2012-09-09,225.271
2012-09-10,225.267
2012-09-11,225.265
2012-09-12,225.265
2012-09-13,225.263
2012-09-14,225.263
2012-09-15,225.267
2012-09-16,225.265
2012-09-17,225.262
2012-09-18,225.27
2012-09-19,225.278
2012-09-20,225.288
2012-09-21,225.294
2012-09-22,225.307
2012-09-23,225.319
2012-09-24,225.326
2012-09-25,225.33
2012-09-26,225.311
2012-09-27,225.299
2012-09-28,225.285
2012-09-29,225.271
2012-09-30,225.258
2012-10-01,225.241
2012-10-02,225.24
2012-10-03,225.238
2012-10-04,225.232
2012-10-05,225.227
2012-10-06,225.225
2012-10-07,225.226
2012-10-08,225.22
2012-10-09,225.216
2012-10-10,225.217
2012-10-11,225.226
2012-10-12,225.223
2012-10-13,225.215
2012-10-14,225.226
2012-10-15,225.238
2012-10-16,225.246
2012-10-17,225.249
2012-10-18,225.257
2012-10-19,225.262
2012-10-20,225.263
2012-10-21,225.263
2012-10-22,225.263
2012-10-23,225.252
2012-10-24,225.24
2012-10-25,225.236
2012-10-26,225.219
2012-10-27,225.204
2012-10-28,225.193
2012-10-29,225.19
2012-10-30,225.185
2012-10-31,225.191
2012-11-01,225.206
2012-11-02,225.213
2012-11-03,225.22
2012-11-04,225.222
2012-11-05,225.22
2012-11-06,225.227
2012-11-07,225.246
2012-11-08,225.257
2012-11-09,225.263
2012-11-10,225.272
2012-11-11,225.283
2012-11-12,225.29
2012-11-13,225.313
2012-11-14,225.32
2012-11-15,225.32
2012-11-16,225.317
2012-11-17,225.317
2012-11-18,225.317
2012-11-19,225.313
2012-11-20,225.313
2012-11-21,225.32
2012-11-22,225.322
2012-11-23,225.325
2012-11-24,225.326
2012-11-25,225.329
2012-11-26,225.326
2012-11-27,225.321
2012-11-28,225.322
2012-11-29,225.322
2012-11-30,225.321
2012-12-01,225.312
2012-12-02,225.32
2012-12-03,225.338
2012-12-04,225.35
2012-12-05,225.357
2012-12-06,225.356
2012-12-07,225.352
2012-12-08,225.352
2012-12-09,225.356
2012-12-10,225.353
2012-12-11,225.35
2012-12-12,225.349
2012-12-13,225.347
2012-12-14,225.339
2012-12-15,225.334
2012-12-16,225.332
2012-12-17,225.329
2012-12-18,225.329
2012-12-19,225.334
2012-12-20,225.341
2012-12-21,225.344
2012-12-22,225.343
2012-12-23,225.352
2012-12-24,225.351
2012-12-25,225.344
2012-12-26,225.339
2012-12-27,225.333
2012-12-28,225.323
2012-12-29,225.315
2012-12-30,225.304
2012-12-31,225.294
2013-01-01,225.285
2013-01-02,225.28
2013-01-03,225.27
2013-01-04,225.256
2013-01-05,225.25
2013-01-06,225.241
2013-01-07,225.233
2013-01-08,225.226
2013-01-09,225.214
2013-01-10,225.206
2013-01-11,225.21
2013-01-12,225.219
2013-01-13,225.232
2013-01-14,225.255
2013-01-15,225.274
2013-01-16,225.285
2013-01-17,225.291
2013-01-18,225.298
2013-01-19,225.307
2013-01-20,225.321
2013-01-21,225.325
2013-01-22,225.323
2013-01-23,225.32
2013-01-24,225.316
2013-01-25,225.313
2013-01-26,225.306
2013-01-27,225.299
2013-01-28,225.274
2013-01-29,225.222
2013-01-30,225.212
2013-01-31,225.21
2013-02-01,225.214
2013-02-02,225.221
2013-02-03,225.226
2013-02-04,225.231
2013-02-05,225.257
2013-02-06,225.261
2013-02-07,225.265
2013-02-08,225.275
2013-02-09,225.278
2013-02-10,225.277
2013-02-11,225.278
2013-02-12,225.276
2013-02-13,225.271
2013-02-14,225.253
2013-02-15,225.228
2013-02-16,225.214
2013-02-17,225.199
2013-02-18,225.187
2013-02-19,225.174
2013-02-20,225.162
2013-02-21,225.146
2013-02-22,225.133
2013-02-23,225.118
2013-02-24,225.101
2013-02-25,225.083
2013-02-26,225.066
2013-02-27,225.052
2013-02-28,225.041
2013-03-01,225.023
2013-03-02,225.002
2013-03-03,224.98
2013-03-04,224.961
2013-03-05,224.952
2013-03-06,224.938
2013-03-07,224.923
2013-03-08,224.909
2013-03-09,224.9
2013-03-10,224.889
2013-03-11,224.867
2013-03-12,224.859
2013-03-13,224.875
2013-03-14,224.884
2013-03-15,224.89
2013-03-16,224.893
2013-03-17,224.891
2013-03-18,224.888
2013-03-19,224.892
2013-03-20,224.893
2013-03-21,224.887
2013-03-22,224.879
2013-03-23,224.871
2013-03-24,224.861
2013-03-25,224.834
2013-03-26,224.804
2013-03-27,224.792
2013-03-28,224.781
2013-03-29,224.77
2013-03-30,224.762
2013-03-31,224.759
2013-04-01,224.757
2013-04-02,224.755
2013-04-03,224.752
2013-04-04,224.748
2013-04-05,224.743
2013-04-06,224.739
2013-04-07,224.74
2013-04-08,224.753
2013-04-09,224.799
2013-04-10,224.843
2013-04-11,224.876
2013-04-12,224.909
2013-04-13,224.932
2013-04-14,224.955
2013-04-15,224.97
2013-04-16,225.001
2013-04-17,225.007
2013-04-18,225.039
2013-04-19,225.199
2013-04-20,225.364
2013-04-21,225.47
2013-04-22,225.555
2013-04-23,225.618
2013-04-24,225.672
2013-04-25,225.723
2013-04-26,225.752
2013-04-27,225.766
2013-04-28,225.763
2013-04-29,225.752
2013-04-30,225.731
2013-05-01,225.701
2013-05-02,225.657
2013-05-03,225.633
2013-05-04,225.606
2013-05-05,225.608
2013-05-06,225.618
2013-05-07,225.61
2013-05-08,225.61
2013-05-09,225.587
2013-05-10,225.581
2013-05-11,225.569
2013-05-12,225.542
2013-05-13,225.525
2013-05-14,225.509
2013-05-15,225.499
2013-05-16,225.495
2013-05-17,225.484
2013-05-18,225.472
2013-05-19,225.459
2013-05-20,225.448
2013-05-21,225.457
2013-05-22,225.485
2013-05-23,225.519
2013-05-24,225.506
2013-05-25,225.499
2013-05-26,225.492
2013-05-27,225.485
2013-05-28,225.462
2013-05-29,225.441
2013-05-30,225.406
2013-05-31,225.37
2013-06-01,225.361
2013-06-02,225.343
2013-06-03,225.319
2013-06-04,225.332
2013-06-05,225.352
2013-06-06,225.344
2013-06-07,225.34
2013-06-08,225.319
2013-06-09,225.298
2013-06-10,225.29
2013-06-11,225.277
2013-06-12,225.254
2013-06-13,225.268
2013-06-14,225.299
2013-06-15,225.319
2013-06-16,225.36
2013-06-17,225.39
2013-06-18,225.409
2013-06-19,225.409
2013-06-20,225.397
2013-06-21,225.389
2013-06-22,225.38
2013-06-23,225.372
2013-06-24,225.367
2013-06-25,225.368
2013-06-26,225.367
2013-06-27,225.38
2013-06-28,225.395
2013-06-29,225.399
2013-06-30,225.399
2013-07-01,225.391
2013-07-02,225.39
2013-07-03,225.389
2013-07-04,225.384
2013-07-05,225.378
2013-07-06,225.366
2013-07-07,225.362
2013-07-08,225.358
2013-07-09,225.348
2013-07-10,225.347
2013-07-11,225.346
2013-07-12,225.339
2013-07-13,225.333
2013-07-14,225.326
2013-07-15,225.319
2013-07-16,225.312
2013-07-17,225.306
2013-07-18,225.303
2013-07-19,225.3
2013-07-20,225.309
2013-07-21,225.313
2013-07-22,225.313
2013-07-23,225.31
2013-07-24,225.309
2013-07-25,225.318
2013-07-26,225.329
2013-07-27,225.342
2013-07-28,225.363
2013-07-29,225.371
2013-07-30,225.377
2013-07-31,225.377
2013-08-01,225.382
2013-08-02,225.371
2013-08-03,225.36
2013-08-04,225.346
2013-08-05,225.334
2013-08-06,225.324
2013-08-07,225.321
2013-08-08,225.313
2013-08-09,225.305
2013-08-10,225.303
2013-08-11,225.304
2013-08-12,225.308
2013-08-13,225.304
2013-08-14,225.303
2013-08-15,225.299
2013-08-16,225.302
2013-08-17,225.3
2013-08-18,225.298
2013-08-19,225.296
2013-08-20,225.292
2013-08-21,225.287
2013-08-22,225.288
2013-08-23,225.288
2013-08-24,225.282
2013-08-25,225.282
2013-08-26,225.323
2013-08-27,225.336
2013-08-28,225.342
2013-08-29,225.348
2013-08-30,225.356
2013-08-31,225.371
2013-09-01,225.375
2013-09-02,225.372
2013-09-03,225.371
2013-09-04,225.364
2013-09-05,225.334
2013-09-06,225.3
2013-09-07,225.284
2013-09-08,225.264
2013-09-09,225.252
2013-09-10,225.3
2013-09-11,225.319
2013-09-12,225.327
2013-09-13,225.33
2013-09-14,225.327
2013-09-15,225.334
2013-09-16,225.338
2013-09-17,225.312
2013-09-18,225.294
2013-09-19,225.274
2013-09-20,225.257
2013-09-21,225.276
2013-09-22,225.279
2013-09-23,225.273
2013-09-24,225.265
2013-09-25,225.251
2013-09-26,225.241
2013-09-27,225.239
2013-09-28,225.24
2013-09-29,225.24
2013-09-30,225.239
2013-10-01,225.238
2013-10-02,225.225
2013-10-03,225.219
2013-10-04,225.214
2013-10-05,225.205
2013-10-06,225.205
2013-10-07,225.239
2013-10-08,225.259
2013-10-09,225.254
2013-10-10,225.254
2013-10-11,225.259
2013-10-12,225.264
2013-10-13,225.272
2013-10-14,225.274
2013-10-15,225.277
2013-10-16,225.285
2013-10-17,225.282
2013-10-18,225.278
2013-10-19,225.29
2013-10-20,225.312
2013-10-21,225.321
2013-10-22,225.324
2013-10-23,225.345
2013-10-24,225.331
2013-10-25,225.288
2013-10-26,225.286
2013-10-27,225.246
2013-10-28,225.189
2013-10-29,225.172
2013-10-30,225.161
2013-10-31,225.176
2013-11-01,225.229
2013-11-02,225.276
2013-11-03,225.3
2013-11-04,225.314
2013-11-05,225.322
2013-11-06,225.332
2013-11-07,225.338
2013-11-08,225.341
2013-11-09,225.338
2013-11-10,225.327
2013-11-11,225.329
2013-11-12,225.327
2013-11-13,225.319
2013-11-14,225.279
2013-11-15,225.215
2013-11-16,225.187
2013-11-17,225.166
2013-11-18,225.149
2013-11-19,225.146
2013-11-20,225.134
2013-11-21,225.135
2013-11-22,225.141
2013-11-23,225.131
2013-11-24,225.117
2013-11-25,225.103
2013-11-26,225.082
2013-11-27,225.101
2013-11-28,225.151
2013-11-29,225.145
2013-11-30,225.132
2013-12-01,225.115
2013-12-02,225.121
2013-12-03,225.15
2013-12-04,225.156
2013-12-05,225.156
2013-12-06,225.155
2013-12-07,225.16
2013-12-08,225.163
2013-12-09,225.158
2013-12-10,225.149
2013-12-11,225.148
2013-12-12,225.143
2013-12-13,225.142
2013-12-14,225.129
2013-12-15,225.116
2013-12-16,225.103
2013-12-17,225.094
2013-12-18,225.09
2013-12-19,225.09
2013-12-20,225.085
2013-12-21,225.083
2013-12-22,225.089
2013-12-23,225.084
2013-12-24,225.074
2013-12-25,225.066
2013-12-26,225.06
2013-12-27,225.059
2013-12-28,225.049
2013-12-29,225.042
2013-12-30,225.034
2013-12-31,225.029
2014-01-01,225.028
2014-01-02,225.021
2014-01-03,225.012
2014-01-04,225.004
2014-01-05,225
2014-01-06,225.002
2014-01-07,225.008
2014-01-08,225.011
2014-01-09,225.001
2014-01-10,224.984
2014-01-11,224.981
2014-01-12,224.978
2014-01-13,224.973
2014-01-14,224.971
2014-01-15,224.971
2014-01-16,224.972
2014-01-17,224.973
2014-01-18,224.973
2014-01-19,224.974
2014-01-20,224.973
2014-01-21,224.971
2014-01-22,224.971
2014-01-23,224.966
2014-01-24,224.965
2014-01-25,224.968
2014-01-26,224.965
2014-01-27,224.961
2014-01-28,224.959
2014-01-29,224.953
2014-01-30,224.95
2014-01-31,224.941
2014-02-01,224.936
2014-02-02,224.933
2014-02-03,224.925
2014-02-04,224.907
2014-02-05,224.881
2014-02-06,224.871
2014-02-07,224.861
2014-02-08,224.851
2014-02-09,224.84
2014-02-10,224.828
2014-02-11,224.817
2014-02-12,224.807
2014-02-13,224.793
2014-02-14,224.78
2014-02-15,224.769
2014-02-16,224.758
2014-02-17,224.746
2014-02-18,224.729
2014-02-19,224.72
2014-02-20,224.709
2014-02-21,224.714
2014-02-22,224.709
2014-02-23,224.705
2014-02-24,224.7
2014-02-25,224.691
2014-02-26,224.687
2014-02-27,224.676
2014-02-28,224.668
2014-03-01,224.666
2014-03-02,224.66
2014-03-03,224.653
2014-03-04,224.648
2014-03-05,224.642
2014-03-06,224.635
2014-03-07,224.628
2014-03-08,224.62
2014-03-09,224.617
2014-03-10,224.614
2014-03-11,224.61
2014-03-12,224.608
2014-03-13,224.604
2014-03-14,224.602
2014-03-15,224.597
2014-03-16,224.593
2014-03-17,224.584
2014-03-18,224.57
2014-03-19,224.566
2014-03-20,224.572
2014-03-21,224.564
2014-03-22,224.556
2014-03-23,224.552
2014-03-24,224.547
2014-03-25,224.544
2014-03-26,224.526
2014-03-27,224.504
2014-03-28,224.5
2014-03-29,224.486
2014-03-30,224.48
2014-03-31,224.478
2014-04-01,224.478
2014-04-02,224.479
2014-04-03,224.478
2014-04-04,224.483
2014-04-05,224.501
2014-04-06,224.512
2014-04-07,224.524
2014-04-08,224.552
2014-04-09,224.566
2014-04-10,224.576
2014-04-11,224.614
2014-04-12,224.66
2014-04-13,224.73
2014-04-14,224.828
2014-04-15,224.941
2014-04-16,225.03
2014-04-17,225.097
2014-04-18,225.155
2014-04-19,225.207
2014-04-20,225.258
2014-04-21,225.303
2014-04-22,225.355
2014-04-23,225.406
2014-04-24,225.446
2014-04-25,225.476
2014-04-26,225.495
2014-04-27,225.502
2014-04-28,225.502
2014-04-29,225.501
2014-04-30,225.49
2014-05-01,225.478
2014-05-02,225.465
2014-05-03,225.453
2014-05-04,225.459
2014-05-05,225.477
2014-05-06,225.488
2014-05-07,225.477
2014-05-08,225.451
2014-05-09,225.439
2014-05-10,225.431
2014-05-11,225.398
2014-05-12,225.413
2014-05-13,225.455
2014-05-14,225.484
2014-05-15,225.455
2014-05-16,225.411
2014-05-17,225.404
2014-05-18,225.397
2014-05-19,225.385
2014-05-20,225.37
2014-05-21,225.348
2014-05-22,225.345
2014-05-23,225.356
2014-05-24,225.344
2014-05-25,225.327
2014-05-26,225.309
2014-05-27,225.322
2014-05-28,225.332
2014-05-29,225.329
2014-05-30,225.338
2014-05-31,225.323
2014-06-01,225.298
2014-06-02,225.296
2014-06-03,225.311
2014-06-04,225.312
2014-06-05,225.322
2014-06-06,225.331
2014-06-07,225.338
2014-06-08,225.339
2014-06-09,225.342
2014-06-10,225.343
2014-06-11,225.36
2014-06-12,225.38
2014-06-13,225.41
2014-06-14,225.43
2014-06-15,225.463
2014-06-16,225.489
2014-06-17,225.505
2014-06-18,225.497
2014-06-19,225.477
2014-06-20,225.474
2014-06-21,225.472
2014-06-22,225.461
2014-06-23,225.453
2014-06-24,225.462
2014-06-25,225.444
2014-06-26,225.423
2014-06-27,225.43
2014-06-28,225.422
2014-06-29,225.414
2014-06-30,225.437
2014-07-01,225.436
2014-07-02,225.419
2014-07-03,225.411
2014-07-04,225.388
2014-07-05,225.365
2014-07-06,225.343
2014-07-07,225.332
2014-07-08,225.325
2014-07-09,225.316
2014-07-10,225.315
2014-07-11,225.304
2014-07-12,225.292
2014-07-13,225.294
2014-07-14,225.292
2014-07-15,225.286
2014-07-16,225.288
2014-07-17,225.295
2014-07-18,225.296
2014-07-19,225.297
2014-07-20,225.301
2014-07-21,225.304
2014-07-22,225.313
2014-07-23,225.314
2014-07-24,225.304
2014-07-25,225.304
2014-07-26,225.306
2014-07-27,225.316
2014-07-28,225.313
2014-07-29,225.299
2014-07-30,225.298
2014-07-31,225.303
2014-08-01,225.311
2014-08-02,225.317
2014-08-03,225.321
2014-08-04,225.324
2014-08-05,225.327
2014-08-06,225.332
2014-08-07,225.33
2014-08-08,225.324
2014-08-09,225.318
2014-08-10,225.312
2014-08-11,225.306
2014-08-12,225.313
2014-08-13,225.317
2014-08-14,225.316
2014-08-15,225.32
2014-08-16,225.331
2014-08-17,225.348
2014-08-18,225.34
2014-08-19,225.324
2014-08-20,225.326
2014-08-21,225.342
2014-08-22,225.346
2014-08-23,225.356
2014-08-24,225.364
2014-08-25,225.366
2014-08-26,225.361
2014-08-27,225.355
2014-08-28,225.355
2014-08-29,225.355
2014-08-30,225.351
2014-08-31,225.348
2014-09-01,225.344
2014-09-02,225.339
2014-09-03,225.336
2014-09-04,225.337
2014-09-05,225.343
2014-09-06,225.368
2014-09-07,225.365
2014-09-08,225.36
2014-09-09,225.348
2014-09-10,225.326
2014-09-11,225.322
2014-09-12,225.303
2014-09-13,225.291
2014-09-14,225.283
2014-09-15,225.275
2014-09-16,225.268
2014-09-17,225.258
2014-09-18,225.251
2014-09-19,225.245
2014-09-20,225.247
2014-09-21,225.284
2014-09-22,225.3
2014-09-23,225.31
2014-09-24,225.32
2014-09-25,225.315
2014-09-26,225.289
2014-09-27,225.286
2014-09-28,225.281
2014-09-29,225.276
2014-09-30,225.269
2014-10-01,225.248
2014-10-02,225.227
2014-10-03,225.204
2014-10-04,225.187
2014-10-05,225.167
2014-10-06,225.146
2014-10-07,225.153
2014-10-08,225.165
2014-10-09,225.172
2014-10-10,225.179
2014-10-11,225.183
2014-10-12,225.184
2014-10-13,225.182
2014-10-14,225.172
2014-10-15,225.189
2014-10-16,225.208
2014-10-17,225.253
2014-10-18,225.288
2014-10-19,225.31
2014-10-20,225.331
2014-10-21,225.344
2014-10-22,225.342
2014-10-23,225.342
2014-10-24,225.334
2014-10-25,225.319
2014-10-26,225.301
2014-10-27,225.289
2014-10-28,225.3
2014-10-29,225.325
2014-10-30,225.324
2014-10-31,225.32
2014-11-01,225.324
2014-11-02,225.32
2014-11-03,225.315
2014-11-04,225.313
2014-11-05,225.317
2014-11-06,225.319
2014-11-07,225.327
2014-11-08,225.337
2014-11-09,225.349
2014-11-10,225.359
2014-11-11,225.362
2014-11-12,225.358
2014-11-13,225.421
2014-11-14,225.427
2014-11-15,225.359
2014-11-16,225.344
2014-11-17,225.326
2014-11-18,225.313
2014-11-19,225.312
2014-11-20,225.289
2014-11-21,225.267
2014-11-22,225.251
2014-11-23,225.237
2014-11-24,225.228
2014-11-25,225.241
2014-11-26,225.281
2014-11-27,225.306
2014-11-28,225.325
2014-11-29,225.34
2014-11-30,225.343
2014-12-01,225.341
2014-12-02,225.343
2014-12-03,225.332
2014-12-04,225.322
2014-12-05,225.294
2014-12-06,225.26
2014-12-07,225.232
2014-12-08,225.239
2014-12-09,225.299
2014-12-10,225.337
2014-12-11,225.347
2014-12-12,225.354
2014-12-13,225.356
2014-12-14,225.356
2014-12-15,225.357
2014-12-16,225.354
2014-12-17,225.351
2014-12-18,225.346
2014-12-19,225.337
2014-12-20,225.326
2014-12-21,225.313
2014-12-22,225.289
2014-12-23,225.256
2014-12-24,225.243
2014-12-25,225.255
2014-12-26,225.286
2014-12-27,225.302
2014-12-28,225.31
2014-12-29,225.319
2014-12-30,225.323
2014-12-31,225.326
2015-01-01,225.33
2015-01-02,225.326
2015-01-03,225.321
2015-01-04,225.316
2015-01-05,225.307
2015-01-06,225.3
2015-01-07,225.292
2015-01-08,225.285
2015-01-09,225.277
2015-01-10,225.273
2015-01-11,225.257
2015-01-12,225.233
2015-01-13,225.215
2015-01-14,225.205
2015-01-15,225.206
2015-01-16,225.194
2015-01-17,225.185
2015-01-18,225.177
2015-01-19,225.166
2015-01-20,225.154
2015-01-21,225.142
2015-01-22,225.129
2015-01-23,225.116
2015-01-24,225.105
2015-01-25,225.09
2015-01-26,225.077
2015-01-27,225.065
2015-01-28,225.057
2015-01-29,225.067
2015-01-30,225.064
2015-01-31,225.067
2015-02-01,225.064
2015-02-02,225.061
2015-02-03,225.056
2015-02-04,225.052
2015-02-05,225.048
2015-02-06,225.047
2015-02-07,225.042
2015-02-08,225.04
2015-02-09,225.032
2015-02-10,225.025
2015-02-11,225.022
2015-02-12,225.011
2015-02-13,225.008
2015-02-14,224.999
2015-02-15,224.991
2015-02-16,224.986
2015-02-17,224.98
2015-02-18,224.973
2015-02-19,224.965
2015-02-20,224.96
2015-02-21,224.957
2015-02-22,224.947
2015-02-23,224.932
2015-02-24,224.913
2015-02-25,224.898
2015-02-26,224.884
2015-02-27,224.869
2015-02-28,224.866
2015-03-01,224.856
2015-03-02,224.846
2015-03-03,224.84
2015-03-04,224.826
2015-03-05,224.809
2015-03-06,224.796
2015-03-07,224.781
2015-03-08,224.768
2015-03-09,224.746
2015-03-10,224.719
2015-03-11,224.698
2015-03-12,224.686
2015-03-13,224.673
2015-03-14,224.657
2015-03-15,224.644
2015-03-16,224.635
2015-03-17,224.613
2015-03-18,224.588
2015-03-19,224.571
2015-03-20,224.554
2015-03-21,224.546
2015-03-22,224.536
2015-03-23,224.52
2015-03-24,224.506
2015-03-25,224.494
2015-03-26,224.485
2015-03-27,224.473
2015-03-28,224.461
2015-03-29,224.45
2015-03-30,224.443
2015-03-31,224.441
2015-04-01,224.445
2015-04-02,224.446
2015-04-03,224.462
2015-04-04,224.48
2015-04-09,224.44
2015-04-10,224.465
2015-04-11,224.504
2015-04-12,224.546
2015-04-13,224.592
2015-04-14,224.666
2015-04-15,224.735
2015-04-16,224.798
2015-04-17,224.891
2015-04-18,224.998
2015-04-19,225.055
2015-04-20,225.111
2015-04-21,225.166
2015-04-22,225.25
2015-04-23,225.308
2015-04-24,225.354
2015-04-25,225.387
2015-04-26,225.406
2015-04-27,225.415
2015-04-28,225.442
2015-04-29,225.457
2015-04-30,225.466
2015-05-01,225.489
2015-05-02,225.471
2015-05-03,225.447
2015-05-04,225.427
2015-05-05,225.422
2015-05-06,225.444
2015-05-07,225.465
2015-05-08,225.473
2015-05-09,225.468
2015-05-10,225.464
2015-05-11,225.471
2015-05-12,225.477
2015-05-13,225.486
2015-05-14,225.484
2015-05-15,225.488
2015-05-16,225.488
2015-05-17,225.485
2015-05-18,225.478
2015-05-19,225.465
2015-05-20,225.462
2015-05-21,225.451
2015-05-22,225.438
2015-05-23,225.421
2015-05-24,225.405
2015-05-25,225.4
2015-05-26,225.4
2015-05-27,225.397
2015-05-28,225.397
2015-05-29,225.394
2015-05-30,225.394
2015-05-31,225.395
2015-06-01,225.383
2015-06-02,225.382
2015-06-03,225.384
2015-06-04,225.383
2015-06-05,225.383
2015-06-06,225.378
2015-06-07,225.375
2015-06-08,225.373
2015-06-09,225.372
2015-06-10,225.384
2015-06-11,225.39
2015-06-12,225.41
2015-06-13,225.431
2015-06-14,225.445
2015-06-15,225.464
2015-06-16,225.464
2015-06-17,225.459
2015-06-18,225.454
2015-06-19,225.451
2015-06-20,225.442
2015-06-21,225.443
2015-06-22,225.438
2015-06-23,225.419
2015-06-24,225.406
2015-06-25,225.392
2015-06-26,225.377
2015-06-27,225.366
2015-06-28,225.362
2015-06-29,225.363
2015-06-30,225.355
2015-07-01,225.346
2015-07-02,225.345
2015-07-03,225.356
2015-07-04,225.36
2015-07-05,225.359
2015-07-06,225.36
2015-07-07,225.36
2015-07-08,225.368
2015-07-09,225.364
2015-07-10,225.36
2015-07-11,225.356
2015-07-12,225.354
2015-07-13,225.35
2015-07-14,225.347
2015-07-15,225.336
2015-07-16,225.33
2015-07-17,225.335
2015-07-18,225.342
2015-07-19,225.336
2015-07-20,225.333
2015-07-21,225.333
2015-07-22,225.328
2015-07-23,225.327
2015-07-24,225.327
2015-07-25,225.326
2015-07-26,225.32
2015-07-27,225.317
2015-07-28,225.32
2015-07-29,225.322
2015-07-30,225.311
2015-07-31,225.305
2015-08-01,225.298
2015-08-02,225.297
2015-08-03,225.311
2015-08-04,225.31
2015-08-05,225.308
2015-08-06,225.307
2015-08-07,225.306
2015-08-08,225.304
2015-08-09,225.303
2015-08-10,225.301
2015-08-11,225.3
2015-08-12,225.303
2015-08-13,225.301
2015-08-14,225.312
2015-08-15,225.337
2015-08-16,225.34
2015-08-17,225.341
2015-08-18,225.347
2015-08-19,225.351
2015-08-20,225.359
2015-08-21,225.365
2015-08-22,225.37
2015-08-23,225.37
2015-08-24,225.366
2015-08-25,225.367
2015-08-26,225.367
2015-08-27,225.364
2015-08-28,225.364
2015-08-29,225.361
2015-08-30,225.36
2015-08-31,225.359
2015-09-01,225.359
2015-09-02,225.355
2015-09-03,225.35
2015-09-04,225.345
2015-09-05,225.337
2015-09-06,225.332
2015-09-07,225.325
2015-09-08,225.325
2015-09-09,225.344
2015-09-10,225.339
2015-09-11,225.327
2015-09-12,225.322
2015-09-13,225.31
2015-09-14,225.304
2015-09-15,225.303
2015-09-16,225.298
2015-09-17,225.287
2015-09-18,225.274
2015-09-19,225.265
2015-09-20,225.256
2015-09-21,225.243
2015-09-22,225.231
2015-09-23,225.219
2015-09-24,225.209
2015-09-25,225.197
2015-09-26,225.182
2015-09-27,225.17
2015-09-28,225.164
2015-09-29,225.171
2015-09-30,225.174
2015-10-01,225.168
2015-10-02,225.165
2015-10-03,225.162
2015-10-04,225.155
2015-10-05,225.154
2015-10-06,225.156
2015-10-07,225.164
2015-10-08,225.17
2015-10-09,225.179
2015-10-10,225.18
2015-10-11,225.186
2015-10-12,225.19
2015-10-13,225.193
2015-10-14,225.211
2015-10-15,225.221
2015-10-16,225.231
2015-10-17,225.235
2015-10-18,225.241
2015-10-19,225.25
2015-10-20,225.257
2015-10-21,225.267
2015-10-22,225.264
2015-10-23,225.27
2015-10-24,225.274
2015-10-25,225.273
2015-10-26,225.276
2015-10-27,225.276
2015-10-28,225.28
2015-10-29,225.274
2015-10-30,225.278
2015-10-31,225.276
2015-11-01,225.286
2015-11-02,225.296
2015-11-03,225.298
2015-11-04,225.3
2015-11-05,225.301
2015-11-06,225.306
2015-11-07,225.319
2015-11-08,225.323
2015-11-09,225.325
2015-11-10,225.328
2015-11-11,225.334
2015-11-12,225.34
2015-11-13,225.357
2015-11-14,225.378
2015-11-15,225.389
2015-11-16,225.397
2015-11-17,225.401
2015-11-18,225.4
2015-11-19,225.396
2015-11-20,225.385
2015-11-21,225.388
2015-11-22,225.387
2015-11-23,225.389
2015-11-24,225.392
2015-11-25,225.388
2015-11-26,225.387
2015-11-27,225.403
2015-11-28,225.43
2015-11-29,225.451
2015-11-30,225.454
2015-12-01,225.451
2015-12-02,225.461
2015-12-03,225.466
2015-12-04,225.466
2015-12-05,225.464
2015-12-06,225.456
2015-12-07,225.445
2015-12-08,225.427
2015-12-09,225.402
2015-12-10,225.384
2015-12-11,225.364
2015-12-12,225.349
2015-12-13,225.341
2015-12-14,225.33
2015-12-15,225.324
2015-12-16,225.329
2015-12-17,225.323
2015-12-18,225.317
2015-12-19,225.321
2015-12-20,225.322
2015-12-21,225.304
2015-12-22,225.286
2015-12-23,225.292
2015-12-24,225.289
2015-12-25,225.282
2015-12-26,225.27
2015-12-27,225.268
2015-12-28,225.258
2015-12-29,225.26
2015-12-30,225.244
2015-12-31,225.232
2016-01-01,225.223
2016-01-02,225.208
2016-01-03,225.189
2016-01-04,225.182
2016-01-05,225.187
2016-01-06,225.183
2016-01-07,225.196
2016-01-08,225.198
2016-01-09,225.201
2016-01-10,225.215
2016-01-11,225.257
2016-01-12,225.282
2016-01-13,225.299
2016-01-14,225.3
2016-01-15,225.292
2016-01-16,225.3
2016-01-17,225.297
2016-01-18,225.289
2016-01-19,225.281
2016-01-20,225.273
2016-01-21,225.265
2016-01-22,225.259
2016-01-23,225.25
2016-01-24,225.24
2016-01-25,225.229
2016-01-26,225.221
2016-01-27,225.214
2016-01-28,225.206
2016-01-29,225.2
2016-01-30,225.193
2016-01-31,225.188
2016-02-01,225.19
2016-02-02,225.19
2016-02-03,225.211
2016-02-04,225.217
2016-02-05,225.206
2016-02-06,225.204
2016-02-07,225.199
2016-02-08,225.191
2016-02-09,225.181
2016-02-10,225.172
2016-02-11,225.167
2016-02-12,225.17
2016-02-13,225.163
2016-02-14,225.152
2016-02-15,225.142
2016-02-16,225.131
2016-02-17,225.12
2016-02-18,225.109
2016-02-19,225.093
2016-02-20,225.092
2016-02-21,225.095
2016-02-22,225.086
2016-02-23,225.066
2016-02-24,225.06
2016-02-25,225.065
2016-02-26,225.03
2016-02-27,224.988
2016-02-28,224.969
2016-02-29,224.956
2016-03-01,224.934
2016-03-02,224.923
2016-03-03,224.896
2016-03-04,224.866
2016-03-05,224.847
2016-03-06,224.828
2016-03-07,224.8
2016-03-08,224.771
2016-03-09,224.762
2016-03-10,224.763
2016-03-11,224.772
2016-03-12,224.784
2016-03-13,224.798
2016-03-14,224.82
2016-03-15,224.851
2016-03-16,224.894
2016-03-17,224.952
2016-03-18,224.999
2016-03-19,225.031
2016-03-20,225.056
2016-03-21,225.07
2016-03-22,225.082
2016-03-23,225.087
2016-03-24,225.088
2016-03-25,225.091
2016-03-26,225.085
2016-03-27,225.076
2016-03-28,225.089
2016-03-29,225.115
2016-03-30,225.14
2016-03-31,225.207
2016-04-01,225.36
2016-04-02,225.444
2016-04-03,225.43
2016-04-04,225.484
2016-04-05,225.52
2016-04-06,225.555
2016-04-07,225.595
2016-04-08,225.617
2016-04-09,225.624
2016-04-10,225.626
2016-04-11,225.621
2016-04-12,225.602
2016-04-13,225.578
2016-04-14,225.537
2016-04-15,225.496
2016-04-16,225.46
2016-04-17,225.428
2016-04-18,225.397
2016-04-19,225.402
2016-04-20,225.413
2016-04-21,225.389
2016-04-22,225.372
2016-04-23,225.36
2016-04-24,225.354
2016-04-25,225.354
2016-04-26,225.358
2016-04-27,225.353
2016-04-28,225.364
2016-04-29,225.369
2016-04-30,225.352
2016-05-01,225.331
2016-05-02,225.306
2016-05-03,225.328
2016-05-04,225.357
2016-05-05,225.363
2016-05-06,225.381
2016-05-07,225.371
2016-05-08,225.355
2016-05-09,225.351
2016-05-10,225.362
2016-05-11,225.364
2016-05-12,225.368
2016-05-13,225.376
2016-05-14,225.399
2016-05-15,225.426
2016-05-16,225.438
2016-05-17,225.451
2016-05-18,225.463
2016-05-19,225.454
2016-05-20,225.443
2016-05-21,225.43
2016-05-22,225.419
2016-05-23,225.405
2016-05-24,225.391
2016-05-25,225.372
2016-05-26,225.368
2016-05-27,225.371
2016-05-28,225.367
2016-05-29,225.36
2016-05-30,225.348
2016-05-31,225.346
2016-06-01,225.352
2016-06-02,225.347
2016-06-03,225.34
2016-06-04,225.337
2016-06-05,225.334
2016-06-06,225.324
2016-06-07,225.324
2016-06-08,225.332
2016-06-09,225.335
2016-06-10,225.338
2016-06-11,225.344
2016-06-12,225.34
2016-06-13,225.34
2016-06-14,225.349
2016-06-15,225.355
2016-06-16,225.361
2016-06-17,225.363
2016-06-18,225.359
2016-06-19,225.356
2016-06-20,225.349
2016-06-21,225.348
2016-06-22,225.344
2016-06-23,225.341
2016-06-24,225.334
2016-06-25,225.327
2016-06-26,225.324
2016-06-27,225.333
2016-06-28,225.333
2016-06-29,225.327
2016-06-30,225.32
2016-07-01,225.32
2016-07-02,225.316
2016-07-03,225.309
2016-07-04,225.309
2016-07-05,225.305
2016-07-06,225.307
2016-07-07,225.318
2016-07-08,225.322
2016-07-09,225.349
2016-07-10,225.361
2016-07-11,225.362
2016-07-12,225.366
2016-07-13,225.366
2016-07-14,225.364
2016-07-15,225.366
2016-07-16,225.367
2016-07-17,225.373
2016-07-18,225.369
2016-07-19,225.376
2016-07-20,225.38
2016-07-21,225.381
2016-07-22,225.379
2016-07-23,225.383
2016-07-24,225.385
2016-07-25,225.384
2016-07-26,225.387
2016-07-27,225.39
2016-07-28,225.391
2016-07-29,225.391
2016-07-30,225.385
2016-07-31,225.38
2016-08-01,225.377
2016-08-02,225.376
2016-08-03,225.372
2016-08-04,225.368
2016-08-05,225.357
2016-08-06,225.348
2016-08-07,225.338
2016-08-08,225.331
2016-08-09,225.323
2016-08-10,225.315
2016-08-11,225.31
2016-08-12,225.302
2016-08-13,225.324
2016-08-14,225.327
2016-08-15,225.324
2016-08-16,225.364
2016-08-17,225.409
2016-08-18,225.416
2016-08-19,225.415
2016-08-20,225.412
2016-08-21,225.411
2016-08-22,225.4
2016-08-23,225.384
2016-08-24,225.373
2016-08-25,225.36
2016-08-26,225.348
2016-08-27,225.343
2016-08-28,225.332
2016-08-29,225.323
2016-08-30,225.321
2016-08-31,225.34
2016-09-01,225.356
2016-09-02,225.369
2016-09-03,225.38
2016-09-04,225.385
2016-09-05,225.381
2016-09-06,225.374
2016-09-07,225.36
2016-09-08,225.355
2016-09-09,225.345
2016-09-10,225.331
2016-09-11,225.306
2016-09-12,225.294
2016-09-13,225.286
2016-09-14,225.278
2016-09-15,225.266
2016-09-16,225.259
2016-09-17,225.272
2016-09-18,225.28
2016-09-19,225.279
2016-09-20,225.271
2016-09-21,225.266
2016-09-22,225.26
2016-09-23,225.259
2016-09-24,225.248
2016-09-25,225.242
2016-09-26,225.238
2016-09-27,225.233
2016-09-28,225.237
2016-09-29,225.234
2016-09-30,225.234
2016-10-01,225.234
2016-10-02,225.232
2016-10-03,225.235
2016-10-04,225.241
2016-10-05,225.248
2016-10-06,225.254
2016-10-07,225.257
2016-10-08,225.258
2016-10-09,225.26
2016-10-10,225.261
2016-10-11,225.264
2016-10-12,225.265
2016-10-13,225.259
2016-10-14,225.262
2016-10-15,225.259
2016-10-16,225.261
2016-10-17,225.293
2016-10-18,225.337
2016-10-19,225.353
2016-10-20,225.367
2016-10-21,225.376
2016-10-22,225.372
2016-10-23,225.364
2016-10-24,225.353
2016-10-25,225.332
2016-10-26,225.312
2016-10-27,225.297
2016-10-28,225.28
2016-10-29,225.26
2016-10-30,225.243
2016-10-31,225.227
2016-11-01,225.223
2016-11-02,225.212
2016-11-03,225.203
2016-11-04,225.197
2016-11-05,225.195
2016-11-06,225.197
2016-11-07,225.194
2016-11-08,225.194
2016-11-09,225.191
2016-11-10,225.186
2016-11-11,225.183
2016-11-12,225.176
2016-11-13,225.174
2016-11-14,225.17
2016-11-15,225.172
2016-11-16,225.166
2016-11-17,225.165
2016-11-18,225.166
2016-11-19,225.165
2016-11-20,225.159
2016-11-21,225.151
2016-11-22,225.156
2016-11-23,225.159
2016-11-24,225.163
2016-11-25,225.165
2016-11-26,225.167
2016-11-27,225.163
2016-11-28,225.164
2016-11-29,225.168
2016-11-30,225.174
2016-12-01,225.185
2016-12-02,225.207
2016-12-03,225.216
2016-12-04,225.226
2016-12-05,225.236
2016-12-06,225.232
2016-12-07,225.23
2016-12-08,225.23
2016-12-09,225.238
2016-12-10,225.242
2016-12-11,225.24
2016-12-12,225.244
2016-12-13,225.247
2016-12-14,225.25
2016-12-15,225.262
2016-12-16,225.269
2016-12-17,225.29
2016-12-18,225.285
2016-12-19,225.285
2016-12-20,225.282
2016-12-21,225.282
2016-12-22,225.281
2016-12-23,225.27
2016-12-24,225.258
2016-12-25,225.255
2016-12-26,225.255
2016-12-27,225.256
2016-12-28,225.264
2016-12-29,225.274
2016-12-30,225.278
2016-12-31,225.292
2017-01-01,225.3
2017-01-02,225.301
2017-01-03,225.307
2017-01-04,225.302
2017-01-05,225.319
2017-01-06,225.311
2017-01-07,225.279
2017-01-08,225.258
2017-01-09,225.24
2017-01-10,225.227
2017-01-11,225.229
2017-01-12,225.228
2017-01-13,225.224
2017-01-14,225.22
2017-01-15,225.209
2017-01-16,225.186
2017-01-17,225.153
2017-01-18,225.139
2017-01-19,225.13
2017-01-20,225.12
2017-01-21,225.108
2017-01-22,225.098
2017-01-23,225.096
2017-01-24,225.099
2017-01-25,225.098
2017-01-26,225.105
2017-01-27,225.105
2017-01-28,225.104
2017-01-29,225.106
2017-01-30,225.1
2017-01-31,225.091
2017-02-01,225.081
2017-02-02,225.071
2017-02-03,225.064
2017-02-04,225.053
2017-02-05,225.041
2017-02-06,225.03
2017-02-07,225.02
2017-02-08,225.015
2017-02-09,225.004
2017-02-10,224.993
2017-02-11,224.983
2017-02-12,224.972
2017-02-13,224.964
2017-02-14,224.953
2017-02-15,224.937
2017-02-16,224.922
2017-02-17,224.91
2017-02-18,224.896
2017-02-19,224.884
2017-02-20,224.873
2017-02-21,224.865
2017-02-22,224.859
2017-02-23,224.858
2017-02-24,224.871
2017-02-25,224.898
2017-02-26,224.931
2017-02-27,224.932
2017-02-28,224.943
2017-03-01,224.95
2017-03-02,224.938
2017-03-03,224.933
2017-03-04,224.939
2017-03-05,224.938
2017-03-06,224.928
2017-03-07,224.929
2017-03-08,224.938
2017-03-09,224.957
2017-03-10,224.968
2017-03-11,224.967
2017-03-12,224.961
2017-03-13,224.948
2017-03-14,224.928
2017-03-15,224.906
2017-03-16,224.887
2017-03-17,224.87
2017-03-18,224.847
2017-03-19,224.823
2017-03-20,224.801
2017-03-21,224.779
2017-03-22,224.758
2017-03-23,224.738
2017-03-24,224.728
2017-03-25,224.728
2017-03-26,224.724
2017-03-27,224.736
2017-03-28,224.748
2017-03-29,224.762
2017-03-30,224.774
2017-03-31,224.786
2017-04-01,224.793
2017-04-02,224.8
2017-04-03,224.815
2017-04-04,224.85
2017-04-05,224.904
2017-04-06,224.967
2017-04-07,225.042
2017-04-08,225.095
2017-04-09,225.137
2017-04-10,225.168
2017-04-11,225.229
2017-04-12,225.287
2017-04-13,225.338
2017-04-14,225.369
2017-04-15,225.4
2017-04-16,225.435
2017-04-17,225.465
2017-04-18,225.49
2017-04-19,225.506
2017-04-20,225.503
2017-04-21,225.537
2017-04-22,225.536
2017-04-23,225.521
2017-04-24,225.499
2017-04-25,225.477
2017-04-26,225.445
2017-04-27,225.4
2017-04-28,225.365
2017-04-29,225.32
2017-04-30,225.297
2017-05-01,225.312
2017-05-02,225.346
2017-05-03,225.363
2017-05-04,225.367
2017-05-05,225.384
2017-05-06,225.426
2017-05-07,225.465
2017-05-08,225.484
2017-05-09,225.489
2017-05-10,225.482
2017-05-11,225.462
2017-05-12,225.435
2017-05-13,225.403
2017-05-14,225.364
2017-05-15,225.34
2017-05-16,225.349
2017-05-17,225.357
2017-05-18,225.356
2017-05-19,225.391
2017-05-20,225.407
2017-05-21,225.405
2017-05-22,225.406
2017-05-23,225.401
2017-05-24,225.391
2017-05-25,225.388
2017-05-26,225.404
2017-05-27,225.397
2017-05-28,225.39
2017-05-29,225.401
2017-05-30,225.42
2017-05-31,225.405
2017-06-01,225.388
2017-06-02,225.381
2017-06-03,225.367
2017-06-04,225.362
2017-06-05,225.361
2017-06-06,225.369
2017-06-07,225.363
2017-06-08,225.356
2017-06-09,225.355
2017-06-10,225.353
2017-06-11,225.346
2017-06-12,225.345
2017-06-13,225.343
2017-06-14,225.345
2017-06-15,225.346
2017-06-16,225.338
2017-06-17,225.331
2017-06-18,225.357
2017-06-19,225.367
2017-06-20,225.356
2017-06-21,225.353
2017-06-22,225.354
2017-06-23,225.365
2017-06-24,225.373
2017-06-25,225.389
2017-06-26,225.401
2017-06-27,225.409
2017-06-28,225.407
2017-06-29,225.409
2017-06-30,225.416
2017-07-01,225.412
2017-07-02,225.407
2017-07-03,225.41
2017-07-04,225.411
2017-07-05,225.414
2017-07-06,225.413
2017-07-07,225.407
2017-07-08,225.392
2017-07-09,225.375
2017-07-10,225.364
2017-07-11,225.349
2017-07-12,225.337
2017-07-13,225.33
2017-07-14,225.324
2017-07-15,225.29
2017-07-16,225.26
2017-07-17,225.247
2017-07-18,225.26
2017-07-19,225.265
2017-07-20,225.263
2017-07-21,225.257
2017-07-22,225.251
2017-07-23,225.248
2017-07-24,225.247
2017-07-25,225.249
2017-07-26,225.263
2017-07-27,225.279
2017-07-28,225.285
2017-07-29,225.281
2017-07-30,225.277
2017-07-31,225.287
2017-08-01,225.299
2017-08-02,225.3
2017-08-03,225.302
2017-08-04,225.317
2017-08-05,225.356
2017-08-06,225.37
2017-08-07,225.378
2017-08-08,225.377
2017-08-09,225.358
2017-08-10,225.343
2017-08-11,225.325
2017-08-12,225.318
2017-08-13,225.31
2017-08-14,225.301
2017-08-15,225.288
2017-08-16,225.276
2017-08-17,225.274
2017-08-18,225.268
2017-08-19,225.25
2017-08-20,225.229
2017-08-21,225.215
2017-08-22,225.232
2017-08-23,225.259
2017-08-24,225.29
2017-08-25,225.294
2017-08-26,225.285
2017-08-27,225.29
2017-08-28,225.29
2017-08-29,225.27
2017-08-30,225.262
2017-08-31,225.273
2017-09-01,225.264
2017-09-02,225.259
2017-09-03,225.257
2017-09-04,225.256
2017-09-05,225.27
2017-09-06,225.288
2017-09-07,225.309
2017-09-08,225.318
2017-09-09,225.325
2017-09-10,225.332
2017-09-11,225.332
2017-09-12,225.314
2017-09-13,225.293
2017-09-14,225.272
2017-09-15,225.269
2017-09-16,225.257
2017-09-17,225.247
2017-09-18,225.24
2017-09-19,225.233
2017-09-20,225.219
2017-09-21,225.217
2017-09-22,225.231
2017-09-23,225.237
2017-09-24,225.244
2017-09-25,225.251
2017-09-26,225.256
2017-09-27,225.247
2017-09-28,225.245
2017-09-29,225.255
2017-09-30,225.244
2017-10-01,225.231
2017-10-02,225.219
2017-10-03,225.205
2017-10-04,225.205
2017-10-05,225.211
2017-10-06,225.222
2017-10-07,225.238
2017-10-08,225.255
2017-10-09,225.269
2017-10-10,225.27
2017-10-11,225.269
2017-10-12,225.262
2017-10-13,225.251
2017-10-14,225.245
2017-10-15,225.253
2017-10-16,225.25
2017-10-17,225.239
2017-10-18,225.241
2017-10-19,225.236
2017-10-20,225.234
2017-10-21,225.23
2017-10-22,225.23
2017-10-23,225.236
2017-10-24,225.244
2017-10-25,225.243
2017-10-26,225.239
2017-10-27,225.233
2017-10-28,225.234
2017-10-29,225.242
2017-10-30,225.237
2017-10-31,225.269
2017-11-01,225.289
2017-11-02,225.31
2017-11-03,225.314
2017-11-04,225.302
2017-11-05,225.324
2017-11-06,225.336
2017-11-07,225.337
2017-11-08,225.343
2017-11-09,225.342
2017-11-10,225.335
2017-11-11,225.327
2017-11-12,225.317
2017-11-13,225.306
2017-11-14,225.295
2017-11-15,225.28
2017-11-16,225.28
2017-11-17,225.289
2017-11-18,225.289
2017-11-19,225.297
2017-11-20,225.306
2017-11-21,225.308
2017-11-22,225.309
2017-11-23,225.303
2017-11-24,225.299
2017-11-25,225.292
2017-11-26,225.278
2017-11-27,225.264
2017-11-28,225.253
2017-11-29,225.236
2017-11-30,225.23
2017-12-01,225.227
2017-12-02,225.218
2017-12-03,225.208
2017-12-04,225.2
2017-12-05,225.196
2017-12-06,225.188
2017-12-07,225.2
2017-12-08,225.206
2017-12-09,225.217
2017-12-10,225.232
2017-12-11,225.238
2017-12-12,225.23
2017-12-13,225.215
2017-12-14,225.195
2017-12-15,225.19
2017-12-16,225.191
2017-12-17,225.183
2017-12-18,225.176
2017-12-19,225.174
2017-12-20,225.164
2017-12-21,225.159
2017-12-22,225.158
2017-12-23,225.151
2017-12-24,225.144
2017-12-25,225.146
2017-12-26,225.152
2017-12-27,225.146
2017-12-28,225.135
2017-12-29,225.131
2017-12-30,225.124
2017-12-31,225.118
2018-01-01,225.11
2018-01-02,225.102
2018-01-03,225.096
2018-01-04,225.085
2018-01-05,225.075
2018-01-06,225.065
2018-01-07,225.058
2018-01-08,225.05
2018-01-09,225.043
2018-01-11,225.023
2018-01-12,225.032
2018-01-13,225.04
2018-01-14,225.045
2018-01-15,225.051
2018-01-16,225.055
2018-01-17,225.063
2018-01-18,225.071
2018-01-19,225.069
2018-01-20,225.068
2018-01-21,225.066
2018-01-22,225.068
2018-01-23,225.085
2018-01-24,225.084
2018-01-25,225.085
2018-01-26,225.085
2018-01-27,225.082
2018-01-28,225.081
2018-01-29,225.078
2018-01-30,225.064
2018-01-31,225.046
2018-02-01,225.031
2018-02-02,225.016
2018-02-03,225.004
2018-02-04,224.997
2018-02-05,224.983
2018-02-06,224.963
2018-02-07,224.943
2018-02-08,224.923
2018-02-09,224.903
2018-02-10,224.884
2018-02-11,224.866
2018-02-12,224.854
2018-02-13,224.85
2018-02-14,224.835
2018-02-15,224.821
2018-02-16,224.808
2018-02-17,224.8
2018-02-18,224.792
2018-02-19,224.781
2018-02-20,224.787
2018-02-21,224.791
2018-02-22,224.768
2018-02-23,224.789
2018-02-24,224.804
2018-02-25,224.815
2018-02-26,224.826
2018-02-27,224.837
2018-02-28,224.837
2018-03-01,224.825
2018-03-02,224.823
2018-03-03,224.818
2018-03-04,224.811
2018-03-05,224.801
2018-03-06,224.788
2018-03-07,224.775
2018-03-08,224.762
2018-03-09,224.746
2018-03-10,224.731
2018-03-11,224.714
2018-03-12,224.698
2018-03-13,224.689
2018-03-14,224.692
2018-03-15,224.677
2018-03-16,224.664
2018-03-17,224.653
2018-03-18,224.643
2018-03-19,224.631
2018-03-20,224.619
2018-03-21,224.607
2018-03-22,224.607
2018-03-23,224.61
2018-03-24,224.6
2018-03-25,224.586
2018-03-26,224.571
2018-03-27,224.562
2018-03-28,224.56
2018-03-29,224.555
2018-03-30,224.552
2018-03-31,224.55
2018-04-01,224.556
2018-04-02,224.559
2018-04-03,224.562
2018-04-04,224.575
2018-04-05,224.577
2018-04-06,224.58
2018-04-07,224.578
2018-04-08,224.573
2018-04-09,224.565
2018-04-10,224.562
2018-04-11,224.56
2018-04-12,224.561
2018-04-13,224.564
2018-04-14,224.593
2018-04-15,224.614
2018-04-16,224.631
2018-04-17,224.636
2018-04-18,224.642
2018-04-19,224.631
2018-04-20,224.602
2018-04-21,224.603
2018-04-22,224.607
2018-04-23,224.616
2018-04-24,224.636
2018-04-25,224.679
2018-04-26,224.745
2018-04-27,224.822
2018-04-28,224.9
2018-04-29,224.968
2018-04-30,225.037
2018-05-01,225.076
2018-05-02,225.107
2018-05-03,225.149
2018-05-04,225.194
2018-05-05,225.247
2018-05-06,225.292
2018-05-07,225.33
2018-05-08,225.361
2018-05-09,225.38
2018-05-10,225.404
2018-05-11,225.421
2018-05-12,225.414
2018-05-13,225.403
2018-05-14,225.389
2018-05-15,225.385
2018-05-16,225.381
2018-05-17,225.373
2018-05-18,225.379
2018-05-19,225.385
2018-05-20,225.389
2018-05-21,225.389
2018-05-22,225.394
2018-05-23,225.398
2018-05-24,225.4
2018-05-25,225.402
2018-05-26,225.406
2018-05-27,225.408
2018-05-28,225.4
2018-05-29,225.38
2018-05-30,225.363
2018-05-31,225.359
2018-06-01,225.367
2018-06-02,225.367
2018-06-03,225.361
2018-06-04,225.347
2018-06-05,225.343
2018-06-06,225.341
2018-06-07,225.342
2018-06-08,225.345
2018-06-09,225.349
2018-06-10,225.354
2018-06-11,225.347
2018-06-12,225.343
2018-06-13,225.339
2018-06-14,225.343
2018-06-15,225.353
2018-06-16,225.363
2018-06-17,225.37
2018-06-18,225.371
2018-06-19,225.376
2018-06-20,225.376
2018-06-21,225.38
2018-06-22,225.378
2018-06-23,225.376
2018-06-24,225.373
2018-06-25,225.366
2018-06-26,225.361
2018-06-27,225.363
2018-06-28,225.361
2018-06-29,225.355
2018-06-30,225.357
2018-07-01,225.352
2018-07-02,225.343
2018-07-03,225.343
2018-07-04,225.344
2018-07-05,225.337
2018-07-06,225.333
2018-07-07,225.321
2018-07-08,225.313
2018-07-09,225.304
2018-07-10,225.301
2018-07-11,225.296
2018-07-12,225.294
2018-07-13,225.291
2018-07-14,225.292
2018-07-15,225.291
2018-07-16,225.291
2018-07-17,225.291
2018-07-18,225.287
2018-07-19,225.282
2018-07-20,225.28
2018-07-21,225.279
2018-07-22,225.274
2018-07-23,225.276
2018-07-24,225.287
2018-07-25,225.305
2018-07-26,225.309
2018-07-27,225.311
2018-07-28,225.308
2018-07-29,225.305
2018-07-30,225.306
2018-07-31,225.307
2018-08-01,225.314
2018-08-02,225.315
2018-08-03,225.328
2018-08-04,225.356
2018-08-05,225.358
2018-08-06,225.36
2018-08-07,225.367
2018-08-08,225.368
2018-08-09,225.364
2018-08-10,225.363
2018-08-11,225.361
2018-08-12,225.36
2018-08-13,225.356
2018-08-14,225.351
2018-08-15,225.343
2018-08-16,225.337
2018-08-17,225.355
2018-08-18,225.344
2018-08-19,225.323
2018-08-20,225.306
2018-08-21,225.316
2018-08-22,225.346
2018-08-23,225.326
2018-08-24,225.321
2018-08-25,225.33
2018-08-26,225.305
2018-08-27,225.294
2018-08-28,225.282
2018-08-29,225.279
2018-08-30,225.266
2018-08-31,225.254
2018-09-01,225.244
2018-09-02,225.229
2018-09-03,225.209
2018-09-04,225.205
2018-09-05,225.225
2018-09-06,225.244
2018-09-07,225.253
2018-09-08,225.25
2018-09-09,225.247
2018-09-10,225.248
2018-09-11,225.256
2018-09-12,225.258
2018-09-13,225.257
2018-09-14,225.256
2018-09-15,225.258
2018-09-16,225.26
2018-09-17,225.261
2018-09-18,225.263
2018-09-19,225.268
2018-09-20,225.272
2018-09-21,225.275
2018-09-22,225.283
2018-09-23,225.292
2018-09-24,225.293
2018-09-25,225.288
2018-09-26,225.274
2018-09-27,225.269
2018-09-28,225.26
2018-09-29,225.259
2018-09-30,225.255
2018-10-01,225.248
2018-10-02,225.255
2018-10-03,225.241
2018-10-04,225.229
2018-10-05,225.225
2018-10-06,225.214
2018-10-07,225.204
2018-10-08,225.194
2018-10-09,225.186
2018-10-10,225.184
2018-10-11,225.178
2018-10-12,225.172
2018-10-13,225.175
2018-10-14,225.174
2018-10-15,225.171
2018-10-16,225.174
2018-10-17,225.16
2018-10-18,225.146
2018-10-19,225.146
2018-10-20,225.154
2018-10-21,225.15
2018-10-22,225.151
2018-10-23,225.154
2018-10-24,225.151
2018-10-25,225.153
2018-10-26,225.159
2018-10-27,225.16
2018-10-28,225.168
2018-10-29,225.175
2018-10-30,225.18
2018-10-31,225.202
2018-11-01,225.217
2018-11-02,225.239
2018-11-03,225.25
2018-11-04,225.266
2018-11-05,225.277
2018-11-06,225.276
2018-11-07,225.291
2018-11-08,225.307
2018-11-09,225.289
2018-11-10,225.264
2018-11-11,225.277
2018-11-12,225.278
2018-11-13,225.277
2018-11-14,225.277
2018-11-15,225.273
2018-11-16,225.273
2018-11-17,225.263
2018-11-18,225.254
2018-11-19,225.243
2018-11-20,225.236
2018-11-21,225.236
2018-11-22,225.229
2018-11-23,225.223
2018-11-24,225.213
2018-11-25,225.209
2018-11-26,225.222
2018-11-27,225.257
2018-11-28,225.272
2018-11-29,225.298
2018-11-30,225.318
2018-12-01,225.338
2018-12-02,225.366
2018-12-03,225.401
2018-12-04,225.43
2018-12-05,225.447
2018-12-06,225.451
2018-12-07,225.451
2018-12-08,225.429
2018-12-09,225.411
2018-12-10,225.398
2018-12-11,225.379
2018-12-12,225.359
2018-12-13,225.337
2018-12-14,225.319
2018-12-15,225.301
2018-12-16,225.283
2018-12-17,225.266
2018-12-18,225.26
2018-12-19,225.247
2018-12-20,225.232
2018-12-21,225.233
2018-12-22,225.237
2018-12-23,225.238
2018-12-24,225.234
2018-12-25,225.229
2018-12-26,225.223
2018-12-27,225.211
2018-12-28,225.21
2018-12-29,225.209
2018-12-30,225.211
2018-12-31,225.205
2019-01-01,225.201
2019-01-02,225.193
2019-01-03,225.186
2019-01-04,225.176
2019-01-05,225.161
2019-01-06,225.148
2019-01-07,225.136
2019-01-08,225.13
2019-01-09,225.118
2019-01-10,225.104
2019-01-11,225.09
2019-01-12,225.074
2019-01-13,225.055
2019-01-14,225.041
2019-01-15,225.038
2019-01-16,225.035
2019-01-17,225.033
2019-01-18,225.025
2019-01-19,225.014
2019-01-20,224.999
2019-01-21,224.989
2019-01-22,224.982
2019-01-23,224.982
2019-01-24,224.977
2019-01-25,224.968
2019-01-26,224.959
2019-01-27,224.947
2019-01-28,224.938
2019-01-29,224.931
2019-01-30,224.926
2019-01-31,224.925
2019-02-01,224.913
2019-02-02,224.904
2019-02-03,224.898
2019-02-04,224.896
2019-02-05,224.909
2019-02-06,224.917
2019-02-07,224.924
2019-02-08,224.933
2019-02-09,224.943
2019-02-10,224.95
2019-02-11,224.957
2019-02-12,224.954
2019-02-13,224.961
2019-02-14,224.956
2019-02-15,224.948
2019-02-16,224.942
2019-02-17,224.931
2019-02-18,224.92
2019-02-19,224.908
2019-02-20,224.891
2019-02-21,224.883
2019-02-22,224.871
2019-02-23,224.859
2019-02-24,224.855
2019-02-25,224.856
2019-02-26,224.851
2019-02-27,224.847
2019-02-28,224.826
2019-03-01,224.791
2019-03-02,224.773
2019-03-03,224.756
2019-03-04,224.741
2019-03-05,224.727
2019-03-06,224.704
2019-03-07,224.677
2019-03-08,224.659
2019-03-09,224.637
2019-03-10,224.635
2019-03-11,224.632
2019-03-12,224.624
2019-03-13,224.604
2019-03-14,224.572
2019-03-15,224.554
2019-03-16,224.537
2019-03-17,224.536
2019-03-18,224.534
2019-03-19,224.531
2019-03-20,224.53
2019-03-21,224.53
2019-03-22,224.535
2019-03-23,224.539
2019-03-24,224.545
2019-03-25,224.545
2019-03-26,224.542
2019-03-27,224.535
2019-03-28,224.526
2019-03-29,224.517
2019-03-30,224.515
2019-03-31,224.514
2019-04-01,224.506
2019-04-02,224.49
2019-04-03,224.468
2019-04-04,224.462
2019-04-05,224.459
2019-04-06,224.456
2019-04-07,224.456
2019-04-08,224.469
2019-04-09,224.495
2019-04-10,224.524
2019-04-11,224.554
2019-04-12,224.583
2019-04-13,224.619
2019-04-14,224.669
2019-04-15,224.726
2019-04-16,224.772
2019-04-17,224.813
2019-04-18,224.881
2019-04-19,225.029
2019-04-20,225.178
2019-04-21,225.301
2019-04-22,225.403
2019-04-23,225.493
2019-04-24,225.581
2019-04-25,225.661
2019-04-26,225.744
2019-04-27,225.84
2019-04-28,225.914
2019-04-29,225.954
2019-04-30,225.979
2019-05-01,226.031
2019-05-02,226.047
2019-05-03,226.051
2019-05-04,226.031
2019-05-05,226.002
2019-05-06,225.962
2019-05-07,225.913
2019-05-08,225.857
2019-05-09,225.799
2019-05-10,225.74
2019-05-11,225.688
2019-05-12,225.626
2019-05-13,225.572
2019-05-14,225.536
2019-05-15,225.527
2019-05-16,225.523
2019-05-17,225.529
2019-05-18,225.553
2019-05-19,225.543
2019-05-20,225.533
2019-05-21,225.521
2019-05-22,225.51
2019-05-23,225.501
2019-05-24,225.501
2019-05-25,225.497
2019-05-26,225.486
2019-05-27,225.478
2019-05-28,225.449
2019-05-29,225.402
2019-05-30,225.372
2019-05-31,225.35
2019-06-01,225.32
2019-06-02,225.277
2019-06-03,225.245
2019-06-04,225.248
2019-06-05,225.257
2019-06-06,225.266
2019-06-07,225.274
2019-06-08,225.285
2019-06-09,225.293
2019-06-10,225.305
2019-06-11,225.323
2019-06-12,225.354
2019-06-13,225.381
2019-06-14,225.384
2019-06-15,225.402
2019-06-16,225.443
2019-06-17,225.451
2019-06-18,225.43
2019-06-19,225.411
2019-06-20,225.397
2019-06-21,225.381
2019-06-22,225.36
2019-06-23,225.334
2019-06-24,225.312
2019-06-25,225.304
2019-06-26,225.306
2019-06-27,225.314
2019-06-28,225.322
2019-06-29,225.317
2019-06-30,225.312
2019-07-01,225.3
2019-07-02,225.289
2019-07-03,225.288
2019-07-04,225.288
2019-07-05,225.29
2019-07-06,225.3
2019-07-07,225.297
2019-07-08,225.298
2019-07-09,225.299
2019-07-10,225.306
2019-07-11,225.306
2019-07-12,225.308
2019-07-13,225.309
2019-07-14,225.31
2019-07-15,225.313
2019-07-16,225.325
2019-07-17,225.335
2019-07-18,225.338
2019-07-19,225.339
2019-07-20,225.341
2019-07-21,225.338
2019-07-22,225.343
2019-07-23,225.342
2019-07-24,225.34
2019-07-25,225.337
2019-07-26,225.34
2019-07-27,225.338
2019-07-28,225.344
2019-07-29,225.345
2019-07-30,225.351
2019-07-31,225.351
2019-08-01,225.351
2019-08-02,225.348
2019-08-03,225.349
2019-08-04,225.347
2019-08-05,225.342
2019-08-06,225.353
2019-08-07,225.359
2019-08-08,225.361
2019-08-09,225.359
2019-08-10,225.361
2019-08-11,225.361
2019-08-12,225.364
2019-08-13,225.371
2019-08-14,225.37
2019-08-15,225.366
2019-08-16,225.366
2019-08-17,225.376
2019-08-18,225.386
2019-08-19,225.387
2019-08-20,225.39
2019-08-21,225.388
2019-08-22,225.381
2019-08-23,225.373
2019-08-24,225.358
2019-08-25,225.348
2019-08-26,225.339
2019-08-27,225.331
2019-08-28,225.318
2019-08-29,225.314
2019-08-30,225.306
2019-08-31,225.3
2019-09-01,225.293
2019-09-02,225.284
2019-09-03,225.281
2019-09-04,225.267
2019-09-05,225.265
2019-09-06,225.266
2019-09-07,225.262
2019-09-08,225.263
2019-09-09,225.26
2019-09-10,225.265
2019-09-11,225.268
2019-09-12,225.27
2019-09-13,225.276
2019-09-14,225.274
2019-09-15,225.28
2019-09-16,225.284
2019-09-17,225.285
2019-09-18,225.287
2019-09-19,225.29
2019-09-20,225.291
2019-09-21,225.294
2019-09-22,225.3
2019-09-23,225.311
2019-09-24,225.321
2019-09-25,225.327
2019-09-26,225.317
2019-09-27,225.302
2019-09-28,225.291
2019-09-29,225.277
2019-09-30,225.263
2019-10-01,225.256
2019-10-02,225.254
2019-10-03,225.23
2019-10-04,225.205
2019-10-05,225.195
2019-10-06,225.178
2019-10-07,225.168
2019-10-08,225.171
2019-10-09,225.173
2019-10-10,225.179
2019-10-11,225.186
2019-10-12,225.191
2019-10-13,225.198
2019-10-14,225.199
2019-10-15,225.21
2019-10-16,225.234
2019-10-17,225.244
2019-10-18,225.25
2019-10-19,225.26
2019-10-20,225.27
2019-10-21,225.281
2019-10-22,225.292
2019-10-23,225.291
2019-10-24,225.295
2019-10-25,225.3
2019-10-26,225.307
2019-10-27,225.336
2019-10-28,225.352
2019-10-29,225.349
2019-10-30,225.343
2019-10-31,225.347
2019-11-01,225.364
2019-11-02,225.388
2019-11-03,225.403
2019-11-04,225.421
2019-11-05,225.403
2019-11-06,225.383
2019-11-07,225.376
2019-11-08,225.36
2019-11-09,225.353
2019-11-10,225.343
2019-11-11,225.333
2019-11-12,225.317
2019-11-13,225.315
2019-11-14,225.325
2019-11-15,225.314
2019-11-16,225.32
2019-11-17,225.31
2019-11-18,225.301
2019-11-19,225.297
2019-11-20,225.297
2019-11-21,225.296
2019-11-22,225.3
2019-11-23,225.309
2019-11-24,225.309
2019-11-25,225.308
2019-11-26,225.308
2019-11-27,225.322
2019-11-28,225.343
2019-11-29,225.338
2019-11-30,225.328
2019-12-01,225.329
2019-12-02,225.324
2019-12-03,225.313
2019-12-04,225.305
2019-12-05,225.3
2019-12-06,225.293
2019-12-07,225.282
2019-12-08,225.272
2019-12-09,225.267
2019-12-10,225.277
2019-12-11,225.284
2019-12-12,225.299
2019-12-13,225.3
2019-12-14,225.298
2019-12-15,225.299
2019-12-16,225.298
2019-12-17,225.292
2019-12-18,225.286
2019-12-19,225.28
2019-12-20,225.271
2019-12-21,225.262
2019-12-22,225.251
2019-12-23,225.239
2019-12-24,225.223
2019-12-25,225.207
2019-12-26,225.191
2019-12-27,225.179
2019-12-28,225.173
2019-12-29,225.169
2019-12-30,225.163
2019-12-31,225.155
2020-01-01,225.156
2020-01-02,225.152
2020-01-03,225.149
2020-01-04,225.152
2020-01-05,225.147
2020-01-06,225.137
2020-01-07,225.118
2020-01-08,225.095
2020-01-09,225.081
2020-01-10,225.067
2020-01-11,225.086
2020-01-12,225.14
2020-01-13,225.149
2020-01-14,225.143
2020-01-15,225.145
2020-01-16,225.141
2020-01-17,225.134
2020-01-18,225.127
2020-01-19,225.13
2020-01-20,225.12
2020-01-21,225.11
2020-01-22,225.103
2020-01-23,225.097
2020-01-24,225.094
2020-01-25,225.089
2020-01-26,225.085
2020-01-27,225.081
2020-01-28,225.079
2020-01-29,225.075
2020-01-30,225.068
2020-01-31,225.061
2020-02-01,225.054
2020-02-02,225.045
2020-02-03,225.035
2020-02-04,225.029
2020-02-05,225.021
2020-02-06,225.018
2020-02-07,225.014
2020-02-08,225.008
2020-02-09,225.004
2020-02-10,225.005
2020-02-11,224.999
2020-02-12,224.992
2020-02-13,224.986
2020-02-14,224.981
2020-02-15,224.969
2020-02-16,224.952
2020-02-17,224.941
2020-02-18,224.934
2020-02-19,224.924
2020-02-20,224.917
2020-02-21,224.9
2020-02-22,224.889
2020-02-23,224.878
2020-02-24,224.863
2020-02-25,224.849
2020-02-26,224.837
2020-02-27,224.835
2020-02-28,224.829
2020-02-29,224.819
2020-03-01,224.809
2020-03-02,224.794
2020-03-03,224.778
2020-03-04,224.755
2020-03-05,224.744
2020-03-06,224.717
2020-03-07,224.669
2020-03-08,224.647
2020-03-09,224.624
2020-03-10,224.634
2020-03-11,224.645
2020-03-12,224.607
2020-03-13,224.529
2020-03-14,224.499
2020-03-15,224.571
2020-03-16,224.595
2020-03-17,224.627
2020-03-18,224.613
2020-03-19,224.601
2020-03-20,224.549
2020-03-21,224.553
2020-03-22,224.564
2020-03-23,224.568
2020-03-24,224.573
2020-03-25,224.586
2020-03-26,224.584
2020-03-27,224.583
2020-03-28,224.586
2020-03-29,224.61
2020-03-30,224.672
2020-03-31,224.739
2020-04-01,224.801
2020-04-02,224.867
2020-04-03,224.931
2020-04-04,225.016
2020-04-05,225.05
2020-04-06,225.08
2020-04-07,225.093
2020-04-08,225.115
2020-04-09,225.149
2020-04-10,225.16
2020-04-11,225.168
2020-04-12,225.196
2020-04-13,225.222
2020-04-14,225.245
2020-04-15,225.269
2020-04-16,225.273
2020-04-17,225.311
2020-04-18,225.326
2020-04-19,225.334
2020-04-20,225.35
2020-04-21,225.363
2020-04-22,225.377
2020-04-23,225.39
2020-04-24,225.405
2020-04-25,225.417
2020-04-26,225.431
2020-04-27,225.443
2020-04-28,225.456
2020-04-29,225.468
2020-04-30,225.493
2020-05-01,225.519
2020-05-02,225.544
2020-05-03,225.561
2020-05-04,225.57
2020-05-05,225.572
2020-05-06,225.562
2020-05-07,225.543
2020-05-08,225.523
2020-05-09,225.514
2020-05-10,225.504
2020-05-11,225.49
2020-05-12,225.468
2020-05-13,225.447
2020-05-14,225.438
2020-05-15,225.448
2020-05-16,225.457
2020-05-17,225.449
2020-05-18,225.44
2020-05-19,225.425
2020-05-20,225.405
2020-05-21,225.387
2020-05-22,225.376
2020-05-23,225.372
2020-05-24,225.374
2020-05-25,225.408
2020-05-26,225.415
2020-05-27,225.415
2020-05-28,225.415
2020-05-29,225.417
2020-05-30,225.431
2020-05-31,225.444
2020-06-01,225.448
2020-06-02,225.453
2020-06-03,225.447
2020-06-04,225.446
2020-06-05,225.44
2020-06-06,225.433
2020-06-07,225.42
2020-06-08,225.409
2020-06-09,225.403
2020-06-10,225.412
2020-06-11,225.422
2020-06-12,225.42
2020-06-13,225.427
2020-06-14,225.424
2020-06-15,225.416
2020-06-16,225.406
2020-06-17,225.393
2020-06-18,225.382
2020-06-19,225.371
2020-06-20,225.361
2020-06-21,225.35
2020-06-22,225.342
2020-06-23,225.358
2020-06-24,225.418
2020-06-25,225.428
2020-06-26,225.423
2020-06-27,225.415
2020-06-28,225.407
2020-06-29,225.398
2020-06-30,225.386
2020-07-01,225.37
2020-07-02,225.355
2020-07-03,225.353
2020-07-04,225.34
2020-07-05,225.325
2020-07-06,225.313
2020-07-07,225.302
2020-07-08,225.292
2020-07-09,225.281
2020-07-10,225.28
2020-07-11,225.299
2020-07-12,225.317
2020-07-13,225.324
2020-07-14,225.332
2020-07-15,225.338
2020-07-16,225.344
2020-07-17,225.354
2020-07-18,225.364
2020-07-19,225.373
2020-07-20,225.38
2020-07-21,225.383
2020-07-22,225.385
2020-07-23,225.375
2020-07-24,225.365
2020-07-25,225.353
2020-07-26,225.336
2020-07-27,225.326
2020-07-28,225.314
2020-07-29,225.309
2020-07-30,225.308
2020-07-31,225.308
2020-08-01,225.308
2020-08-02,225.327
2020-08-03,225.341
2020-08-04,225.341
2020-08-05,225.338
2020-08-06,225.344
2020-08-07,225.344
2020-08-08,225.339
2020-08-09,225.333
2020-08-10,225.33
2020-08-11,225.33
2020-08-12,225.325
2020-08-13,225.326
2020-08-14,225.323
2020-08-15,225.316
2020-08-16,225.321
2020-08-17,225.323
2020-08-18,225.318
2020-08-19,225.311
2020-08-20,225.308
2020-08-21,225.31
2020-08-22,225.314
2020-08-23,225.315
2020-08-24,225.319
2020-08-25,225.323
2020-08-26,225.318
2020-08-27,225.321
2020-08-28,225.325
2020-08-29,225.35
2020-08-30,225.362
2020-08-31,225.364
2020-09-01,225.359
2020-09-02,225.368
2020-09-03,225.37
2020-09-04,225.366
2020-09-05,225.364
2020-09-06,225.359
2020-09-07,225.355
2020-09-08,225.343
2020-09-09,225.322
2020-09-10,225.295
2020-09-11,225.253
2020-09-12,225.227
2020-09-13,225.212
2020-09-14,225.207
2020-09-15,225.221
2020-09-16,225.219
2020-09-17,225.212
2020-09-18,225.204
2020-09-19,225.201
2020-09-20,225.19
2020-09-21,225.189
2020-09-22,225.201
2020-09-23,225.199
2020-09-24,225.201
2020-09-25,225.205
2020-09-26,225.207
2020-09-27,225.209
2020-09-28,225.205
2020-09-29,225.211
2020-09-30,225.201
2020-10-01,225.207
2020-10-02,225.216
2020-10-03,225.218
2020-10-04,225.224
2020-10-05,225.225
2020-10-06,225.221
2020-10-07,225.196
2020-10-08,225.187
2020-10-09,225.174
2020-10-10,225.154
2020-10-11,225.138
2020-10-12,225.12
2020-10-13,225.115
2020-10-14,225.124
2020-10-15,225.135
2020-10-16,225.156
2020-10-17,225.166
2020-10-18,225.183
2020-10-19,225.209
2020-10-20,225.23
2020-10-21,225.245
2020-10-22,225.246
2020-10-23,225.252
2020-10-24,225.267
2020-10-25,225.283
2020-10-26,225.291
2020-10-27,225.293
2020-10-28,225.284
2020-10-29,225.292
2020-10-30,225.281
2020-10-31,225.274
2020-11-01,225.268
2020-11-02,225.264
2020-11-03,225.266
2020-11-04,225.267
2020-11-05,225.267
2020-11-06,225.258
2020-11-07,225.245
2020-11-08,225.233
2020-11-09,225.236
2020-11-10,225.241
2020-11-11,225.232
2020-11-12,225.229
2020-11-13,225.222
2020-11-14,225.213
2020-11-15,225.215
2020-11-16,225.225
2020-11-17,225.247
2020-11-18,225.27
2020-11-19,225.285
2020-11-20,225.297
2020-11-21,225.322
2020-11-22,225.339
2020-11-23,225.351
2020-11-24,225.368
2020-11-25,225.389
2020-11-26,225.392
2020-11-27,225.388
2020-11-28,225.395
2020-11-29,225.4
2020-11-30,225.397
2020-12-01,225.408
2020-12-02,225.398
2020-12-03,225.372
2020-12-04,225.364
2020-12-05,225.357
2020-12-06,225.345
2020-12-07,225.341
2020-12-08,225.349
2020-12-09,225.354
2020-12-10,225.346
2020-12-11,225.337
2020-12-12,225.339
2020-12-13,225.357
2020-12-14,225.358
2020-12-15,225.348
2020-12-16,225.339
2020-12-17,225.326
2020-12-18,225.317
2020-12-19,225.326
2020-12-20,225.35
2020-12-21,225.325
2020-12-22,225.307
2020-12-23,225.297
2020-12-24,225.287
2020-12-25,225.293
2020-12-26,225.299
2020-12-27,225.3
2020-12-28,225.306
2020-12-29,225.305
2020-12-30,225.316
2020-12-31,225.303
2021-01-01,225.286
2021-01-02,225.278
2021-01-03,225.266
2021-01-04,225.252
2021-01-05,225.238
2021-01-06,225.239
2021-01-07,225.239
2021-01-08,225.228
2021-01-09,225.214
2021-01-10,225.202
2021-01-11,225.188
2021-01-12,225.173
2021-01-13,225.157
2021-01-14,225.149
2021-01-15,225.147
2021-01-16,225.135
2021-01-17,225.132
2021-01-18,225.134
2021-01-19,225.144
2021-01-20,225.146
2021-01-21,225.143
2021-01-22,225.14
2021-01-23,225.129
2021-01-24,225.122
2021-01-25,225.113
2021-01-26,225.105
2021-01-27,225.098
2021-01-28,225.087
2021-01-29,225.073
2021-01-30,225.057
2021-01-31,225.044
2021-02-01,225.026
2021-02-02,225.008
2021-02-03,224.99
2021-02-04,224.974
2021-02-05,224.961
2021-02-06,224.948
2021-02-07,224.934
2021-02-08,224.925
2021-02-09,224.912
2021-02-10,224.893
2021-02-11,224.864
2021-02-12,224.837
2021-02-13,224.817
2021-02-14,224.795
2021-02-15,224.77
2021-02-16,224.753
2021-02-17,224.736
2021-02-18,224.718
2021-02-19,224.709
2021-02-20,224.719
2021-02-21,224.71
2021-02-22,224.704
2021-02-23,224.698
2021-02-24,224.694
2021-02-25,224.675
2021-02-26,224.641
2021-02-27,224.632
2021-02-28,224.621
2021-03-01,224.624
2021-03-02,224.606
2021-03-03,224.595
2021-03-04,224.587
2021-03-05,224.581
2021-03-06,224.575
2021-03-07,224.567
2021-03-08,224.556
2021-03-09,224.543
2021-03-10,224.534
2021-03-11,224.536
2021-03-12,224.54
2021-03-13,224.515
2021-03-14,224.513
2021-03-15,224.513
2021-03-16,224.507
2021-03-17,224.5
2021-03-18,224.49
2021-03-19,224.479
2021-03-20,224.469
2021-03-21,224.461
2021-03-22,224.45
2021-03-23,224.451
2021-03-24,224.438
2021-03-25,224.395
2021-03-26,224.434
2021-03-27,224.508
2021-03-28,224.588
2021-03-29,224.642
2021-03-30,224.676
2021-03-31,224.715
2021-04-01,224.744
2021-04-02,224.755
2021-04-03,224.77
2021-04-04,224.792
2021-04-05,224.823
2021-04-06,224.867
2021-04-07,224.908
2021-04-08,224.955
2021-04-09,224.984
2021-04-10,225.007
2021-04-11,225.027
2021-04-12,225.045
2021-04-13,225.066
2021-04-14,225.103
2021-04-15,225.13
2021-04-16,225.16
2021-04-17,225.182
2021-04-18,225.198
2021-04-19,225.219
2021-04-20,225.241
2021-04-21,225.264
2021-04-22,225.28
2021-04-23,225.299
2021-04-24,225.31
2021-04-25,225.322
2021-04-26,225.338
2021-04-27,225.353
2021-04-28,225.383
2021-04-29,225.405
2021-04-30,225.41
2021-05-01,225.409
2021-05-02,225.405
2021-05-03,225.413
2021-05-04,225.418
2021-05-05,225.418
2021-05-06,225.418
2021-05-07,225.41
2021-05-08,225.4
2021-05-09,225.393
2021-05-10,225.381
2021-05-11,225.374
2021-05-12,225.371
2021-05-13,225.369
2021-05-14,225.369
2021-05-15,225.364
2021-05-16,225.358
2021-05-17,225.354
2021-05-18,225.353
2021-05-19,225.347
2021-05-20,225.347
2021-05-21,225.351
2021-05-22,225.35
2021-05-23,225.352
2021-05-24,225.347
2021-05-25,225.34
2021-05-26,225.333
2021-05-27,225.335
2021-05-28,225.33
2021-05-29,225.319
2021-05-30,225.302
2021-05-31,225.29
2021-06-01,225.281
2021-06-02,225.275
2021-06-03,225.274
2021-06-04,225.271
2021-06-05,225.262
2021-06-06,225.257
2021-06-07,225.253
2021-06-08,225.249
2021-06-09,225.247
2021-06-10,225.237
2021-06-11,225.238
2021-06-12,225.239
2021-06-13,225.236
2021-06-14,225.235
2021-06-15,225.236
2021-06-16,225.228
2021-06-17,225.227
2021-06-18,225.232
2021-06-19,225.233
2021-06-20,225.235
2021-06-21,225.232
2021-06-22,225.237
2021-06-23,225.236
2021-06-24,225.237
2021-06-25,225.25
2021-06-26,225.3
2021-06-27,225.379
2021-06-28,225.405
2021-06-29,225.428
2021-06-30,225.43
2021-07-01,225.445
2021-07-02,225.48
2021-07-03,225.475
2021-07-04,225.47
2021-07-05,225.463
2021-07-06,225.466
2021-07-07,225.472
2021-07-08,225.476
2021-07-09,225.472
2021-07-10,225.448
2021-07-11,225.428
2021-07-12,225.399
2021-07-13,225.379
2021-07-14,225.382
2021-07-15,225.379
2021-07-16,225.391
2021-07-17,225.387
2021-07-18,225.388
2021-07-19,225.384
2021-07-20,225.391
2021-07-21,225.382
2021-07-22,225.366
2021-07-23,225.348
2021-07-24,225.325
2021-07-25,225.293
2021-07-26,225.287
2021-07-27,225.314
2021-07-28,225.316
2021-07-29,225.313
2021-07-30,225.312
2021-07-31,225.332
2021-08-01,225.355
2021-08-02,225.357
2021-08-03,225.361
2021-08-04,225.365
2021-08-05,225.362
2021-08-06,225.359
2021-08-07,225.359
2021-08-08,225.347
2021-08-09,225.336
2021-08-10,225.329
2021-08-11,225.33
2021-08-12,225.333
2021-08-13,225.329
2021-08-14,225.326
2021-08-15,225.326
2021-08-16,225.324
2021-08-17,225.323
2021-08-18,225.322
2021-08-19,225.31
2021-08-20,225.302
2021-08-21,225.3
2021-08-22,225.294
2021-08-23,225.29
2021-08-24,225.284
2021-08-25,225.285
2021-08-26,225.281
2021-08-27,225.28
2021-08-28,225.281
2021-08-29,225.298
2021-08-30,225.315
2021-08-31,225.322
2021-09-01,225.321
2021-09-02,225.314
2021-09-03,225.312
2021-09-04,225.311
2021-09-05,225.311
2021-09-06,225.313
2021-09-07,225.318
2021-09-08,225.325
2021-09-09,225.318
2021-09-10,225.298
2021-09-11,225.282
2021-09-12,225.273
2021-09-13,225.255
2021-09-14,225.246
2021-09-15,225.232
2021-09-16,225.226
2021-09-17,225.223
2021-09-18,225.223
2021-09-19,225.22
2021-09-20,225.219
2021-09-21,225.215
2021-09-22,225.25
2021-09-23,225.311
2021-09-24,225.334
2021-09-25,225.372
2021-09-26,225.381
2021-09-27,225.359
2021-09-28,225.335
2021-09-29,225.318
2021-09-30,225.297
2021-10-01,225.275
2021-10-02,225.252
2021-10-03,225.232
2021-10-04,225.207
2021-10-05,225.178
2021-10-06,225.151
2021-10-07,225.136
2021-10-08,225.127
2021-10-09,225.112
2021-10-10,225.114
2021-10-11,225.11
2021-10-12,225.112
2021-10-13,225.133
2021-10-14,225.14
2021-10-15,225.145
2021-10-16,225.158
2021-10-17,225.171
2021-10-18,225.18
2021-10-19,225.182
2021-10-20,225.187
2021-10-21,225.197
2021-10-22,225.197
2021-10-23,225.196
2021-10-24,225.193
2021-10-25,225.19
2021-10-26,225.181
2021-10-27,225.206
2021-10-28,225.253
2021-10-29,225.259
2021-10-30,225.251
2021-10-31,225.241
2021-11-01,225.237
2021-11-02,225.261
2021-11-03,225.285
2021-11-04,225.306
2021-11-05,225.319
2021-11-06,225.318
2021-11-07,225.316
2021-11-08,225.315
2021-11-09,225.307
2021-11-10,225.297
2021-11-11,225.281
2021-11-12,225.252
2021-11-13,225.23
2021-11-14,225.217
2021-11-15,225.201
2021-11-16,225.203
2021-11-17,225.203
2021-11-18,225.213
2021-11-19,225.226
2021-11-20,225.24
2021-11-21,225.254
2021-11-22,225.272
2021-11-23,225.305
2021-11-24,225.312
2021-11-25,225.312
2021-11-26,225.312
2021-11-27,225.316
2021-11-28,225.316
2021-11-29,225.314
2021-11-30,225.307
2021-12-01,225.298
2021-12-02,225.293
2021-12-03,225.292
2021-12-04,225.291
2021-12-05,225.293
2021-12-06,225.299
2021-12-07,225.307
2021-12-08,225.302
2021-12-09,225.302
2021-12-10,225.299
2021-12-11,225.317
2021-12-12,225.352
2021-12-13,225.378
2021-12-14,225.395
2021-12-15,225.41
2021-12-16,225.407
2021-12-17,225.406
2021-12-21,225.356
2021-12-22,225.348
2021-12-23,225.344
2021-12-24,225.33
2021-12-25,225.324
2021-12-26,225.305
2021-12-27,225.29
2021-12-28,225.269
2021-12-29,225.254
2021-12-30,225.246
2021-12-31,225.242
2022-01-01,225.224
2022-01-02,225.205
2022-01-03,225.186
2022-01-04,225.178
2022-01-05,225.185
2022-01-06,225.193
2022-01-07,225.193
2022-01-08,225.171
2022-01-09,225.149
2022-01-10,225.139
2022-01-11,225.135
2022-01-12,225.121
2022-01-13,225.106
2022-01-14,225.09
2022-01-15,225.1
2022-01-16,225.086
2022-01-17,225.072
2022-01-18,225.062
2022-01-19,225.051
2022-01-20,225.035
2022-01-21,225.02
2022-01-22,225.003
2022-01-23,224.988
2022-01-24,224.972
2022-01-25,224.952
2022-01-26,224.936
2022-01-27,224.917
2022-01-28,224.897
2022-01-29,224.88
2022-01-30,224.861
2022-01-31,224.842
2022-02-01,224.829
2022-02-02,224.827
2022-02-03,224.833
2022-02-04,224.827
2022-02-05,224.817
2022-02-06,224.807
2022-02-07,224.794
2022-02-08,224.781
2022-02-09,224.771
2022-02-10,224.76
2022-02-11,224.747
2022-02-12,224.732
2022-02-13,224.718
2022-02-14,224.7
2022-02-15,224.683
2022-02-16,224.666
2022-02-17,224.659
2022-02-18,224.65
2022-02-19,224.646
2022-02-20,224.638
2022-02-21,224.621
2022-02-22,224.614
2022-02-23,224.617
2022-02-24,224.611
2022-02-25,224.614
2022-02-26,224.614
2022-02-27,224.608
2022-02-28,224.604
2022-03-01,224.6
2022-03-02,224.594
2022-03-03,224.593
2022-03-04,224.591
2022-03-05,224.587
2022-03-06,224.584
2022-03-07,224.587
2022-03-08,224.593
2022-03-09,224.596
2022-03-10,224.597
2022-03-11,224.577
2022-03-12,224.568
2022-03-13,224.559
2022-03-14,224.551
2022-03-15,224.544
2022-03-16,224.537
2022-03-17,224.526
2022-03-18,224.521
2022-03-19,224.53
2022-03-20,224.553
2022-03-21,224.574
2022-03-22,224.576
2022-03-23,224.582
2022-03-24,224.537
2022-03-25,224.564
2022-03-26,224.601
2022-03-27,224.641
2022-03-28,224.67
2022-03-29,224.691
2022-03-30,224.711
2022-03-31,224.748
2022-04-01,224.734
2022-04-02,224.741
2022-04-03,224.742
2022-04-04,224.762
2022-04-05,224.794
2022-04-06,224.839
2022-04-07,224.929
2022-04-08,224.981
2022-04-09,225.029
2022-04-10,225.074
2022-04-11,225.115
2022-04-12,225.149
2022-04-13,225.192
2022-04-14,225.239
2022-04-15,225.284
2022-04-16,225.322
2022-04-17,225.353
2022-04-18,225.385
2022-04-19,225.413
2022-04-20,225.434
2022-04-21,225.453
2022-04-22,225.459
2022-04-23,225.457
2022-04-24,225.443
2022-04-25,225.454
2022-04-26,225.471
2022-04-27,225.472
2022-04-28,225.462
2022-04-29,225.464
2022-04-30,225.462
2022-05-01,225.457
2022-05-02,225.446
2022-05-03,225.437
2022-05-04,225.421
2022-05-05,225.421
2022-05-06,225.437
2022-05-07,225.438
2022-05-08,225.43
2022-05-09,225.422
2022-05-10,225.425
2022-05-11,225.431
2022-05-12,225.434
2022-05-13,225.439
2022-05-14,225.438
2022-05-15,225.426
2022-05-16,225.423
2022-05-17,225.421
2022-05-18,225.419
2022-05-19,225.411
2022-05-20,225.403
2022-05-21,225.388
2022-05-22,225.373
2022-05-23,225.364
2022-05-24,225.353
2022-05-25,225.355
2022-05-26,225.368
2022-05-27,225.413
2022-05-28,225.432
2022-05-29,225.448
2022-05-30,225.459
2022-05-31,225.467
2022-06-01,225.482
2022-06-02,225.484
2022-06-03,225.468
2022-06-04,225.44
2022-06-05,225.431
2022-06-06,225.426
2022-06-07,225.432
2022-06-08,225.442
2022-06-09,225.447
2022-06-10,225.422
2022-06-11,225.403
2022-06-12,225.403
2022-06-13,225.394
2022-06-14,225.389
2022-06-15,225.386
2022-06-16,225.379
2022-06-17,225.351
2022-06-18,225.339
2022-06-19,225.312
2022-06-20,225.297
2022-06-21,225.31
2022-06-22,225.307
2022-06-23,225.303
2022-06-24,225.304
2022-06-25,225.296
2022-06-26,225.284
2022-06-27,225.275
2022-06-28,225.289
2022-06-29,225.298
2022-06-30,225.311
2022-07-01,225.316
2022-07-02,225.314
2022-07-03,225.317
2022-07-04,225.322
2022-07-05,225.338
2022-07-06,225.343
2022-07-07,225.345
2022-07-08,225.349
2022-07-09,225.348
2022-07-10,225.342
2022-07-11,225.339
2022-07-12,225.347
2022-07-13,225.347
2022-07-14,225.345
2022-07-15,225.342
2022-07-16,225.339
2022-07-17,225.338
2022-07-18,225.335
2022-07-19,225.328
2022-07-20,225.331
2022-07-21,225.336
2022-07-22,225.338
2022-07-23,225.335
2022-07-24,225.335
2022-07-25,225.328
2022-07-26,225.327
2022-07-27,225.327
2022-07-28,225.321
2022-07-29,225.315
2022-07-30,225.312
2022-07-31,225.308
2022-08-01,225.303
2022-08-02,225.309
2022-08-03,225.312
2022-08-04,225.317
2022-08-05,225.318
2022-08-06,225.316
2022-08-07,225.317
2022-08-08,225.329
2022-08-09,225.339
2022-08-10,225.336
2022-08-11,225.33
2022-08-12,225.325
2022-08-13,225.321
2022-08-14,225.318
2022-08-15,225.314
2022-08-16,225.31
2022-08-17,225.307
2022-08-18,225.303
2022-08-19,225.301
2022-08-20,225.298
2022-08-21,225.298
2022-08-22,225.322
2022-08-23,225.329
2022-08-24,225.328
2022-08-25,225.334
2022-08-26,225.359
2022-08-27,225.359
2022-08-28,225.362
2022-08-29,225.367
2022-08-30,225.361
2022-08-31,225.348
2022-09-01,225.341
2022-09-02,225.338
2022-09-03,225.33
2022-09-04,225.321
2022-09-05,225.314
2022-09-06,225.306
2022-09-07,225.298
2022-09-08,225.289
2022-09-09,225.282
2022-09-10,225.274
2022-09-11,225.264
2022-09-12,225.267
2022-09-13,225.272
2022-09-14,225.273
2022-09-15,225.271
2022-09-16,225.284
2022-09-17,225.291
2022-09-18,225.298
2022-09-19,225.312
2022-09-20,225.319
2022-09-21,225.327
2022-09-22,225.33
2022-09-23,225.32
2022-09-24,225.314
2022-09-25,225.317
2022-09-26,225.314
2022-09-27,225.292
2022-09-28,225.263
2022-09-29,225.232
2022-09-30,225.212
2022-10-01,225.197
2022-10-02,225.172
2022-10-03,225.153
2022-10-04,225.155
2022-10-05,225.15
2022-10-06,225.15
2022-10-07,225.15
2022-10-08,225.143
2022-10-09,225.136
2022-10-10,225.127
2022-10-11,225.124
2022-10-12,225.139
2022-10-13,225.175
2022-10-14,225.199
2022-10-15,225.224
2022-10-16,225.247
2022-10-17,225.276
2022-10-18,225.302
2022-10-19,225.314
2022-10-20,225.357
2022-10-21,225.392
2022-10-22,225.393
2022-10-23,225.388
2022-10-24,225.382
2022-10-25,225.372
2022-10-26,225.363
2022-10-27,225.355
2022-10-28,225.341
2022-10-29,225.328
2022-10-30,225.313
2022-10-31,225.302
2022-11-01,225.303
2022-11-02,225.301
2022-11-03,225.304
2022-11-04,225.304
2022-11-05,225.303
2022-11-06,225.309
2022-11-07,225.297
2022-11-08,225.305
2022-11-09,225.3
2022-11-10,225.293
2022-11-11,225.291
2022-11-12,225.29
2022-11-13,225.284
2022-11-14,225.276
2022-11-15,225.27
2022-11-16,225.259
2022-11-17,225.258
2022-11-18,225.259
2022-11-19,225.26
2022-11-20,225.266
2022-11-21,225.263
2022-11-22,225.267
2022-11-23,225.268
2022-11-24,225.266
2022-11-25,225.265
2022-11-26,225.268
2022-11-27,225.275
2022-11-28,225.292
2022-11-29,225.308
2022-11-30,225.326
2022-12-01,225.36
2022-12-02,225.397
2022-12-03,225.416
2022-12-04,225.456
2022-12-05,225.468
2022-12-06,225.451
2022-12-07,225.437
2022-12-08,225.437
2022-12-09,225.435
2022-12-10,225.433
2022-12-11,225.429
2022-12-12,225.422
2022-12-13,225.413
2022-12-14,225.407
2022-12-15,225.4
2022-12-16,225.391
2022-12-17,225.377
2022-12-18,225.368
2022-12-19,225.362
2022-12-20,225.356
2022-12-21,225.35
2022-12-22,225.352
2022-12-23,225.343
2022-12-24,225.372
2022-12-25,225.409
2022-12-26,225.412
2022-12-27,225.428
2022-12-28,225.431
2022-12-29,225.404
2022-12-30,225.378
2022-12-31,225.392
2023-01-01,225.416
2023-01-02,225.407
2023-01-03,225.361
2023-01-04,225.345
2023-01-05,225.365
2023-01-06,225.375
2023-01-07,225.389
2023-01-08,225.392
2023-01-09,225.389
2023-01-10,225.387
2023-01-11,225.374
2023-01-12,225.361
2023-01-13,225.341
2023-01-14,225.318
2023-01-15,225.292
2023-01-16,225.265
2023-01-17,225.239
2023-01-18,225.214
2023-01-19,225.193
2023-01-20,225.188
2023-01-21,225.188
2023-01-22,225.174
2023-01-23,225.159
2023-01-24,225.154
2023-01-25,225.176
2023-01-26,225.162
2023-01-27,225.148
2023-01-28,225.134
2023-01-29,225.125
2023-01-30,225.111
2023-01-31,225.094
2023-02-01,225.083
2023-02-02,225.061
2023-02-03,225.065
2023-02-04,225.041
2023-02-05,225.031
2023-02-06,224.995
2023-02-07,224.968
2023-02-08,224.944
2023-02-09,224.921
2023-02-10,224.975
2023-02-11,224.944
2023-02-12,224.947
2023-02-13,224.93
2023-02-14,224.932
2023-02-15,224.916
2023-02-16,224.908
2023-02-17,224.914
2023-02-18,224.919
2023-02-19,224.921
2023-02-20,224.917
2023-02-21,224.914
2023-02-22,224.923
2023-02-23,224.924
2023-02-24,224.922
2023-02-25,224.92
2023-02-26,224.911
2023-02-27,224.89
2023-02-28,224.853
2023-03-01,224.829
2023-03-02,224.8
2023-03-03,224.768
2023-03-04,224.73
2023-03-05,224.71
2023-03-06,224.685
2023-03-07,224.654
2023-03-08,224.631
2023-03-09,224.627
2023-03-10,224.599
2023-03-11,224.605
2023-03-12,224.585
2023-03-13,224.558
2023-03-14,224.554
2023-03-15,224.567
2023-03-16,224.554
2023-03-17,224.559
2023-03-18,224.569
2023-03-19,224.582
2023-03-20,224.58
2023-03-21,224.584
2023-03-22,224.616
2023-03-23,224.594
2023-03-24,224.591
2023-03-25,224.565
2023-03-26,224.577
2023-03-27,224.573
2023-03-28,224.541
2023-03-29,224.529
2023-03-30,224.474
2023-03-31,224.491
2023-04-01,224.5
2023-04-02,224.511
2023-04-03,224.52
2023-04-04,224.533
2023-04-05,224.603
2023-04-06,224.68
2023-04-07,224.737
2023-04-08,224.812
2023-04-09,224.867
2023-04-10,224.91
2023-04-11,224.949
2023-04-12,225
2023-04-13,225.054
2023-04-14,225.108
2023-04-15,225.151
2023-04-16,225.197
2023-04-17,225.263
2023-04-18,225.315
2023-04-19,225.358
2023-04-20,225.393
2023-04-21,225.443
2023-04-22,225.512
2023-04-23,225.546
2023-04-24,225.553
2023-04-25,225.558
2023-04-26,225.559
2023-04-27,225.525
2023-04-28,225.501
2023-04-29,225.49
2023-04-30,225.454
2023-05-01,225.432
2023-05-02,225.424
2023-05-03,225.429
2023-05-04,225.444
2023-05-05,225.452
2023-05-06,225.451
2023-05-07,225.445
2023-05-08,225.433
2023-05-09,225.404
2023-05-10,225.37
2023-05-11,225.35
2023-05-12,225.333
2023-05-13,225.325
2023-05-14,225.299
2023-05-15,225.291
2023-05-16,225.332
2023-05-17,225.348
2023-05-18,225.356
2023-05-19,225.366
2023-05-20,225.42
2023-05-21,225.456
2023-05-22,225.48
2023-05-23,225.494
2023-05-24,225.5
2023-05-25,225.507
2023-05-26,225.497
2023-05-27,225.48
2023-05-28,225.463
2023-05-29,225.446
2023-05-30,225.449
2023-05-31,225.455
2023-06-01,225.456
2023-06-02,225.449
2023-06-03,225.448
2023-06-04,225.437
2023-06-05,225.425
2023-06-06,225.414
2023-06-07,225.401
2023-06-08,225.395
2023-06-09,225.391
2023-06-10,225.389
2023-06-11,225.383
2023-06-12,225.412
2023-06-13,225.441
2023-06-14,225.448
2023-06-15,225.444
2023-06-16,225.432
2023-06-17,225.416
2023-06-18,225.408
2023-06-19,225.401
2023-06-20,225.389
2023-06-21,225.387
2023-06-22,225.394
2023-06-23,225.394
2023-06-24,225.393
2023-06-25,225.39
2023-06-26,225.41
2023-06-27,225.445
2023-06-28,225.445
2023-06-29,225.426
2023-06-30,225.403
2023-07-01,225.375
2023-07-02,225.346
2023-07-03,225.315
2023-07-04,225.306
2023-07-05,225.334
2023-07-06,225.354
2023-07-07,225.356
2023-07-08,225.345
2023-07-09,225.331
2023-07-10,225.323
2023-07-11,225.329
2023-07-12,225.331
2023-07-13,225.371
2023-07-14,225.39
2023-07-15,225.394
2023-07-16,225.419
2023-07-17,225.399
2023-07-18,225.365
2023-07-19,225.356
2023-07-20,225.356
2023-07-21,225.346
2023-07-22,225.33
2023-07-23,225.321
2023-07-24,225.316
2023-07-25,225.322
2023-07-26,225.321
2023-07-27,225.326
2023-07-28,225.336
2023-07-29,225.336
2023-07-30,225.318
2023-07-31,225.324
2023-08-01,225.343
2023-08-02,225.351
2023-08-03,225.354
2023-08-04,225.37
2023-08-05,225.368
2023-08-06,225.368
2023-08-07,225.385
2023-08-08,225.385
2023-08-09,225.39
2023-08-10,225.405
2023-08-11,225.411
2023-08-12,225.439
2023-08-13,225.458
2023-08-14,225.462
2023-08-15,225.441
2023-08-16,225.41
2023-08-17,225.381
2023-08-18,225.359
2023-08-19,225.314
2023-08-20,225.28
2023-08-21,225.262
2023-08-22,225.264
2023-08-23,225.28
2023-08-24,225.292
2023-08-25,225.295
2023-08-26,225.288
2023-08-27,225.27
2023-08-28,225.262
2023-08-29,225.267
2023-08-30,225.281
2023-08-31,225.286
2023-09-01,225.292
2023-09-02,225.292
2023-09-03,225.296
2023-09-04,225.297
2023-09-05,225.296
2023-09-06,225.288
2023-09-07,225.268
2023-09-08,225.245
2023-09-09,225.231
2023-09-10,225.222
2023-09-11,225.216
2023-09-12,225.232
2023-09-13,225.233
2023-09-14,225.231
2023-09-15,225.235
2023-09-16,225.232
2023-09-17,225.243
2023-09-18,225.264
2023-09-19,225.267
2023-09-20,225.265
2023-09-21,225.262
2023-09-22,225.26
2023-09-23,225.257
2023-09-24,225.25
2023-09-25,225.242
2023-09-26,225.237
2023-09-27,225.235
2023-09-28,225.229
2023-09-29,225.219
2023-09-30,225.213
2023-10-01,225.202
2023-10-02,225.199
2023-10-03,225.194
2023-10-04,225.184
2023-10-05,225.176
2023-10-06,225.179
2023-10-07,225.169
2023-10-08,225.155
2023-10-09,225.161
2023-10-10,225.188
2023-10-11,225.181
2023-10-12,225.142
2023-10-13,225.098
2023-10-14,225.073
2023-10-15,225.037
2023-10-16,225.043
2023-10-17,225.08
2023-10-18,225.112
2023-10-19,225.126
2023-10-20,225.138
2023-10-21,225.14
2023-10-22,225.137
2023-10-23,225.145
2023-10-24,225.152
2023-10-25,225.156
2023-10-26,225.165
2023-10-27,225.175
2023-10-28,225.179
2023-10-29,225.188
2023-10-30,225.199
2023-10-31,225.216
2023-11-01,225.234
2023-11-02,225.253
2023-11-03,225.273
2023-11-04,225.298
2023-11-05,225.318
2023-11-06,225.341
2023-11-07,225.364
2023-11-08,225.385
2023-11-09,225.396
2023-11-10,225.392
2023-11-11,225.398
2023-11-12,225.402
2023-11-13,225.402
2023-11-14,225.397
2023-11-15,225.392
2023-11-16,225.391
2023-11-17,225.392
2023-11-18,225.389
2023-11-19,225.387
2023-11-20,225.393
2023-11-21,225.401
2023-11-22,225.388
2023-11-23,225.38
2023-11-24,225.368
2023-11-25,225.357
2023-11-26,225.35
2023-11-27,225.353
2023-11-28,225.36
2023-11-29,225.36
2023-11-30,225.353
2023-12-01,225.343
2023-12-02,225.337
2023-12-03,225.327
2023-12-04,225.314
2023-12-05,225.304
2023-12-06,225.296
2023-12-07,225.291
2023-12-08,225.29
2023-12-09,225.281
2023-12-10,225.281
2023-12-11,225.285
2023-12-12,225.285
2023-12-13,225.29
2023-12-14,225.283
2023-12-15,225.275
2023-12-16,225.274
2023-12-17,225.275
2023-12-18,225.29
2023-12-19,225.321
2023-12-20,225.343
2023-12-21,225.353
2023-12-22,225.351
2023-12-23,225.359
2023-12-24,225.37
2023-12-25,225.377
2023-12-26,225.383
2023-12-27,225.379
2023-12-28,225.375
2023-12-29,225.373
2023-12-30,225.365
2023-12-31,225.36
2024-01-01,225.346
2024-01-02,225.329
2024-01-03,225.32
2024-01-04,225.306
2024-01-05,225.302
2024-01-06,225.306
2024-01-07,225.28
2024-01-08,225.274
2024-01-09,225.29
2024-01-10,225.293
2024-01-11,225.299
2024-01-12,225.296
2024-01-13,225.287
2024-01-14,225.292
2024-01-15,225.294
2024-01-16,225.291
2024-01-17,225.286
2024-01-18,225.298
2024-01-19,225.286
2024-01-20,225.266
2024-01-21,225.244
2024-01-22,225.227
2024-01-23,225.21
2024-01-24,225.198
2024-01-25,225.185
2024-01-26,225.157
2024-01-27,225.142
2024-01-28,225.128
2024-01-29,225.121
2024-01-30,225.117
2024-01-31,225.116
2024-02-01,225.122
2024-02-02,225.118
2024-02-03,225.113
2024-02-04,225.102
2024-02-05,225.09
2024-02-06,225.079
2024-02-07,225.065
2024-02-08,225.051
2024-02-09,225.039
2024-02-10,225.045
2024-02-11,225.038
2024-02-12,225.032
2024-02-13,225.022
2024-02-14,225.009
2024-02-15,225.012
2024-02-16,225.019
2024-02-17,225.017
2024-02-18,225.021
2024-02-19,225.02
2024-02-20,225.009
2024-02-21,224.995
2024-02-22,224.994
2024-02-23,224.978
2024-02-24,224.945
2024-02-25,224.934
2024-02-26,224.917
2024-02-27,224.895
2024-02-28,224.891
2024-02-29,224.9
2024-03-01,224.891
2024-03-02,224.861
2024-03-03,224.856
2024-03-04,224.836
2024-03-05,224.79
2024-03-06,224.77
2024-03-07,224.778
2024-03-08,224.784
2024-03-09,224.822
2024-03-10,224.91
2024-03-11,224.995
2024-03-12,225.041
2024-03-13,225.064
2024-03-14,225.093
2024-03-15,225.129
2024-03-16,225.176
2024-03-17,225.192
2024-03-18,225.231
2024-03-19,225.271
2024-03-20,225.293
2024-03-21,225.317
2024-03-22,225.335
2024-03-23,225.346
2024-03-24,225.356
2024-03-25,225.374
2024-03-26,225.389
2024-03-27,225.41
2024-03-28,225.411
2024-03-29,225.41
2024-03-30,225.408
2024-03-31,225.411
2024-04-01,225.417
2024-04-02,225.414
2024-04-03,225.416
2024-04-04,225.422
2024-04-05,225.419
2024-04-06,225.423
2024-04-07,225.429
2024-04-08,225.43
2024-04-09,225.415
2024-04-10,225.382
2024-04-11,225.374
2024-04-12,225.397
2024-04-13,225.457
2024-04-14,225.508
2024-04-15,225.519
2024-04-16,225.524
2024-04-17,225.545
2024-04-18,225.575
2024-04-19,225.575
2024-04-20,225.574
2024-04-21,225.562
2024-04-22,225.549
2024-04-23,225.52
2024-04-24,225.477
2024-04-25,225.433
2024-04-26,225.403
2024-04-27,225.388
2024-04-28,225.37
2024-04-29,225.379
2024-04-30,225.394
2024-05-01,225.393
2024-05-02,225.379
2024-05-03,225.369
2024-05-04,225.361
2024-05-05,225.332
2024-05-06,225.333
2024-05-07,225.372
2024-05-08,225.399
2024-05-09,225.401
2024-05-10,225.393
2024-05-11,225.385
2024-05-12,225.383
2024-05-13,225.382
2024-05-14,225.38
2024-05-15,225.394
2024-05-16,225.408
2024-05-17,225.396
2024-05-18,225.38
2024-05-19,225.361
2024-05-20,225.35
2024-05-21,225.343
2024-05-22,225.356
2024-05-23,225.355
2024-05-24,225.359
2024-05-25,225.364
2024-05-26,225.36
2024-05-27,225.364
2024-05-28,225.373
2024-05-29,225.377
2024-05-30,225.377
2024-05-31,225.378
2024-06-01,225.381
2024-06-02,225.37
2024-06-03,225.37
2024-06-04,225.374
2024-06-05,225.375
2024-06-06,225.371
2024-06-07,225.368
2024-06-08,225.359
2024-06-09,225.35
2024-06-10,225.347
2024-06-11,225.35
2024-06-12,225.358
2024-06-13,225.368
2024-06-14,225.386
2024-06-15,225.407
2024-06-16,225.416
2024-06-17,225.442
2024-06-18,225.436
2024-06-19,225.426
2024-06-20,225.421
2024-06-21,225.412
2024-06-22,225.396
2024-06-23,225.44
2024-06-24,225.451
2024-06-25,225.431
2024-06-26,225.407
2024-06-27,225.401
2024-06-28,225.388
2024-06-29,225.375
2024-06-30,225.37
2024-07-01,225.348
2024-07-02,225.322
2024-07-03,225.309
2024-07-04,225.326
2024-07-05,225.342
2024-07-06,225.34
2024-07-07,225.333
2024-07-08,225.322
2024-07-09,225.3
2024-07-10,225.266
2024-07-11,225.252
2024-07-12,225.277
2024-07-13,225.299
2024-07-14,225.317
2024-07-15,225.329
2024-07-16,225.345
2024-07-17,225.359
2024-07-18,225.37
2024-07-19,225.375
2024-07-20,225.371
2024-07-21,225.366
2024-07-22,225.36
2024-07-23,225.342
2024-08-02,225.325
2024-08-03,225.327
2024-08-04,225.324
2024-08-05,225.335
2024-08-06,225.339
2024-08-07,225.332
2024-08-08,225.321
2024-08-09,225.309
2024-08-10,225.299
2024-08-11,225.308
2024-08-12,225.315
2024-08-13,225.31
2024-08-14,225.302
2024-08-15,225.297
2024-08-16,225.292
2024-08-17,225.291
2024-08-18,225.292
2024-08-26,225.296
2024-08-27,225.292
2024-08-28,225.298
2024-08-29,225.298
2024-08-30,225.3
2024-08-31,225.311
2024-09-01,225.301
2024-09-02,225.29
2024-09-03,225.28
2024-09-04,225.276
2024-09-05,225.273
2024-09-06,225.275
2024-09-07,225.275
2024-09-08,225.268
2024-09-09,225.282
2024-09-10,225.292
2024-09-11,225.297
2024-09-12,225.299
2024-09-13,225.297
2024-09-14,225.299
2024-09-15,225.3
2024-09-16,225.299
2024-09-17,225.283
2024-09-18,225.266
2024-09-19,225.254
2024-09-20,225.239
2024-09-21,225.225
2024-09-22,225.208
2024-09-23,225.186
2024-09-24,225.168
2024-09-25,225.154
2024-09-26,225.142
2024-09-27,225.138
2024-09-28,225.132
2024-09-29,225.126
2024-09-30,225.118
2024-10-01,225.127
2024-10-02,225.152
2024-10-03,225.163
2024-10-04,225.178
2024-10-05,225.193
2024-10-06,225.21
2024-10-07,225.215
2024-10-08,225.223
2024-10-09,225.226
2024-10-10,225.21
2024-10-11,225.203
2024-10-12,225.173
2024-10-13,225.156
2024-10-14,225.141
2024-10-15,225.12
2024-10-16,225.119
2024-10-17,225.117
2024-10-18,225.119
2024-10-19,225.122
2024-10-20,225.123
2024-10-21,225.117
2024-10-22,225.117
2024-10-23,225.11
2024-10-24,225.111
2024-10-25,225.109
2024-10-26,225.108
2024-10-27,225.108
2024-10-28,225.111
2024-10-29,225.108
2024-10-30,225.107
2024-10-31,225.108
2024-11-01,225.112
2024-11-02,225.113
2024-11-03,225.116
2024-11-04,225.119
2024-11-05,225.129
2024-11-06,225.137
2024-11-07,225.144
2024-11-08,225.144
2024-11-09,225.153
2024-11-10,225.157
2024-11-11,225.162
2024-11-12,225.179
2024-11-13,225.189
2024-11-14,225.202
2024-11-15,225.204
2024-11-16,225.21
2024-11-17,225.222
2024-11-18,225.23
2024-11-19,225.244
2024-11-20,225.254
2024-11-21,225.282
2024-11-22,225.295
2024-11-23,225.304
2024-11-24,225.31
2024-11-25,225.321
2024-11-26,225.335
2024-11-27,225.352
2024-11-28,225.363
2024-11-29,225.402
2024-11-30,225.471
2024-12-01,225.508
2024-12-02,225.52
2024-12-03,225.531
2024-12-04,225.501
2024-12-05,225.455
2024-12-06,225.433
2024-12-07,225.42
2024-12-08,225.409
2024-12-09,225.389
2024-12-10,225.361
2024-12-11,225.349
2024-12-12,225.373
2024-12-13,225.386
2024-12-14,225.365
2024-12-15,225.335
2024-12-16,225.314
2024-12-17,225.318
2024-12-18,225.341
2024-12-19,225.348
2024-12-20,225.333
2024-12-21,225.317
2024-12-22,225.305
2024-12-23,225.298
2024-12-24,225.287
2024-12-25,225.265
2024-12-26,225.261
2024-12-27,225.262
2024-12-28,225.248
2024-12-29,225.246
2024-12-30,225.279
2024-12-31,225.295
2025-01-01,225.303
2025-01-02,225.313
2025-01-03,225.297
2025-01-04,225.285
2025-01-05,225.289
2025-01-06,225.26
2025-01-07,225.232
2025-01-08,225.204
2025-01-09,225.196
2025-01-10,225.205
2025-01-11,225.186
2025-01-12,225.164
2025-01-13,225.157
2025-01-14,225.189
2025-01-15,225.183
2025-01-16,225.171
2025-01-17,225.166
2025-01-18,225.168
2025-01-19,225.159
2025-01-20,225.146
2025-01-21,225.138
2025-01-22,225.139
2025-01-23,225.154
2025-01-24,225.143
2025-01-25,225.129
2025-01-26,225.115
2025-01-27,225.112
2025-01-28,225.123
2025-01-29,225.113
2025-01-30,225.112
2025-01-31,225.092
2025-02-01,225.085
2025-02-02,225.074
2025-02-03,225.059
2025-02-04,225.05
2025-02-05,225.037
2025-02-06,225.025
2025-02-07,225.021
2025-02-08,225.02
2025-02-09,225.013
2025-02-10,225.004
2025-02-11,224.996
2025-02-12,224.983
2025-02-13,224.983
2025-02-14,224.97
2025-02-15,224.964
2025-02-16,224.967
2025-02-17,224.964
2025-02-18,224.953
2025-02-19,224.934
2025-02-20,224.929
2025-02-21,224.917
2025-02-22,224.906
2025-02-23,224.893
2025-02-24,224.876
2025-02-25,224.832
2025-02-26,224.785
2025-02-27,224.737
2025-02-28,224.678
2025-03-01,224.644
2025-03-02,224.611
2025-03-03,224.576
2025-03-04,224.547
2025-03-05,224.528
2025-03-06,224.446
2025-03-07,224.417
2025-03-08,224.369
2025-03-09,224.343
2025-03-10,224.345
2025-03-11,224.37
2025-03-12,224.347
2025-03-13,224.297
2025-03-14,224.283
2025-03-15,224.28
2025-03-16,224.315
2025-03-17,224.397
2025-03-18,224.478
2025-03-19,224.535
2025-03-20,224.645
2025-03-21,224.682
2025-03-22,224.782
2025-03-23,224.876
2025-03-24,224.975
2025-03-25,225.038
2025-03-26,225.081
2025-03-27,225.103
2025-03-28,225.104
2025-03-29,225.239
2025-03-30,225.278
2025-03-31,225.321
2025-04-01,225.352
2025-04-02,225.361
2025-04-03,225.407
2025-04-04,225.45
2025-04-05,225.472
2025-04-06,225.498
2025-04-07,225.511
2025-04-08,225.502
2025-04-09,225.474
2025-04-10,225.437
2025-04-11,225.402
2025-04-12,225.362
2025-04-13,225.325
2025-04-14,225.298
2025-04-15,225.282
2025-04-16,225.273
2025-04-17,225.26
2025-04-18,225.253
2025-04-19,225.295
2025-04-20,225.345
2025-04-21,225.374
2025-04-22,225.386
2025-04-23,225.394
2025-04-24,225.393
2025-04-25,225.392
2025-04-26,225.408
2025-04-27,225.416
2025-04-28,225.418
2025-04-29,225.409
2025-04-30,225.393
2025-05-01,225.385
2025-05-02,225.372
2025-05-03,225.333
2025-05-04,225.287
2025-05-05,225.25
2025-05-06,225.247
2025-05-07,225.251
2025-05-08,225.291
2025-05-09,225.324
2025-05-10,225.356
2025-05-11,225.375
2025-05-12,225.381
2025-05-13,225.384
2025-05-14,225.389
2025-05-15,225.387
2025-05-16,225.383
2025-05-17,225.39
2025-05-18,225.407
2025-05-19,225.424
2025-05-20,225.442
2025-05-21,225.457
2025-05-22,225.464
2025-05-23,225.455
2025-05-24,225.449
2025-05-25,225.457
2025-05-26,225.449
2025-05-27,225.424
2025-05-28,225.382
2025-05-29,225.356
2025-05-30,225.347
2025-05-31,225.342
2025-06-01,225.311
2025-06-02,225.308
2025-06-03,225.325
2025-06-04,225.335
2025-06-05,225.384
2025-06-06,225.395
2025-06-07,225.401
2025-06-08,225.405
2025-06-09,225.409
2025-06-10,225.402
2025-06-11,225.388
2025-06-12,225.37
2025-06-13,225.35
2025-06-14,225.331
2025-06-15,225.308
2025-06-16,225.3
2025-06-17,225.308
2025-06-18,225.308
2025-06-19,225.323
2025-06-20,225.339
2025-06-21,225.358
2025-06-22,225.381
2025-06-23,225.39
2025-06-24,225.367
2025-06-25,225.329
2025-06-26,225.307
2025-06-27,225.3
2025-06-28,225.285
2025-06-29,225.283
2025-06-30,225.306
2025-07-01,225.315
2025-07-02,225.304
2025-07-03,225.303
2025-07-04,225.303
2025-07-05,225.293
2025-07-06,225.288
2025-07-07,225.29
2025-07-08,225.287
2025-07-09,225.289
2025-07-10,225.294
2025-07-11,225.305
2025-07-12,225.307
2025-07-13,225.304
2025-07-14,225.305
2025-07-15,225.317
2025-07-16,225.321
2025-07-17,225.323
2025-07-18,225.321
2025-07-19,225.32
2025-07-20,225.336
2025-07-21,225.333
2025-07-22,225.334
2025-07-23,225.334
2025-07-24,225.334
2025-07-25,225.345
2025-07-26,225.35
2025-07-27,225.35
2025-07-28,225.35
2025-07-29,225.35
2025-07-30,225.353
2025-07-31,225.349
2025-08-01,225.34
2025-08-02,225.331
2025-08-03,225.327
2025-08-04,225.329
2025-08-05,225.331
2025-08-06,225.334
2025-08-07,225.338
2025-08-08,225.339
2025-08-09,225.344
2025-08-10,225.346
2025-08-11,225.351
2025-08-12,225.348
2025-08-13,225.342
2025-08-14,225.342
2025-08-15,225.333
2025-08-16,225.326
2025-08-17,225.329
2025-08-18,225.319
2025-08-19,225.313
2025-08-20,225.31
2025-08-21,225.302
2025-08-22,225.298
2025-08-23,225.293
2025-08-24,225.291
2025-08-25,225.288
2025-08-26,225.281
2025-08-27,225.275
2025-08-28,225.284
2025-08-29,225.28
2025-08-30,225.273
2025-08-31,225.269
2025-09-01,225.266
2025-09-02,225.263
2025-09-03,225.256
2025-09-04,225.258
2025-09-05,225.257
2025-09-06,225.251
2025-09-07,225.25
2025-09-08,225.245
2025-09-09,225.241
2025-09-10,225.236
2025-09-11,225.232
2025-09-12,225.228
2025-09-13,225.223
2025-09-14,225.219
2025-09-15,225.216
2025-09-16,225.215
2025-09-17,225.215
2025-09-18,225.217
2025-09-19,225.22
2025-09-20,225.218
2025-09-21,225.217
2025-09-22,225.225
2025-09-23,225.232
2025-09-24,225.245
2025-09-25,225.25
2025-09-26,225.252
2025-09-27,225.257
2025-09-28,225.256
2025-09-29,225.257
2025-09-30,225.26
2025-10-01,225.255
2025-10-02,225.239
2025-10-03,225.227
2025-10-04,225.22
2025-10-05,225.211
2025-10-06,225.202
2025-10-07,225.194
2025-10-08,225.187
2025-10-09,225.177
2025-10-10,225.172
2025-10-11,225.163
2025-10-12,225.154
2025-10-13,225.144
2025-10-14,225.136
2025-10-15,225.14
2025-10-16,225.139
2025-10-17,225.141
2025-10-18,225.146
2025-10-19,225.155
2025-10-20,225.156
2025-10-21,225.161
2025-10-22,225.164
2025-10-23,225.166
2025-10-24,225.17
2025-10-25,225.171
2025-10-26,225.171
2025-10-27,225.173
2025-10-28,225.172
2025-10-29,225.173
2025-10-30,225.175
2025-10-31,225.183
2025-11-01,225.194
2025-11-02,225.201
2025-11-03,225.206
2025-11-04,225.213
2025-11-05,225.226
2025-11-06,225.233
2025-11-07,225.237
2025-11-08,225.243
2025-11-09,225.247
2025-11-10,225.245
2025-11-11,225.244
2025-11-12,225.254
2025-11-13,225.262
2025-11-14,225.274
2025-11-15,225.287
2025-11-16,225.291
2025-11-17,225.299
2025-11-18,225.31
2025-11-19,225.32
2025-11-20,225.332
2025-11-21,225.34
2025-11-22,225.342
2025-11-23,225.342
2025-11-24,225.345
2025-11-25,225.347
2025-11-26,225.349
2025-11-27,225.358
2025-11-28,225.365
2025-11-29,225.367
2025-11-30,225.373
2025-12-01,225.376
2025-12-02,225.374
2025-12-03,225.365
2025-12-04,225.357
2025-12-05,225.348
2025-12-06,225.339
2025-12-07,225.332
2025-12-08,225.323
2025-12-09,225.316
2025-12-10,225.307
2025-12-11,225.294
2025-12-12,225.287
2025-12-13,225.28
2025-12-14,225.271
2025-12-15,225.263
2025-12-16,225.256
2025-12-17,225.243
2025-12-18,225.242
2025-12-19,225.234
2025-12-20,225.24
2025-12-21,225.225
2025-12-22,225.226
2025-12-23,225.222
2025-12-24,225.216
2025-12-25,225.211
2025-12-26,225.216
2025-12-27,225.213
2025-12-28,225.213
2025-12-29,225.214
2025-12-30,225.217
2025-12-31,225.225
2026-06-07,225.4268
2026-06-08,225.4422
2026-06-09,225.4302
2026-06-10,225.4407
2026-06-11,225.4493
2026-06-12,225.4256
2026-06-13,225.3813
2026-06-14,225.3764
2026-06-15,225.3455
2026-06-16,225.3307
2026-06-17,225.3309
2026-06-18,225.3211
2026-06-19,225.3145
2026-06-20,225.3347
2026-06-21,225.3374
2026-06-22,225.3355
2026-06-23,225.3387
2026-06-24,225.3551
2026-06-25,225.3669
2026-06-26,225.3718
2026-06-27,225.381
2026-06-28,225.3719
2026-06-29,225.3857
2026-06-30,225.3873
2026-07-01,225.3719
2026-07-02,225.3599
2026-07-03,225.3551
2026-07-04,225.3438
2026-07-05,225.3313
2026-07-06,225.3129
2026-07-07,225.3166
2026-07-08,225.3163
2026-07-09,225.3207
2026-07-10,225.3305
2026-07-11,225.3275
2026-07-12,225.3195
2026-07-13,225.3106
2026-07-14,225.3032
2026-07-15,225.3079
2026-07-16,225.3058
2026-07-17,225.3055
2026-07-18,225.3203
2026-07-19,225.3222
2026-07-20,225.3189
2026-07-21,225.3244
2026-07-22,225.316
2026-07-23,225.316
2026-07-24,225.318
2026-07-25,225.3152
2026-07-26,225.3057
2026-07-27,225.3017
2026-07-28,225.3224
2026-07-29,225.3117
2026-07-30,225.3105
2026-07-31,225.3121
2026-08-01,225.3217
2026-08-02,225.3517
2026-08-03,225.3529
2026-08-04,225.3526
2026-08-05,225.3546
2026-08-06,225.3556
2026-08-07,225.3592
2026-08-08,225.3709
2026-08-09,225.3808
2026-08-10,225.3826
2026-08-11,225.3684
2026-08-12,225.357
2026-08-13,225.3467
2026-08-14,225.3411
2026-08-15,225.3381
2026-08-16,225.3255
2026-08-17,225.3136
2026-08-18,225.3015
2026-08-19,225.2971
2026-08-20,225.2914
2026-08-21,225.2856
2026-08-22,225.2789
2026-08-23,225.2734
2026-08-24,225.2799
2026-08-25,225.2815
2026-08-26,225.2865
2026-08-27,225.2896
2026-08-28,225.2933
2026-08-29,225.2945
2026-08-30,225.2972
2026-08-31,225.3059
2026-09-01,225.3136
2026-09-02,225.3098
2026-09-03,225.3011
2026-09-04,225.2956
2026-09-05,225.288
2026-09-06,225.2768
2026-09-07,225.262
2026-09-08,225.263
2026-09-09,225.2666
2026-09-10,225.2651
2026-09-11,225.2686
