date,value
2002-01-01,0.943
2002-01-02,0.94
2002-01-03,0.933
2002-01-04,0.911
2002-01-05,0.878
2002-01-06,0.874
2002-01-07,0.869
2002-01-08,0.864
2002-01-09,0.861
2002-01-10,0.862
2002-01-11,0.866
2002-01-12,0.866
2002-01-13,0.871
2002-01-14,0.869
2002-01-15,0.866
2002-01-16,0.866
2002-01-17,0.896
2002-01-18,0.932
2002-01-19,0.913
2002-01-20,0.9
2002-01-21,0.89
2002-01-22,0.882
2002-01-23,0.873
2002-01-24,0.866
2002-01-25,0.862
2002-01-26,0.858
2002-01-27,0.851
2002-01-28,0.848
2002-01-29,0.843
2002-01-30,0.84
2002-01-31,0.834
2002-02-01,0.834
2002-02-02,0.832
2002-02-03,0.829
2002-02-04,0.843
2002-02-05,0.858
2002-02-06,0.851
2002-02-07,0.841
2002-02-08,0.837
2002-02-09,0.829
2002-02-10,0.821
2002-02-11,0.821
2002-02-12,0.817
2002-02-13,0.812
2002-02-14,0.822
2002-02-15,0.828
2002-02-16,0.818
2002-02-17,0.813
2002-02-18,0.806
2002-02-19,0.815
2002-02-20,0.833
2002-02-21,0.891
2002-02-22,0.944
2002-02-23,0.944
2002-02-24,0.945
2002-02-25,0.942
2002-02-26,1.03
2002-02-27,1.13
2002-02-28,1.102
2002-03-01,1.084
2002-03-02,1.065
2002-03-03,1.083
2002-03-04,1.09
2002-03-05,1.142
2002-03-06,1.173
2002-03-07,1.149
2002-03-08,1.131
2002-03-09,1.256
2002-03-10,1.447
2002-03-11,1.478
2002-03-12,1.469
2002-03-13,1.457
2002-03-14,1.465
2002-03-15,1.522
2002-03-16,1.538
2002-03-17,1.515
2002-03-18,1.49
2002-03-19,1.458
2002-03-20,1.421
2002-03-21,1.387
2002-03-22,1.356
2002-03-23,1.324
2002-03-24,1.29
2002-03-25,1.259
2002-03-26,1.224
2002-03-27,1.199
2002-03-28,1.153
2002-03-29,1.088
2002-03-30,1.089
2002-03-31,1.096
2002-04-01,1.111
2002-04-02,1.122
2002-04-03,1.136
2002-04-04,1.137
2002-04-05,1.136
2002-04-06,1.133
2002-04-07,1.129
2002-04-08,1.13
2002-04-09,1.253
2002-04-10,1.385
2002-04-11,1.471
2002-04-12,1.638
2002-04-13,1.781
2002-04-14,1.872
2002-04-15,1.945
2002-04-16,2.038
2002-04-17,2.138
2002-04-18,2.248
2002-04-19,2.325
2002-04-20,2.408
2002-04-21,2.417
2002-04-22,2.374
2002-04-23,2.269
2002-04-24,2.035
2002-04-25,1.662
2002-04-26,1.462
2002-04-27,1.317
2002-04-28,1.272
2002-04-29,1.188
2002-04-30,1.11
2002-05-01,1.141
2002-05-02,1.155
2002-05-03,1.138
2002-05-04,1.107
2002-05-05,1.082
2002-05-06,1.063
2002-05-07,1.054
2002-05-08,1.042
2002-05-09,1.038
2002-05-10,1.039
2002-05-11,1.032
2002-05-12,1.024
2002-05-13,1
2002-05-14,0.974
2002-05-15,0.977
2002-05-16,0.979
2002-05-17,1.036
2002-05-18,1.075
2002-05-19,1.076
2002-05-20,1.084
2002-05-21,1.084
2002-05-22,1.078
2002-05-23,1.056
2002-05-24,1.031
2002-05-25,1.029
2002-05-26,1.025
2002-05-27,1.009
2002-05-28,0.938
2002-05-29,0.906
2002-05-30,0.916
2002-05-31,0.935
2002-06-01,0.948
2002-06-02,0.958
2002-06-03,0.976
2002-06-04,1.024
2002-06-05,1.034
2002-06-06,1.016
2002-06-07,0.946
2002-06-08,0.895
2002-06-09,0.89
2002-06-10,0.885
2002-06-11,0.884
2002-06-12,0.888
2002-06-13,0.886
2002-06-14,0.903
2002-06-15,0.915
2002-06-16,0.917
2002-06-17,0.982
2002-06-18,1.113
2002-06-19,1.113
2002-06-20,1.108
2002-06-21,1.023
2002-06-22,0.979
2002-06-23,0.98
2002-06-24,0.933
2002-06-25,0.842
2002-06-26,0.812
2002-06-27,0.81
2002-06-28,0.807
2002-06-29,0.806
2002-06-30,0.802
2002-07-01,0.799
2002-07-02,0.793
2002-07-03,0.791
2002-07-04,0.737
2002-07-05,0.615
2002-07-06,0.553
2002-07-07,0.556
2002-07-08,0.564
2002-07-09,0.576
2002-07-10,0.575
2002-07-11,0.568
2002-07-12,0.563
2002-07-13,0.562
2002-07-14,0.562
2002-07-15,0.563
2002-07-16,0.559
2002-07-17,0.558
2002-07-18,0.561
2002-07-19,0.559
2002-07-20,0.555
2002-07-21,0.551
2002-07-22,0.556
2002-07-23,0.558
2002-07-24,0.55
2002-07-25,0.548
2002-07-26,0.547
2002-07-27,0.548
2002-07-28,0.55
2002-07-29,0.557
2002-07-30,0.573
2002-07-31,0.57
2002-08-01,0.597
2002-08-02,0.632
2002-08-03,0.622
2002-08-04,0.613
2002-08-05,0.606
2002-08-06,0.595
2002-08-07,0.549
2002-08-08,0.522
2002-08-09,0.523
2002-08-10,0.524
2002-08-11,0.526
2002-08-12,0.528
2002-08-13,0.542
2002-08-14,0.572
2002-08-15,0.58
2002-08-16,0.578
2002-08-17,0.572
2002-08-18,0.569
2002-08-19,0.567
2002-08-20,0.567
2002-08-21,0.565
2002-08-22,0.58
2002-08-23,0.588
2002-08-24,0.588
2002-08-25,0.587
2002-08-26,0.586
2002-08-27,0.585
2002-08-28,0.605
2002-08-29,0.642
2002-08-30,0.639
2002-08-31,0.636
2002-09-01,0.632
2002-09-02,0.629
2002-09-03,0.628
2002-09-04,0.625
2002-09-05,0.62
2002-09-06,0.614
2002-09-07,0.611
2002-09-08,0.608
2002-09-09,0.606
2002-09-10,0.627
2002-09-11,0.655
2002-09-12,0.642
2002-09-13,0.637
2002-09-14,0.633
2002-09-15,0.63
2002-09-16,0.623
2002-09-17,0.619
2002-09-18,0.617
2002-09-19,0.591
2002-09-20,0.587
2002-09-21,0.605
2002-09-22,0.603
2002-09-23,0.6
2002-09-24,0.594
2002-09-25,0.64
2002-09-26,0.676
2002-09-27,0.668
2002-09-28,0.66
2002-09-29,0.651
2002-09-30,0.658
2002-10-01,0.659
2002-10-02,0.658
2002-10-03,0.674
2002-10-04,0.678
2002-10-05,0.683
2002-10-06,0.675
2002-10-07,0.667
2002-10-08,0.661
2002-10-09,0.67
2002-10-10,0.683
2002-10-11,0.691
2002-10-12,0.698
2002-10-13,0.698
2002-10-14,0.693
2002-10-15,0.693
2002-10-16,0.73
2002-10-17,0.748
2002-10-18,0.737
2002-10-19,0.743
2002-10-20,0.737
2002-10-21,0.729
2002-10-22,0.721
2002-10-23,0.667
2002-10-24,0.627
2002-10-25,0.623
2002-10-26,0.629
2002-10-27,0.63
2002-10-28,0.628
2002-10-29,0.626
2002-10-30,0.623
2002-10-31,0.622
2002-11-01,0.621
2002-11-02,0.619
2002-11-03,0.616
2002-11-04,0.617
2002-11-05,0.617
2002-11-06,0.621
2002-11-07,0.619
2002-11-08,0.591
2002-11-09,0.564
2002-11-10,0.579
2002-11-11,0.599
2002-11-12,0.609
2002-11-13,0.616
2002-11-14,0.623
2002-11-15,0.631
2002-11-16,0.634
2002-11-17,0.643
2002-11-18,0.65
2002-11-19,0.657
2002-11-20,0.664
2002-11-21,0.672
2002-11-22,0.682
2002-11-23,0.682
2002-11-24,0.687
2002-11-25,0.733
2002-11-26,0.771
2002-11-27,0.764
2002-11-28,0.757
2002-11-29,0.76
2002-11-30,0.768
2002-12-01,0.763
2002-12-02,0.767
2002-12-03,0.758
2002-12-04,0.75
2002-12-05,0.747
2002-12-06,0.744
2002-12-07,0.74
2002-12-08,0.74
2002-12-09,0.731
2002-12-10,0.727
2002-12-11,0.745
2002-12-12,0.753
2002-12-13,0.747
2002-12-14,0.742
2002-12-15,0.739
2002-12-16,0.737
2002-12-17,0.728
2002-12-18,0.72
2002-12-19,0.721
2002-12-20,0.74
2002-12-21,0.762
2002-12-22,0.78
2002-12-23,0.805
2002-12-24,0.823
2002-12-25,0.818
2002-12-26,0.813
2002-12-27,0.81
2002-12-28,0.807
2002-12-29,0.805
2002-12-30,0.803
2002-12-31,0.804
2003-01-01,0.806
2003-01-02,0.806
2003-01-03,0.807
2003-01-04,0.808
2003-01-05,0.807
2003-01-06,0.851
2003-01-07,0.907
2003-01-08,0.897
2003-01-09,0.89
2003-01-10,0.878
2003-01-11,0.865
2003-01-12,0.853
2003-01-13,0.847
2003-01-14,0.834
2003-01-15,0.825
2003-01-16,0.817
2003-01-17,0.81
2003-01-18,0.8
2003-01-19,0.793
2003-01-20,0.788
2003-01-21,0.782
2003-01-22,0.773
2003-01-23,0.768
2003-01-24,0.758
2003-01-25,0.754
2003-01-26,0.756
2003-01-27,0.751
2003-01-28,0.743
2003-01-29,0.736
2003-01-30,0.733
2003-01-31,0.726
2003-02-01,0.722
2003-02-02,0.721
2003-02-03,0.717
2003-02-04,0.729
2003-02-05,0.734
2003-02-06,0.735
2003-02-07,0.796
2003-02-08,0.858
2003-02-09,0.846
2003-02-10,0.835
2003-02-11,0.824
2003-02-12,0.813
2003-02-13,0.802
2003-02-14,0.8
2003-02-15,0.794
2003-02-16,0.787
2003-02-17,0.777
2003-02-18,0.769
2003-02-19,0.764
2003-02-20,0.754
2003-02-21,0.745
2003-02-22,0.74
2003-02-23,0.745
2003-02-24,0.738
2003-02-25,0.756
2003-02-26,0.761
2003-02-27,0.742
2003-02-28,0.728
2003-03-01,0.718
2003-03-02,0.713
2003-03-03,0.703
2003-03-04,0.698
2003-03-05,0.701
2003-03-06,0.701
2003-03-07,0.765
2003-03-08,0.786
2003-03-09,0.772
2003-03-10,0.756
2003-03-11,0.779
2003-03-12,0.821
2003-03-13,0.859
2003-03-14,0.911
2003-03-15,0.879
2003-03-16,0.852
2003-03-17,0.834
2003-03-18,0.819
2003-03-19,0.803
2003-03-20,0.795
2003-03-21,0.776
2003-03-22,0.769
2003-03-23,0.783
2003-03-24,0.805
2003-03-25,0.971
2003-03-26,1.191
2003-03-27,1.321
2003-03-28,1.414
2003-03-29,1.612
2003-03-30,1.76
2003-03-31,1.781
2003-04-01,1.773
2003-04-02,1.776
2003-04-03,1.766
2003-04-04,1.715
2003-04-05,1.668
2003-04-06,1.597
2003-04-07,1.534
2003-04-08,1.472
2003-04-09,1.402
2003-04-10,1.304
2003-04-11,1.161
2003-04-12,1.067
2003-04-13,1.075
2003-04-14,1.004
2003-04-15,0.945
2003-04-16,0.968
2003-04-17,0.973
2003-04-18,1.033
2003-04-19,1.116
2003-04-20,1.194
2003-04-21,1.278
2003-04-22,1.439
2003-04-23,1.585
2003-04-24,1.604
2003-04-25,1.51
2003-04-26,1.445
2003-04-27,1.439
2003-04-28,1.345
2003-04-29,1.257
2003-04-30,1.244
2003-05-01,1.253
2003-05-02,1.244
2003-05-03,1.201
2003-05-04,1.18
2003-05-05,1.164
2003-05-06,1.071
2003-05-07,1.002
2003-05-08,0.99
2003-05-09,0.972
2003-05-10,0.958
2003-05-11,0.953
2003-05-12,0.955
2003-05-13,0.955
2003-05-14,0.951
2003-05-15,0.947
2003-05-16,0.945
2003-05-17,0.946
2003-05-18,0.949
2003-05-19,0.951
2003-05-20,0.949
2003-05-21,0.954
2003-05-22,1.003
2003-05-23,1.037
2003-05-24,1.032
2003-05-25,1.033
2003-05-26,1.034
2003-05-27,1.064
2003-05-28,1.104
2003-05-29,1.097
2003-05-30,1.112
2003-05-31,1.135
2003-06-01,1.12
2003-06-02,1.031
2003-06-03,0.925
2003-06-04,0.918
2003-06-05,0.92
2003-06-06,0.907
2003-06-07,0.9
2003-06-08,0.898
2003-06-09,0.91
2003-06-10,0.918
2003-06-11,0.94
2003-06-12,1.005
2003-06-13,1.091
2003-06-14,1.103
2003-06-15,1.085
2003-06-16,1.066
2003-06-17,1.045
2003-06-18,1.015
2003-06-19,0.955
2003-06-20,0.917
2003-06-21,0.908
2003-06-22,0.902
2003-06-23,0.729
2003-06-24,0.619
2003-06-25,0.589
2003-06-26,0.551
2003-06-27,0.556
2003-06-28,0.553
2003-06-29,0.55
2003-06-30,0.552
2003-07-01,0.557
2003-07-02,0.568
2003-07-03,0.582
2003-07-04,0.621
2003-07-05,0.663
2003-07-06,0.665
2003-07-07,0.663
2003-07-08,0.658
2003-07-09,0.655
2003-07-10,0.6
2003-07-11,0.573
2003-07-12,0.582
2003-07-13,0.583
2003-07-14,0.626
2003-07-15,0.659
2003-07-16,0.667
2003-07-17,0.668
2003-07-18,0.704
2003-07-19,0.717
2003-07-20,0.715
2003-07-21,0.69
2003-07-22,0.615
2003-07-23,0.586
2003-07-24,0.583
2003-07-25,0.579
2003-07-26,0.578
2003-07-27,0.584
2003-07-28,0.583
2003-07-29,0.58
2003-07-30,0.579
2003-07-31,0.578
2003-08-01,0.576
2003-08-02,0.575
2003-08-03,0.574
2003-08-04,0.574
2003-08-05,0.573
2003-08-06,0.573
2003-08-07,0.572
2003-08-08,0.569
2003-08-09,0.566
2003-08-10,0.563
2003-08-11,0.566
2003-08-12,0.565
2003-08-13,0.559
2003-08-14,0.552
2003-08-15,0.548
2003-08-16,0.546
2003-08-17,0.543
2003-08-18,0.538
2003-08-19,0.532
2003-08-20,0.529
2003-08-21,0.529
2003-08-22,0.541
2003-08-23,0.537
2003-08-24,0.531
2003-08-25,0.528
2003-08-26,0.527
2003-08-27,0.525
2003-08-28,0.523
2003-08-29,0.529
2003-08-30,0.533
2003-08-31,0.534
2003-09-01,0.535
2003-09-02,0.537
2003-09-03,0.584
2003-09-04,0.612
2003-09-05,0.611
2003-09-06,0.609
2003-09-07,0.608
2003-09-08,0.607
2003-09-09,0.604
2003-09-10,0.601
2003-09-11,0.599
2003-09-12,0.598
2003-09-13,0.595
2003-09-14,0.595
2003-09-15,0.597
2003-09-16,0.599
2003-09-17,0.625
2003-09-18,0.644
2003-09-19,0.644
2003-09-20,0.645
2003-09-21,0.641
2003-09-22,0.644
2003-09-23,0.758
2003-09-24,0.81
2003-09-25,0.869
2003-09-26,0.891
2003-09-27,0.895
2003-09-28,0.896
2003-09-29,0.961
2003-09-30,1.003
2003-10-01,0.984
2003-10-02,0.991
2003-10-03,0.998
2003-10-04,1.02
2003-10-05,1.016
2003-10-06,1.016
2003-10-07,1.025
2003-10-08,1.028
2003-10-09,1.024
2003-10-10,1.035
2003-10-11,1.033
2003-10-12,1.01
2003-10-13,0.992
2003-10-14,0.978
2003-10-15,1.107
2003-10-16,1.198
2003-10-17,1.235
2003-10-18,1.221
2003-10-19,1.218
2003-10-20,1.215
2003-10-21,1.217
2003-10-22,1.192
2003-10-23,1.052
2003-10-24,0.966
2003-10-25,0.969
2003-10-26,0.974
2003-10-27,0.961
2003-10-28,0.943
2003-10-29,0.949
2003-10-30,0.954
2003-10-31,0.948
2003-11-01,0.944
2003-11-02,0.941
2003-11-03,0.94
2003-11-04,0.954
2003-11-05,0.999
2003-11-06,1.083
2003-11-07,1.128
2003-11-08,1.13
2003-11-09,1.132
2003-11-10,1.128
2003-11-11,1.129
2003-11-12,1.134
2003-11-13,1.245
2003-11-14,1.429
2003-11-15,1.579
2003-11-16,1.533
2003-11-17,1.502
2003-11-18,1.486
2003-11-19,1.714
2003-11-20,1.936
2003-11-21,1.919
2003-11-22,1.961
2003-11-23,1.971
2003-11-24,1.928
2003-11-25,1.892
2003-11-26,1.815
2003-11-27,1.614
2003-11-28,1.387
2003-11-29,1.297
2003-11-30,1.304
2003-12-01,1.308
2003-12-02,1.301
2003-12-03,1.214
2003-12-04,1.08
2003-12-05,1.077
2003-12-06,1.071
2003-12-07,1.067
2003-12-08,0.999
2003-12-09,0.921
2003-12-10,0.925
2003-12-11,0.936
2003-12-12,1
2003-12-13,1.041
2003-12-14,1.029
2003-12-15,1.021
2003-12-16,1.009
2003-12-17,1.003
2003-12-18,0.999
2003-12-19,0.993
2003-12-20,0.986
2003-12-21,0.975
2003-12-22,0.967
2003-12-23,0.927
2003-12-24,0.883
2003-12-25,0.884
2003-12-26,0.888
2003-12-27,0.888
2003-12-28,0.889
2003-12-29,0.937
2003-12-30,1.032
2003-12-31,1.086
2004-01-01,1.125
2004-01-02,1.13
2004-01-03,1.163
2004-01-04,1.172
2004-01-05,1.168
2004-01-06,1.153
2004-01-07,1.14
2004-01-08,1.121
2004-01-09,1.099
2004-01-10,1.078
2004-01-11,1.052
2004-01-12,1.036
2004-01-13,1.006
2004-01-14,0.983
2004-01-15,0.974
2004-01-16,0.965
2004-01-17,0.949
2004-01-18,0.942
2004-01-19,0.931
2004-01-20,0.889
2004-01-21,0.819
2004-01-22,0.818
2004-01-23,0.819
2004-01-24,0.819
2004-01-25,0.818
2004-01-26,0.814
2004-01-27,0.816
2004-01-28,0.818
2004-01-29,0.817
2004-01-30,0.812
2004-01-31,0.81
2004-02-01,0.806
2004-02-02,0.801
2004-02-03,0.799
2004-02-04,0.8
2004-02-05,0.799
2004-02-06,0.798
2004-02-07,0.799
2004-02-08,0.795
2004-02-09,0.795
2004-02-10,0.794
2004-02-11,0.808
2004-02-12,0.818
2004-02-13,0.81
2004-02-14,0.803
2004-02-15,0.797
2004-02-16,0.793
2004-02-17,0.789
2004-02-18,0.786
2004-02-19,0.796
2004-02-20,0.8
2004-02-21,0.803
2004-02-22,0.8
2004-02-23,0.794
2004-02-24,0.792
2004-02-25,0.807
2004-02-26,0.825
2004-02-27,0.851
2004-02-28,0.855
2004-02-29,0.841
2004-03-01,0.833
2004-03-02,0.838
2004-03-03,0.845
2004-03-04,0.884
2004-03-05,1.015
2004-03-06,1.114
2004-03-07,1.11
2004-03-08,1.114
2004-03-09,1.119
2004-03-10,1.192
2004-03-11,1.31
2004-03-12,1.316
2004-03-13,1.292
2004-03-14,1.266
2004-03-15,1.244
2004-03-16,1.222
2004-03-17,1.192
2004-03-18,1.151
2004-03-19,1.081
2004-03-20,1.055
2004-03-21,1.045
2004-03-22,1.049
2004-03-23,1.081
2004-03-24,1.09
2004-03-25,1.093
2004-03-26,1.11
2004-03-27,1.158
2004-03-28,1.213
2004-03-29,1.294
2004-03-30,1.457
2004-03-31,1.828
2004-04-01,2.035
2004-04-02,2.133
2004-04-03,2.22
2004-04-04,2.288
2004-04-05,2.281
2004-04-06,2.245
2004-04-07,2.089
2004-04-08,1.855
2004-04-09,1.765
2004-04-10,1.732
2004-04-11,1.672
2004-04-12,1.627
2004-04-13,1.375
2004-04-14,1.111
2004-04-15,1.085
2004-04-16,1.082
2004-04-17,1.046
2004-04-18,1.062
2004-04-19,1.084
2004-04-20,1.108
2004-04-21,1.119
2004-04-22,1.169
2004-04-23,1.19
2004-04-24,1.189
2004-04-25,1.194
2004-04-26,1.226
2004-04-27,1.242
2004-04-28,1.235
2004-04-29,1.225
2004-04-30,1.205
2004-05-01,1.195
2004-05-02,1.241
2004-05-03,1.545
2004-05-04,1.731
2004-05-05,1.664
2004-05-06,1.64
2004-05-07,1.529
2004-05-08,1.455
2004-05-09,1.433
2004-05-10,1.242
2004-05-11,1.116
2004-05-12,1.121
2004-05-13,1.116
2004-05-14,1.095
2004-05-15,1.075
2004-05-16,1.061
2004-05-17,0.986
2004-05-18,0.946
2004-05-19,0.972
2004-05-20,0.978
2004-05-21,1.03
2004-05-22,1.061
2004-05-23,1.057
2004-05-24,1.207
2004-05-25,1.376
2004-05-26,1.445
2004-05-27,1.434
2004-05-28,1.428
2004-05-29,1.407
2004-05-30,1.378
2004-05-31,1.334
2004-06-01,1.243
2004-06-02,1.152
2004-06-03,1.059
2004-06-04,0.969
2004-06-05,0.918
2004-06-06,0.922
2004-06-07,0.922
2004-06-08,0.914
2004-06-09,0.91
2004-06-10,0.904
2004-06-11,0.844
2004-06-12,0.789
2004-06-13,0.788
2004-06-14,0.789
2004-06-15,0.768
2004-06-16,0.737
2004-06-17,0.723
2004-06-18,0.702
2004-06-19,0.696
2004-06-20,0.683
2004-06-21,0.678
2004-06-22,0.616
2004-06-23,0.588
2004-06-24,0.611
2004-06-25,0.623
2004-06-26,0.626
2004-06-27,0.625
2004-06-28,0.626
2004-06-29,0.628
2004-06-30,0.629
2004-07-01,0.628
2004-07-02,0.586
2004-07-03,0.557
2004-07-04,0.558
2004-07-05,0.566
2004-07-06,0.567
2004-07-07,0.572
2004-07-08,0.68
2004-07-09,0.769
2004-07-10,0.764
2004-07-11,0.757
2004-07-12,0.635
2004-07-13,0.556
2004-07-14,0.609
2004-07-15,0.656
2004-07-16,0.733
2004-07-17,0.794
2004-07-18,0.795
2004-07-19,0.796
2004-07-20,0.794
2004-07-21,0.793
2004-07-22,0.746
2004-07-23,0.726
2004-07-24,0.737
2004-07-25,0.736
2004-07-26,0.656
2004-07-27,0.602
2004-07-28,0.585
2004-07-29,0.569
2004-07-30,0.567
2004-07-31,0.572
2004-08-01,0.581
2004-08-02,0.579
2004-08-03,0.585
2004-08-04,0.586
2004-08-05,0.58
2004-08-06,0.573
2004-08-07,0.568
2004-08-08,0.565
2004-08-09,0.563
2004-08-10,0.565
2004-08-11,0.572
2004-08-12,0.578
2004-08-13,0.576
2004-08-14,0.575
2004-08-15,0.573
2004-08-16,0.57
2004-08-17,0.567
2004-08-18,0.565
2004-08-19,0.564
2004-08-20,0.557
2004-08-21,0.553
2004-08-22,0.546
2004-08-23,0.545
2004-08-24,0.54
2004-08-25,0.525
2004-08-26,0.525
2004-08-27,0.531
2004-08-28,0.531
2004-08-29,0.531
2004-08-30,0.529
2004-08-31,0.526
2004-09-01,0.523
2004-09-02,0.521
2004-09-03,0.519
2004-09-04,0.519
2004-09-05,0.518
2004-09-06,0.516
2004-09-07,0.526
2004-09-08,0.526
2004-09-09,0.528
2004-09-10,0.523
2004-09-11,0.519
2004-09-12,0.518
2004-09-13,0.562
2004-09-14,0.599
2004-09-15,0.599
2004-09-16,0.599
2004-09-17,0.598
2004-09-18,0.594
2004-09-19,0.585
2004-09-20,0.58
2004-09-21,0.575
2004-09-22,0.572
2004-09-23,0.569
2004-09-24,0.566
2004-09-25,0.561
2004-09-26,0.557
2004-09-27,0.553
2004-09-28,0.55
2004-09-29,0.544
2004-09-30,0.541
2004-10-01,0.56
2004-10-02,0.592
2004-10-03,0.59
2004-10-04,0.606
2004-10-05,0.624
2004-10-06,0.618
2004-10-07,0.615
2004-10-08,0.624
2004-10-09,0.654
2004-10-10,0.656
2004-10-11,0.649
2004-10-12,0.665
2004-10-13,0.72
2004-10-14,0.749
2004-10-15,0.743
2004-10-16,0.734
2004-10-17,0.742
2004-10-18,0.802
2004-10-19,0.82
2004-10-20,0.726
2004-10-21,0.627
2004-10-22,0.602
2004-10-23,0.597
2004-10-24,0.592
2004-10-25,0.591
2004-10-26,0.59
2004-10-27,0.59
2004-10-28,0.589
2004-10-29,0.589
2004-10-30,0.593
2004-10-31,0.602
2004-11-01,0.608
2004-11-02,0.688
2004-11-03,0.781
2004-11-04,0.781
2004-11-05,0.715
2004-11-06,0.668
2004-11-07,0.676
2004-11-08,0.683
2004-11-09,0.686
2004-11-10,0.691
2004-11-11,0.699
2004-11-12,0.704
2004-11-13,0.705
2004-11-14,0.706
2004-11-15,0.708
2004-11-16,0.709
2004-11-17,0.709
2004-11-18,0.71
2004-11-19,0.712
2004-11-20,0.709
2004-11-21,0.709
2004-11-22,0.707
2004-11-23,0.671
2004-11-24,0.641
2004-11-25,0.649
2004-11-26,0.649
2004-11-27,0.652
2004-11-28,0.663
2004-11-29,0.678
2004-11-30,0.685
2004-12-01,0.705
2004-12-02,0.72
2004-12-03,0.729
2004-12-04,0.738
2004-12-05,0.756
2004-12-06,0.809
2004-12-07,0.852
2004-12-08,0.861
2004-12-09,0.854
2004-12-10,0.853
2004-12-11,0.864
2004-12-12,0.862
2004-12-13,0.867
2004-12-14,0.861
2004-12-15,0.891
2004-12-16,0.943
2004-12-17,0.933
2004-12-18,0.916
2004-12-19,0.908
2004-12-20,0.888
2004-12-21,0.872
2004-12-22,0.86
2004-12-23,0.869
2004-12-24,0.864
2004-12-25,0.856
2004-12-26,0.845
2004-12-27,0.833
2004-12-28,0.825
2004-12-29,0.817
2004-12-30,0.809
2004-12-31,0.823
2005-01-01,0.834
2005-01-02,0.847
2005-01-03,0.859
2005-01-04,0.872
2005-01-05,0.898
2005-01-06,0.911
2005-01-07,0.977
2005-01-08,1.008
2005-01-09,0.997
2005-01-10,0.985
2005-01-11,0.965
2005-01-12,0.955
2005-01-13,0.965
2005-01-14,1.072
2005-01-15,1.164
2005-01-16,1.171
2005-01-17,1.178
2005-01-18,1.18
2005-01-19,1.185
2005-01-20,1.18
2005-01-21,1.163
2005-01-22,1.052
2005-01-23,0.963
2005-01-24,0.962
2005-01-25,0.959
2005-01-26,0.963
2005-01-27,0.988
2005-01-28,1.019
2005-01-29,0.997
2005-01-30,0.98
2005-01-31,0.963
2005-02-01,0.947
2005-02-02,0.934
2005-02-03,0.922
2005-02-04,0.908
2005-02-05,0.897
2005-02-06,0.885
2005-02-07,0.878
2005-02-08,0.877
2005-02-09,0.872
2005-02-10,0.868
2005-02-11,0.86
2005-02-12,0.858
2005-02-13,0.856
2005-02-14,0.863
2005-02-15,0.954
2005-02-16,1.029
2005-02-17,1.005
2005-02-18,0.989
2005-02-19,0.973
2005-02-20,0.959
2005-02-21,0.949
2005-02-22,0.919
2005-02-23,0.878
2005-02-24,0.872
2005-02-25,0.866
2005-02-26,0.862
2005-02-27,0.857
2005-02-28,0.851
2005-03-01,0.851
2005-03-02,0.848
2005-03-03,0.842
2005-03-04,0.838
2005-03-05,0.833
2005-03-06,0.832
2005-03-07,0.842
2005-03-08,0.848
2005-03-09,0.861
2005-03-10,0.873
2005-03-11,0.859
2005-03-12,0.851
2005-03-13,0.845
2005-03-14,0.839
2005-03-15,0.855
2005-03-16,0.853
2005-03-17,0.841
2005-03-18,0.832
2005-03-19,0.825
2005-03-20,0.818
2005-03-21,0.814
2005-03-22,0.858
2005-03-23,0.893
2005-03-24,0.882
2005-03-25,0.874
2005-03-26,0.866
2005-03-27,0.861
2005-03-28,0.857
2005-03-29,0.861
2005-03-30,0.872
2005-03-31,0.896
2005-04-01,1.039
2005-04-02,1.308
2005-04-03,1.404
2005-04-04,1.44
2005-04-05,1.447
2005-04-06,1.455
2005-04-07,1.557
2005-04-08,1.732
2005-04-09,1.865
2005-04-10,1.957
2005-04-11,2.032
2005-04-12,2.109
2005-04-13,2.15
2005-04-14,2.168
2005-04-15,2.179
2005-04-16,2.149
2005-04-17,2.118
2005-04-18,1.962
2005-04-19,1.873
2005-04-20,1.908
2005-04-21,1.935
2005-04-22,1.936
2005-04-23,1.937
2005-04-24,1.947
2005-04-25,1.955
2005-04-26,1.929
2005-04-27,1.931
2005-04-28,1.956
2005-04-29,1.917
2005-04-30,1.879
2005-05-01,1.844
2005-05-02,1.669
2005-05-03,1.421
2005-05-04,1.356
2005-05-05,1.128
2005-05-06,0.973
2005-05-07,0.98
2005-05-08,0.983
2005-05-09,0.934
2005-05-10,0.848
2005-05-11,0.847
2005-05-12,0.841
2005-05-13,0.838
2005-05-14,0.838
2005-05-15,0.845
2005-05-16,0.916
2005-05-17,1.023
2005-05-18,1.029
2005-05-19,1.016
2005-05-20,1.002
2005-05-21,0.994
2005-05-22,0.977
2005-05-23,0.961
2005-05-24,0.884
2005-05-25,0.791
2005-05-26,0.773
2005-05-27,0.727
2005-05-28,0.72
2005-05-29,0.715
2005-05-30,0.711
2005-05-31,0.71
2005-06-01,0.707
2005-06-02,0.704
2005-06-03,0.699
2005-06-04,0.695
2005-06-05,0.694
2005-06-06,0.665
2005-06-07,0.62
2005-06-08,0.614
2005-06-09,0.608
2005-06-10,0.57
2005-06-11,0.539
2005-06-12,0.554
2005-06-13,0.567
2005-06-14,0.624
2005-06-15,0.788
2005-06-16,0.94
2005-06-17,0.916
2005-06-18,0.893
2005-06-19,0.868
2005-06-20,0.846
2005-06-21,0.785
2005-06-22,0.733
2005-06-23,0.724
2005-06-24,0.716
2005-06-25,0.713
2005-06-26,0.704
2005-06-27,0.697
2005-06-28,0.654
2005-06-29,0.596
2005-06-30,0.551
2005-07-01,0.494
2005-07-02,0.495
2005-07-03,0.495
2005-07-04,0.496
2005-07-05,0.501
2005-07-06,0.504
2005-07-07,0.504
2005-07-08,0.504
2005-07-09,0.504
2005-07-10,0.504
2005-07-11,0.504
2005-07-12,0.505
2005-07-13,0.505
2005-07-14,0.505
2005-07-15,0.505
2005-07-16,0.505
2005-07-17,0.506
2005-07-18,0.51
2005-07-19,0.517
2005-07-20,0.516
2005-07-21,0.514
2005-07-22,0.512
2005-07-23,0.51
2005-07-24,0.508
2005-07-25,0.507
2005-07-26,0.506
2005-07-27,0.505
2005-07-28,0.503
2005-07-29,0.501
2005-07-30,0.5
2005-07-31,0.503
2005-08-01,0.498
2005-08-02,0.498
2005-08-03,0.497
2005-08-04,0.496
2005-08-05,0.494
2005-08-06,0.492
2005-08-07,0.49
2005-08-08,0.488
2005-08-09,0.487
2005-08-10,0.486
2005-08-11,0.486
2005-08-12,0.485
2005-08-13,0.485
2005-08-14,0.484
2005-08-15,0.482
2005-08-16,0.481
2005-08-17,0.479
2005-08-18,0.479
2005-08-19,0.481
2005-08-20,0.484
2005-08-21,0.484
2005-08-22,0.483
2005-08-23,0.483
2005-08-24,0.482
2005-08-25,0.482
2005-08-26,0.481
2005-08-27,0.483
2005-08-28,0.49
2005-08-29,0.491
2005-08-30,0.492
2005-08-31,0.491
2005-09-01,0.49
2005-09-02,0.489
2005-09-03,0.488
2005-09-04,0.487
2005-09-05,0.485
2005-09-06,0.484
2005-09-07,0.483
2005-09-08,0.482
2005-09-09,0.481
2005-09-10,0.48
2005-09-11,0.479
2005-09-12,0.477
2005-09-13,0.477
2005-09-14,0.481
2005-09-15,0.485
2005-09-16,0.489
2005-09-17,0.49
2005-09-18,0.485
2005-09-19,0.482
2005-09-20,0.479
2005-09-21,0.486
2005-09-22,0.498
2005-09-23,0.513
2005-09-24,0.514
2005-09-25,0.516
2005-09-26,0.542
2005-09-27,0.545
2005-09-28,0.544
2005-09-29,0.625
2005-09-30,0.684
2005-10-01,0.676
2005-10-02,0.673
2005-10-03,0.669
2005-10-04,0.715
2005-10-05,0.747
2005-10-06,0.735
2005-10-07,0.723
2005-10-08,0.704
2005-10-09,0.686
2005-10-10,0.675
2005-10-11,0.667
2005-10-12,0.627
2005-10-13,0.581
2005-10-14,0.578
2005-10-15,0.579
2005-10-16,0.574
2005-10-17,0.569
2005-10-18,0.57
2005-10-19,0.568
2005-10-20,0.567
2005-10-21,0.566
2005-10-22,0.565
2005-10-23,0.564
2005-10-24,0.563
2005-10-25,0.562
2005-10-26,0.559
2005-10-27,0.557
2005-10-28,0.556
2005-10-29,0.556
2005-10-30,0.556
2005-10-31,0.557
2005-11-01,0.548
2005-11-02,0.522
2005-11-03,0.523
2005-11-04,0.523
2005-11-05,0.524
2005-11-06,0.536
2005-11-07,0.541
2005-11-08,0.548
2005-11-09,0.621
2005-11-10,0.738
2005-11-11,0.747
2005-11-12,0.756
2005-11-13,0.766
2005-11-14,0.777
2005-11-15,0.785
2005-11-16,0.873
2005-11-17,0.942
2005-11-18,1.045
2005-11-19,1.109
2005-11-20,1.088
2005-11-21,1.079
2005-11-22,1.076
2005-11-23,1.054
2005-11-24,1.049
2005-11-25,1.037
2005-11-26,1.026
2005-11-27,1.016
2005-11-28,1.007
2005-11-29,1.053
2005-11-30,1.276
2005-12-01,1.413
2005-12-02,1.431
2005-12-03,1.438
2005-12-04,1.423
2005-12-05,1.4
2005-12-06,1.386
2005-12-07,1.286
2005-12-08,1.166
2005-12-09,1.073
2005-12-10,0.952
2005-12-11,0.967
2005-12-12,0.972
2005-12-13,0.969
2005-12-14,0.962
2005-12-15,0.951
2005-12-16,0.885
2005-12-17,0.825
2005-12-18,0.834
2005-12-19,0.842
2005-12-20,0.847
2005-12-21,0.851
2005-12-22,0.851
2005-12-23,0.85
2005-12-24,0.853
2005-12-25,0.863
2005-12-26,0.88
2005-12-27,0.883
2005-12-28,0.907
2005-12-29,0.94
2005-12-30,0.933
2005-12-31,0.925
2006-01-01,0.916
2006-01-02,0.905
2006-01-03,0.894
2006-01-04,0.89
2006-01-05,0.895
2006-01-06,0.889
2006-01-07,0.882
2006-01-08,0.877
2006-01-09,0.871
2006-01-10,0.865
2006-01-11,0.86
2006-01-12,0.86
2006-01-13,0.863
2006-01-14,0.886
2006-01-15,0.895
2006-01-16,0.899
2006-01-17,0.927
2006-01-18,0.979
2006-01-19,0.991
2006-01-20,1.056
2006-01-21,1.117
2006-01-22,1.096
2006-01-23,1.077
2006-01-24,1.061
2006-01-25,1.052
2006-01-26,1.037
2006-01-27,1.021
2006-01-28,1.007
2006-01-29,1.002
2006-01-30,1
2006-01-31,0.992
2006-02-01,0.984
2006-02-02,0.977
2006-02-03,0.975
2006-02-04,0.978
2006-02-05,0.989
2006-02-06,0.985
2006-02-07,0.977
2006-02-08,0.971
2006-02-09,0.96
2006-02-10,0.952
2006-02-11,0.941
2006-02-12,0.932
2006-02-13,0.925
2006-02-14,0.921
2006-02-15,0.919
2006-02-16,0.92
2006-02-17,0.933
2006-02-18,0.927
2006-02-19,0.92
2006-02-20,0.959
2006-02-21,0.992
2006-02-22,0.98
2006-02-23,0.966
2006-02-24,0.955
2006-02-25,0.948
2006-02-26,0.938
2006-02-27,0.928
2006-02-28,0.917
2006-03-01,0.907
2006-03-02,0.906
2006-03-03,0.938
2006-03-04,0.944
2006-03-05,0.915
2006-03-06,0.894
2006-03-07,0.878
2006-03-08,0.868
2006-03-09,0.861
2006-03-10,0.916
2006-03-11,0.971
2006-03-12,0.986
2006-03-13,1.118
2006-03-14,1.336
2006-03-15,1.341
2006-03-16,1.343
2006-03-17,1.349
2006-03-18,1.343
2006-03-19,1.331
2006-03-20,1.312
2006-03-21,1.292
2006-03-22,1.269
2006-03-23,1.241
2006-03-24,1.22
2006-03-25,1.2
2006-03-26,1.182
2006-03-27,1.172
2006-03-28,1.169
2006-03-29,1.219
2006-03-30,1.277
2006-03-31,1.308
2006-04-01,1.48
2006-04-02,1.61
2006-04-03,1.703
2006-04-04,1.838
2006-04-05,1.919
2006-04-06,1.955
2006-04-07,2.009
2006-04-08,2.065
2006-04-09,2.057
2006-04-10,2.028
2006-04-11,1.998
2006-04-12,1.984
2006-04-13,2.085
2006-04-14,2.127
2006-04-15,2.163
2006-04-16,2.188
2006-04-17,2.199
2006-04-18,2.185
2006-04-19,1.991
2006-04-20,1.775
2006-04-21,1.561
2006-04-22,1.443
2006-04-23,1.45
2006-04-24,1.47
2006-04-25,1.473
2006-04-26,1.452
2006-04-27,1.272
2006-04-28,0.986
2006-04-29,1.047
2006-04-30,1.14
2006-05-01,1.133
2006-05-02,1.124
2006-05-03,1.1
2006-05-04,1.074
2006-05-05,1.008
2006-05-06,0.952
2006-05-07,0.942
2006-05-08,0.882
2006-05-09,0.761
2006-05-10,0.709
2006-05-11,0.712
2006-05-12,0.752
2006-05-13,0.796
2006-05-14,0.835
2006-05-15,0.883
2006-05-16,0.926
2006-05-17,0.936
2006-05-18,0.968
2006-05-19,0.997
2006-05-20,0.99
2006-05-21,0.985
2006-05-22,0.974
2006-05-23,0.94
2006-05-24,0.906
2006-05-25,0.897
2006-05-26,0.888
2006-05-27,0.878
2006-05-28,0.867
2006-05-29,0.857
2006-05-30,0.849
2006-05-31,0.812
2006-06-01,0.769
2006-06-02,0.765
2006-06-03,0.77
2006-06-04,0.768
2006-06-05,0.761
2006-06-06,0.736
2006-06-07,0.718
2006-06-08,0.676
2006-06-09,0.644
2006-06-10,0.638
2006-06-11,0.633
2006-06-12,0.63
2006-06-13,0.628
2006-06-14,0.627
2006-06-15,0.624
2006-06-16,0.62
2006-06-17,0.62
2006-06-18,0.622
2006-06-19,0.668
2006-06-20,0.678
2006-06-21,0.666
2006-06-22,0.67
2006-06-23,0.683
2006-06-24,0.679
2006-06-25,0.669
2006-06-26,0.66
2006-06-27,0.652
2006-06-28,0.65
2006-06-29,0.655
2006-06-30,0.657
2006-07-01,0.653
2006-07-02,0.658
2006-07-03,0.657
2006-07-04,0.66
2006-07-05,0.665
2006-07-06,0.655
2006-07-07,0.646
2006-07-08,0.639
2006-07-09,0.632
2006-07-10,0.63
2006-07-11,0.655
2006-07-12,0.677
2006-07-13,0.662
2006-07-14,0.612
2006-07-15,0.592
2006-07-16,0.596
2006-07-17,0.597
2006-07-18,0.606
2006-07-19,0.6
2006-07-20,0.599
2006-07-21,0.605
2006-07-22,0.597
2006-07-23,0.587
2006-07-24,0.58
2006-07-25,0.865
2006-07-26,1.025
2006-07-27,1.111
2006-07-28,1.132
2006-07-29,1.103
2006-07-30,1.098
2006-07-31,1.062
2006-08-01,0.987
2006-08-02,0.92
2006-08-03,1.017
2006-08-04,1.079
2006-08-05,1.046
2006-08-06,1.024
2006-08-07,1.007
2006-08-08,0.856
2006-08-09,0.746
2006-08-10,0.741
2006-08-11,0.711
2006-08-12,0.693
2006-08-13,0.693
2006-08-14,0.638
2006-08-15,0.602
2006-08-16,0.603
2006-08-17,0.604
2006-08-18,0.603
2006-08-19,0.604
2006-08-20,0.607
2006-08-21,0.602
2006-08-22,0.601
2006-08-23,0.6
2006-08-24,0.599
2006-08-25,0.597
2006-08-26,0.594
2006-08-27,0.6
2006-08-28,0.601
2006-08-29,0.601
2006-08-30,0.598
2006-08-31,0.592
2006-09-01,0.589
2006-09-02,0.587
2006-09-03,0.59
2006-09-04,0.629
2006-09-05,0.64
2006-09-06,0.576
2006-09-07,0.573
2006-09-08,0.572
2006-09-09,0.575
2006-09-10,0.571
2006-09-11,0.565
2006-09-12,0.559
2006-09-13,0.56
2006-09-14,0.56
2006-09-15,0.559
2006-09-16,0.559
2006-09-17,0.558
2006-09-18,0.59
2006-09-19,0.624
2006-09-20,0.652
2006-09-21,0.661
2006-09-22,0.654
2006-09-23,0.65
2006-09-24,0.659
2006-09-25,0.655
2006-09-26,0.654
2006-09-27,0.656
2006-09-28,0.737
2006-09-29,0.776
2006-09-30,0.766
2006-10-01,0.76
2006-10-02,0.754
2006-10-03,0.788
2006-10-04,0.865
2006-10-05,0.858
2006-10-06,0.839
2006-10-07,0.824
2006-10-08,0.813
2006-10-09,0.803
2006-10-10,0.819
2006-10-11,0.839
2006-10-12,0.942
2006-10-13,1.019
2006-10-14,1.052
2006-10-15,1.058
2006-10-16,1.062
2006-10-17,1.143
2006-10-18,1.216
2006-10-19,1.234
2006-10-20,1.344
2006-10-21,1.398
2006-10-22,1.397
2006-10-23,1.409
2006-10-24,1.399
2006-10-25,1.383
2006-10-26,1.329
2006-10-27,1.277
2006-10-28,1.293
2006-10-29,1.297
2006-10-30,1.265
2006-10-31,1.195
2006-11-01,1.138
2006-11-02,1.025
2006-11-03,1.032
2006-11-04,1.038
2006-11-05,1.043
2006-11-06,1.029
2006-11-07,0.998
2006-11-08,1.003
2006-11-09,1.001
2006-11-10,0.943
2006-11-11,0.92
2006-11-12,0.932
2006-11-13,0.937
2006-11-14,0.944
2006-11-15,0.97
2006-11-16,1.011
2006-11-17,1.113
2006-11-18,1.18
2006-11-19,1.178
2006-11-20,1.175
2006-11-21,1.168
2006-11-22,1.12
2006-11-23,1.087
2006-11-24,1.05
2006-11-25,1.007
2006-11-26,1.002
2006-11-27,1.003
2006-11-28,1.006
2006-11-29,1.004
2006-11-30,1.031
2006-12-01,1.122
2006-12-02,1.248
2006-12-03,1.238
2006-12-04,1.233
2006-12-05,1.222
2006-12-06,1.216
2006-12-07,1.205
2006-12-08,1.181
2006-12-09,1.158
2006-12-10,1.133
2006-12-11,1.084
2006-12-12,1.024
2006-12-13,1.056
2006-12-14,1.197
2006-12-15,1.363
2006-12-16,1.389
2006-12-17,1.405
2006-12-18,1.467
2006-12-19,1.51
2006-12-20,1.485
2006-12-21,1.406
2006-12-22,1.359
2006-12-23,1.369
2006-12-24,1.383
2006-12-25,1.376
2006-12-26,1.355
2006-12-27,1.332
2006-12-28,1.26
2006-12-29,1.191
2006-12-30,1.184
2006-12-31,1.168
2007-01-01,1.163
2007-01-02,1.152
2007-01-03,1.136
2007-01-04,1.1
2007-01-05,1.069
2007-01-06,1.088
2007-01-07,1.104
2007-01-08,1.118
2007-01-09,1.132
2007-01-10,1.137
2007-01-11,1.13
2007-01-12,1.119
2007-01-13,1.117
2007-01-14,1.102
2007-01-15,1.093
2007-01-16,1.079
2007-01-17,1.058
2007-01-18,1.021
2007-01-19,1.003
2007-01-20,1.001
2007-01-21,0.992
2007-01-22,0.982
2007-01-23,0.971
2007-01-24,0.965
2007-01-25,0.954
2007-01-26,0.939
2007-01-27,0.929
2007-01-28,0.919
2007-01-29,0.909
2007-01-30,0.9
2007-01-31,0.893
2007-02-01,0.887
2007-02-02,0.882
2007-02-03,0.881
2007-02-04,0.872
2007-02-05,0.866
2007-02-06,0.861
2007-02-07,0.853
2007-02-08,0.847
2007-02-09,0.84
2007-02-10,0.837
2007-02-11,0.831
2007-02-12,0.83
2007-02-13,0.822
2007-02-14,0.816
2007-02-15,0.811
2007-02-16,0.805
2007-02-17,0.801
2007-02-18,0.799
2007-02-19,0.795
2007-02-20,0.789
2007-02-21,0.785
2007-02-22,0.785
2007-02-23,0.785
2007-02-24,0.78
2007-02-25,0.777
2007-02-26,0.773
2007-02-27,0.77
2007-02-28,0.764
2007-03-01,0.76
2007-03-02,0.756
2007-03-03,0.756
2007-03-04,0.757
2007-03-05,0.758
2007-03-06,0.756
2007-03-07,0.754
2007-03-08,0.752
2007-03-09,0.751
2007-03-10,0.752
2007-03-11,0.752
2007-03-12,0.75
2007-03-13,0.751
2007-03-14,0.75
2007-03-15,0.749
2007-03-16,0.754
2007-03-17,0.76
2007-03-18,0.763
2007-03-19,0.767
2007-03-20,0.771
2007-03-21,0.929
2007-03-22,1.06
2007-03-23,1.076
2007-03-24,1.085
2007-03-25,1.089
2007-03-26,1.114
2007-03-27,1.192
2007-03-28,1.207
2007-03-29,1.08
2007-03-30,0.998
2007-03-31,1.063
2007-04-01,1.126
2007-04-02,1.247
2007-04-03,1.43
2007-04-04,1.611
2007-04-05,1.901
2007-04-06,2.042
2007-04-07,1.996
2007-04-08,1.952
2007-04-09,1.891
2007-04-10,1.656
2007-04-11,1.461
2007-04-12,1.443
2007-04-13,1.341
2007-04-14,1.239
2007-04-15,1.239
2007-04-16,1.219
2007-04-17,1.179
2007-04-18,1.119
2007-04-19,1.061
2007-04-20,1.038
2007-04-21,1.022
2007-04-22,1.031
2007-04-23,1.041
2007-04-24,1.068
2007-04-25,1.094
2007-04-26,1.079
2007-04-27,1.057
2007-04-28,1.071
2007-04-29,1.084
2007-04-30,1.111
2007-05-01,1.094
2007-05-02,1.054
2007-05-03,1.049
2007-05-04,1.018
2007-05-05,0.985
2007-05-06,0.974
2007-05-07,0.968
2007-05-08,0.912
2007-05-09,0.87
2007-05-10,0.84
2007-05-11,0.825
2007-05-12,0.825
2007-05-13,0.823
2007-05-14,0.82
2007-05-15,0.829
2007-05-16,0.873
2007-05-17,0.936
2007-05-18,0.965
2007-05-19,0.965
2007-05-20,0.955
2007-05-21,0.94
2007-05-22,0.904
2007-05-23,0.877
2007-05-24,0.871
2007-05-25,0.839
2007-05-26,0.814
2007-05-27,0.811
2007-05-28,0.808
2007-05-29,0.804
2007-05-30,0.798
2007-05-31,0.796
2007-06-01,0.789
2007-06-02,0.783
2007-06-03,0.779
2007-06-04,0.799
2007-06-05,0.807
2007-06-06,0.805
2007-06-07,0.805
2007-06-08,0.807
2007-06-09,0.811
2007-06-10,0.813
2007-06-11,0.811
2007-06-12,0.863
2007-06-13,0.897
2007-06-14,0.823
2007-06-15,0.734
2007-06-16,0.699
2007-06-17,0.691
2007-06-18,0.642
2007-06-19,0.592
2007-06-20,0.608
2007-06-21,0.615
2007-06-22,0.616
2007-06-23,0.612
2007-06-24,0.611
2007-06-25,0.612
2007-06-26,0.613
2007-06-27,0.613
2007-06-28,0.614
2007-06-29,0.587
2007-06-30,0.57
2007-07-01,0.565
2007-07-02,0.557
2007-07-03,0.536
2007-07-04,0.524
2007-07-05,0.527
2007-07-06,0.528
2007-07-07,0.527
2007-07-08,0.528
2007-07-09,0.536
2007-07-10,0.539
2007-07-11,0.601
2007-07-12,0.641
2007-07-13,0.716
2007-07-14,0.769
2007-07-15,0.773
2007-07-16,0.792
2007-07-17,0.8
2007-07-18,0.789
2007-07-19,0.811
2007-07-20,0.868
2007-07-21,0.875
2007-07-22,0.849
2007-07-23,0.762
2007-07-24,0.62
2007-07-25,0.569
2007-07-26,0.572
2007-07-27,0.575
2007-07-28,0.579
2007-07-29,0.577
2007-07-30,0.574
2007-07-31,0.573
2007-08-01,0.57
2007-08-02,0.567
2007-08-03,0.563
2007-08-04,0.559
2007-08-05,0.548
2007-08-06,0.54
2007-08-07,0.539
2007-08-08,0.539
2007-08-09,0.533
2007-08-10,0.529
2007-08-11,0.524
2007-08-12,0.52
2007-08-13,0.516
2007-08-14,0.509
2007-08-15,0.506
2007-08-16,0.501
2007-08-17,0.516
2007-08-18,0.53
2007-08-19,0.524
2007-08-20,0.518
2007-08-21,0.513
2007-08-22,0.51
2007-08-23,0.509
2007-08-24,0.528
2007-08-25,0.56
2007-08-26,0.56
2007-08-27,0.555
2007-08-28,0.553
2007-08-29,0.562
2007-08-30,0.575
2007-08-31,0.578
2007-09-01,0.579
2007-09-02,0.578
2007-09-03,0.578
2007-09-04,0.578
2007-09-05,0.575
2007-09-06,0.573
2007-09-07,0.57
2007-09-08,0.574
2007-09-09,0.57
2007-09-10,0.568
2007-09-11,0.588
2007-09-12,0.589
2007-09-13,0.585
2007-09-14,0.633
2007-09-15,0.7
2007-09-16,0.691
2007-09-17,0.729
2007-09-18,0.753
2007-09-19,0.742
2007-09-20,0.732
2007-09-21,0.72
2007-09-22,0.708
2007-09-23,0.696
2007-09-24,0.683
2007-09-25,0.636
2007-09-26,0.608
2007-09-27,0.601
2007-09-28,0.598
2007-09-29,0.594
2007-09-30,0.588
2007-10-01,0.583
2007-10-02,0.58
2007-10-03,0.575
2007-10-04,0.572
2007-10-05,0.612
2007-10-06,0.661
2007-10-07,0.673
2007-10-08,0.671
2007-10-09,0.673
2007-10-10,0.742
2007-10-11,0.853
2007-10-12,0.865
2007-10-13,0.85
2007-10-14,0.836
2007-10-15,0.823
2007-10-16,0.789
2007-10-17,0.755
2007-10-18,0.716
2007-10-19,0.677
2007-10-20,0.694
2007-10-21,0.706
2007-10-22,0.761
2007-10-23,0.83
2007-10-24,0.829
2007-10-25,0.823
2007-10-26,0.833
2007-10-27,0.86
2007-10-28,0.855
2007-10-29,0.846
2007-10-30,0.844
2007-10-31,0.839
2007-11-01,0.841
2007-11-02,0.786
2007-11-03,0.718
2007-11-04,0.727
2007-11-05,0.736
2007-11-06,0.766
2007-11-07,0.825
2007-11-08,0.9
2007-11-09,0.901
2007-11-10,0.902
2007-11-11,0.9
2007-11-12,0.896
2007-11-13,0.881
2007-11-14,0.817
2007-11-15,0.798
2007-11-16,0.805
2007-11-17,0.808
2007-11-18,0.808
2007-11-19,0.763
2007-11-20,0.707
2007-11-21,0.713
2007-11-22,0.729
2007-11-23,0.764
2007-11-24,0.767
2007-11-25,0.771
2007-11-26,0.78
2007-11-27,0.794
2007-11-28,0.815
2007-11-29,0.829
2007-11-30,0.834
2007-12-01,0.828
2007-12-02,0.826
2007-12-03,0.859
2007-12-04,0.88
2007-12-05,0.871
2007-12-06,0.863
2007-12-07,0.856
2007-12-08,0.851
2007-12-09,0.844
2007-12-10,0.811
2007-12-11,0.79
2007-12-12,0.797
2007-12-13,0.796
2007-12-14,0.799
2007-12-15,0.795
2007-12-16,0.801
2007-12-17,0.805
2007-12-18,0.8
2007-12-19,0.799
2007-12-20,0.798
2007-12-21,0.795
2007-12-22,0.791
2007-12-23,0.804
2007-12-24,0.904
2007-12-25,0.991
2007-12-26,0.979
2007-12-27,0.974
2007-12-28,0.975
2007-12-29,0.979
2007-12-30,0.975
2007-12-31,0.972
2008-01-01,0.965
2008-01-02,0.916
2008-01-03,0.867
2008-01-09,1.68
2008-01-10,2.107
2008-01-11,2.215
2008-01-12,2.249
2008-01-13,2.269
2008-01-14,2.254
2008-01-15,2.211
2008-01-16,2.126
2008-01-17,1.99
2008-01-18,1.734
2008-01-19,1.506
2008-01-20,1.471
2008-01-21,1.338
2008-01-22,1.182
2008-01-23,1.178
2008-01-24,1.163
2008-01-25,1.095
2008-01-26,1.002
2008-01-27,0.99
2008-01-28,0.983
2008-01-29,0.979
2008-01-30,0.985
2008-01-31,0.993
2008-02-01,0.999
2008-02-02,1.005
2008-02-03,1.006
2008-02-04,1.045
2008-02-05,1.086
2008-02-06,1.077
2008-02-07,1.067
2008-02-08,1.059
2008-02-09,1.049
2008-02-10,1.045
2008-02-11,1.034
2008-02-12,1.02
2008-02-13,1.012
2008-02-14,1.001
2008-02-15,0.994
2008-02-16,0.984
2008-02-17,0.981
2008-02-18,0.995
2008-02-19,1.006
2008-02-20,1.014
2008-02-21,1.066
2008-02-22,1.121
2008-02-23,1.113
2008-02-24,1.1
2008-02-25,1.088
2008-02-26,1.079
2008-02-27,1.063
2008-02-28,1.049
2008-02-29,1.035
2008-03-01,1.021
2008-03-02,1.008
2008-03-03,1.001
2008-03-04,0.991
2008-03-05,0.987
2008-03-06,0.979
2008-03-07,0.97
2008-03-08,0.963
2008-03-09,0.959
2008-03-10,0.951
2008-03-11,0.942
2008-03-12,0.937
2008-03-13,0.927
2008-03-14,0.92
2008-03-15,0.913
2008-03-16,0.907
2008-03-17,0.898
2008-03-18,0.895
2008-03-19,0.894
2008-03-20,0.85
2008-03-21,0.794
2008-03-22,0.789
2008-03-23,0.786
2008-03-24,0.784
2008-03-25,0.787
2008-03-26,0.792
2008-04-03,1.348
2008-04-04,1.39
2008-04-05,1.475
2008-04-06,1.544
2008-04-07,1.615
2008-04-08,1.712
2008-04-09,1.821
2008-04-10,1.956
2008-04-11,2.059
2008-04-12,2.293
2008-04-13,2.396
2008-04-14,2.428
2008-04-15,2.431
2008-04-16,2.43
2008-04-17,2.433
2008-04-18,2.434
2008-04-19,2.436
2008-04-20,2.441
2008-04-21,2.437
2008-04-22,2.431
2008-04-23,2.392
2008-04-24,2.328
2008-04-25,2.18
2008-04-26,1.959
2008-04-27,1.822
2008-04-28,1.719
2008-04-29,1.629
2008-04-30,1.534
2008-05-01,1.44
2008-05-02,1.381
2008-05-03,1.345
2008-05-04,1.389
2008-05-05,1.407
2008-05-06,1.492
2008-05-07,1.609
2008-05-08,1.712
2008-05-09,1.729
2008-05-10,1.687
2008-05-11,1.637
2008-05-12,1.456
2008-05-13,1.273
2008-05-14,1.224
2008-05-15,1.133
2008-05-16,1.055
2008-05-17,1.078
2008-05-18,1.062
2008-05-19,1.058
2008-05-20,1.055
2008-05-21,1.059
2008-05-22,1.072
2008-05-23,1.078
2008-05-24,1.08
2008-05-25,1.073
2008-05-26,1.074
2008-05-27,1.072
2008-05-28,1.008
2008-05-29,0.898
2008-05-30,0.796
2008-05-31,0.794
2008-06-01,0.83
2008-06-02,0.889
2008-06-03,0.925
2008-06-04,0.909
2008-06-05,0.973
2008-06-06,1.068
2008-06-07,1.151
2008-06-08,1.133
2008-06-09,1.123
2008-06-10,1.122
2008-06-11,1.124
2008-06-12,1.11
2008-06-13,1.072
2008-06-14,1.076
2008-06-15,1.1
2008-06-16,1.278
2008-06-17,1.388
2008-06-18,1.388
2008-06-19,1.388
2008-06-20,1.35
2008-06-21,1.313
2008-06-22,1.3
2008-06-23,1.125
2008-06-24,1.015
2008-06-25,1.019
2008-06-26,1.021
2008-06-27,1.016
2008-06-28,1.023
2008-06-29,1.055
2008-06-30,1.062
2008-07-01,1.054
2008-07-02,1.044
2008-07-03,1.044
2008-07-04,0.97
2008-07-05,0.934
2008-07-06,0.933
2008-07-07,0.932
2008-07-08,0.933
2008-07-09,0.934
2008-07-10,0.857
2008-07-11,0.775
2008-07-12,0.779
2008-07-13,0.781
2008-07-14,0.786
2008-07-15,0.773
2008-07-16,0.754
2008-07-17,0.746
2008-07-18,0.745
2008-07-19,0.747
2008-07-20,0.748
2008-07-21,0.752
2008-07-22,0.755
2008-07-23,0.755
2008-07-24,0.753
2008-07-25,0.75
2008-07-26,0.747
2008-07-27,0.745
2008-07-28,0.742
2008-07-29,0.739
2008-07-30,0.739
2008-07-31,0.741
2008-08-01,0.737
2008-08-02,0.734
2008-08-03,0.729
2008-08-04,0.723
2008-08-05,0.691
2008-08-06,0.651
2008-08-07,0.657
2008-08-08,0.723
2008-08-09,0.799
2008-08-10,0.882
2008-08-11,1.077
2008-08-12,1.208
2008-08-13,1.286
2008-08-14,1.329
2008-08-15,1.275
2008-08-16,1.23
2008-08-17,1.184
2008-08-18,1.113
2008-08-19,0.973
2008-08-20,0.901
2008-08-21,0.9
2008-08-22,0.895
2008-08-23,0.887
2008-08-24,0.881
2008-08-25,0.872
2008-08-26,0.749
2008-08-27,0.673
2008-08-28,0.656
2008-08-29,0.626
2008-08-30,0.625
2008-08-31,0.625
2008-09-01,0.625
2008-09-02,0.625
2008-09-03,0.624
2008-09-04,0.624
2008-09-05,0.622
2008-09-06,0.623
2008-09-07,0.624
2008-09-08,0.67
2008-09-09,0.718
2008-09-10,0.715
2008-09-11,0.71
2008-09-12,0.707
2008-09-13,0.705
2008-09-14,0.713
2008-09-15,0.916
2008-09-16,1.069
2008-09-17,1.179
2008-09-18,1.148
2008-09-19,1.124
2008-09-20,1.094
2008-09-21,1.066
2008-09-22,0.914
2008-09-23,0.821
2008-09-24,0.818
2008-09-25,0.82
2008-09-26,0.821
2008-09-27,0.821
2008-09-28,0.82
2008-09-29,0.814
2008-09-30,0.811
2008-10-01,0.771
2008-10-02,0.711
2008-10-03,0.763
2008-10-04,0.794
2008-10-05,0.788
2008-10-06,0.75
2008-10-07,0.725
2008-10-08,0.679
2008-10-09,0.654
2008-10-10,0.656
2008-10-11,0.658
2008-10-12,0.659
2008-10-13,0.661
2008-10-14,0.663
2008-10-15,0.664
2008-10-16,0.665
2008-10-17,0.664
2008-10-18,0.663
2008-10-19,0.662
2008-10-20,0.662
2008-10-21,0.672
2008-10-22,0.671
2008-10-23,0.67
2008-10-24,0.669
2008-10-25,0.675
2008-10-26,0.683
2008-10-27,0.705
2008-10-28,0.73
2008-10-29,0.782
2008-10-30,0.805
2008-10-31,0.808
2008-11-01,0.814
2008-11-02,0.818
2008-11-03,0.843
2008-11-04,0.869
2008-11-05,0.856
2008-11-19,1.322
2008-11-20,1.25
2008-11-21,1.167
2008-11-22,1.101
2008-11-23,1.099
2008-11-24,1.027
2008-11-25,0.899
2008-11-26,0.943
2008-11-27,0.941
2008-11-28,0.944
2008-11-29,0.942
2008-11-30,0.938
2008-12-01,0.941
2008-12-02,0.94
2008-12-03,0.935
2008-12-04,0.93
2008-12-05,0.84
2008-12-06,0.875
2008-12-07,0.886
2008-12-08,0.925
2008-12-09,0.964
2008-12-10,0.962
2008-12-11,0.948
2008-12-12,0.921
2008-12-13,0.89
2008-12-14,0.89
2008-12-15,0.937
2008-12-16,1.004
2008-12-17,1.049
2008-12-18,1.058
2008-12-19,1.142
2008-12-20,1.149
2008-12-21,1.153
2008-12-22,1.131
2008-12-23,1.085
2008-12-24,1.186
2008-12-25,1.178
2008-12-26,1.161
2008-12-27,1.158
2008-12-28,1.342
2008-12-29,1.54
2008-12-30,1.636
2008-12-31,1.717
2009-01-01,1.734
2009-01-02,1.74
2009-01-03,1.723
2009-01-04,1.688
2009-01-05,1.649
2009-01-06,1.605
2009-01-07,1.557
2009-01-08,1.509
2009-01-09,1.366
2009-01-10,1.156
2009-01-11,1.142
2009-01-12,1.13
2009-01-13,1.122
2009-01-14,1.11
2009-01-15,1.096
2009-01-16,1.084
2009-01-17,1.067
2009-01-18,1.055
2009-01-19,0.998
2009-01-20,0.942
2009-01-22,0.961
2009-01-24,0.98
2009-01-25,0.963
2009-01-26,0.953
2009-01-27,0.95
2009-01-28,0.947
2009-01-29,0.956
2009-01-30,0.961
2009-01-31,0.953
2009-02-01,0.938
2009-02-02,0.935
2009-02-04,0.94
2009-02-06,0.94
2009-02-07,0.93
2009-02-08,0.916
2009-02-09,0.91
2009-02-10,0.917
2009-02-11,0.918
2009-02-13,1.105
2009-02-14,1.145
2009-02-15,1.125
2009-02-16,1.115
2009-02-21,1.085
2009-02-22,1.067
2009-03-10,0.974
2009-03-11,1.004
2009-03-12,1.091
2009-03-13,1.199
2009-03-14,1.19
2009-03-15,1.168
2009-03-16,1.156
2009-03-17,1.148
2009-03-18,1.231
2009-03-19,1.329
2009-03-20,1.319
2009-03-21,1.29
2009-03-22,1.269
2009-03-23,1.248
2009-03-24,1.228
2009-03-25,1.21
2009-03-26,1.205
2009-03-27,1.204
2009-03-28,1.217
2009-03-29,1.283
2009-03-30,1.469
2009-03-31,1.598
2009-04-01,1.647
2009-04-02,1.691
2009-04-03,1.812
2009-04-04,2.156
2009-04-05,2.256
2009-04-06,2.281
2009-04-07,2.296
2009-04-08,2.284
2009-04-09,2.207
2009-04-10,2.069
2009-04-11,2.014
2009-04-12,1.939
2009-04-13,1.859
2009-04-14,1.534
2009-04-15,1.216
2009-04-16,1.167
2009-04-17,1.07
2009-04-18,1.093
2009-04-19,1.116
2009-04-20,1.179
2009-04-21,1.314
2009-04-22,1.373
2009-04-23,1.446
2009-04-24,1.51
2009-04-25,1.48
2009-04-26,1.493
2009-04-27,1.529
2009-04-28,1.571
2009-04-29,1.62
2009-04-30,1.639
2009-05-01,1.644
2009-05-02,1.616
2009-05-03,1.57
2009-05-04,1.444
2009-05-05,1.276
2009-05-06,1.219
2009-05-07,1.141
2009-05-08,1.084
2009-05-09,1.106
2009-05-10,1.129
2009-05-11,1.128
2009-05-12,1.116
2009-05-13,1.098
2009-05-14,1.097
2009-05-15,1.097
2009-05-16,1.122
2009-05-17,1.134
2009-05-18,1.14
2009-05-19,1.157
2009-05-20,1.185
2009-05-21,1.166
2009-05-22,1.151
2009-05-23,1.131
2009-05-24,1.109
2009-05-25,0.989
2009-05-26,0.881
2009-05-27,0.884
2009-05-28,0.913
2009-05-29,0.935
2009-05-30,0.938
2009-05-31,0.937
2009-06-01,0.9
2009-06-02,0.855
2009-06-03,0.849
2009-06-04,0.871
2009-06-05,0.885
2009-06-06,0.881
2009-06-07,0.878
2009-06-08,0.846
2009-06-09,0.844
2009-06-10,0.853
2009-06-11,0.854
2009-06-12,0.85
2009-06-13,0.845
2009-06-14,0.84
2009-06-15,0.837
2009-06-16,0.827
2009-06-17,0.752
2009-06-18,0.691
2009-06-19,0.699
2009-06-20,0.711
2009-06-21,0.72
2009-06-22,0.721
2009-06-23,0.719
2009-06-24,0.715
2009-06-25,0.671
2009-06-26,0.63
2009-06-27,0.625
2009-06-28,0.628
2009-06-29,0.632
2009-06-30,0.636
2009-07-01,0.641
2009-07-02,0.646
2009-07-03,0.747
2009-07-04,0.878
2009-07-05,0.87
2009-07-06,0.859
2009-07-07,0.853
2009-07-08,0.885
2009-07-09,0.895
2009-07-10,0.848
2009-07-11,0.82
2009-07-12,0.815
2009-07-13,0.804
2009-07-14,0.799
2009-07-15,0.801
2009-07-16,0.804
2009-07-17,0.79
2009-07-18,0.759
2009-07-19,0.753
2009-07-20,0.758
2009-07-21,0.707
2009-07-22,0.689
2009-07-23,0.737
2009-07-24,0.852
2009-07-25,0.905
2009-07-26,0.918
2009-07-27,1.04
2009-07-28,1.159
2009-07-29,1.23
2009-07-30,1.324
2009-07-31,1.341
2009-08-01,1.302
2009-08-02,1.266
2009-08-03,1.247
2009-08-04,1.073
2009-08-05,0.874
2009-08-06,0.848
2009-08-07,0.818
2009-08-08,0.794
2009-08-09,0.798
2009-08-10,0.776
2009-08-11,0.742
2009-08-12,0.742
2009-08-13,0.741
2009-08-14,0.738
2009-08-15,0.736
2009-08-16,0.741
2009-08-17,0.742
2009-08-18,0.679
2009-08-19,0.622
2009-08-20,0.636
2009-08-21,0.707
2009-08-22,0.729
2009-08-23,0.722
2009-08-24,0.716
2009-08-25,0.709
2009-08-26,0.714
2009-08-27,0.751
2009-08-28,0.811
2009-08-29,0.805
2009-08-30,0.803
2009-08-31,0.679
2009-09-01,0.596
2009-09-02,0.604
2009-09-03,0.61
2009-09-04,0.617
2009-09-05,0.625
2009-09-06,0.627
2009-09-07,0.628
2009-09-08,0.662
2009-09-09,0.669
2009-09-10,0.653
2009-09-11,0.604
2009-09-12,0.575
2009-09-13,0.574
2009-09-14,0.611
2009-09-15,0.67
2009-09-16,0.662
2009-09-17,0.655
2009-09-18,0.604
2009-09-19,0.547
2009-09-20,0.545
2009-09-21,0.545
2009-09-22,0.546
2009-09-23,0.644
2009-09-24,0.773
2009-09-25,0.836
2009-09-26,0.823
2009-09-27,0.816
2009-09-28,0.823
2009-09-29,0.914
2009-09-30,0.94
2009-10-01,0.912
2009-10-02,0.842
2009-10-03,0.791
2009-10-04,0.788
2009-10-05,0.796
2009-10-06,0.875
2009-10-07,0.967
2009-10-08,0.993
2009-10-09,1.038
2009-10-10,1.03
2009-10-11,1.02
2009-10-12,1.004
2009-10-13,0.997
2009-10-14,0.983
2009-10-15,0.967
2009-10-16,0.907
2009-10-17,0.876
2009-10-18,0.876
2009-10-19,0.872
2009-10-20,0.833
2009-10-21,0.798
2009-10-22,0.813
2009-10-23,0.819
2009-10-24,0.819
2009-10-25,0.835
2009-10-26,0.857
2009-10-27,0.866
2009-10-28,0.921
2009-10-29,0.966
2009-10-30,0.969
2009-10-31,1.01
2009-11-01,1.046
2009-11-02,1.063
2009-11-03,1.139
2009-11-04,1.244
2009-11-05,1.17
2009-11-06,1.094
2009-11-07,1.096
2009-11-08,1.089
2009-11-09,1.036
2009-11-10,0.92
2009-11-11,0.863
2009-11-12,0.869
2009-11-13,0.874
2009-11-14,0.876
2009-11-15,0.878
2009-11-16,0.877
2009-11-17,0.873
2009-11-18,0.866
2009-11-19,0.863
2009-11-20,0.937
2009-11-21,1.156
2009-11-22,1.243
2009-11-23,1.226
2009-11-24,1.245
2009-11-25,1.297
2009-11-26,1.299
2009-11-27,1.286
2009-11-28,1.27
2009-11-29,1.249
2009-11-30,1.232
2009-12-01,1.188
2009-12-02,1.138
2009-12-03,1.137
2009-12-04,1.141
2009-12-05,1.137
2009-12-06,1.129
2009-12-07,1.125
2009-12-08,1.116
2009-12-09,1.111
2009-12-10,1.107
2009-12-11,1.113
2009-12-12,1.105
2009-12-13,1.092
2009-12-14,1.051
2009-12-15,1.006
2009-12-16,1.005
2009-12-17,0.963
2009-12-18,0.907
2009-12-19,0.905
2009-12-20,0.902
2009-12-21,0.902
2009-12-22,0.872
2009-12-23,0.836
2009-12-24,0.839
2009-12-25,0.843
2009-12-26,0.855
2009-12-27,0.87
2009-12-28,0.882
2009-12-29,0.891
2009-12-30,0.894
2009-12-31,0.899
2010-01-01,0.9
2010-01-02,0.901
2010-01-03,0.899
2010-01-04,0.894
2010-01-05,0.89
2010-01-06,0.884
2010-01-07,0.881
2010-01-08,0.875
2010-01-09,0.87
2010-01-10,0.863
2010-01-11,0.858
2010-01-12,0.852
2010-01-13,0.846
2010-01-14,0.842
2010-01-15,0.836
2010-01-16,0.831
2010-01-17,0.828
2010-01-18,0.821
2010-01-19,0.824
2010-01-20,0.822
2010-01-21,0.812
2010-01-22,0.805
2010-01-23,0.799
2010-01-24,0.795
2010-01-25,0.813
2010-01-26,0.875
2010-01-27,0.925
2010-01-28,0.957
2010-01-29,0.963
2010-01-30,0.949
2010-01-31,0.939
2010-02-01,0.932
2010-02-02,0.922
2010-02-03,0.915
2010-02-04,0.909
2010-02-05,0.901
2010-02-06,0.894
2010-02-07,0.888
2010-02-08,0.877
2010-02-09,0.87
2010-02-10,0.864
2010-02-11,0.855
2010-02-12,0.848
2010-02-13,0.842
2010-02-14,0.836
2010-02-15,0.829
2010-02-16,0.822
2010-02-17,0.818
2010-02-18,0.813
2010-02-19,0.807
2010-02-20,0.802
2010-02-21,0.797
2010-02-22,0.794
2010-02-23,0.793
2010-02-24,0.791
2010-02-25,0.789
2010-02-26,0.788
2010-02-27,0.785
2010-02-28,0.781
2010-03-01,0.78
2010-03-02,0.776
2010-03-03,0.773
2010-03-04,0.795
2010-03-05,0.822
2010-03-06,0.817
2010-03-07,0.811
2010-03-08,0.856
2010-03-09,0.883
2010-03-10,0.872
2010-03-11,0.865
2010-03-12,0.908
2010-03-13,0.968
2010-03-14,1.016
2010-03-15,1.07
2010-03-16,1.115
2010-03-17,1.123
2010-03-18,1.114
2010-03-19,1.077
2010-03-20,1.074
2010-03-21,1.116
2010-03-22,1.099
2010-03-23,1.063
2010-03-24,1.052
2010-03-25,1.034
2010-03-26,1.037
2010-03-27,1.037
2010-03-28,1.034
2010-03-29,0.999
2010-03-30,0.955
2010-03-31,0.943
2010-04-01,0.912
2010-04-02,0.914
2010-04-03,0.916
2010-04-04,0.917
2010-04-05,0.92
2010-04-06,0.923
2010-04-07,0.939
2010-04-08,0.955
2010-04-09,1.022
2010-04-10,1.086
2010-04-11,1.081
2010-04-12,1.074
2010-04-13,1.065
2010-04-14,1.016
2010-04-15,0.97
2010-04-16,0.949
2010-04-17,0.917
2010-04-18,0.918
2010-04-19,0.872
2010-04-20,0.84
2010-04-21,0.841
2010-04-22,0.745
2010-04-23,0.648
2010-04-24,0.623
2010-04-25,0.638
2010-04-26,0.651
2010-04-27,0.658
2010-04-28,0.662
2010-04-29,0.672
2010-04-30,0.701
2010-05-01,0.724
2010-05-02,0.727
2010-05-03,0.729
2010-05-04,0.728
2010-05-05,0.76
2010-05-06,0.796
2010-05-07,0.79
2010-05-08,0.803
2010-05-09,0.81
2010-05-10,0.811
2010-05-11,0.808
2010-05-12,0.804
2010-05-13,0.799
2010-05-14,0.799
2010-05-15,0.797
2010-05-16,0.793
2010-05-17,0.788
2010-05-18,0.781
2010-05-19,0.771
2010-05-20,0.762
2010-05-21,0.729
2010-05-22,0.688
2010-05-23,0.682
2010-05-24,0.677
2010-05-25,0.672
2010-05-26,0.666
2010-05-27,0.662
2010-05-28,0.624
2010-05-29,0.589
2010-05-30,0.58
2010-05-31,0.568
2010-06-01,0.558
2010-06-02,0.564
2010-06-03,0.572
2010-06-04,0.571
2010-06-05,0.571
2010-06-06,0.565
2010-06-07,0.558
2010-06-08,0.553
2010-06-09,0.551
2010-06-10,0.547
2010-06-11,0.588
2010-08-26,0.721
2010-08-27,0.673
2010-08-28,0.669
2010-08-29,0.666
2010-08-30,0.596
2010-08-31,0.525
2010-09-01,0.527
2010-09-02,0.611
2010-09-03,0.696
2010-09-04,0.713
2010-09-05,0.704
2010-09-06,0.694
2010-09-07,0.624
2010-09-08,0.575
2010-09-09,0.608
2010-09-10,0.649
2010-09-11,0.654
2010-09-12,0.658
2010-09-13,0.712
2010-09-14,0.765
2010-09-15,0.789
2010-09-16,0.818
2010-09-17,0.808
2010-09-18,0.795
2010-09-19,0.787
2010-09-20,0.777
2010-09-21,0.829
2010-09-22,0.934
2010-09-23,0.964
2010-09-24,0.97
2010-09-25,0.967
2010-09-26,0.955
2010-09-27,0.943
2010-09-28,0.943
2010-09-29,0.943
2010-09-30,0.938
2010-10-01,0.929
2010-10-02,0.919
2010-10-03,0.911
2010-10-04,0.899
2010-10-05,0.888
2010-10-06,0.873
2010-10-07,0.847
2010-10-08,0.779
2010-10-09,0.725
2010-10-10,0.721
2010-10-11,0.719
2010-10-12,0.761
2010-10-13,0.816
2010-10-14,0.813
2010-10-15,0.771
2010-10-16,0.736
2010-10-17,0.723
2010-10-18,0.643
2010-10-19,0.576
2010-10-20,0.567
2010-10-21,0.573
2010-10-22,0.573
2010-10-23,0.577
2010-10-24,0.595
2010-10-25,0.62
2010-10-26,0.648
2010-10-27,0.684
2010-10-28,0.719
2010-10-29,0.856
2010-10-30,0.967
2010-10-31,0.979
2010-11-01,0.983
2010-11-02,1.037
2010-11-03,1.066
2010-11-04,1.055
2010-11-05,1.044
2010-11-06,1.023
2010-11-07,1.006
2010-11-08,0.958
2010-11-09,0.894
2010-11-10,0.89
2010-11-11,0.888
2010-11-12,0.883
2010-11-13,0.881
2010-11-14,0.877
2010-11-15,0.869
2010-11-16,0.866
2010-11-17,0.883
2010-11-18,0.889
2010-11-19,0.892
2010-11-20,0.893
2010-11-21,0.889
2010-11-22,0.891
2010-11-23,0.924
2010-11-24,0.966
2010-11-25,0.981
2010-11-26,1.005
2010-11-27,1.038
2010-11-28,1.044
2010-11-29,1.116
2010-11-30,1.236
2010-12-01,1.441
2010-12-02,1.763
2010-12-03,1.841
2010-12-04,1.781
2010-12-05,1.725
2010-12-06,1.677
2010-12-07,1.534
2010-12-08,1.329
2010-12-09,1.264
2010-12-10,1.082
2010-12-11,0.958
2010-12-12,0.968
2010-12-13,0.98
2010-12-14,0.985
2010-12-15,0.985
2010-12-16,0.983
2010-12-17,0.979
2010-12-18,0.975
2010-12-19,0.97
2010-12-20,0.964
2010-12-21,0.958
2010-12-22,0.916
2010-12-23,0.878
2010-12-24,0.879
2010-12-25,0.878
2010-12-26,0.876
2010-12-27,0.873
2010-12-28,0.869
2010-12-29,0.866
2010-12-30,0.863
2010-12-31,0.86
2011-01-01,0.876
2011-01-02,0.917
2011-01-03,0.949
2011-01-04,1.043
2011-01-05,1.186
2011-01-06,1.198
2011-01-07,1.185
2011-01-08,1.164
2011-01-09,1.144
2011-01-10,1.128
2011-01-11,1.061
2011-01-12,0.975
2011-01-13,0.974
2011-01-14,0.967
2011-01-15,0.961
2011-01-16,0.956
2011-01-17,0.959
2011-01-18,0.96
2011-01-19,0.914
2011-01-20,0.868
2011-01-21,0.86
2011-01-22,0.855
2011-01-23,0.852
2011-01-24,0.847
2011-01-25,0.842
2011-01-26,0.838
2011-01-27,0.835
2011-01-28,0.87
2011-01-29,0.893
2011-01-30,0.881
2011-01-31,0.87
2011-02-01,0.86
2011-02-02,0.859
2011-02-03,0.852
2011-02-04,0.843
2011-02-05,0.835
2011-02-06,0.829
2011-02-07,0.826
2011-02-08,0.821
2011-02-09,0.818
2011-02-10,0.816
2011-02-11,0.815
2011-02-12,0.812
2011-02-13,0.807
2011-02-14,0.806
2011-02-15,0.802
2011-02-16,0.796
2011-02-17,0.829
2011-02-18,0.854
2011-02-19,0.857
2011-02-20,0.857
2011-02-21,0.853
2011-02-22,0.846
2011-02-23,0.841
2011-02-24,0.847
2011-02-25,0.849
2011-02-26,0.836
2011-02-27,0.829
2011-02-28,0.825
2011-03-01,0.821
2011-03-02,0.814
2011-03-03,0.827
2011-03-04,0.838
2011-03-05,0.838
2011-03-06,0.842
2011-03-07,0.832
2011-03-08,0.825
2011-03-09,0.823
2011-03-10,0.882
2011-03-11,0.954
2011-03-12,0.948
2011-03-13,0.942
2011-03-14,0.932
2011-03-15,0.924
2011-03-16,0.918
2011-03-17,0.966
2011-03-18,1.075
2011-03-19,1.127
2011-03-20,1.129
2011-03-21,1.126
2011-03-22,1.112
2011-03-23,1.097
2011-03-24,1.099
2011-03-25,1.085
2011-03-26,1.057
2011-03-27,1.034
2011-03-28,0.994
2011-03-29,0.934
2011-03-30,0.902
2011-03-31,0.903
2011-04-01,0.908
2011-04-02,0.913
2011-04-03,0.922
2011-04-04,0.941
2011-04-05,0.969
2011-04-06,0.985
2011-04-07,0.998
2011-04-08,1.014
2011-04-09,1.035
2011-04-10,1.077
2011-04-11,1.184
2011-04-12,1.304
2011-04-13,1.379
2011-04-14,1.553
2011-04-15,1.692
2011-04-16,1.716
2011-04-17,1.732
2011-04-18,1.665
2011-04-19,1.506
2011-04-20,1.383
2011-04-21,1.34
2011-04-22,1.362
2011-04-23,1.381
2011-04-24,1.393
2011-04-25,1.399
2011-04-26,1.397
2011-04-27,1.411
2011-04-28,1.47
2011-04-29,1.616
2011-04-30,1.678
2011-05-01,1.659
2011-05-02,1.63
2011-05-03,1.506
2011-05-04,1.422
2011-05-05,1.276
2011-05-06,1.118
2011-05-07,1.124
2011-05-08,1.122
2011-05-09,1.109
2011-05-10,1.099
2011-05-11,0.98
2011-05-12,0.887
2011-05-13,0.883
2011-05-14,0.903
2011-05-15,0.934
2011-05-16,0.942
2011-05-17,0.949
2011-05-18,1.029
2011-05-19,1.069
2011-05-20,1.057
2011-05-21,1.051
2011-05-22,1.044
2011-05-23,1.062
2011-05-24,1.223
2011-05-25,1.366
2011-05-26,1.529
2011-05-27,1.672
2011-05-28,1.718
2011-05-29,1.695
2011-05-30,1.653
2011-05-31,1.537
2011-06-01,1.359
2011-06-02,1.249
2011-06-03,1.103
2011-06-04,1.076
2011-06-05,1.085
2011-06-06,1.082
2011-06-07,1.075
2011-06-08,1.014
2011-06-09,0.961
2011-06-10,0.96
2011-06-11,0.952
2011-06-12,0.943
2011-06-13,0.883
2011-06-14,0.807
2011-06-15,0.797
2011-06-16,0.715
2011-06-17,0.657
2011-06-18,0.663
2011-06-19,0.663
2011-06-20,0.666
2011-06-21,0.669
2011-06-22,0.674
2011-06-23,0.682
2011-06-24,0.729
2011-06-25,0.754
2011-06-26,0.746
2011-06-27,0.736
2011-06-28,0.773
2011-06-29,0.795
2011-06-30,0.791
2011-07-01,0.785
2011-07-02,0.778
2011-07-03,0.772
2011-07-04,0.741
2011-07-05,0.703
2011-07-06,0.704
2011-07-07,0.7
2011-07-08,0.693
2011-07-09,0.689
2011-07-10,0.681
2011-07-11,0.679
2011-07-12,0.677
2011-07-13,0.636
2011-07-14,0.606
2011-07-15,0.6
2011-07-16,0.594
2011-07-17,0.589
2011-07-18,0.615
2011-07-19,0.618
2011-07-20,0.612
2011-07-21,0.606
2011-07-22,0.602
2011-07-23,0.596
2011-07-24,0.591
2011-07-25,0.607
2011-07-26,0.606
2011-07-27,0.598
2011-07-28,0.59
2011-07-29,0.588
2011-07-30,0.585
2011-07-31,0.58
2011-08-01,0.575
2011-08-02,0.567
2011-08-03,0.57
2011-08-04,0.571
2011-08-05,0.569
2011-08-06,0.566
2011-08-07,0.575
2011-08-08,0.613
2011-08-09,0.654
2011-08-10,0.688
2011-08-11,0.725
2011-08-12,0.723
2011-08-13,0.72
2011-08-14,0.721
2011-08-15,0.689
2011-08-16,0.654
2011-08-17,0.646
2011-08-18,0.609
2011-08-19,0.58
2011-08-20,0.58
2011-08-21,0.582
2011-08-22,0.579
2011-08-23,0.575
2011-08-24,0.575
2011-08-25,0.593
2011-08-26,0.594
2011-08-27,0.595
2011-08-28,0.597
2011-08-29,0.619
2011-08-30,0.649
2011-08-31,0.65
2011-09-01,0.647
2011-09-02,0.643
2011-09-03,0.642
2011-09-04,0.642
2011-09-05,0.641
2011-09-06,0.632
2011-09-07,0.626
2011-09-08,0.614
2011-09-09,0.613
2011-09-10,0.61
2011-09-11,0.605
2011-09-12,0.601
2011-09-13,0.599
2011-09-14,0.595
2011-09-15,0.591
2011-09-16,0.586
2011-09-17,0.584
2011-09-18,0.582
2011-09-19,0.557
2011-09-20,0.546
2011-09-21,0.542
2011-09-22,0.559
2011-09-23,0.582
2011-09-24,0.583
2011-09-25,0.581
2011-09-26,0.625
2011-09-27,0.66
2011-09-28,0.66
2011-09-29,0.66
2011-09-30,0.674
2011-10-01,0.676
2011-10-02,0.665
2011-10-03,0.71
2011-10-04,0.759
2011-10-05,0.78
2011-10-06,0.8
2011-10-07,0.786
2011-10-08,0.773
2011-10-09,0.76
2011-10-10,0.748
2011-10-11,0.736
2011-10-12,0.726
2011-10-13,0.72
2011-10-14,0.723
2011-10-15,0.732
2011-10-16,0.751
2011-10-17,0.827
2011-10-18,0.971
2011-10-19,0.952
2011-10-20,0.956
2011-10-21,0.972
2011-10-22,0.974
2011-10-23,0.973
2011-10-24,0.976
2011-10-25,0.983
2011-10-26,0.979
2011-10-27,0.969
2011-10-28,0.957
2011-10-29,0.944
2011-10-30,0.931
2011-10-31,0.875
2011-11-01,0.815
2011-11-02,0.813
2011-11-03,0.817
2011-11-04,0.772
2011-11-05,0.742
2011-11-06,0.74
2011-11-07,0.739
2011-11-08,0.74
2011-11-09,0.745
2011-11-10,0.748
2011-11-11,0.753
2011-11-12,0.753
2011-11-13,0.755
2011-11-14,0.764
2011-11-15,0.804
2011-11-16,0.823
2011-11-17,0.816
2011-11-18,0.81
2011-11-19,0.803
2011-11-20,0.814
2011-11-21,0.816
2011-11-22,0.726
2011-11-23,0.667
2011-11-24,0.678
2011-11-25,0.691
2011-11-26,0.702
2011-11-27,0.724
2011-11-28,0.934
2011-11-29,1.08
2011-11-30,1.124
2011-12-01,1.137
2011-12-02,1.135
2011-12-03,1.12
2011-12-04,1.125
2011-12-05,1.275
2011-12-06,1.389
2011-12-07,1.389
2011-12-08,1.422
2011-12-09,1.442
2011-12-10,1.409
2011-12-11,1.371
2011-12-12,1.308
2011-12-13,1.269
2011-12-14,1.249
2011-12-15,1.259
2011-12-16,1.291
2011-12-17,1.299
2011-12-18,1.299
2011-12-19,1.428
2011-12-20,1.501
2011-12-21,1.344
2011-12-22,1.126
2011-12-23,1.125
2011-12-24,1.112
2011-12-25,1.095
2011-12-26,1.079
2011-12-27,1.065
2011-12-28,0.976
2011-12-29,0.902
2011-12-30,0.881
2011-12-31,0.851
2012-01-01,0.854
2012-01-02,0.87
2012-01-03,0.873
2012-01-04,0.872
2012-01-05,0.871
2012-01-06,0.87
2012-01-07,0.869
2012-01-08,0.865
2012-01-09,0.862
2012-01-10,0.863
2012-01-11,0.859
2012-01-12,0.858
2012-01-13,0.858
2012-01-14,0.851
2012-01-15,0.845
2012-01-16,0.839
2012-01-17,0.837
2012-01-18,0.841
2012-01-19,0.837
2012-01-20,0.837
2012-01-21,0.83
2012-01-22,0.825
2012-01-23,0.825
2012-01-24,0.837
2012-01-25,0.842
2012-01-26,0.844
2012-01-27,0.849
2012-01-28,0.853
2012-01-29,0.861
2012-01-30,0.862
2012-01-31,0.861
2012-02-01,0.86
2012-02-02,0.859
2012-02-03,0.883
2012-02-04,0.929
2012-02-05,0.919
2012-02-06,0.909
2012-02-07,0.901
2012-02-08,0.889
2012-02-09,0.88
2012-02-10,0.873
2012-02-11,0.866
2012-02-12,0.857
2012-02-13,0.848
2012-02-14,0.841
2012-02-15,0.834
2012-02-16,0.83
2012-02-17,0.828
2012-02-18,0.824
2012-02-19,0.819
2012-02-20,0.815
2012-02-21,0.811
2012-02-22,0.812
2012-02-23,0.824
2012-02-24,0.831
2012-02-25,0.828
2012-02-26,0.816
2012-02-27,0.808
2012-02-28,0.83
2012-02-29,0.853
2012-03-01,0.845
2012-03-02,0.858
2012-03-03,0.873
2012-03-04,0.859
2012-03-05,0.845
2012-03-06,0.835
2012-03-07,0.826
2012-03-08,0.84
2012-03-09,0.934
2012-03-10,0.988
2012-03-11,0.984
2012-03-12,1.072
2012-03-13,1.158
2012-03-14,1.217
2012-03-15,1.363
2012-03-16,1.549
2012-03-17,1.644
2012-03-18,1.734
2012-03-19,1.876
2012-03-20,2.034
2012-03-21,2.193
2012-03-22,2.249
2012-03-23,2.252
2012-03-24,2.248
2012-03-25,2.206
2012-03-26,2.041
2012-03-27,1.562
2012-03-28,1.34
2012-03-29,1.305
2012-03-30,1.26
2012-03-31,1.206
2012-04-01,1.178
2012-04-02,1.074
2012-04-03,0.993
2012-04-04,0.972
2012-04-05,0.936
2012-04-06,0.933
2012-04-07,0.929
2012-04-08,0.926
2012-04-09,0.92
2012-04-10,0.918
2012-04-11,0.865
2012-04-12,0.652
2012-04-13,0.547
2012-04-14,0.567
2012-04-15,0.589
2012-04-16,0.654
2012-04-17,0.713
2012-04-18,0.722
2012-04-19,0.725
2012-04-20,0.743
2012-04-21,0.763
2012-04-22,0.772
2012-04-23,0.782
2012-04-24,0.869
2012-04-25,0.91
2012-04-26,0.906
2012-04-27,0.904
2012-04-28,0.901
2012-04-29,0.902
2012-04-30,0.903
2012-05-01,0.903
2012-05-02,0.905
2012-05-03,0.948
2012-05-04,0.982
2012-05-05,0.988
2012-05-06,0.986
2012-05-07,0.983
2012-05-08,0.979
2012-05-09,0.975
2012-05-10,0.97
2012-05-11,0.957
2012-05-12,0.945
2012-05-13,0.936
2012-05-14,0.923
2012-05-15,0.909
2012-05-16,0.852
2012-05-17,0.786
2012-05-18,0.781
2012-05-19,0.778
2012-05-20,0.774
2012-05-21,0.769
2012-05-22,0.768
2012-05-23,0.76
2012-05-24,0.753
2012-05-25,0.747
2012-05-26,0.74
2012-05-27,0.732
2012-05-28,0.724
2012-05-29,0.716
2012-05-30,0.641
2012-05-31,0.589
2012-06-01,0.598
2012-06-02,0.618
2012-06-03,0.632
2012-06-04,0.644
2012-06-05,0.648
2012-06-06,0.655
2012-06-07,0.707
2012-06-08,0.77
2012-06-09,0.765
2012-06-10,0.758
2012-06-11,0.75
2012-06-12,0.748
2012-06-13,0.742
2012-06-14,0.731
2012-06-15,0.721
2012-06-16,0.712
2012-06-17,0.702
2012-06-18,0.635
2012-06-19,0.605
2012-06-20,0.61
2012-06-21,0.611
2012-06-22,0.612
2012-06-23,0.61
2012-06-24,0.609
2012-06-25,0.612
2012-06-26,0.604
2012-06-27,0.599
2012-06-28,0.595
2012-06-29,0.59
2012-06-30,0.584
2012-07-01,0.583
2012-07-02,0.582
2012-07-03,0.577
2012-07-04,0.575
2012-07-05,0.571
2012-07-06,0.565
2012-07-07,0.561
2012-07-08,0.558
2012-07-09,0.55
2012-07-10,0.547
2012-07-11,0.543
2012-07-12,0.54
2012-07-13,0.536
2012-07-14,0.532
2012-07-15,0.528
2012-07-16,0.527
2012-07-17,0.527
2012-07-18,0.524
2012-07-19,0.52
2012-07-20,0.518
2012-07-21,0.517
2012-07-22,0.517
2012-07-23,0.515
2012-07-24,0.514
2012-07-25,0.513
2012-07-26,0.514
2012-07-27,0.513
2012-07-28,0.512
2012-07-29,0.511
2012-07-30,0.511
2012-07-31,0.511
2012-08-01,0.51
2012-08-02,0.51
2012-08-03,0.509
2012-08-04,0.509
2012-08-05,0.509
2012-08-06,0.508
2012-08-07,0.507
2012-08-08,0.506
2012-08-09,0.506
2012-08-10,0.507
2012-08-11,0.509
2012-08-12,0.508
2012-08-13,0.507
2012-08-14,0.508
2012-08-15,0.507
2012-08-16,0.507
2012-08-17,0.507
2012-08-18,0.507
2012-08-19,0.506
2012-08-20,0.505
2012-08-21,0.505
2012-08-22,0.504
2012-08-23,0.504
2012-08-24,0.504
2012-08-25,0.504
2012-08-26,0.504
2012-08-27,0.504
2012-08-28,0.504
2012-08-29,0.503
2012-08-30,0.504
2012-08-31,0.503
2012-09-01,0.502
2012-09-02,0.502
2012-09-03,0.502
2012-09-04,0.502
2012-09-05,0.502
2012-09-06,0.502
2012-09-07,0.502
2012-09-08,0.505
2012-09-09,0.504
2012-09-10,0.505
2012-09-11,0.506
2012-09-12,0.507
2012-09-13,0.511
2012-09-14,0.552
2012-09-15,0.594
2012-09-16,0.599
2012-09-17,0.603
2012-09-18,0.624
2012-09-19,0.728
2012-09-20,0.795
2012-09-21,0.778
2012-09-22,0.768
2012-09-23,0.756
2012-09-24,0.744
2012-09-25,0.735
2012-09-26,0.726
2012-09-27,0.717
2012-09-28,0.707
2012-09-29,0.699
2012-09-30,0.694
2012-10-01,0.686
2012-10-02,0.68
2012-10-03,0.686
2012-10-04,0.69
2012-10-05,0.692
2012-10-06,0.692
2012-10-07,0.69
2012-10-08,0.687
2012-10-09,0.682
2012-10-10,0.68
2012-10-11,0.681
2012-10-12,0.682
2012-10-13,0.679
2012-10-14,0.698
2012-10-15,0.729
2012-10-16,0.838
2012-10-17,0.997
2012-10-18,1.012
2012-10-19,1.021
2012-10-20,1.021
2012-10-21,1.018
2012-10-22,1.008
2012-10-23,0.995
2012-10-24,0.978
2012-10-25,0.938
2012-10-26,0.862
2012-10-27,0.801
2012-10-28,0.816
2012-10-29,0.874
2012-10-30,0.934
2012-10-31,0.967
2012-11-01,0.996
2012-11-02,1.003
2012-11-03,1.01
2012-11-04,1.014
2012-11-05,1.016
2012-11-06,1.015
2012-11-07,1.01
2012-11-08,1.002
2012-11-09,0.991
2012-11-10,0.982
2012-11-11,0.986
2012-11-12,0.991
2012-11-13,1.02
2012-11-14,1.035
2012-11-15,1.04
2012-11-16,1.042
2012-11-17,1.042
2012-11-18,1.037
2012-11-19,1.029
2012-11-20,1.018
2012-11-21,1.007
2012-11-22,0.954
2012-11-23,0.926
2012-11-24,0.928
2012-11-25,0.924
2012-11-26,0.921
2012-11-27,0.914
2012-11-28,0.908
2012-11-29,0.903
2012-11-30,0.893
2012-12-01,0.884
2012-12-02,0.888
2012-12-03,0.903
2012-12-04,0.917
2012-12-05,0.934
2012-12-06,0.943
2012-12-07,0.953
2012-12-08,0.963
2012-12-09,0.972
2012-12-10,0.978
2012-12-11,0.976
2012-12-12,0.973
2012-12-13,0.969
2012-12-14,0.96
2012-12-15,0.951
2012-12-16,0.944
2012-12-17,0.939
2012-12-18,0.943
2012-12-19,0.955
2012-12-20,0.959
2012-12-21,0.967
2012-12-22,0.97
2012-12-23,0.965
2012-12-24,0.957
2012-12-25,0.947
2012-12-26,0.936
2012-12-27,0.928
2012-12-28,0.914
2012-12-29,0.901
2012-12-30,0.889
2012-12-31,0.879
2013-01-01,0.869
2013-01-02,0.863
2013-01-03,0.855
2013-01-04,0.847
2013-01-05,0.84
2013-01-06,0.836
2013-01-07,0.829
2013-01-08,0.823
2013-01-09,0.836
2013-01-10,0.817
2013-01-11,0.839
2013-01-12,0.877
2013-01-13,0.888
2013-01-14,0.918
2013-01-15,0.934
2013-01-16,0.942
2013-01-17,0.949
2013-01-18,0.951
2013-01-19,0.957
2013-01-20,0.97
2013-01-21,0.969
2013-01-22,0.966
2013-01-23,0.956
2013-01-24,0.945
2013-01-25,0.932
2013-01-26,0.919
2013-01-27,0.906
2013-01-28,0.902
2013-01-29,0.923
2013-01-30,1.01
2013-01-31,1.113
2013-02-01,1.247
2013-02-02,1.271
2013-02-03,1.291
2013-02-04,1.304
2013-02-05,1.306
2013-02-06,1.296
2013-02-07,1.273
2013-02-08,1.259
2013-02-09,1.231
2013-02-10,1.196
2013-02-11,1.171
2013-02-12,1.146
2013-02-13,1.122
2013-02-14,1.097
2013-02-15,1.083
2013-02-16,1.053
2013-02-17,1.029
2013-02-18,1.008
2013-02-19,0.997
2013-02-20,0.982
2013-02-21,0.962
2013-02-22,0.946
2013-02-23,0.934
2013-02-24,0.925
2013-02-25,0.917
2013-02-26,0.91
2013-02-27,0.9
2013-02-28,0.86
2013-03-01,0.796
2013-03-02,0.793
2013-03-03,0.792
2013-03-04,0.791
2013-03-05,0.79
2013-03-06,0.786
2013-03-07,0.78
2013-03-08,0.826
2013-03-09,0.872
2013-03-10,0.884
2013-03-11,0.902
2013-03-12,0.985
2013-03-13,1.008
2013-03-14,1.022
2013-03-15,1.06
2013-03-16,1.066
2013-03-17,1.058
2013-03-18,1.057
2013-03-19,1.054
2013-03-20,1.044
2013-03-21,1.035
2013-03-22,1.022
2013-03-23,1.033
2013-03-24,1.02
2013-03-25,0.997
2013-03-26,0.967
2013-03-27,0.953
2013-03-28,0.945
2013-03-29,0.936
2013-03-30,0.934
2013-03-31,0.942
2013-04-01,0.954
2013-04-02,0.961
2013-04-03,0.963
2013-04-04,0.967
2013-04-05,0.968
2013-04-06,0.967
2013-04-07,0.981
2013-04-08,1.005
2013-04-09,1.075
2013-04-10,1.152
2013-04-11,1.202
2013-04-12,1.295
2013-04-13,1.445
2013-04-14,1.442
2013-04-15,1.43
2013-04-16,1.508
2013-04-17,1.698
2013-04-18,2.01
2013-04-19,2.592
2013-04-20,2.854
2013-04-21,2.916
2013-04-22,3.021
2013-04-23,3.096
2013-04-24,3.066
2013-04-25,2.929
2013-04-26,2.742
2013-04-27,2.555
2013-04-28,2.394
2013-04-29,2.258
2013-04-30,2.085
2013-05-01,1.953
2013-05-02,1.755
2013-05-03,1.621
2013-05-04,1.449
2013-05-05,1.393
2013-05-06,1.269
2013-05-07,1.105
2013-05-08,1.037
2013-05-09,0.86
2013-05-10,0.928
2013-05-11,0.97
2013-05-12,0.977
2013-05-13,1.027
2013-05-14,1.07
2013-05-15,1.085
2013-05-16,1.095
2013-05-17,1.078
2013-05-18,1.055
2013-05-19,1.039
2013-05-20,1.024
2013-05-21,1.066
2013-05-22,1.186
2013-05-23,1.309
2013-05-24,1.351
2013-05-25,1.315
2013-05-26,1.29
2013-05-27,1.239
2013-05-28,1.201
2013-05-29,1.208
2013-05-30,1.2
2013-05-31,1.185
2013-06-01,1.195
2013-06-02,1.22
2013-06-03,1.21
2013-06-04,1.204
2013-06-05,1.197
2013-06-06,1.217
2013-06-07,1.232
2013-06-08,1.217
2013-06-09,1.197
2013-06-10,1.058
2013-06-11,0.95
2013-06-12,0.954
2013-06-13,0.959
2013-06-14,0.962
2013-06-15,0.956
2013-06-16,0.973
2013-06-17,0.994
2013-06-18,0.987
2013-06-19,0.97
2013-06-20,0.893
2013-06-21,0.852
2013-06-22,0.848
2013-06-23,0.845
2013-06-24,0.841
2013-06-25,0.841
2013-06-26,0.813
2013-06-27,0.782
2013-06-28,0.791
2013-06-29,0.789
2013-06-30,0.784
2013-07-01,0.78
2013-07-02,0.712
2013-07-03,0.678
2013-07-04,0.684
2013-07-05,0.689
2013-07-06,0.691
2013-07-07,0.692
2013-07-08,0.694
2013-07-09,0.695
2013-07-10,0.696
2013-07-11,0.699
2013-07-12,0.694
2013-07-13,0.691
2013-07-14,0.687
2013-07-15,0.683
2013-07-16,0.679
2013-07-17,0.674
2013-07-18,0.672
2013-07-19,0.705
2013-07-20,0.761
2013-07-21,0.756
2013-07-22,0.745
2013-07-23,0.733
2013-07-24,0.717
2013-07-25,0.701
2013-07-26,0.689
2013-07-27,0.679
2013-07-28,0.684
2013-07-29,0.683
2013-07-30,0.683
2013-07-31,0.678
2013-08-01,0.685
2013-08-02,0.688
2013-08-03,0.699
2013-08-04,0.697
2013-08-05,0.687
2013-08-06,0.683
2013-08-07,0.69
2013-08-08,0.707
2013-08-09,0.712
2013-08-10,0.705
2013-08-11,0.697
2013-08-12,0.689
2013-08-13,0.681
2013-08-14,0.675
2013-08-15,0.664
2013-08-16,0.66
2013-08-17,0.655
2013-08-18,0.65
2013-08-19,0.644
2013-08-20,0.639
2013-08-21,0.635
2013-08-22,0.639
2013-08-23,0.634
2013-08-24,0.627
2013-08-25,0.625
2013-08-26,0.658
2013-08-27,0.743
2013-08-28,0.821
2013-08-29,0.815
2013-08-30,0.808
2013-08-31,0.805
2013-09-01,0.796
2013-09-02,0.786
2013-09-03,0.7
2013-09-04,0.631
2013-09-05,0.597
2013-09-06,0.553
2013-09-07,0.559
2013-09-08,0.565
2013-09-09,0.566
2013-09-10,0.585
2013-09-11,0.596
2013-09-12,0.613
2013-09-13,0.647
2013-09-14,0.672
2013-09-15,0.663
2013-09-16,0.666
2013-09-17,0.697
2013-09-18,0.752
2013-09-19,0.746
2013-09-20,0.816
2013-09-21,0.89
2013-09-22,0.89
2013-09-23,0.884
2013-09-24,0.875
2013-09-25,0.868
2013-09-26,0.859
2013-09-27,0.85
2013-09-28,0.842
2013-09-29,0.833
2013-09-30,0.804
2013-10-01,0.778
2013-10-02,0.778
2013-10-03,0.776
2013-10-04,0.776
2013-10-05,0.771
2013-10-06,0.773
2013-10-07,0.815
2013-10-08,0.857
2013-10-09,0.932
2013-10-10,0.99
2013-10-11,0.987
2013-10-12,0.982
2013-10-13,0.98
2013-10-14,0.975
2013-10-15,0.966
2013-10-16,0.97
2013-10-17,0.978
2013-10-18,1.081
2013-10-19,1.129
2013-10-20,1.122
2013-10-21,1.117
2013-10-22,1.14
2013-10-23,1.177
2013-10-24,1.241
2013-10-25,1.337
2013-10-26,1.336
2013-10-27,1.446
2013-10-28,1.533
2013-10-29,1.501
2013-10-30,1.461
2013-10-31,1.452
2013-11-01,1.585
2013-11-02,1.727
2013-11-03,1.724
2013-11-04,1.72
2013-11-05,1.706
2013-11-06,1.692
2013-11-07,1.709
2013-11-08,1.641
2013-11-09,1.572
2013-11-10,1.579
2013-11-11,1.579
2013-11-12,1.571
2013-11-13,1.539
2013-11-14,1.502
2013-11-15,1.444
2013-11-16,1.399
2013-11-17,1.39
2013-11-18,1.429
2013-11-19,1.459
2013-11-20,1.447
2013-11-21,1.433
2013-11-22,1.424
2013-11-23,1.414
2013-11-24,1.388
2013-11-25,1.319
2013-11-26,1.207
2013-11-27,1.187
2013-11-28,1.174
2013-11-29,1.085
2013-11-30,0.996
2013-12-01,0.995
2013-12-02,0.996
2013-12-03,0.995
2013-12-04,0.997
2013-12-05,1.004
2013-12-06,1.009
2013-12-07,1.008
2013-12-08,1.005
2013-12-09,0.989
2013-12-10,0.972
2013-12-11,0.973
2013-12-12,0.967
2013-12-13,0.964
2013-12-14,0.956
2013-12-15,0.952
2013-12-16,0.946
2013-12-17,0.911
2013-12-18,0.884
2013-12-19,0.886
2013-12-20,0.89
2013-12-21,0.895
2013-12-22,0.905
2013-12-23,0.908
2013-12-24,0.906
2013-12-25,0.904
2013-12-26,0.903
2013-12-27,0.902
2013-12-28,0.899
2013-12-29,0.896
2013-12-30,0.892
2013-12-31,0.89
2014-01-01,0.887
2014-01-02,0.882
2014-01-03,0.877
2014-01-04,0.871
2014-01-05,0.87
2014-01-06,0.876
2014-01-07,0.877
2014-01-08,0.879
2014-01-09,0.875
2014-01-10,0.87
2014-01-11,0.878
2014-01-12,0.89
2014-01-13,0.932
2014-01-14,0.97
2014-01-15,0.974
2014-01-16,0.978
2014-01-17,0.982
2014-01-18,0.984
2014-01-19,0.986
2014-01-20,1.023
2014-01-21,1.05
2014-01-22,1.037
2014-01-23,1.023
2014-01-24,1.009
2014-01-25,0.998
2014-01-26,0.987
2014-01-27,0.979
2014-01-28,0.971
2014-01-29,0.965
2014-01-30,0.959
2014-01-31,0.951
2014-02-01,0.947
2014-02-02,0.945
2014-02-03,0.95
2014-02-04,0.969
2014-02-05,0.956
2014-02-06,0.945
2014-02-07,0.938
2014-02-08,0.93
2014-02-09,0.925
2014-02-10,0.919
2014-02-11,0.912
2014-02-12,0.907
2014-02-13,0.9
2014-02-14,0.895
2014-02-15,0.89
2014-02-16,0.886
2014-02-17,0.882
2014-02-18,0.88
2014-02-19,0.874
2014-02-20,0.872
2014-02-21,0.882
2014-02-22,0.889
2014-02-23,0.893
2014-02-24,0.894
2014-02-25,0.894
2014-02-26,0.895
2014-02-27,0.896
2014-02-28,0.895
2014-03-01,0.896
2014-03-02,0.897
2014-03-03,0.895
2014-03-04,0.893
2014-03-05,0.893
2014-03-06,0.89
2014-03-07,0.892
2014-03-08,0.893
2014-03-09,0.887
2014-03-10,0.885
2014-03-11,0.882
2014-03-12,0.881
2014-03-13,0.878
2014-03-14,0.875
2014-03-15,0.877
2014-03-16,0.877
2014-03-17,0.875
2014-03-18,0.873
2014-03-19,0.875
2014-03-20,0.937
2014-03-21,0.96
2014-03-22,0.952
2014-03-23,0.945
2014-03-24,0.937
2014-03-25,0.996
2014-03-26,1.03
2014-03-27,1.025
2014-03-28,1.063
2014-03-29,1.08
2014-03-30,1.065
2014-03-31,1.055
2014-04-01,1.048
2014-04-02,1.046
2014-04-03,1.042
2014-04-04,1.061
2014-04-05,1.091
2014-04-06,1.102
2014-04-07,1.134
2014-04-08,1.197
2014-04-09,1.265
2014-04-10,1.383
2014-04-11,1.523
2014-04-12,1.651
2014-04-13,1.762
2014-04-14,1.946
2014-04-15,2.116
2014-04-16,2.17
2014-04-17,2.243
2014-04-18,2.313
2014-04-19,2.363
2014-04-20,2.344
2014-04-21,2.291
2014-04-22,2.357
2014-04-23,2.446
2014-04-24,2.453
2014-04-25,2.386
2014-04-26,2.317
2014-04-27,2.304
2014-04-28,2.164
2014-04-29,2.027
2014-04-30,1.948
2014-05-01,1.941
2014-05-02,1.906
2014-05-03,1.887
2014-05-04,1.935
2014-05-05,1.94
2014-05-06,1.913
2014-05-07,1.731
2014-05-08,1.571
2014-05-09,1.543
2014-05-10,1.533
2014-05-11,1.515
2014-05-12,1.499
2014-05-13,1.505
2014-05-14,1.574
2014-05-15,1.622
2014-05-16,1.703
2014-05-17,1.685
2014-05-18,1.66
2014-05-19,1.628
2014-05-20,1.543
2014-05-21,1.386
2014-05-22,1.322
2014-05-23,1.319
2014-05-24,1.315
2014-05-25,1.307
2014-05-26,1.26
2014-05-27,1.112
2014-05-28,0.999
2014-05-29,1.009
2014-05-30,1.007
2014-05-31,0.992
2014-06-01,0.981
2014-06-02,0.973
2014-06-03,0.973
2014-06-04,0.97
2014-06-05,0.962
2014-06-06,0.85
2014-06-07,0.711
2014-06-08,0.75
2014-06-09,0.857
2014-06-10,0.945
2014-06-11,0.959
2014-06-12,0.985
2014-06-13,1.097
2014-06-14,1.223
2014-06-15,1.2
2014-06-16,1.276
2014-06-17,1.327
2014-06-18,1.404
2014-06-19,1.436
2014-06-20,1.422
2014-06-21,1.405
2014-06-22,1.376
2014-06-23,1.292
2014-06-24,1.257
2014-06-25,1.328
2014-06-26,1.349
2014-06-27,1.27
2014-06-28,1.216
2014-06-29,1.201
2014-06-30,1.184
2014-07-01,1.144
2014-07-02,1.134
2014-07-03,1.054
2014-07-04,1.006
2014-07-05,1.002
2014-07-06,0.999
2014-07-07,0.978
2014-07-08,0.943
2014-07-09,0.947
2014-07-10,0.945
2014-07-11,0.938
2014-07-12,0.933
2014-07-13,0.948
2014-07-14,0.953
2014-07-15,0.958
2014-07-16,0.957
2014-07-17,0.953
2014-07-18,0.946
2014-07-19,0.941
2014-07-20,0.946
2014-07-21,0.959
2014-07-22,0.931
2014-07-23,0.905
2014-07-24,0.892
2014-07-25,0.861
2014-07-26,0.829
2014-07-27,0.836
2014-07-28,0.835
2014-07-29,0.83
2014-07-30,0.831
2014-07-31,0.832
2014-08-01,0.83
2014-08-02,0.827
2014-08-03,0.824
2014-08-04,0.818
2014-08-05,0.754
2014-08-06,0.636
2014-08-07,0.599
2014-08-08,0.577
2014-08-09,0.564
2014-08-10,0.566
2014-08-11,0.571
2014-08-12,0.584
2014-08-13,0.605
2014-08-14,0.65
2014-08-15,0.695
2014-08-16,0.71
2014-08-17,0.728
2014-08-18,0.799
2014-08-19,0.947
2014-08-20,0.97
2014-08-21,1.046
2014-08-22,1.155
2014-08-23,1.192
2014-08-24,1.189
2014-08-25,1.188
2014-08-26,1.185
2014-08-27,1.172
2014-08-28,1.148
2014-08-29,1.074
2014-08-30,1.021
2014-08-31,1.054
2014-09-01,1.049
2014-09-02,1.034
2014-09-03,1.022
2014-09-04,1.025
2014-09-05,1.039
2014-09-06,1.03
2014-09-07,1.014
2014-09-08,0.997
2014-09-09,0.894
2014-09-10,0.792
2014-09-11,0.84
2014-09-12,0.965
2014-09-13,1.07
2014-09-14,1.081
2014-09-15,1.086
2014-09-16,1.09
2014-09-17,1.088
2014-09-18,1.121
2014-09-19,1.125
2014-09-20,1.108
2014-09-21,1.175
2014-09-22,1.373
2014-09-23,1.623
2014-09-24,1.809
2014-09-25,1.811
2014-09-26,1.77
2014-09-27,1.729
2014-09-28,1.676
2014-09-29,1.61
2014-09-30,1.471
2014-10-01,1.376
2014-10-02,1.191
2014-10-03,1.086
2014-10-04,1.125
2014-10-05,1.127
2014-10-06,1.131
2014-10-07,1.143
2014-10-08,1.15
2014-10-09,1.164
2014-10-10,1.172
2014-10-11,1.171
2014-10-12,1.165
2014-10-13,1.156
2014-10-14,1.146
2014-10-15,1.175
2014-10-16,1.215
2014-10-17,1.383
2014-10-18,1.474
2014-10-19,1.447
2014-10-20,1.425
2014-10-21,1.43
2014-10-22,1.42
2014-10-23,1.402
2014-10-24,1.382
2014-10-25,1.356
2014-10-26,1.328
2014-10-27,1.229
2014-10-28,1.181
2014-10-29,1.295
2014-10-30,1.386
2014-10-31,1.392
2014-11-01,1.398
2014-11-02,1.387
2014-11-03,1.37
2014-11-04,1.359
2014-11-05,1.372
2014-11-06,1.379
2014-11-07,1.415
2014-11-08,1.431
2014-11-09,1.436
2014-11-10,1.437
2014-11-11,1.438
2014-11-12,1.442
2014-11-13,1.45
2014-11-14,1.448
2014-11-15,1.44
2014-11-16,1.432
2014-11-17,1.415
2014-11-18,1.408
2014-11-19,1.435
2014-11-20,1.453
2014-11-21,1.42
2014-11-22,1.387
2014-11-23,1.364
2014-11-24,1.48
2014-11-25,1.718
2014-11-26,1.842
2014-11-27,1.91
2014-11-28,1.923
2014-11-29,1.92
2014-11-30,1.89
2014-12-01,1.854
2014-12-02,1.791
2014-12-03,1.731
2014-12-04,1.505
2014-12-05,1.287
2014-12-06,1.284
2014-12-07,1.273
2014-12-08,1.26
2014-12-09,1.245
2014-12-10,1.182
2014-12-11,1.139
2014-12-12,1.13
2014-12-13,1.118
2014-12-14,1.107
2014-12-15,1.107
2014-12-16,1.106
2014-12-17,1.107
2014-12-18,1.102
2014-12-19,1.027
2014-12-20,0.962
2014-12-21,0.966
2014-12-22,0.962
2014-12-23,1.024
2014-12-24,1.089
2014-12-25,1.168
2014-12-26,1.232
2014-12-27,1.264
2014-12-28,1.295
2014-12-29,1.354
2014-12-30,1.369
2014-12-31,1.341
2015-01-01,1.339
2015-01-02,1.316
2015-01-03,1.291
2015-01-04,1.276
2015-01-05,1.251
2015-01-06,1.197
2015-01-07,1.144
2015-01-08,1.129
2015-01-09,1.119
2015-01-10,1.11
2015-01-11,1.1
2015-01-12,1.086
2015-01-13,1.073
2015-01-14,1.061
2015-01-15,1.05
2015-01-16,1.041
2015-01-17,1.029
2015-01-18,1.021
2015-01-19,1.014
2015-01-20,1.002
2015-01-21,0.992
2015-01-22,0.982
2015-01-23,0.972
2015-01-24,0.964
2015-01-25,0.957
2015-01-26,0.948
2015-01-27,0.939
2015-01-28,0.93
2015-01-29,0.925
2015-01-30,0.922
2015-01-31,0.913
2015-02-01,0.906
2015-02-02,0.901
2015-02-03,0.896
2015-02-04,0.892
2015-02-05,0.887
2015-02-06,0.882
2015-02-07,0.88
2015-02-08,0.879
2015-02-09,0.873
2015-02-10,0.868
2015-02-11,0.873
2015-02-12,0.885
2015-02-13,0.876
2015-02-14,0.873
2015-02-15,0.868
2015-02-16,0.861
2015-02-17,0.864
2015-02-18,0.877
2015-02-19,0.879
2015-02-20,0.867
2015-02-21,0.857
2015-02-22,0.847
2015-02-23,0.839
2015-02-24,0.832
2015-02-25,0.826
2015-02-26,0.821
2015-02-27,0.836
2015-02-28,0.839
2015-03-01,0.822
2015-03-02,0.809
2015-03-03,0.805
2015-03-04,0.805
2015-03-05,0.799
2015-03-06,0.795
2015-03-07,0.791
2015-03-08,0.788
2015-03-09,0.786
2015-03-10,0.784
2015-03-11,0.796
2015-03-12,0.793
2015-03-13,0.78
2015-03-14,0.775
2015-03-15,0.77
2015-03-16,0.76
2015-03-17,0.785
2015-03-18,0.809
2015-03-19,0.811
2015-03-20,0.813
2015-03-21,0.818
2015-03-22,0.821
2015-03-23,0.82
2015-03-24,0.817
2015-03-25,0.819
2015-03-26,0.823
2015-03-27,0.826
2015-03-28,0.825
2015-03-29,0.823
2015-03-30,0.863
2015-03-31,0.904
2015-04-01,0.92
2015-04-02,0.962
2015-04-03,0.979
2015-04-04,0.993
2015-04-05,0.998
2015-04-06,1.001
2015-04-07,1.001
2015-04-08,1.041
2015-04-09,1.116
2015-04-10,1.231
2015-04-11,1.335
2015-04-12,1.399
2015-04-13,1.492
2015-04-14,1.653
2015-04-15,1.773
2015-04-16,1.853
2015-04-17,1.95
2015-04-18,2.077
2015-04-19,2.151
2015-04-20,2.304
2015-04-21,2.524
2015-04-22,2.612
2015-04-23,2.64
2015-04-24,2.626
2015-04-25,2.569
2015-04-26,2.473
2015-04-27,2.265
2015-04-28,1.853
2015-04-29,1.599
2015-04-30,1.527
2015-05-01,1.411
2015-05-02,1.294
2015-05-03,1.293
2015-05-04,1.248
2015-05-05,1.195
2015-05-06,1.176
2015-05-07,1.161
2015-05-08,1.06
2015-05-09,0.999
2015-05-10,1.01
2015-05-11,1.027
2015-05-12,1.072
2015-05-13,1.084
2015-05-14,1.073
2015-05-15,1.064
2015-05-16,1.064
2015-05-17,1.064
2015-05-18,1.061
2015-05-19,1.054
2015-05-20,1.042
2015-05-21,1.003
2015-05-22,0.974
2015-05-23,0.952
2015-05-24,0.938
2015-05-25,0.934
2015-05-26,0.936
2015-05-27,0.936
2015-05-28,0.942
2015-05-29,0.956
2015-05-30,0.971
2015-05-31,0.972
2015-06-01,0.964
2015-06-02,0.954
2015-06-03,0.946
2015-06-04,0.937
2015-06-05,0.908
2015-06-06,0.888
2015-06-07,0.888
2015-06-08,0.895
2015-06-09,0.892
2015-06-10,0.891
2015-06-11,0.891
2015-06-12,0.903
2015-06-13,0.931
2015-06-14,0.943
2015-06-15,0.965
2015-06-16,0.976
2015-06-17,0.973
2015-06-18,0.975
2015-06-19,1
2015-06-20,1.021
2015-06-21,1.019
2015-06-22,1.005
2015-06-23,0.99
2015-06-24,0.975
2015-06-25,0.959
2015-06-26,0.903
2015-06-27,0.857
2015-06-28,0.86
2015-06-29,0.865
2015-06-30,0.863
2015-07-01,0.87
2015-07-02,0.87
2015-07-03,0.868
2015-07-04,0.866
2015-07-05,0.865
2015-07-06,0.863
2015-07-07,0.867
2015-07-08,0.873
2015-07-09,0.869
2015-07-10,0.862
2015-07-11,0.855
2015-07-12,0.847
2015-07-13,0.805
2015-07-14,0.746
2015-07-15,0.747
2015-07-16,0.74
2015-07-17,0.721
2015-07-18,0.7
2015-07-19,0.706
2015-07-20,0.709
2015-07-21,0.71
2015-07-22,0.71
2015-07-23,0.709
2015-07-24,0.707
2015-07-25,0.704
2015-07-26,0.702
2015-07-27,0.699
2015-07-28,0.696
2015-07-29,0.664
2015-07-30,0.634
2015-07-31,0.635
2015-08-01,0.637
2015-08-02,0.643
2015-08-03,0.662
2015-08-04,0.666
2015-08-05,0.667
2015-08-06,0.667
2015-08-07,0.666
2015-08-08,0.666
2015-08-09,0.666
2015-08-10,0.667
2015-08-11,0.664
2015-08-12,0.666
2015-08-13,0.659
2015-08-14,0.666
2015-08-15,0.709
2015-08-16,0.704
2015-08-17,0.726
2015-08-18,0.729
2015-08-19,0.71
2015-08-20,0.702
2015-08-21,0.693
2015-08-22,0.682
2015-08-23,0.67
2015-08-24,0.659
2015-08-25,0.658
2015-08-26,0.658
2015-08-27,0.654
2015-08-28,0.649
2015-08-29,0.646
2015-08-30,0.644
2015-08-31,0.641
2015-09-01,0.638
2015-09-02,0.616
2015-09-03,0.58
2015-09-04,0.582
2015-09-05,0.583
2015-09-06,0.584
2015-09-07,0.586
2015-09-08,0.589
2015-09-09,0.613
2015-09-10,0.651
2015-09-11,0.668
2015-09-12,0.657
2015-09-13,0.648
2015-09-14,0.641
2015-09-15,0.635
2015-09-16,0.631
2015-09-17,0.628
2015-09-18,0.625
2015-09-19,0.626
2015-09-20,0.624
2015-09-21,0.621
2015-09-22,0.619
2015-09-23,0.617
2015-09-24,0.616
2015-09-25,0.64
2015-09-26,0.65
2015-09-27,0.643
2015-09-28,0.639
2015-09-29,0.645
2015-09-30,0.647
2015-10-01,0.641
2015-10-02,0.666
2015-10-03,0.705
2015-10-04,0.7
2015-10-05,0.697
2015-10-06,0.693
2015-10-07,0.69
2015-10-08,0.685
2015-10-09,0.688
2015-10-10,0.684
2015-10-11,0.68
2015-10-12,0.678
2015-10-13,0.678
2015-10-14,0.692
2015-10-15,0.716
2015-10-16,0.721
2015-10-17,0.721
2015-10-18,0.718
2015-10-19,0.713
2015-10-20,0.71
2015-10-21,0.674
2015-10-22,0.632
2015-10-23,0.628
2015-10-24,0.625
2015-10-25,0.625
2015-10-26,0.623
2015-10-27,0.621
2015-10-28,0.627
2015-10-29,0.643
2015-10-30,0.658
2015-10-31,0.666
2015-11-01,0.688
2015-11-02,0.753
2015-11-03,0.807
2015-11-04,0.817
2015-11-05,0.822
2015-11-06,0.855
2015-11-07,0.888
2015-11-08,0.886
2015-11-09,0.88
2015-11-10,0.874
2015-11-11,0.874
2015-11-12,0.875
2015-11-13,0.89
2015-11-14,0.896
2015-11-15,0.895
2015-11-16,0.905
2015-11-17,0.908
2015-11-18,0.897
2015-11-19,0.905
2015-11-20,0.913
2015-11-21,0.919
2015-11-22,0.935
2015-11-23,0.968
2015-11-24,1.023
2015-11-25,1.035
2015-11-26,1.041
2015-11-27,1.139
2015-11-28,1.26
2015-11-29,1.302
2015-11-30,1.408
2015-12-01,1.539
2015-12-02,1.515
2015-12-03,1.477
2015-12-04,1.432
2015-12-05,1.384
2015-12-06,1.338
2015-12-07,1.218
2015-12-08,1.104
2015-12-09,1.072
2015-12-10,1.044
2015-12-11,1.061
2015-12-12,1.072
2015-12-13,1.059
2015-12-14,1.076
2015-12-15,1.144
2015-12-16,1.154
2015-12-17,1.162
2015-12-18,1.184
2015-12-19,1.217
2015-12-20,1.203
2015-12-21,1.19
2015-12-22,1.192
2015-12-23,1.196
2015-12-24,1.168
2015-12-25,1.137
2015-12-26,1.129
2015-12-27,1.135
2015-12-28,1.124
2015-12-29,1.127
2015-12-30,1.116
2015-12-31,1.068
2016-01-01,1.021
2016-01-02,1.014
2016-01-03,1.01
2016-01-04,1.001
2016-01-05,0.988
2016-01-06,0.976
2016-01-07,0.966
2016-01-08,0.958
2016-01-09,0.957
2016-01-10,0.98
2016-01-11,1.03
2016-01-12,1.055
2016-01-13,1.072
2016-01-14,1.116
2016-01-15,1.152
2016-01-16,1.155
2016-01-17,1.146
2016-01-18,1.134
2016-01-19,1.119
2016-01-20,1.102
2016-01-21,1.084
2016-01-22,1.067
2016-01-23,1.052
2016-01-24,1.038
2016-01-25,1.024
2016-01-26,1.016
2016-01-27,1.011
2016-01-28,1.004
2016-01-29,0.998
2016-01-30,0.988
2016-01-31,0.98
2016-02-01,0.992
2016-02-02,0.998
2016-02-03,1.059
2016-02-04,1.114
2016-02-05,1.12
2016-02-06,1.121
2016-02-07,1.117
2016-02-08,1.108
2016-02-09,1.101
2016-02-10,1.094
2016-02-11,1.093
2016-02-12,1.085
2016-02-13,1.074
2016-02-14,1.06
2016-02-15,1.042
2016-02-16,1.021
2016-02-17,1.006
2016-02-18,0.995
2016-02-19,0.984
2016-02-20,0.995
2016-02-21,1.01
2016-02-22,1.013
2016-02-23,1.043
2016-02-24,1.083
2016-02-25,1.071
2016-02-26,1.074
2016-02-27,1.099
2016-02-28,1.078
2016-02-29,1.069
2016-03-01,1.055
2016-03-02,1.058
2016-03-03,1.068
2016-03-04,1.097
2016-03-05,1.073
2016-03-06,1.051
2016-03-07,1.058
2016-03-08,1.086
2016-03-09,1.079
2016-03-10,1.104
2016-03-11,1.164
2016-03-12,1.245
2016-03-13,1.264
2016-03-14,1.299
2016-03-15,1.366
2016-03-16,1.447
2016-03-17,1.576
2016-03-18,1.654
2016-03-19,1.685
2016-03-20,1.699
2016-03-21,1.7
2016-03-22,1.681
2016-03-23,1.653
2016-03-24,1.618
2016-03-25,1.593
2016-03-26,1.539
2016-03-27,1.496
2016-03-28,1.614
2016-03-29,1.778
2016-03-30,1.791
2016-03-31,1.939
2016-04-01,2.362
2016-04-02,2.474
2016-04-03,2.473
2016-04-04,2.476
2016-04-05,2.47
2016-04-06,2.437
2016-04-07,2.416
2016-04-08,2.278
2016-04-09,2.147
2016-04-10,2.059
2016-04-11,1.929
2016-04-12,1.828
2016-04-13,1.719
2016-04-14,1.632
2016-04-15,1.603
2016-04-16,1.583
2016-04-17,1.575
2016-04-18,1.474
2016-04-19,1.337
2016-04-20,1.24
2016-04-21,1.259
2016-04-22,1.422
2016-04-23,1.567
2016-04-24,1.61
2016-04-25,1.636
2016-04-26,1.653
2016-04-27,1.649
2016-04-28,1.626
2016-04-29,1.515
2016-04-30,1.387
2016-05-01,1.363
2016-05-02,1.2
2016-05-03,1.048
2016-05-04,1.056
2016-05-05,1.045
2016-05-06,1.034
2016-05-07,1.027
2016-05-08,1.023
2016-05-09,1.017
2016-05-10,1.011
2016-05-11,0.946
2016-05-12,0.872
2016-05-13,0.879
2016-05-14,0.888
2016-05-15,0.912
2016-05-16,0.968
2016-05-17,1.115
2016-05-18,1.141
2016-05-19,1.155
2016-05-20,1.163
2016-05-21,1.143
2016-05-22,1.121
2016-05-23,1.097
2016-05-24,0.985
2016-05-25,0.893
2016-05-26,0.885
2016-05-27,0.883
2016-05-28,0.881
2016-05-29,0.877
2016-05-30,0.872
2016-05-31,0.817
2016-06-01,0.774
2016-06-02,0.769
2016-06-03,0.765
2016-06-04,0.763
2016-06-05,0.764
2016-06-06,0.763
2016-06-07,0.763
2016-06-08,0.765
2016-06-09,0.763
2016-06-10,0.759
2016-06-11,0.761
2016-06-12,0.763
2016-06-13,0.757
2016-06-14,0.752
2016-06-15,0.748
2016-06-16,0.707
2016-06-17,0.68
2016-06-18,0.675
2016-06-19,0.672
2016-06-20,0.667
2016-06-21,0.641
2016-06-22,0.601
2016-06-23,0.605
2016-06-24,0.608
2016-06-25,0.609
2016-06-26,0.614
2016-06-27,0.624
2016-06-28,0.631
2016-06-29,0.629
2016-06-30,0.622
2016-07-01,0.624
2016-07-02,0.625
2016-07-03,0.624
2016-07-04,0.624
2016-07-05,0.623
2016-07-06,0.623
2016-07-07,0.626
2016-07-08,0.627
2016-07-09,0.653
2016-07-10,0.67
2016-07-11,0.676
2016-07-12,0.719
2016-07-13,0.784
2016-07-14,0.791
2016-07-15,0.788
2016-07-16,0.763
2016-07-17,0.747
2016-07-18,0.735
2016-07-19,0.704
2016-07-20,0.668
2016-07-21,0.672
2016-07-22,0.679
2016-07-23,0.68
2016-07-24,0.677
2016-07-25,0.677
2016-07-26,0.674
2016-07-27,0.669
2016-07-28,0.666
2016-07-29,0.653
2016-07-30,0.641
2016-07-31,0.636
2016-08-01,0.631
2016-08-02,0.596
2016-08-03,0.546
2016-08-04,0.547
2016-08-05,0.554
2016-08-06,0.561
2016-08-07,0.56
2016-08-08,0.556
2016-08-09,0.554
2016-08-10,0.552
2016-08-11,0.552
2016-08-12,0.553
2016-08-13,0.571
2016-08-14,0.577
2016-08-15,0.571
2016-08-16,0.6
2016-08-17,0.698
2016-08-18,0.754
2016-08-19,0.744
2016-08-20,0.737
2016-08-21,0.754
2016-08-22,0.808
2016-08-23,0.867
2016-08-24,0.86
2016-08-25,0.845
2016-08-26,0.841
2016-08-27,0.832
2016-08-28,0.819
2016-08-29,0.771
2016-08-30,0.752
2016-08-31,0.96
2016-09-01,1.021
2016-09-02,0.985
2016-09-03,0.944
2016-09-04,0.907
2016-09-05,0.877
2016-09-06,0.85
2016-09-07,0.833
2016-09-08,0.808
2016-09-09,0.792
2016-09-10,0.783
2016-09-11,0.775
2016-09-12,0.718
2016-09-13,0.649
2016-09-14,0.657
2016-09-15,0.658
2016-09-16,0.658
2016-09-17,0.674
2016-09-18,0.694
2016-09-19,0.699
2016-09-20,0.699
2016-09-21,0.696
2016-09-22,0.694
2016-09-23,0.72
2016-09-24,0.731
2016-09-25,0.722
2016-09-26,0.717
2016-09-27,0.715
2016-09-28,0.711
2016-09-29,0.705
2016-09-30,0.698
2016-10-01,0.692
2016-10-02,0.697
2016-10-03,0.736
2016-10-04,0.84
2016-10-05,0.846
2016-10-06,0.83
2016-10-07,0.816
2016-10-08,0.806
2016-10-09,0.795
2016-10-10,0.782
2016-10-11,0.771
2016-10-12,0.762
2016-10-13,0.721
2016-10-14,0.672
2016-10-15,0.67
2016-10-16,0.681
2016-10-17,0.701
2016-10-18,0.728
2016-10-19,0.741
2016-10-20,0.746
2016-10-21,0.748
2016-10-22,0.741
2016-10-23,0.734
2016-10-24,0.739
2016-10-25,0.747
2016-10-26,0.736
2016-10-27,0.731
2016-10-28,0.729
2016-10-29,0.731
2016-10-30,0.736
2016-10-31,0.736
2016-11-01,0.736
2016-11-02,0.736
2016-11-03,0.737
2016-11-04,0.734
2016-11-05,0.733
2016-11-06,0.732
2016-11-07,0.73
2016-11-08,0.729
2016-11-09,0.728
2016-11-10,0.721
2016-11-11,0.722
2016-11-12,0.714
2016-11-13,0.712
2016-11-14,0.71
2016-11-15,0.709
2016-11-16,0.707
2016-11-17,0.705
2016-11-18,0.703
2016-11-19,0.704
2016-11-20,0.708
2016-11-21,0.704
2016-11-22,0.701
2016-11-23,0.697
2016-11-24,0.698
2016-11-25,0.699
2016-11-26,0.7
2016-11-27,0.701
2016-11-28,0.702
2016-11-29,0.709
2016-11-30,0.722
2016-12-01,0.75
2016-12-02,0.776
2016-12-03,0.796
2016-12-04,0.815
2016-12-05,0.893
2016-12-06,0.983
2016-12-07,0.982
2016-12-08,0.983
2016-12-09,0.978
2016-12-10,0.968
2016-12-11,0.959
2016-12-12,0.96
2016-12-13,0.956
2016-12-14,0.959
2016-12-15,0.956
2016-12-16,0.943
2016-12-17,0.939
2016-12-18,0.933
2016-12-19,0.923
2016-12-20,0.913
2016-12-21,0.906
2016-12-22,0.902
2016-12-23,0.895
2016-12-24,0.894
2016-12-25,0.89
2016-12-26,0.891
2016-12-27,0.907
2016-12-28,0.918
2016-12-29,0.929
2016-12-30,0.937
2016-12-31,0.945
2017-01-01,0.954
2017-01-02,0.952
2017-01-03,1.008
2017-01-04,1.071
2017-01-05,1.068
2017-01-06,1.078
2017-01-07,1.089
2017-01-08,1.069
2017-01-09,1.05
2017-01-10,1.042
2017-01-11,1.055
2017-01-12,1.068
2017-01-13,1.078
2017-01-14,1.081
2017-01-15,1.084
2017-01-16,1.085
2017-01-17,1.133
2017-01-18,1.161
2017-01-19,1.144
2017-01-20,1.126
2017-01-21,1.109
2017-01-22,1.093
2017-01-23,1.085
2017-01-24,1.077
2017-01-25,1.072
2017-01-26,1.066
2017-01-27,1.058
2017-01-28,1.05
2017-01-29,1.043
2017-01-30,1.03
2017-01-31,1.018
2017-02-01,1.008
2017-02-02,0.998
2017-02-03,0.989
2017-02-04,0.978
2017-02-05,0.971
2017-02-06,0.965
2017-02-07,0.961
2017-02-08,0.963
2017-02-09,0.953
2017-02-10,0.945
2017-02-11,0.943
2017-02-12,0.938
2017-02-13,0.938
2017-02-14,0.932
2017-02-15,0.929
2017-02-16,0.923
2017-02-17,0.917
2017-02-18,0.91
2017-02-19,0.906
2017-02-20,0.905
2017-02-21,0.917
2017-02-22,0.943
2017-02-23,1.008
2017-02-24,1.097
2017-02-25,1.192
2017-02-26,1.234
2017-02-27,1.364
2017-02-28,1.472
2017-03-01,1.525
2017-03-02,1.593
2017-03-03,1.604
2017-03-04,1.582
2017-03-05,1.549
2017-03-06,1.52
2017-03-07,1.527
2017-03-08,1.544
2017-03-09,1.535
2017-03-10,1.509
2017-03-11,1.476
2017-03-12,1.442
2017-03-13,1.403
2017-03-14,1.362
2017-03-15,1.32
2017-03-16,1.279
2017-03-17,1.241
2017-03-18,1.208
2017-03-19,1.175
2017-03-20,1.153
2017-03-21,1.135
2017-03-22,1.127
2017-03-23,1.112
2017-03-24,1.106
2017-03-25,1.113
2017-03-26,1.113
2017-03-27,1.139
2017-03-28,1.185
2017-03-29,1.249
2017-03-30,1.312
2017-03-31,1.346
2017-04-01,1.379
2017-04-02,1.404
2017-04-03,1.442
2017-04-04,1.556
2017-04-05,1.672
2017-04-06,1.808
2017-04-07,1.969
2017-04-08,2.017
2017-04-09,2.03
2017-04-10,2.069
2017-04-11,2.306
2017-04-12,2.4
2017-04-13,2.418
2017-04-14,2.456
2017-04-15,2.45
2017-04-16,2.488
2017-04-17,2.507
2017-04-18,2.477
2017-04-19,2.457
2017-04-20,2.437
2017-04-21,2.338
2017-04-22,2.163
2017-04-23,2.05
2017-04-24,1.942
2017-04-25,1.71
2017-04-26,1.606
2017-04-27,1.605
2017-04-28,1.57
2017-04-29,1.51
2017-04-30,1.503
2017-05-01,1.535
2017-05-02,1.559
2017-05-03,1.669
2017-05-04,1.851
2017-05-05,2.023
2017-05-06,2.059
2017-05-07,2.086
2017-05-08,2.047
2017-05-09,1.992
2017-05-10,1.863
2017-05-11,1.736
2017-05-12,1.596
2017-05-13,1.484
2017-05-14,1.465
2017-05-15,1.394
2017-05-16,1.328
2017-05-17,1.248
2017-05-18,1.096
2017-05-19,1.006
2017-05-20,0.999
2017-05-21,0.998
2017-05-22,1.011
2017-05-23,1.02
2017-05-24,1.03
2017-05-25,1.04
2017-05-26,1.043
2017-05-27,1.047
2017-05-28,1.046
2017-05-29,1.055
2017-05-30,1.082
2017-05-31,1.094
2017-06-01,1.099
2017-06-02,1.1
2017-06-03,1.076
2017-06-04,1.07
2017-06-05,1.083
2017-06-06,1.084
2017-06-07,1.074
2017-06-08,1.064
2017-06-09,1.052
2017-06-10,1.039
2017-06-11,1.025
2017-06-12,1.013
2017-06-13,0.911
2017-06-14,0.85
2017-06-15,0.744
2017-06-16,0.63
2017-06-17,0.651
2017-06-18,0.72
2017-06-19,0.931
2017-06-20,1.018
2017-06-21,0.978
2017-06-22,0.986
2017-06-23,1.007
2017-06-24,0.996
2017-06-25,0.986
2017-06-26,0.977
2017-06-27,0.97
2017-06-28,0.987
2017-06-29,1.007
2017-06-30,1.021
2017-07-01,1.04
2017-07-02,1.189
2017-07-03,1.296
2017-07-04,1.347
2017-07-05,1.381
2017-07-06,1.351
2017-07-07,1.271
2017-07-08,1.204
2017-07-09,1.179
2017-07-10,1.161
2017-07-11,1.143
2017-07-12,1.099
2017-07-13,1.011
2017-07-14,0.914
2017-07-15,0.912
2017-07-16,0.917
2017-07-17,1.023
2017-07-18,1.065
2017-07-19,1.029
2017-07-20,0.973
2017-07-21,0.911
2017-07-22,0.887
2017-07-23,0.893
2017-07-24,0.805
2017-07-25,0.735
2017-07-26,0.733
2017-07-27,0.774
2017-07-28,0.811
2017-07-29,0.819
2017-07-30,0.823
2017-07-31,0.836
2017-08-01,0.832
2017-08-02,0.824
2017-08-03,0.816
2017-08-04,0.823
2017-08-05,0.889
2017-08-06,0.918
2017-08-07,0.95
2017-08-08,1.059
2017-08-09,1.196
2017-08-10,1.196
2017-08-11,1.171
2017-08-12,1.18
2017-08-13,1.181
2017-08-14,1.154
2017-08-15,1.114
2017-08-16,1.085
2017-08-17,1.065
2017-08-18,1
2017-08-19,0.927
2017-08-20,0.937
2017-08-21,0.943
2017-08-22,1.134
2017-08-23,1.489
2017-08-24,1.605
2017-08-25,1.556
2017-08-26,1.499
2017-08-27,1.442
2017-08-28,1.275
2017-08-29,1.154
2017-08-30,1.057
2017-08-31,0.913
2017-09-01,0.91
2017-09-02,0.905
2017-09-03,0.906
2017-09-04,0.912
2017-09-05,1.06
2017-09-06,1.29
2017-09-07,1.276
2017-09-08,1.257
2017-09-09,1.231
2017-09-10,1.205
2017-09-11,1.104
2017-09-12,0.924
2017-09-13,0.864
2017-09-14,0.893
2017-09-15,0.903
2017-09-16,0.899
2017-09-17,0.894
2017-09-18,0.889
2017-09-19,0.891
2017-09-20,0.92
2017-09-21,0.949
2017-09-22,0.932
2017-09-23,0.918
2017-09-24,0.907
2017-09-25,0.897
2017-09-26,0.886
2017-09-27,0.852
2017-09-28,0.801
2017-09-29,0.748
2017-09-30,0.715
2017-10-01,0.72
2017-10-02,0.774
2017-10-03,0.823
2017-10-04,0.877
2017-10-05,0.924
2017-10-06,0.907
2017-10-07,0.896
2017-10-08,0.904
2017-10-09,0.907
2017-10-10,0.901
2017-10-11,0.933
2017-10-12,0.954
2017-10-13,0.933
2017-10-14,0.922
2017-10-15,0.929
2017-10-16,0.94
2017-10-17,0.937
2017-10-25,0.95
2017-10-26,0.951
2017-10-27,0.946
2017-10-28,0.948
2017-10-29,0.957
2017-10-30,0.957
2017-10-31,0.993
2017-11-01,1.021
2017-11-02,1.038
2017-11-03,1.158
2017-11-04,1.292
2017-11-05,1.285
2017-11-06,1.357
2017-11-07,1.411
2017-11-08,1.379
2017-11-09,1.298
2017-11-10,1.238
2017-11-11,1.222
2017-11-12,1.202
2017-11-13,1.183
2017-11-14,1.097
2017-11-15,1.014
2017-11-16,1.034
2017-11-17,1.048
2017-11-18,1.059
2017-11-19,1.081
2017-11-20,1.086
2017-11-21,1.088
2017-11-22,1.096
2017-11-23,1.094
2017-11-24,1.073
2017-11-25,1.072
2017-11-26,1.086
2017-11-27,1.091
2017-11-28,1.087
2017-11-29,1.089
2017-11-30,1.07
2017-12-01,1.038
2017-12-02,1.04
2017-12-03,1.04
2017-12-04,1.041
2017-12-05,1.053
2017-12-06,1.063
2017-12-07,1.127
2017-12-08,1.223
2017-12-09,1.216
2017-12-10,1.207
2017-12-11,1.192
2017-12-12,1.129
2017-12-13,1.071
2017-12-14,1.062
2017-12-15,1.038
2017-12-16,1.002
2017-12-17,0.994
2017-12-18,0.99
2017-12-19,0.941
2017-12-20,0.906
2017-12-21,0.913
2017-12-22,0.919
2017-12-23,0.922
2017-12-24,0.925
2017-12-25,0.931
2017-12-26,0.936
2017-12-27,0.934
2017-12-28,0.93
2017-12-29,0.923
2017-12-30,0.916
2017-12-31,0.908
2018-01-01,0.901
2018-01-02,0.895
2018-01-03,0.892
2018-01-04,0.889
2018-01-05,0.883
2018-01-06,0.877
2018-01-07,0.87
2018-01-08,0.866
2018-01-09,0.862
2018-01-10,0.857
2018-01-11,0.857
2018-01-12,0.904
2018-01-13,0.936
2018-01-14,0.952
2018-01-15,0.967
2018-01-16,1.044
2018-01-17,1.127
2018-01-18,1.114
2018-01-19,1.102
2018-01-20,1.086
2018-01-21,1.069
2018-01-22,1.059
2018-01-23,1.079
2018-01-24,1.101
2018-01-25,1.119
2018-01-26,1.108
2018-01-27,1.094
2018-01-28,1.083
2018-01-29,1.071
2018-01-30,1.056
2018-01-31,1.044
2018-02-01,1.031
2018-02-02,1.016
2018-02-03,1.004
2018-02-04,0.998
2018-02-05,0.986
2018-02-06,0.974
2018-02-07,0.964
2018-02-08,0.96
2018-02-09,0.952
2018-02-10,0.943
2018-02-11,0.936
2018-02-12,0.929
2018-02-13,0.918
2018-02-14,0.908
2018-02-15,0.899
2018-02-16,0.892
2018-02-17,0.885
2018-02-18,0.879
2018-02-19,0.873
2018-02-20,0.918
2018-02-21,1.087
2018-02-22,1.255
2018-02-23,1.243
2018-02-24,1.239
2018-02-25,1.244
2018-02-26,1.285
2018-02-27,1.31
2018-02-28,1.29
2018-03-01,1.277
2018-03-02,1.261
2018-03-03,1.24
2018-03-04,1.217
2018-03-05,1.193
2018-03-06,1.171
2018-03-07,1.15
2018-03-08,1.111
2018-03-09,1.079
2018-03-10,1.067
2018-03-11,1.051
2018-03-12,0.998
2018-03-13,0.942
2018-03-14,0.94
2018-03-15,0.935
2018-03-16,0.951
2018-03-17,0.969
2018-03-18,0.957
2018-03-19,0.96
2018-03-20,0.955
2018-03-21,0.937
2018-03-22,0.908
2018-03-23,0.874
2018-03-24,0.864
2018-03-25,0.854
2018-03-26,0.848
2018-03-27,0.848
2018-03-28,0.855
2018-03-29,0.86
2018-03-30,0.865
2018-03-31,0.871
2018-04-01,0.887
2018-04-02,0.893
2018-04-03,0.897
2018-04-04,0.914
2018-04-05,0.919
2018-04-06,0.92
2018-04-07,0.921
2018-04-08,0.92
2018-04-09,0.916
2018-04-10,0.913
2018-04-11,0.94
2018-04-12,0.964
2018-04-13,0.962
2018-04-14,0.973
2018-04-15,0.976
2018-04-16,0.987
2018-04-17,0.992
2018-04-18,0.992
2018-04-19,1.027
2018-04-20,1.045
2018-04-21,1.045
2018-04-22,1.059
2018-04-23,1.088
2018-04-24,1.139
2018-04-25,1.252
2018-04-26,1.44
2018-04-27,1.632
2018-04-28,1.826
2018-04-29,1.947
2018-04-30,2.02
2018-05-01,2.055
2018-05-02,2.06
2018-05-03,2.067
2018-05-04,2.072
2018-05-05,2.082
2018-05-06,2.064
2018-05-07,2.027
2018-05-08,1.948
2018-05-09,1.748
2018-05-10,1.587
2018-05-11,1.358
2018-05-12,1.282
2018-05-13,1.286
2018-05-14,1.168
2018-05-15,1.035
2018-05-16,0.88
2018-05-17,0.776
2018-05-18,0.803
2018-05-19,0.848
2018-05-20,0.897
2018-05-21,0.906
2018-05-22,0.916
2018-05-23,0.994
2018-05-24,1.023
2018-05-25,1.007
2018-05-26,0.998
2018-05-27,0.985
2018-05-28,0.973
2018-05-29,0.936
2018-05-30,0.887
2018-05-31,0.888
2018-06-01,0.897
2018-06-02,0.893
2018-06-03,0.884
2018-06-04,0.879
2018-06-05,0.878
2018-06-06,0.873
2018-06-07,0.867
2018-06-08,0.863
2018-06-09,0.857
2018-06-10,0.849
2018-06-11,0.802
2018-06-12,0.74
2018-06-13,0.741
2018-06-14,0.75
2018-06-15,0.743
2018-06-16,0.739
2018-06-17,0.734
2018-06-18,0.735
2018-06-19,0.734
2018-06-20,0.698
2018-06-21,0.657
2018-06-22,0.62
2018-06-23,0.588
2018-06-24,0.598
2018-06-25,0.604
2018-06-26,0.606
2018-06-27,0.612
2018-06-28,0.622
2018-06-29,0.626
2018-06-30,0.633
2018-07-01,0.637
2018-07-02,0.639
2018-07-03,0.642
2018-07-04,0.642
2018-07-05,0.64
2018-07-06,0.642
2018-07-07,0.632
2018-07-08,0.629
2018-07-09,0.626
2018-07-10,0.626
2018-07-11,0.621
2018-07-12,0.617
2018-07-13,0.613
2018-07-14,0.613
2018-07-15,0.612
2018-07-16,0.613
2018-07-17,0.617
2018-07-18,0.609
2018-07-19,0.604
2018-07-20,0.599
2018-07-21,0.589
2018-07-22,0.584
2018-07-23,0.581
2018-07-24,0.589
2018-07-25,0.621
2018-07-26,0.631
2018-07-27,0.637
2018-07-28,0.641
2018-07-29,0.641
2018-07-30,0.641
2018-07-31,0.641
2018-08-01,0.686
2018-08-02,0.776
2018-08-03,0.81
2018-08-04,0.82
2018-08-05,0.816
2018-08-06,0.811
2018-08-07,0.804
2018-08-08,0.796
2018-08-09,0.8
2018-08-10,0.834
2018-08-11,0.836
2018-08-12,0.816
2018-08-13,0.798
2018-08-14,0.783
2018-08-15,0.751
2018-08-16,0.712
2018-08-17,0.731
2018-08-18,0.74
2018-08-19,0.746
2018-08-20,0.849
2018-08-21,1.028
2018-08-22,1.2
2018-08-23,1.549
2018-08-24,1.758
2018-08-25,1.758
2018-08-26,1.624
2018-08-27,1.49
2018-08-28,1.454
2018-08-29,1.425
2018-08-30,1.283
2018-08-31,1.153
2018-09-01,1.136
2018-09-02,1.128
2018-09-03,1.123
2018-09-04,1.097
2018-09-05,0.988
2018-09-06,0.927
2018-09-07,0.93
2018-09-08,0.93
2018-09-09,0.928
2018-09-10,0.839
2018-09-11,0.771
2018-09-12,0.774
2018-09-13,0.777
2018-09-14,0.829
2018-09-15,0.868
2018-09-16,0.863
2018-09-17,0.875
2018-09-18,0.885
2018-09-19,0.866
2018-09-20,0.852
2018-09-21,0.874
2018-09-22,0.882
2018-09-23,0.877
2018-09-24,0.915
2018-09-25,0.984
2018-09-26,1.013
2018-09-27,1.021
2018-09-28,1.038
2018-09-29,1.061
2018-09-30,1.04
2018-10-01,1.019
2018-10-02,1.011
2018-10-03,0.997
2018-10-04,1
2018-10-05,0.998
2018-10-06,0.991
2018-10-07,0.988
2018-10-08,0.983
2018-10-09,1.023
2018-10-10,1.056
2018-10-11,1.043
2018-10-12,1.027
2018-10-13,1.009
2018-10-14,0.992
2018-10-15,0.98
2018-10-16,0.928
2018-10-17,0.889
2018-10-18,0.88
2018-10-19,0.875
2018-10-20,0.881
2018-10-21,0.877
2018-10-22,0.873
2018-10-23,0.871
2018-10-24,0.871
2018-10-25,0.868
2018-10-26,0.867
2018-10-27,0.865
2018-10-28,0.867
2018-10-29,0.87
2018-10-30,0.875
2018-10-31,0.908
2018-11-01,0.923
2018-11-02,0.941
2018-11-03,0.953
2018-11-04,0.962
2018-11-05,0.972
2018-11-06,0.991
2018-11-07,1.033
2018-11-08,1.077
2018-11-09,1.187
2018-11-10,1.314
2018-11-11,1.296
2018-11-12,1.276
2018-11-13,1.257
2018-11-14,1.232
2018-11-15,1.177
2018-11-16,1.109
2018-11-17,1.105
2018-11-18,1.094
2018-11-19,1.083
2018-11-20,1.075
2018-11-21,1.051
2018-11-22,1.009
2018-11-23,0.996
2018-11-24,0.986
2018-11-25,0.987
2018-11-26,0.936
2018-11-27,0.901
2018-11-28,0.948
2018-11-29,0.981
2018-11-30,0.991
2018-12-01,0.996
2018-12-02,1.015
2018-12-03,1.063
2018-12-04,1.086
2018-12-05,1.152
2018-12-06,1.262
2018-12-07,1.246
2018-12-08,1.222
2018-12-09,1.197
2018-12-10,1.145
2018-12-11,1.107
2018-12-12,1.096
2018-12-13,1.043
2018-12-14,1.012
2018-12-15,1.017
2018-12-16,1.016
2018-12-17,1.012
2018-12-18,0.979
2018-12-19,0.956
2018-12-20,0.952
2018-12-21,0.965
2018-12-22,0.979
2018-12-23,0.985
2018-12-24,0.991
2018-12-25,0.994
2018-12-26,0.995
2018-12-27,1.012
2018-12-28,1.048
2018-12-29,1.063
2018-12-30,1.068
2018-12-31,1.091
2019-01-01,1.125
2019-01-02,1.116
2019-01-03,1.108
2019-01-04,1.098
2019-01-05,1.087
2019-01-06,1.079
2019-01-07,1.068
2019-01-08,1.063
2019-01-09,1.056
2019-01-10,1.047
2019-01-11,1.016
2019-01-12,0.994
2019-01-13,0.992
2019-01-14,0.985
2019-01-15,0.979
2019-01-16,0.976
2019-01-17,0.967
2019-01-18,0.96
2019-01-19,0.951
2019-01-20,0.941
2019-01-21,0.931
2019-01-22,0.924
2019-01-23,0.923
2019-01-24,0.904
2019-01-25,0.864
2019-01-26,0.857
2019-01-27,0.853
2019-01-28,0.852
2019-01-29,0.853
2019-01-30,0.856
2019-01-31,0.86
2019-02-01,0.857
2019-02-02,0.855
2019-02-03,0.855
2019-02-04,0.859
2019-02-05,0.922
2019-02-06,0.972
2019-02-07,0.981
2019-02-08,0.997
2019-02-09,1.006
2019-02-10,1.009
2019-02-11,1.061
2019-02-12,1.118
2019-02-13,1.111
2019-02-14,1.138
2019-02-15,1.163
2019-02-16,1.136
2019-02-17,1.11
2019-02-18,1.087
2019-02-19,1.067
2019-02-20,1.049
2019-02-21,1.021
2019-02-22,0.993
2019-02-23,0.983
2019-02-24,0.979
2019-02-25,0.984
2019-02-26,0.979
2019-02-27,0.975
2019-02-28,0.972
2019-03-01,0.967
2019-03-02,0.961
2019-03-03,0.953
2019-03-04,0.97
2019-03-05,0.98
2019-03-06,0.988
2019-03-07,0.978
2019-03-08,0.956
2019-03-09,0.941
2019-03-10,0.941
2019-03-11,0.944
2019-03-12,0.938
2019-03-13,0.934
2019-03-14,0.93
2019-03-15,0.978
2019-03-16,0.996
2019-03-17,0.992
2019-03-18,1.025
2019-03-19,1.075
2019-03-20,1.113
2019-03-21,1.16
2019-03-22,1.187
2019-03-23,1.178
2019-03-24,1.155
2019-03-25,1.131
2019-03-26,1.099
2019-03-27,1.074
2019-03-28,1.036
2019-03-29,0.984
2019-03-30,0.973
2019-03-31,0.976
2019-04-01,0.973
2019-04-02,0.987
2019-04-03,1.022
2019-04-04,1.03
2019-04-05,1.029
2019-04-06,1.023
2019-04-07,1.023
2019-04-08,1.049
2019-04-09,1.107
2019-04-10,1.174
2019-04-11,1.237
2019-04-12,1.324
2019-04-13,1.436
2019-04-14,1.522
2019-04-15,1.588
2019-04-16,1.622
2019-04-17,1.686
2019-04-18,1.815
2019-04-19,2.187
2019-04-20,2.502
2019-04-21,2.723
2019-04-22,2.954
2019-04-23,3.168
2019-04-24,3.342
2019-04-25,3.466
2019-04-26,3.541
2019-04-27,3.612
2019-04-28,3.414
2019-04-29,3.289
2019-04-30,3.155
2019-05-01,3.013
2019-05-02,2.804
2019-05-03,2.544
2019-05-04,2.373
2019-05-05,2.302
2019-05-06,2.192
2019-05-07,2.029
2019-05-08,1.881
2019-05-09,1.855
2019-05-10,1.796
2019-05-11,1.639
2019-05-12,1.571
2019-05-13,1.565
2019-05-21,1.335
2019-05-22,1.352
2019-05-23,1.37
2019-05-24,1.397
2019-05-25,1.407
2019-05-26,1.408
2019-05-27,1.421
2019-05-28,1.434
2019-05-29,1.425
2019-05-30,1.413
2019-05-31,1.398
2019-06-01,1.386
2019-06-02,1.369
2019-06-03,1.289
2019-06-04,1.04
2019-06-05,0.962
2019-06-06,1.007
2019-06-07,1.129
2019-06-08,1.2
2019-06-09,1.178
2019-06-10,1.109
2019-06-11,1.075
2019-06-12,1.074
2019-06-13,1.106
2019-06-14,1.237
2019-06-15,1.343
2019-06-16,1.376
2019-06-17,1.444
2019-06-18,1.531
2019-06-19,1.478
2019-06-20,1.435
2019-06-21,1.41
2019-06-22,1.38
2019-06-23,1.348
2019-06-24,1.224
2019-06-25,1.026
2019-06-26,1.002
2019-06-27,1.006
2019-06-28,0.967
2019-06-29,0.99
2019-06-30,1.002
2019-07-01,1.003
2019-07-02,0.939
2019-07-03,0.815
2019-07-04,0.771
2019-07-05,0.686
2019-07-06,0.65
2019-07-07,0.658
2019-07-08,0.666
2019-07-09,0.676
2019-07-10,0.701
2019-07-11,0.734
2019-07-12,0.738
2019-07-13,0.734
2019-07-14,0.736
2019-07-15,0.74
2019-07-16,0.748
2019-07-17,0.753
2019-07-18,0.748
2019-07-19,0.75
2019-07-20,0.758
2019-07-21,0.76
2019-07-22,0.756
2019-07-23,0.748
2019-07-24,0.739
2019-07-25,0.733
2019-07-26,0.729
2019-07-27,0.726
2019-07-28,0.74
2019-07-29,0.739
2019-07-30,0.75
2019-07-31,0.746
2019-08-01,0.745
2019-08-02,0.737
2019-08-03,0.733
2019-08-04,0.729
2019-08-05,0.717
2019-08-06,0.727
2019-08-07,0.73
2019-08-08,0.754
2019-08-09,0.773
2019-08-10,0.772
2019-08-11,0.763
2019-08-12,0.757
2019-08-13,0.754
2019-08-14,0.742
2019-08-15,0.732
2019-08-16,0.73
2019-08-17,0.731
2019-08-18,0.729
2019-08-19,0.8
2019-08-20,0.851
2019-08-21,0.866
2019-08-22,0.853
2019-08-23,0.781
2019-08-24,0.688
2019-08-25,0.678
2019-08-26,0.669
2019-08-27,0.659
2019-08-28,0.657
2019-08-29,0.651
2019-08-30,0.648
2019-08-31,0.646
2019-09-01,0.641
2019-09-02,0.638
2019-09-03,0.636
2019-09-04,0.643
2019-09-05,0.64
2019-09-06,0.657
2019-09-07,0.668
2019-09-08,0.667
2019-09-09,0.66
2019-09-10,0.66
2019-09-11,0.667
2019-09-12,0.665
2019-09-13,0.744
2019-09-14,0.817
2019-09-15,0.824
2019-09-16,0.825
2019-09-17,0.822
2019-09-18,0.819
2019-09-19,0.815
2019-09-20,0.811
2019-09-21,0.808
2019-09-22,0.808
2019-09-23,0.87
2019-09-24,0.952
2019-09-25,0.942
2019-09-26,0.961
2019-09-27,0.969
2019-09-28,0.956
2019-09-29,0.938
2019-09-30,0.907
2019-10-01,0.888
2019-10-02,0.893
2019-10-03,0.883
2019-10-04,0.877
2019-10-05,0.869
2019-10-06,0.861
2019-10-07,0.855
2019-10-08,0.85
2019-10-09,0.855
2019-10-10,0.866
2019-10-11,0.865
2019-10-12,0.862
2019-10-13,0.857
2019-10-14,0.853
2019-10-15,0.851
2019-10-16,0.863
2019-10-17,0.879
2019-10-18,0.884
2019-10-19,0.888
2019-10-20,0.882
2019-10-21,0.88
2019-10-22,0.898
2019-10-23,0.921
2019-10-24,0.942
2019-10-25,0.983
2019-10-26,1.051
2019-10-27,1.073
2019-10-28,1.093
2019-10-29,1.188
2019-10-30,1.238
2019-10-31,1.273
2019-11-01,1.322
2019-11-02,1.321
2019-11-03,1.326
2019-11-04,1.346
2019-11-05,1.423
2019-11-06,1.517
2019-11-07,1.528
2019-11-08,1.523
2019-11-09,1.513
2019-11-10,1.494
2019-11-11,1.469
2019-11-12,1.436
2019-11-13,1.318
2019-11-14,1.156
2019-11-15,1.159
2019-11-16,1.155
2019-11-17,1.146
2019-11-18,1.083
2019-11-19,0.994
2019-11-20,1.01
2019-11-21,1.024
2019-11-22,1.052
2019-11-23,1.068
2019-11-24,1.077
2019-11-25,1.102
2019-11-26,1.118
2019-11-27,1.125
2019-11-28,1.262
2019-11-29,1.412
2019-11-30,1.398
2019-12-01,1.384
2019-12-02,1.375
2019-12-03,1.351
2019-12-04,1.329
2019-12-05,1.252
2019-12-06,1.193
2019-12-07,1.182
2019-12-08,1.169
2019-12-09,1.166
2019-12-10,1.205
2019-12-11,1.232
2019-12-12,1.242
2019-12-13,1.244
2019-12-14,1.245
2019-12-15,1.244
2019-12-16,1.234
2019-12-17,1.223
2019-12-18,1.214
2019-12-19,1.197
2019-12-20,1.18
2019-12-21,1.162
2019-12-22,1.144
2019-12-23,1.076
2019-12-24,1.013
2019-12-25,1.011
2019-12-26,1.01
2019-12-27,1.008
2019-12-28,1.01
2019-12-29,1.01
2019-12-30,1.011
2019-12-31,1.013
2020-01-01,1.014
2020-01-02,1.011
2020-01-03,1.006
2020-01-04,1.003
2020-01-05,1
2020-01-06,1
2020-01-07,0.998
2020-01-08,0.995
2020-01-09,0.989
2020-01-10,0.981
2020-01-11,1.006
2020-01-12,1.068
2020-01-13,1.083
2020-01-14,1.091
2020-01-15,1.094
2020-01-16,1.103
2020-01-17,1.1
2020-01-18,1.098
2020-01-19,1.102
2020-01-20,1.094
2020-01-21,1.085
2020-01-22,1.076
2020-01-23,1.07
2020-01-24,1.062
2020-01-25,1.059
2020-01-26,1.058
2020-01-27,1.057
2020-01-28,1.052
2020-01-29,1.079
2020-01-30,1.092
2020-01-31,1.074
2020-02-01,1.061
2020-02-02,1.05
2020-02-03,1.039
2020-02-04,1.029
2020-02-05,1.072
2020-02-06,1.105
2020-02-07,1.096
2020-02-08,1.078
2020-02-09,1.06
2020-02-10,1.048
2020-02-11,1.031
2020-02-12,1.017
2020-02-13,1.006
2020-02-14,0.994
2020-02-15,0.983
2020-02-16,0.975
2020-02-17,0.966
2020-02-18,0.961
2020-02-19,0.956
2020-02-20,0.947
2020-02-21,0.938
2020-02-22,0.93
2020-02-23,0.924
2020-02-24,0.918
2020-02-25,0.914
2020-02-26,0.913
2020-02-27,0.921
2020-02-28,0.92
2020-02-29,0.917
2020-03-01,0.912
2020-03-02,0.906
2020-03-03,0.904
2020-03-04,0.959
2020-03-05,1.055
2020-03-06,1.041
2020-03-07,1.01
2020-03-08,0.988
2020-03-09,0.972
2020-03-10,0.993
2020-03-11,1.021
2020-03-12,1.125
2020-03-13,1.33
2020-03-14,1.4
2020-03-15,1.395
2020-03-16,1.392
2020-03-17,1.381
2020-03-18,1.358
2020-03-19,1.334
2020-03-20,1.351
2020-03-21,1.374
2020-03-22,1.378
2020-03-23,1.373
2020-03-24,1.363
2020-03-25,1.355
2020-03-26,1.356
2020-03-27,1.364
2020-03-28,1.375
2020-03-29,1.422
2020-03-30,1.612
2020-03-31,1.795
2020-04-01,1.887
2020-04-02,1.944
2020-04-03,1.979
2020-04-04,2.008
2020-04-05,2.113
2020-04-06,2.171
2020-04-07,2.141
2020-04-08,2.136
2020-04-09,2.064
2020-04-10,2.013
2020-04-11,1.985
2020-04-12,1.849
2020-04-13,1.715
2020-04-14,1.55
2020-04-15,1.438
2020-04-16,1.326
2020-04-17,1.247
2020-04-18,1.271
2020-04-19,1.291
2020-04-20,1.181
2020-04-21,1.095
2020-04-22,1.118
2020-04-23,1.135
2020-04-24,1.148
2020-04-25,1.158
2020-04-26,1.164
2020-04-27,1.098
2020-04-28,1.059
2020-04-29,1.074
2020-04-30,1.11
2020-05-01,1.179
2020-05-02,1.208
2020-05-03,1.217
2020-05-04,1.263
2020-05-05,1.309
2020-05-06,1.338
2020-05-07,1.358
2020-05-08,1.341
2020-05-09,1.318
2020-05-10,1.292
2020-05-11,1.225
2020-05-12,1.131
2020-05-13,1.066
2020-05-14,1.017
2020-05-15,1.017
2020-05-16,1.022
2020-05-17,1.021
2020-05-18,1.02
2020-05-19,1.014
2020-05-20,1.008
2020-05-21,1.003
2020-05-22,0.998
2020-05-23,0.99
2020-05-24,0.987
2020-05-25,1.004
2020-05-26,1.001
2020-05-27,0.993
2020-05-28,0.985
2020-05-29,0.984
2020-05-30,0.989
2020-05-31,0.987
2020-06-01,0.981
2020-06-02,0.976
2020-06-03,0.971
2020-06-04,0.964
2020-06-05,0.959
2020-06-06,0.954
2020-06-07,0.943
2020-06-08,0.911
2020-06-09,0.885
2020-06-10,0.901
2020-06-11,0.967
2020-06-12,0.985
2020-06-13,0.982
2020-06-14,0.97
2020-06-15,0.961
2020-06-16,0.953
2020-06-17,0.95
2020-06-18,0.943
2020-06-19,0.934
2020-06-20,0.923
2020-06-21,0.914
2020-06-22,0.847
2020-06-23,0.802
2020-06-24,0.841
2020-06-25,0.902
2020-06-26,0.925
2020-06-27,0.912
2020-06-28,0.9
2020-06-29,0.922
2020-06-30,0.924
2020-07-01,0.911
2020-07-02,0.905
2020-07-03,0.9
2020-07-04,0.886
2020-07-05,0.877
2020-07-06,0.846
2020-07-07,0.746
2020-07-08,0.689
2020-07-09,0.717
2020-07-10,0.741
2020-07-11,0.816
2020-07-12,0.873
2020-07-13,0.917
2020-07-14,0.928
2020-07-15,0.912
2020-07-16,0.906
2020-07-17,0.98
2020-07-18,1.02
2020-07-19,1.032
2020-07-20,1.109
2020-07-21,1.158
2020-07-22,1.128
2020-07-23,1.105
2020-07-24,1.079
2020-07-25,1.053
2020-07-26,1.03
2020-07-27,0.979
2020-07-28,0.93
2020-07-29,0.903
2020-07-30,0.834
2020-07-31,0.82
2020-08-01,0.822
2020-08-02,0.847
2020-08-03,0.878
2020-08-04,0.979
2020-08-05,1.065
2020-08-06,1.055
2020-08-07,1.043
2020-08-08,1.029
2020-08-09,1.02
2020-08-10,1.011
2020-08-11,0.996
2020-08-12,0.983
2020-08-13,0.979
2020-08-14,0.972
2020-08-15,0.962
2020-08-16,0.966
2020-08-17,0.974
2020-08-18,0.968
2020-08-19,0.963
2020-08-20,0.934
2020-08-21,0.944
2020-08-22,0.967
2020-08-23,0.982
2020-08-24,1.031
2020-08-25,1.069
2020-08-26,1.087
2020-08-27,1.121
2020-08-28,1.153
2020-08-29,1.214
2020-08-30,1.227
2020-08-31,1.308
2020-09-01,1.388
2020-09-02,1.379
2020-09-03,1.367
2020-09-04,1.343
2020-09-05,1.327
2020-09-06,1.316
2020-09-07,1.318
2020-09-08,1.318
2020-09-09,1.305
2020-09-10,1.287
2020-09-11,1.247
2020-09-12,1.216
2020-09-13,1.222
2020-09-14,1.223
2020-09-15,1.208
2020-09-16,1.191
2020-09-17,1.177
2020-09-18,1.058
2020-09-19,0.974
2020-09-20,0.967
2020-09-21,0.961
2020-09-22,0.956
2020-09-23,0.95
2020-09-24,0.946
2020-09-25,0.925
2020-09-26,0.903
2020-09-27,0.908
2020-09-28,0.91
2020-09-29,0.923
2020-09-30,0.97
2020-10-01,1.052
2020-10-02,1.065
2020-10-03,1.065
2020-10-04,1.065
2020-10-05,1.118
2020-10-06,1.151
2020-10-07,1.147
2020-10-08,1.137
2020-10-09,1.13
2020-10-10,1.126
2020-10-11,1.12
2020-10-12,1.112
2020-10-13,1.133
2020-10-14,1.164
2020-10-15,1.152
2020-10-16,1.147
2020-10-17,1.135
2020-10-18,1.137
2020-10-19,1.152
2020-10-20,1.156
2020-10-21,1.163
2020-10-22,1.171
2020-10-23,1.18
2020-10-24,1.221
2020-10-25,1.238
2020-10-26,1.246
2020-10-27,1.294
2020-10-28,1.319
2020-10-29,1.31
2020-10-30,1.29
2020-10-31,1.269
2020-11-01,1.258
2020-11-02,1.253
2020-11-03,1.241
2020-11-04,1.191
2020-11-05,1.132
2020-11-06,1.127
2020-11-07,1.123
2020-11-08,1.12
2020-11-09,1.062
2020-11-10,1.002
2020-11-11,1.017
2020-11-12,1.027
2020-11-13,1.032
2020-11-14,1.036
2020-11-15,1.045
2020-11-16,1.087
2020-11-17,1.157
2020-11-18,1.181
2020-11-19,1.165
2020-11-20,1.162
2020-11-21,1.174
2020-11-22,1.177
2020-11-23,1.177
2020-11-24,1.17
2020-11-25,1.168
2020-11-26,1.172
2020-11-27,1.183
2020-11-28,1.189
2020-11-29,1.19
2020-11-30,1.196
2020-12-01,1.214
2020-12-02,1.255
2020-12-03,1.294
2020-12-04,1.283
2020-12-05,1.269
2020-12-06,1.251
2020-12-07,1.167
2020-12-08,1.025
2020-12-09,1.016
2020-12-10,1.031
2020-12-11,1.041
2020-12-12,1.059
2020-12-13,1.118
2020-12-14,1.201
2020-12-15,1.262
2020-12-16,1.219
2020-12-17,1.131
2020-12-18,1.046
2020-12-19,1.024
2020-12-20,1.038
2020-12-21,1.048
2020-12-22,1.053
2020-12-23,1.102
2020-12-24,1.154
2020-12-25,1.167
2020-12-26,1.164
2020-12-27,1.155
2020-12-28,1.161
2020-12-29,1.155
2020-12-30,1.15
2020-12-31,1.147
2021-01-01,1.138
2021-01-02,1.134
2021-01-03,1.125
2021-01-04,1.116
2021-01-05,1.108
2021-01-06,1.1
2021-01-07,1.09
2021-01-08,1.079
2021-01-09,1.069
2021-01-10,1.058
2021-01-11,1.048
2021-01-12,1.042
2021-01-13,1.035
2021-01-14,1.028
2021-01-15,1.021
2021-01-16,1.02
2021-01-17,1.02
2021-01-18,1.014
2021-01-19,1.009
2021-01-20,1.004
2021-01-21,1
2021-01-22,0.997
2021-01-23,0.99
2021-01-24,0.983
2021-01-25,0.977
2021-01-26,0.972
2021-01-27,0.969
2021-01-28,0.963
2021-01-29,0.957
2021-01-30,0.951
2021-01-31,0.944
2021-02-01,0.939
2021-02-02,0.934
2021-02-03,0.929
2021-02-04,0.923
2021-02-05,0.923
2021-02-06,0.931
2021-02-07,0.934
2021-02-08,0.931
2021-02-09,0.926
2021-02-10,0.923
2021-02-11,0.919
2021-02-12,0.915
2021-02-13,0.911
2021-02-14,0.909
2021-02-15,0.908
2021-02-16,0.984
2021-02-17,1.058
2021-02-18,1.043
2021-02-19,1.051
2021-02-20,1.042
2021-02-21,1.012
2021-02-22,0.994
2021-02-23,1.004
2021-02-24,1.003
2021-02-25,0.985
2021-02-26,0.967
2021-02-27,0.956
2021-02-28,0.949
2021-03-01,0.995
2021-03-02,1.051
2021-03-03,1.05
2021-03-04,1.032
2021-03-05,1.015
2021-03-06,1.001
2021-03-07,0.988
2021-03-08,0.978
2021-03-09,0.967
2021-03-10,0.96
2021-03-11,0.967
2021-03-12,1.083
2021-03-13,1.172
2021-03-14,1.172
2021-03-15,1.165
2021-03-16,1.158
2021-03-17,1.149
2021-03-18,1.14
2021-03-19,1.127
2021-03-20,1.118
2021-03-21,1.114
2021-03-22,1.117
2021-03-23,1.136
2021-03-24,1.239
2021-03-25,1.412
2021-03-26,1.602
2021-03-27,1.745
2021-03-28,1.841
2021-03-29,1.975
2021-03-30,2.031
2021-03-31,2.072
2021-04-01,2.091
2021-04-02,2.077
2021-04-03,2.048
2021-04-04,1.885
2021-04-05,1.708
2021-04-06,1.499
2021-04-07,1.386
2021-04-08,1.392
2021-04-09,1.312
2021-04-10,1.245
2021-04-11,1.261
2021-04-12,1.285
2021-04-13,1.298
2021-04-14,1.306
2021-04-15,1.218
2021-04-16,1.15
2021-04-17,1.152
2021-04-18,1.152
2021-04-19,1.153
2021-04-20,1.155
2021-04-21,1.154
2021-04-22,1.119
2021-04-23,1.052
2021-04-24,1.015
2021-04-25,1.016
2021-04-26,1.007
2021-04-27,1.014
2021-04-28,1.026
2021-04-29,1.038
2021-04-30,1.057
2021-05-01,1.069
2021-05-02,1.078
2021-05-03,1.09
2021-05-04,1.101
2021-05-05,1.219
2021-05-06,1.29
2021-05-07,1.277
2021-05-08,1.263
2021-05-09,1.246
2021-05-10,1.154
2021-05-11,1.055
2021-05-12,1.066
2021-05-13,1.067
2021-05-14,1.062
2021-05-15,1.055
2021-05-16,1.047
2021-05-17,0.99
2021-05-18,0.898
2021-05-19,0.892
2021-05-20,0.887
2021-05-21,0.884
2021-05-22,0.882
2021-05-23,0.884
2021-05-24,0.878
2021-05-25,0.874
2021-05-26,0.872
2021-05-27,0.841
2021-05-28,0.784
2021-05-29,0.769
2021-05-30,0.769
2021-05-31,0.769
2021-06-01,0.71
2021-06-02,0.633
2021-06-03,0.637
2021-06-04,0.642
2021-06-05,0.645
2021-06-06,0.649
2021-06-07,0.651
2021-06-08,0.652
2021-06-09,0.654
2021-06-10,0.652
2021-06-11,0.652
2021-06-12,0.653
2021-06-13,0.652
2021-06-14,0.653
2021-06-15,0.675
2021-06-16,0.688
2021-06-17,0.683
2021-06-18,0.683
2021-06-19,0.689
2021-06-20,0.689
2021-06-21,0.687
2021-06-22,0.704
2021-06-23,0.711
2021-06-24,0.727
2021-06-25,0.738
2021-06-26,0.779
2021-06-27,0.88
2021-06-28,1.058
2021-06-29,1.097
2021-06-30,1.087
2021-07-01,1.069
2021-07-02,1.049
2021-07-03,1.034
2021-07-04,1.02
2021-07-05,1.015
2021-07-06,1.027
2021-07-07,1.034
2021-07-08,1.154
2021-07-09,1.329
2021-07-10,1.393
2021-07-11,1.342
2021-07-12,1.294
2021-07-13,1.222
2021-07-14,1.279
2021-07-15,1.32
2021-07-16,1.465
2021-07-17,1.58
2021-07-18,1.564
2021-07-19,1.536
2021-07-20,1.507
2021-07-21,1.472
2021-07-22,1.425
2021-07-23,1.252
2021-07-24,1.147
2021-07-25,1.156
2021-07-26,1.149
2021-07-27,1.145
2021-07-28,1.134
2021-07-29,1.127
2021-07-30,1.125
2021-07-31,1.114
2021-08-01,1.133
2021-08-02,1.129
2021-08-03,1.116
2021-08-04,1.099
2021-08-05,1.08
2021-08-06,1.023
2021-08-07,0.966
2021-08-08,0.96
2021-08-09,0.957
2021-08-10,0.956
2021-08-11,0.956
2021-08-12,0.959
2021-08-13,0.976
2021-08-14,0.985
2021-08-15,0.989
2021-08-16,0.991
2021-08-17,0.991
2021-08-18,0.988
2021-08-19,0.983
2021-08-20,0.975
2021-08-21,0.966
2021-08-22,0.956
2021-08-23,0.946
2021-08-24,0.933
2021-08-25,0.805
2021-08-26,0.663
2021-08-27,0.667
2021-08-28,0.671
2021-08-29,0.687
2021-08-30,0.708
2021-08-31,0.719
2021-09-01,0.724
2021-09-02,0.778
2021-09-03,0.823
2021-09-04,0.823
2021-09-05,0.827
2021-09-06,0.834
2021-09-07,0.832
2021-09-08,0.837
2021-09-09,0.841
2021-09-10,0.857
2021-09-11,0.861
2021-09-12,0.852
2021-09-13,0.839
2021-09-14,0.809
2021-09-15,0.785
2021-09-16,0.784
2021-09-17,0.782
2021-09-18,0.782
2021-09-19,0.779
2021-09-20,0.776
2021-09-21,0.774
2021-09-22,0.937
2021-09-23,1.159
2021-09-24,1.399
2021-09-25,1.601
2021-09-26,1.619
2021-09-27,1.621
2021-09-28,1.601
2021-09-29,1.567
2021-09-30,1.524
2021-10-01,1.48
2021-10-02,1.443
2021-10-03,1.423
2021-10-04,1.396
2021-10-05,1.378
2021-10-06,1.393
2021-10-07,1.398
2021-10-08,1.374
2021-10-09,1.349
2021-10-10,1.342
2021-10-11,1.347
2021-10-12,1.346
2021-10-13,1.363
2021-10-14,1.436
2021-10-15,1.52
2021-10-16,1.531
2021-10-17,1.541
2021-10-18,1.541
2021-10-19,1.533
2021-10-20,1.518
2021-10-21,1.51
2021-10-22,1.502
2021-10-23,1.484
2021-10-24,1.469
2021-10-25,1.456
2021-10-26,1.441
2021-10-27,1.42
2021-10-28,1.326
2021-10-29,1.243
2021-10-30,1.238
2021-10-31,1.229
2021-11-01,1.15
2021-11-02,1.055
2021-11-03,1.07
2021-11-04,1.077
2021-11-05,1.079
2021-11-06,1.079
2021-11-07,1.077
2021-11-08,1.074
2021-11-09,1.07
2021-11-10,0.908
2021-11-11,0.783
2021-11-12,0.805
2021-11-13,0.83
2021-11-14,0.863
2021-11-15,0.892
2021-11-16,0.913
2021-11-17,0.93
2021-11-18,0.967
2021-11-19,1.083
2021-11-20,1.155
2021-11-21,1.149
2021-11-22,1.195
2021-11-23,1.248
2021-11-24,1.23
2021-11-25,1.219
2021-11-26,1.215
2021-11-27,1.198
2021-11-28,1.183
2021-11-29,1.095
2021-11-30,1.014
2021-12-01,1.023
2021-12-02,1.038
2021-12-03,1.053
2021-12-04,1.061
2021-12-05,1.072
2021-12-06,1.096
2021-12-07,1.106
2021-12-08,1.108
2021-12-09,1.108
2021-12-10,1.184
2021-12-11,1.25
2021-12-12,1.27
2021-12-13,1.275
2021-12-14,1.331
2021-12-15,1.37
2021-12-16,1.365
2021-12-17,1.377
2021-12-18,1.376
2021-12-19,1.369
2021-12-20,1.39
2021-12-21,1.401
2021-12-22,1.376
2021-12-23,1.286
2021-12-24,1.21
2021-12-25,1.215
2021-12-26,1.214
2021-12-27,1.203
2021-12-28,1.192
2021-12-29,1.131
2021-12-30,1.082
2021-12-31,1.08
2022-01-01,1.079
2022-01-02,1.071
2022-01-03,1.06
2022-01-04,1.051
2022-01-05,1.024
2022-01-06,0.999
2022-01-07,0.995
2022-01-08,0.989
2022-01-09,0.986
2022-01-10,0.983
2022-01-11,0.978
2022-01-12,0.972
2022-01-13,0.968
2022-01-14,0.965
2022-01-15,0.959
2022-01-16,0.954
2022-01-17,0.956
2022-01-18,0.954
2022-01-19,0.956
2022-01-20,0.952
2022-01-21,0.947
2022-01-22,0.942
2022-01-23,0.942
2022-01-24,0.938
2022-01-25,0.935
2022-01-26,0.931
2022-01-27,0.927
2022-01-28,0.924
2022-01-29,0.92
2022-01-30,0.915
2022-01-31,0.952
2022-02-01,0.992
2022-02-02,0.993
2022-02-03,0.993
2022-02-04,0.98
2022-02-05,0.969
2022-02-06,0.959
2022-02-07,0.95
2022-02-08,0.942
2022-02-09,0.935
2022-02-10,0.928
2022-02-11,0.925
2022-02-12,0.923
2022-02-13,0.916
2022-02-14,0.909
2022-02-15,0.903
2022-02-16,0.897
2022-02-17,0.909
2022-02-18,0.915
2022-02-19,0.922
2022-02-20,0.921
2022-02-21,0.918
2022-02-22,0.925
2022-02-23,0.946
2022-02-24,1.01
2022-02-25,1.064
2022-02-26,1.057
2022-02-27,1.047
2022-02-28,1.036
2022-03-01,1.026
2022-03-02,1.015
2022-03-03,1.008
2022-03-04,0.996
2022-03-05,0.984
2022-03-06,0.976
2022-03-07,0.978
2022-03-08,1.021
2022-03-09,1.063
2022-03-10,1.035
2022-03-11,1.016
2022-03-12,1.001
2022-03-13,0.987
2022-03-14,0.996
2022-03-15,0.997
2022-03-16,0.974
2022-03-17,0.981
2022-03-18,0.988
2022-03-19,0.992
2022-03-20,1.023
2022-03-21,1.147
2022-03-22,1.252
2022-03-23,1.279
2022-03-24,1.312
2022-03-25,1.408
2022-03-26,1.507
2022-03-27,1.525
2022-03-28,1.518
2022-03-29,1.506
2022-03-30,1.491
2022-03-31,1.478
2022-04-01,1.48
2022-04-02,1.467
2022-04-03,1.457
2022-04-04,1.452
2022-04-05,1.384
2022-04-06,1.317
2022-04-07,1.392
2022-04-08,1.488
2022-04-09,1.56
2022-04-10,1.617
2022-04-11,1.66
2022-04-12,1.691
2022-04-13,1.715
2022-04-14,1.747
2022-04-15,1.759
2022-04-16,1.752
2022-04-17,1.74
2022-04-18,1.721
2022-04-19,1.611
2022-04-20,1.507
2022-04-21,1.431
2022-04-22,1.323
2022-04-23,1.344
2022-04-24,1.383
2022-04-25,1.435
2022-04-26,1.509
2022-04-27,1.673
2022-04-28,1.763
2022-04-29,1.734
2022-04-30,1.7
2022-05-01,1.658
2022-05-02,1.618
2022-05-03,1.455
2022-05-04,1.282
2022-05-05,1.219
2022-05-06,1.167
2022-05-07,1.174
2022-05-08,1.173
2022-05-09,1.166
2022-05-10,1.098
2022-05-11,0.971
2022-05-12,0.972
2022-05-13,0.972
2022-05-14,0.971
2022-05-15,0.969
2022-05-16,0.97
2022-05-17,0.937
2022-05-18,0.898
2022-05-19,0.903
2022-05-20,0.906
2022-05-21,0.908
2022-05-22,0.911
2022-05-23,0.912
2022-05-24,0.911
2022-05-25,0.909
2022-05-26,0.916
2022-05-27,0.963
2022-05-28,0.992
2022-05-29,1.002
2022-05-30,1.003
2022-05-31,1.011
2022-06-01,1.033
2022-06-02,1.1
2022-06-03,1.139
2022-06-04,1.12
2022-06-05,1.104
2022-06-06,1.093
2022-06-07,1.105
2022-06-08,1.117
2022-06-09,1.119
2022-06-10,1.121
2022-06-11,1.125
2022-06-12,1.14
2022-06-13,1.22
2022-06-14,1.274
2022-06-15,1.257
2022-06-16,1.237
2022-06-17,1.214
2022-06-18,1.192
2022-06-19,1.159
2022-06-20,1.132
2022-06-21,1.04
2022-06-22,0.947
2022-06-23,0.916
2022-06-24,0.86
2022-06-25,0.86
2022-06-26,0.859
2022-06-27,0.806
2022-06-28,0.74
2022-06-29,0.737
2022-06-30,0.735
2022-07-01,0.733
2022-07-02,0.731
2022-07-03,0.729
2022-07-04,0.728
2022-07-05,0.733
2022-07-06,0.74
2022-07-07,0.742
2022-07-08,0.748
2022-07-09,0.746
2022-07-10,0.745
2022-07-11,0.745
2022-07-12,0.749
2022-07-13,0.755
2022-07-14,0.76
2022-07-15,0.757
2022-07-16,0.759
2022-07-17,0.761
2022-07-18,0.758
2022-07-19,0.755
2022-07-20,0.755
2022-07-21,0.762
2022-07-22,0.758
2022-07-23,0.754
2022-07-24,0.754
2022-07-25,0.752
2022-07-26,0.748
2022-07-27,0.745
2022-07-28,0.7
2022-07-29,0.651
2022-07-30,0.65
2022-07-31,0.648
2022-08-01,0.652
2022-08-02,0.672
2022-08-03,0.67
2022-08-04,0.673
2022-08-05,0.673
2022-08-06,0.671
2022-08-07,0.674
2022-08-08,0.688
2022-08-09,0.697
2022-08-10,0.695
2022-08-11,0.695
2022-08-12,0.689
2022-08-13,0.688
2022-08-14,0.685
2022-08-15,0.683
2022-08-16,0.71
2022-08-17,0.741
2022-08-18,0.738
2022-08-19,0.733
2022-08-20,0.727
2022-08-21,0.726
2022-08-22,0.836
2022-08-23,0.907
2022-08-24,0.89
2022-08-25,0.873
2022-08-26,0.941
2022-08-27,0.998
2022-08-28,0.98
2022-08-29,0.96
2022-08-30,0.947
2022-08-31,0.833
2022-09-01,0.735
2022-09-02,0.677
2022-09-03,0.646
2022-09-04,0.647
2022-09-05,0.648
2022-09-06,0.647
2022-09-07,0.645
2022-09-08,0.644
2022-09-09,0.64
2022-09-10,0.642
2022-09-11,0.64
2022-09-12,0.646
2022-09-13,0.745
2022-09-14,0.846
2022-09-15,0.831
2022-09-16,0.825
2022-09-17,0.818
2022-09-18,0.816
2022-09-19,0.959
2022-09-20,1.037
2022-09-21,1.017
2022-09-22,0.993
2022-09-23,0.961
2022-09-24,0.936
2022-09-25,0.927
2022-09-26,0.93
2022-09-27,0.926
2022-09-28,0.919
2022-09-29,0.949
2022-09-30,0.979
2022-10-01,0.965
2022-10-02,0.946
2022-10-03,0.926
2022-10-04,0.909
2022-10-05,0.894
2022-10-06,0.88
2022-10-07,0.84
2022-10-08,0.798
2022-10-09,0.791
2022-10-10,0.783
2022-10-11,0.776
2022-10-12,0.776
2022-10-13,0.822
2022-10-14,0.936
2022-10-15,1.037
2022-10-16,1.03
2022-10-17,1.02
2022-10-18,1.013
2022-10-19,1.008
2022-10-20,1.012
2022-10-21,1.028
2022-10-22,1.037
2022-10-23,1.039
2022-10-24,1.031
2022-10-25,1.022
2022-10-26,0.953
2022-10-27,0.918
2022-10-28,0.922
2022-10-29,0.922
2022-10-30,0.92
2022-10-31,0.86
2022-11-01,0.807
2022-11-02,0.821
2022-11-03,0.829
2022-11-04,0.834
2022-11-05,0.838
2022-11-06,0.865
2022-11-07,0.871
2022-11-08,0.872
2022-11-09,0.867
2022-11-10,0.864
2022-11-11,0.865
2022-11-12,0.87
2022-11-13,0.867
2022-11-14,0.828
2022-11-15,0.775
2022-11-16,0.775
2022-11-17,0.775
2022-11-18,0.778
2022-11-19,0.777
2022-11-20,0.783
2022-11-21,0.782
2022-11-22,0.781
2022-11-23,0.781
2022-11-24,0.782
2022-11-25,0.791
2022-11-26,0.798
2022-11-27,0.807
2022-11-28,0.86
2022-11-29,0.929
2022-11-30,0.949
2022-12-01,1.092
2022-12-02,1.18
2022-12-03,1.179
2022-12-04,1.193
2022-12-05,1.19
2022-12-06,1.183
2022-12-07,1.185
2022-12-08,1.184
2022-12-09,1.179
2022-12-10,1.168
2022-12-11,1.159
2022-12-12,1.147
2022-12-13,1.132
2022-12-14,1.064
2022-12-15,0.985
2022-12-16,0.999
2022-12-17,1.003
2022-12-18,1.011
2022-12-19,1.018
2022-12-20,1.012
2022-12-21,1.006
2022-12-22,1.001
2022-12-23,1.004
2022-12-24,1.031
2022-12-25,1.045
2022-12-26,1.037
2022-12-27,1.032
2022-12-28,1.031
2022-12-29,1.024
2022-12-30,1.028
2022-12-31,1.063
2023-01-01,1.101
2023-01-02,1.203
2023-01-03,1.322
2023-01-04,1.33
2023-01-05,1.434
2023-01-06,1.481
2023-01-07,1.445
2023-01-08,1.427
2023-01-09,1.41
2023-01-10,1.39
2023-01-11,1.363
2023-01-12,1.345
2023-01-13,1.324
2023-01-14,1.316
2023-01-15,1.304
2023-01-16,1.277
2023-01-17,1.252
2023-01-18,1.227
2023-01-19,1.203
2023-01-20,1.186
2023-01-21,1.167
2023-01-22,1.149
2023-01-23,1.133
2023-01-24,1.118
2023-01-25,1.104
2023-01-26,1.096
2023-01-27,1.081
2023-01-28,1.071
2023-01-29,1.063
2023-01-30,1.052
2023-01-31,1.04
2023-02-01,1.029
2023-02-02,1.025
2023-02-03,1.017
2023-02-04,1.006
2023-02-05,0.994
2023-02-06,0.985
2023-02-07,0.978
2023-02-08,0.97
2023-02-09,0.966
2023-02-10,0.972
2023-02-11,0.972
2023-02-12,0.969
2023-02-13,0.967
2023-02-14,0.964
2023-02-15,0.966
2023-02-16,0.978
2023-02-17,1.05
2023-02-18,1.091
2023-02-19,1.084
2023-02-20,1.075
2023-02-21,1.128
2023-02-22,1.196
2023-02-23,1.168
2023-02-24,1.141
2023-02-25,1.117
2023-02-26,1.095
2023-02-27,1.076
2023-02-28,1.064
2023-03-01,1.05
2023-03-02,1.035
2023-03-03,1.07
2023-03-04,1.129
2023-03-05,1.097
2023-03-06,1.071
2023-03-07,1.051
2023-03-08,1.028
2023-03-09,0.991
2023-03-10,0.947
2023-03-11,0.927
2023-03-12,0.915
2023-03-13,0.909
2023-03-14,0.905
2023-03-15,0.912
2023-03-16,0.927
2023-03-17,0.94
2023-03-18,0.962
2023-03-19,0.974
2023-03-20,0.981
2023-03-21,0.997
2023-03-22,1.059
2023-03-23,1.108
2023-03-24,1.113
2023-03-25,1.12
2023-03-26,1.144
2023-03-27,1.159
2023-03-28,1.189
2023-03-29,1.29
2023-03-30,1.355
2023-03-31,1.337
2023-04-01,1.343
2023-04-02,1.351
2023-04-03,1.368
2023-04-04,1.411
2023-04-05,1.527
2023-04-06,1.787
2023-04-07,1.95
2023-04-08,2.018
2023-04-09,2.026
2023-04-10,2.053
2023-04-11,2.106
2023-04-12,2.188
2023-04-13,2.293
2023-04-14,2.382
2023-04-15,2.475
2023-04-16,2.576
2023-04-17,2.729
2023-04-18,2.822
2023-04-19,2.802
2023-04-20,2.729
2023-04-21,2.641
2023-04-22,2.524
2023-04-23,2.37
2023-04-24,2.217
2023-04-25,2.096
2023-04-26,1.952
2023-04-27,1.83
2023-04-28,1.656
2023-04-29,1.626
2023-04-30,1.644
2023-05-01,1.74
2023-05-02,1.891
2023-05-03,2.055
2023-05-04,2.081
2023-05-05,2.067
2023-05-06,2.028
2023-05-07,1.981
2023-05-08,1.816
2023-05-09,1.585
2023-05-10,1.464
2023-05-11,1.355
2023-05-12,1.244
2023-05-13,1.239
2023-05-14,1.229
2023-05-15,1.143
2023-05-16,1.003
2023-05-17,0.987
2023-05-18,0.844
2023-05-19,0.848
2023-05-20,0.871
2023-05-21,0.906
2023-05-22,0.94
2023-05-23,1.042
2023-05-24,1.221
2023-05-25,1.22
2023-05-26,1.188
2023-05-27,1.165
2023-05-28,1.147
2023-05-29,1.125
2023-05-30,1.007
2023-05-31,0.926
2023-06-01,0.919
2023-06-02,0.976
2023-06-03,0.981
2023-06-04,0.954
2023-06-05,0.906
2023-06-07,0.729
2023-06-09,0.812
2023-06-10,0.815
2023-06-11,0.818
2023-06-12,0.899
2023-06-13,1.098
2023-06-14,1.158
2023-06-15,1.216
2023-06-16,1.282
2023-06-17,1.247
2023-06-18,1.217
2023-06-19,1.189
2023-06-20,1.036
2023-06-21,0.943
2023-06-22,0.937
2023-06-24,0.837
2023-06-25,0.849
2023-06-26,0.881
2023-06-27,0.93
2023-06-28,0.959
2023-06-29,1.01
2023-06-30,1.046
2023-07-01,1.041
2023-07-02,1.032
2023-07-03,1.023
2023-07-04,1.011
2023-07-05,0.999
2023-07-06,0.947
2023-07-07,0.896
2023-07-08,0.889
2023-07-09,0.883
2023-07-10,0.857
2023-07-11,0.833
2023-07-12,0.842
2023-07-13,0.895
2023-07-14,0.936
2023-07-15,0.939
2023-07-16,0.957
2023-07-17,1.078
2023-07-18,1.131
2023-07-19,1.153
2023-07-20,1.168
2023-07-21,1.235
2023-07-22,1.293
2023-07-23,1.267
2023-07-24,1.242
2023-07-25,1.22
2023-07-26,1.166
2023-07-27,1.151
2023-07-28,1.084
2023-07-29,1.023
2023-07-30,1.01
2023-07-31,0.934
2023-08-01,0.843
2023-08-02,0.845
2023-08-03,0.851
2023-08-04,0.857
2023-08-05,0.854
2023-08-06,0.849
2023-08-07,0.858
2023-08-08,0.876
2023-08-09,0.875
2023-08-10,0.882
2023-08-11,0.882
2023-08-12,0.899
2023-08-13,0.921
2023-08-14,1.001
2023-08-15,1.05
2023-08-16,1.066
2023-08-17,1.08
2023-08-18,1.079
2023-08-19,1.07
2023-08-20,1.058
2023-08-21,1.046
2023-08-22,1.028
2023-08-23,1.013
2023-08-24,0.998
2023-08-25,0.913
2023-08-26,0.83
2023-08-27,0.816
2023-08-28,0.803
2023-08-29,0.804
2023-08-30,0.819
2023-08-31,0.839
2023-09-01,0.865
2023-09-02,0.862
2023-09-03,0.881
2023-09-04,0.9
2023-09-05,0.895
2023-09-06,0.868
2023-09-07,0.865
2023-09-08,0.916
2023-09-09,0.964
2023-09-10,0.958
2023-09-11,0.949
2023-09-12,0.957
2023-09-13,0.957
2023-09-14,0.951
2023-09-15,0.942
2023-09-16,0.93
2023-09-17,0.921
2023-09-18,0.974
2023-09-19,0.978
2023-09-20,1.005
2023-09-21,1.037
2023-09-22,1.021
2023-09-23,1.005
2023-09-24,0.989
2023-09-25,0.971
2023-09-26,0.907
2023-09-27,0.848
2023-09-28,0.839
2023-09-29,0.832
2023-09-30,0.826
2023-10-01,0.822
2023-10-02,0.817
2023-10-03,0.813
2023-10-04,0.809
2023-10-05,0.805
2023-10-06,0.821
2023-10-07,0.828
2023-10-08,0.836
2023-10-09,0.849
2023-10-10,0.962
2023-10-11,1.087
2023-10-12,1.171
2023-10-13,1.244
2023-10-14,1.22
2023-10-15,1.195
2023-10-16,1.174
2023-10-17,1.15
2023-10-18,1.059
2023-10-19,0.957
2023-10-20,0.967
2023-10-21,0.977
2023-10-22,0.974
2023-10-23,0.923
2023-10-24,0.858
2023-10-25,0.869
2023-10-26,0.882
2023-10-27,0.907
2023-10-28,0.94
2023-10-29,0.959
2023-10-30,1.091
2023-10-31,1.148
2023-11-01,1.148
2023-11-02,1.153
2023-11-03,1.156
2023-11-04,1.159
2023-11-05,1.155
2023-11-06,1.15
2023-11-07,1.16
2023-11-08,1.157
2023-11-09,1.167
2023-11-10,1.177
2023-11-11,1.187
2023-11-12,1.188
2023-11-13,1.185
2023-11-14,1.182
2023-11-15,1.149
2023-11-16,1.12
2023-11-17,1.122
2023-11-18,1.126
2023-11-19,1.127
2023-11-20,1.124
2023-11-21,1.125
2023-11-22,1.133
2023-11-23,1.137
2023-11-24,1.133
2023-11-25,1.125
2023-11-26,1.119
2023-11-27,1.126
2023-11-28,1.124
2023-11-29,1.116
2023-11-30,1.073
2023-12-01,1.002
2023-12-02,1.009
2023-12-03,1.013
2023-12-04,1.018
2023-12-05,1.017
2023-12-06,1.015
2023-12-07,1.014
2023-12-08,1.013
2023-12-09,1.012
2023-12-10,1.027
2023-12-11,1.041
2023-12-12,1.033
2023-12-13,1.033
2023-12-14,1.03
2023-12-15,1.031
2023-12-16,1.038
2023-12-17,1.05
2023-12-18,1.149
2023-12-19,1.215
2023-12-20,1.267
2023-12-21,1.302
2023-12-22,1.282
2023-12-23,1.263
2023-12-24,1.246
2023-12-25,1.231
2023-12-26,1.218
2023-12-27,1.209
2023-12-28,1.221
2023-12-29,1.229
2023-12-30,1.226
2023-12-31,1.218
2024-01-01,1.207
2024-01-02,1.195
2024-01-03,1.188
2024-01-04,1.178
2024-01-05,1.102
2024-01-06,1.033
2024-01-07,1.041
2024-01-08,1.043
2024-01-09,1.05
2024-01-10,1.074
2024-01-11,1.081
2024-01-12,1.082
2024-01-13,1.096
2024-01-14,1.098
2024-01-15,1.117
2024-01-16,1.135
2024-01-17,1.126
2024-01-18,1.124
2024-01-19,1.113
2024-01-20,1.101
2024-01-21,1.09
2024-01-22,1.08
2024-01-23,1.073
2024-01-24,1.068
2024-01-25,1.1
2024-01-26,1.145
2024-01-27,1.129
2024-01-28,1.113
2024-01-29,1.098
2024-01-30,1.085
2024-01-31,1.07
2024-02-01,1.062
2024-02-02,1.054
2024-02-03,1.043
2024-02-04,1.034
2024-02-05,1.026
2024-02-06,1.017
2024-02-07,1.008
2024-02-08,1.017
2024-02-09,0.998
2024-02-10,0.976
2024-02-11,0.995
2024-02-12,1.005
2024-02-13,1.008
2024-02-14,1.005
2024-02-15,1.004
2024-02-16,1.028
2024-02-17,1.027
2024-02-18,1.023
2024-02-19,1.017
2024-02-20,1.007
2024-02-21,1
2024-02-22,1.039
2024-02-23,1.042
2024-02-24,1.019
2024-02-25,1.004
2024-02-26,0.995
2024-02-27,1.077
2024-02-28,1.149
2024-02-29,1.15
2024-03-01,1.203
2024-03-02,1.251
2024-03-03,1.231
2024-03-04,1.229
2024-03-05,1.321
2024-03-06,1.436
2024-03-07,1.491
2024-03-08,1.569
2024-03-09,1.648
2024-03-10,1.76
2024-03-11,1.724
2024-03-12,1.698
2024-03-13,1.592
2024-03-14,1.529
2024-03-15,1.504
2024-03-16,1.437
2024-03-17,1.42
2024-03-18,1.333
2024-03-19,1.247
2024-03-20,1.154
2024-03-21,1.131
2024-03-22,1.149
2024-03-23,1.163
2024-03-24,1.17
2024-03-25,1.115
2024-03-26,1.086
2024-03-27,1.122
2024-03-28,1.231
2024-03-29,1.354
2024-03-30,1.361
2024-03-31,1.357
2024-04-01,1.347
2024-04-02,1.346
2024-04-03,1.35
2024-04-04,1.371
2024-04-05,1.373
2024-04-06,1.37
2024-04-07,1.359
2024-04-08,1.348
2024-04-09,1.336
2024-04-10,1.328
2024-04-11,1.325
2024-04-12,1.484
2024-04-13,1.694
2024-04-14,1.742
2024-04-15,1.883
2024-04-16,1.989
2024-04-17,1.983
2024-04-18,1.996
2024-04-19,1.93
2024-04-20,1.85
2024-04-21,1.813
2024-04-22,1.726
2024-04-23,1.567
2024-04-24,1.446
2024-04-25,1.432
2024-04-26,1.416
2024-04-27,1.403
2024-04-28,1.402
2024-04-29,1.412
2024-04-30,1.428
2024-05-01,1.429
2024-05-02,1.384
2024-05-03,1.274
2024-05-04,1.21
2024-05-05,1.203
2024-05-06,1.196
2024-05-07,1.149
2024-05-08,1.099
2024-05-09,1.125
2024-05-10,1.194
2024-05-11,1.269
2024-05-12,1.258
2024-05-13,1.246
2024-05-14,1.179
2024-05-15,1.092
2024-05-16,1.062
2024-05-17,1.017
2024-05-18,1.008
2024-05-19,1.004
2024-05-20,0.998
2024-05-21,0.995
2024-05-22,1.002
2024-05-23,1.017
2024-05-24,1.016
2024-05-25,1.013
2024-05-26,1.012
2024-05-27,1.013
2024-05-28,1.021
2024-05-29,1.069
2024-05-30,1.094
2024-05-31,1.083
2024-06-01,1.072
2024-06-02,1.06
2024-06-03,0.946
2024-06-04,0.889
2024-06-05,0.928
2024-06-06,0.925
2024-06-07,0.876
2024-06-08,0.815
2024-06-09,0.817
2024-06-10,0.822
2024-06-11,0.805
2024-06-12,0.762
2024-06-13,0.808
2024-06-14,0.922
2024-06-15,0.927
2024-06-16,0.904
2024-06-17,0.898
2024-06-18,0.889
2024-06-19,0.881
2024-06-20,0.87
2024-06-21,0.873
2024-06-22,0.893
2024-06-23,1.074
2024-06-24,1.425
2024-06-25,1.627
2024-06-26,1.656
2024-06-27,1.575
2024-06-28,1.497
2024-06-29,1.435
2024-06-30,1.368
2024-07-01,1.296
2024-07-02,1.167
2024-07-03,1.003
2024-07-04,0.987
2024-07-05,0.991
2024-07-06,0.991
2024-07-07,0.989
2024-07-08,0.986
2024-07-09,1.046
2024-07-10,1.13
2024-07-11,1.13
2024-07-12,1.049
2024-07-13,0.972
2024-07-14,0.971
2024-07-15,0.972
2024-07-16,0.975
2024-07-17,0.976
2024-07-18,0.97
2024-07-19,0.96
2024-07-20,0.951
2024-07-21,0.943
2024-07-22,0.892
2024-07-23,0.783
2024-07-24,0.724
2024-07-25,0.727
2024-07-26,0.723
2024-07-27,0.721
2024-07-28,0.717
2024-07-29,0.713
2024-07-30,0.713
2024-07-31,0.735
2024-08-01,0.746
2024-08-02,0.749
2024-08-03,0.748
2024-08-04,0.747
2024-08-05,0.748
2024-08-06,0.761
2024-08-07,0.803
2024-08-08,0.797
2024-08-09,0.793
2024-08-10,0.79
2024-08-11,0.798
2024-08-12,0.802
2024-08-13,0.798
2024-08-14,0.793
2024-08-15,0.788
2024-08-16,0.862
2024-08-17,0.917
2024-08-18,0.905
2024-08-19,0.903
2024-08-20,0.865
2024-08-21,0.852
2024-08-22,0.852
2024-08-23,0.851
2024-08-24,0.847
2024-08-25,0.844
2024-08-26,0.768
2024-08-27,0.708
2024-08-28,0.709
2024-08-29,0.703
2024-08-30,0.702
2024-08-31,0.734
2024-09-01,0.739
2024-09-02,0.74
2024-09-03,0.823
2024-09-04,0.877
2024-09-05,0.867
2024-09-06,0.858
2024-09-07,0.851
2024-09-08,0.844
2024-09-09,0.819
2024-09-10,0.801
2024-09-11,0.803
2024-09-12,0.804
2024-09-13,0.804
2024-09-14,0.803
2024-09-15,0.801
2024-09-16,0.825
2024-09-17,0.833
2024-09-18,0.82
2024-09-19,0.81
2024-09-20,0.803
2024-09-21,0.797
2024-09-22,0.792
2024-09-23,0.89
2024-09-24,0.986
2024-09-25,0.973
2024-09-26,0.956
2024-09-27,0.992
2024-09-28,1.043
2024-09-29,1.028
2024-09-30,1.012
2024-10-01,0.966
2024-10-02,0.956
2024-10-03,0.953
2024-10-04,0.948
2024-10-05,0.939
2024-10-06,0.939
2024-10-07,0.943
2024-10-08,0.933
2024-10-09,0.924
2024-10-10,0.914
2024-10-11,0.876
2024-10-12,0.862
2024-10-13,0.863
2024-10-14,0.861
2024-10-15,0.79
2024-10-16,0.691
2024-10-17,0.7
2024-10-18,0.708
2024-10-19,0.715
2024-10-20,0.72
2024-10-21,0.725
2024-10-22,0.723
2024-10-23,0.721
2024-10-24,0.718
2024-10-25,0.715
2024-10-26,0.716
2024-10-27,0.713
2024-10-28,0.71
2024-10-29,0.708
2024-10-30,0.708
2024-10-31,0.713
2024-11-01,0.729
2024-11-02,0.73
2024-11-03,0.731
2024-11-04,0.737
2024-11-05,0.762
2024-11-06,0.792
2024-11-07,0.811
2024-11-08,0.826
2024-11-09,0.838
2024-11-10,0.851
2024-11-11,0.873
2024-11-12,0.895
2024-11-13,0.92
2024-11-14,0.93
2024-11-15,0.924
2024-11-16,0.92
2024-11-17,0.916
2024-11-18,0.913
2024-11-19,0.908
2024-11-20,0.904
2024-11-21,0.917
2024-11-22,0.925
2024-11-23,0.924
2024-11-24,0.922
2024-11-25,0.962
2024-11-26,1.005
2024-11-27,1.009
2024-11-28,1.003
2024-11-29,1
2024-11-30,1
2024-12-01,1.005
2024-12-02,0.997
2024-12-03,0.989
2024-12-04,1
2024-12-05,0.998
2024-12-06,0.989
2024-12-07,0.985
2024-12-08,0.988
2024-12-09,0.983
2024-12-10,0.978
2024-12-11,0.976
2024-12-12,0.982
2024-12-13,0.98
2024-12-14,0.973
2024-12-15,0.964
2024-12-16,1.009
2024-12-17,1.088
2024-12-18,1.109
2024-12-19,1.139
2024-12-20,1.185
2024-12-21,1.188
2024-12-22,1.151
2024-12-23,1.058
2024-12-24,0.998
2024-12-25,1.001
2024-12-26,1
2024-12-27,0.998
2024-12-28,0.997
2024-12-29,1.014
2024-12-30,1.232
2024-12-31,1.45
2026-06-07,0.9742
2026-06-08,1.0546
2026-06-09,1.1033
2026-06-10,1.2581
2026-06-11,1.4888
2026-06-12,1.5949
2026-06-13,1.5095
2026-06-14,1.4838
2026-06-15,1.376
2026-06-16,1.2316
2026-06-17,1.1143
2026-06-18,1.1353
2026-06-19,1.1741
2026-06-20,1.1958
2026-06-21,1.1963
2026-06-22,1.1899
2026-06-23,1.1802
2026-06-24,1.1666
2026-06-25,1.086
2026-06-26,1.0189
2026-06-27,1.0209
2026-06-28,1.0188
2026-06-29,1.0132
2026-06-30,0.9496
2026-07-01,0.8824
2026-07-02,0.8923
2026-07-03,0.8993
2026-07-04,0.9063
2026-07-05,0.9101
2026-07-06,0.9377
2026-07-07,0.9807
2026-07-08,0.9669
2026-07-09,0.9292
2026-07-10,0.8769
2026-07-11,0.8736
2026-07-12,0.8682
2026-07-13,0.8621
2026-07-14,0.8575
2026-07-15,0.8538
2026-07-16,0.8502
2026-07-17,0.8426
2026-07-18,0.8535
2026-07-19,0.853
2026-07-20,0.8462
2026-07-21,0.8434
2026-07-22,0.8404
2026-07-23,0.7973
2026-07-24,0.7399
2026-07-25,0.7368
2026-07-26,0.7322
2026-07-27,0.7321
2026-07-28,0.7399
2026-07-29,0.7361
2026-07-30,0.7269
2026-07-31,0.7236
2026-08-01,0.7215
2026-08-02,0.7285
2026-08-03,0.7303
2026-08-04,0.7257
2026-08-05,0.7247
2026-08-06,0.7236
2026-08-07,0.7216
2026-08-08,0.7232
2026-08-09,0.7286
2026-08-10,0.7273
2026-08-11,0.7256
2026-08-12,0.7243
2026-08-13,0.7213
2026-08-14,0.7246
2026-08-15,0.7226
2026-08-16,0.7199
2026-08-17,0.7213
2026-08-18,0.7186
2026-08-19,0.7203
2026-08-20,0.7192
2026-08-21,0.7175
2026-08-22,0.7148
2026-08-23,0.7176
2026-08-24,0.7244
2026-08-25,0.726
2026-08-26,0.7245
2026-08-27,0.7264
2026-08-28,0.7298
2026-08-29,0.7272
2026-08-30,0.727
2026-08-31,0.7282
2026-09-01,0.7781
2026-09-02,0.843
2026-09-03,0.8376
2026-09-04,0.8314
2026-09-05,0.829
2026-09-06,0.8252
2026-09-07,0.821
2026-09-08,0.8189
