date,value
2002-11-01,8.766
2002-11-02,8.762
2002-11-03,8.76
2002-11-04,8.763
2002-11-05,8.762
2002-11-06,8.77
2002-11-07,8.766
2002-11-08,8.766
2002-11-09,8.766
2002-11-10,8.781
2002-11-11,8.8
2002-11-12,8.803
2002-11-13,8.807
2002-11-14,8.809
2002-11-15,8.813
2002-11-16,8.809
2002-11-17,8.816
2002-11-18,8.822
2002-11-19,8.819
2002-11-20,8.824
2002-11-21,8.83
2002-11-22,8.837
2002-11-23,8.834
2002-11-24,8.837
2002-11-25,8.843
2002-11-26,8.846
2002-11-27,8.844
2002-11-28,8.844
2002-11-29,8.857
2002-11-30,8.872
2002-12-01,8.87
2002-12-02,8.883
2002-12-03,8.878
2002-12-04,8.874
2002-12-05,8.874
2002-12-06,8.879
2002-12-07,8.878
2002-12-08,8.882
2002-12-09,8.874
2002-12-10,8.868
2002-12-11,8.862
2002-12-12,8.857
2002-12-13,8.848
2002-12-14,8.84
2002-12-15,8.835
2002-12-16,8.83
2002-12-17,8.818
2002-12-18,8.805
2002-12-19,8.806
2002-12-20,8.824
2002-12-21,8.843
2002-12-22,8.855
2002-12-23,8.865
2002-12-24,8.865
2002-12-25,8.865
2002-12-26,8.862
2002-12-27,8.857
2002-12-28,8.853
2002-12-29,8.851
2002-12-30,8.841
2002-12-31,8.851
2003-01-01,8.85
2003-01-02,8.844
2003-01-03,8.843
2003-01-04,8.844
2003-01-05,8.84
2003-01-06,8.84
2003-01-07,8.834
2003-01-08,8.832
2003-01-09,8.832
2003-01-10,8.829
2003-01-11,8.826
2003-01-12,8.821
2003-01-13,8.82
2003-01-14,8.817
2003-01-15,8.813
2003-01-16,8.81
2003-01-17,8.808
2003-01-18,8.8
2003-01-19,8.801
2003-01-20,8.801
2003-01-21,8.796
2003-01-22,8.79
2003-01-23,8.786
2003-01-24,8.782
2003-01-25,8.78
2003-01-26,8.784
2003-01-27,8.776
2003-01-28,8.764
2003-01-29,8.754
2003-01-30,8.739
2003-01-31,8.727
2003-02-01,8.717
2003-02-02,8.706
2003-02-03,8.694
2003-02-04,8.702
2003-02-05,8.696
2003-02-06,8.69
2003-02-07,8.686
2003-02-08,8.675
2003-02-09,8.672
2003-02-10,8.664
2003-02-11,8.658
2003-02-12,8.652
2003-02-13,8.643
2003-02-14,8.626
2003-02-15,8.613
2003-02-16,8.597
2003-02-17,8.583
2003-02-18,8.569
2003-02-19,8.556
2003-02-20,8.543
2003-02-21,8.527
2003-02-22,8.515
2003-02-23,8.513
2003-02-24,8.497
2003-02-25,8.486
2003-02-26,8.473
2003-02-27,8.461
2003-02-28,8.448
2003-03-01,8.436
2003-03-02,8.428
2003-03-03,8.416
2003-03-04,8.404
2003-03-05,8.401
2003-03-06,8.391
2003-03-07,8.38
2003-03-08,8.374
2003-03-09,8.369
2003-03-10,8.358
2003-03-11,8.347
2003-03-12,8.339
2003-03-13,8.327
2003-03-14,8.313
2003-03-15,8.305
2003-03-16,8.295
2003-03-17,8.288
2003-03-18,8.28
2003-03-19,8.274
2003-03-20,8.268
2003-03-21,8.268
2003-03-22,8.272
2003-03-23,8.277
2003-03-24,8.283
2003-03-25,8.314
2003-03-26,8.349
2003-03-27,8.377
2003-03-28,8.411
2003-03-29,8.484
2003-03-30,8.55
2003-03-31,8.584
2003-04-01,8.605
2003-04-02,8.627
2003-04-03,8.643
2003-04-04,8.654
2003-04-05,8.67
2003-04-06,8.674
2003-04-07,8.674
2003-04-08,8.675
2003-04-09,8.675
2003-04-10,8.677
2003-04-11,8.683
2003-04-12,8.697
2003-04-13,8.71
2003-04-14,8.721
2003-04-15,8.744
2003-04-16,8.775
2003-04-17,8.797
2003-04-18,8.822
2003-04-19,8.845
2003-04-20,8.867
2003-04-21,8.9
2003-04-22,8.934
2003-04-23,8.961
2003-04-24,8.977
2003-04-25,8.991
2003-04-26,9.004
2003-04-27,9.013
2003-04-28,9.023
2003-04-29,9.03
2003-04-30,9.025
2003-05-01,9.043
2003-05-02,9.054
2003-05-03,9.048
2003-05-04,9.041
2003-05-05,9.03
2003-05-06,9.033
2003-05-07,9.031
2003-05-08,9.025
2003-05-09,9.014
2003-05-10,9.005
2003-05-11,9.009
2003-05-12,9.028
2003-05-13,9.035
2003-05-14,9.033
2003-05-15,9.027
2003-05-16,9.022
2003-05-17,9.021
2003-05-18,9.014
2003-05-19,9.004
2003-05-20,9.002
2003-05-21,9.009
2003-05-22,9.002
2003-05-23,8.996
2003-05-24,8.998
2003-05-25,9.004
2003-05-26,9
2003-05-27,9.002
2003-05-28,9.002
2003-05-29,9
2003-05-30,8.996
2003-05-31,8.995
2003-06-01,8.987
2003-06-02,8.976
2003-06-03,8.966
2003-06-04,8.956
2003-06-05,8.961
2003-06-06,8.956
2003-06-07,8.957
2003-06-08,8.953
2003-06-09,8.964
2003-06-10,8.964
2003-06-11,8.99
2003-06-12,8.999
2003-06-13,9.006
2003-06-14,9.014
2003-06-15,9.013
2003-06-16,9.009
2003-06-17,9.007
2003-06-18,9.005
2003-06-19,9.005
2003-06-20,8.993
2003-06-21,8.986
2003-06-22,8.979
2003-06-23,8.971
2003-06-24,8.962
2003-06-25,8.96
2003-06-26,8.96
2003-06-27,8.988
2003-06-28,8.983
2003-06-29,8.984
2003-06-30,8.981
2003-07-01,8.974
2003-07-02,8.97
2003-07-03,8.965
2003-07-04,8.965
2003-07-05,8.964
2003-07-06,8.958
2003-07-07,8.949
2003-07-08,8.947
2003-07-09,8.938
2003-07-10,8.925
2003-07-11,8.931
2003-07-12,8.952
2003-07-13,8.953
2003-07-14,8.949
2003-07-15,8.948
2003-07-16,8.958
2003-07-17,8.955
2003-07-18,8.951
2003-07-19,8.944
2003-07-20,8.935
2003-07-21,8.935
2003-07-22,8.933
2003-07-23,8.932
2003-07-24,8.93
2003-07-25,8.925
2003-07-26,8.922
2003-07-27,8.929
2003-07-28,8.925
2003-07-29,8.916
2003-07-30,8.912
2003-07-31,8.905
2003-08-01,8.903
2003-08-02,8.899
2003-08-03,8.902
2003-08-04,8.906
2003-08-05,8.906
2003-08-06,8.907
2003-08-07,8.905
2003-08-08,8.91
2003-08-09,8.906
2003-08-10,8.904
2003-08-11,8.905
2003-08-12,8.901
2003-08-13,8.901
2003-08-14,8.9
2003-08-15,8.897
2003-08-16,8.895
2003-08-17,8.887
2003-08-18,8.879
2003-08-19,8.874
2003-08-20,8.869
2003-08-21,8.862
2003-08-22,8.876
2003-08-23,8.868
2003-08-24,8.852
2003-08-25,8.851
2003-08-26,8.847
2003-08-27,8.846
2003-08-28,8.835
2003-08-29,8.848
2003-08-30,8.848
2003-08-31,8.841
2003-09-01,8.839
2003-09-02,8.835
2003-09-03,8.83
2003-09-04,8.833
2003-09-05,8.828
2003-09-06,8.82
2003-09-07,8.819
2003-09-08,8.812
2003-09-09,8.807
2003-09-10,8.806
2003-09-11,8.803
2003-09-12,8.796
2003-09-13,8.791
2003-09-14,8.792
2003-09-15,8.797
2003-09-16,8.804
2003-09-17,8.797
2003-09-18,8.792
2003-09-19,8.792
2003-09-20,8.802
2003-09-21,8.795
2003-09-22,8.795
2003-09-23,8.84
2003-09-24,8.854
2003-09-25,8.871
2003-09-26,8.865
2003-09-27,8.864
2003-09-28,8.864
2003-09-29,8.862
2003-09-30,8.857
2003-10-01,8.865
2003-10-02,8.877
2003-10-03,8.876
2003-10-04,8.907
2003-10-05,8.92
2003-10-06,8.92
2003-10-07,8.913
2003-10-08,8.899
2003-10-09,8.887
2003-10-10,8.872
2003-10-11,8.856
2003-10-12,8.843
2003-10-13,8.83
2003-10-14,8.821
2003-10-15,8.863
2003-10-16,8.855
2003-10-17,8.848
2003-10-18,8.841
2003-10-19,8.837
2003-10-20,8.826
2003-10-21,8.825
2003-10-22,8.816
2003-10-23,8.804
2003-10-24,8.787
2003-10-25,8.778
2003-10-26,8.777
2003-10-27,8.777
2003-10-28,8.767
2003-10-29,8.77
2003-10-30,8.771
2003-10-31,8.77
2003-11-01,8.772
2003-11-02,8.769
2003-11-03,8.772
2003-11-04,8.783
2003-11-05,8.83
2003-11-06,8.853
2003-11-07,8.863
2003-11-08,8.861
2003-11-09,8.854
2003-11-10,8.849
2003-11-11,8.849
2003-11-12,8.853
2003-11-13,8.907
2003-11-14,8.913
2003-11-15,8.913
2003-11-16,8.916
2003-11-17,8.913
2003-11-18,8.908
2003-11-19,8.959
2003-11-20,8.989
2003-11-21,9.005
2003-11-22,9.007
2003-11-23,9.002
2003-11-24,9.003
2003-11-25,9.011
2003-11-26,9.003
2003-11-27,8.996
2003-11-28,8.998
2003-11-29,9.01
2003-11-30,9.001
2003-12-01,9
2003-12-02,8.986
2003-12-03,8.967
2003-12-04,8.953
2003-12-05,8.934
2003-12-06,8.916
2003-12-07,8.9
2003-12-08,8.878
2003-12-09,8.859
2003-12-10,8.84
2003-12-11,8.846
2003-12-12,8.838
2003-12-13,8.822
2003-12-14,8.808
2003-12-15,8.799
2003-12-16,8.782
2003-12-17,8.775
2003-12-18,8.775
2003-12-19,8.766
2003-12-20,8.759
2003-12-21,8.753
2003-12-22,8.747
2003-12-23,8.744
2003-12-24,8.746
2003-12-25,8.74
2003-12-26,8.735
2003-12-27,8.726
2003-12-28,8.716
2003-12-29,8.727
2003-12-30,8.757
2003-12-31,8.769
2004-01-01,8.775
2004-01-02,8.775
2004-01-03,8.794
2004-01-04,8.807
2004-01-05,8.809
2004-01-06,8.807
2004-01-07,8.81
2004-01-08,8.804
2004-01-09,8.797
2004-01-10,8.786
2004-01-11,8.785
2004-01-12,8.786
2004-01-13,8.782
2004-01-14,8.771
2004-01-15,8.762
2004-01-16,8.752
2004-01-17,8.74
2004-01-18,8.734
2004-01-19,8.724
2004-01-20,8.714
2004-01-21,8.701
2004-01-22,8.695
2004-01-23,8.683
2004-01-24,8.671
2004-01-25,8.66
2004-01-26,8.649
2004-01-27,8.642
2004-01-28,8.64
2004-01-29,8.63
2004-01-30,8.619
2004-01-31,8.609
2004-02-01,8.597
2004-02-02,8.586
2004-02-03,8.58
2004-02-04,8.579
2004-02-05,8.569
2004-02-06,8.564
2004-02-07,8.559
2004-02-08,8.546
2004-02-09,8.536
2004-02-10,8.532
2004-02-11,8.528
2004-02-12,8.518
2004-02-13,8.509
2004-02-14,8.502
2004-02-15,8.49
2004-02-16,8.481
2004-02-17,8.471
2004-02-18,8.461
2004-02-19,8.454
2004-02-20,8.446
2004-02-21,8.455
2004-02-22,8.452
2004-02-23,8.443
2004-02-24,8.435
2004-02-25,8.427
2004-02-26,8.419
2004-02-27,8.41
2004-02-28,8.402
2004-02-29,8.393
2004-03-01,8.386
2004-03-02,8.393
2004-03-03,8.392
2004-03-04,8.389
2004-03-05,8.412
2004-03-06,8.452
2004-03-07,8.472
2004-03-08,8.49
2004-03-09,8.495
2004-03-10,8.498
2004-03-11,8.501
2004-03-12,8.507
2004-03-13,8.506
2004-03-14,8.501
2004-03-15,8.509
2004-03-16,8.503
2004-03-17,8.498
2004-03-18,8.491
2004-03-19,8.484
2004-03-20,8.479
2004-03-21,8.477
2004-03-22,8.467
2004-03-23,8.463
2004-03-24,8.452
2004-03-25,8.448
2004-03-26,8.453
2004-03-27,8.479
2004-03-28,8.5
2004-03-29,8.537
2004-03-30,8.606
2004-03-31,8.694
2004-04-01,8.751
2004-04-02,8.79
2004-04-03,8.824
2004-04-04,8.853
2004-04-05,8.866
2004-04-06,8.876
2004-04-07,8.883
2004-04-08,8.885
2004-04-09,8.889
2004-04-10,8.891
2004-04-11,8.888
2004-04-12,8.887
2004-04-13,8.885
2004-04-14,8.889
2004-04-15,8.892
2004-04-16,8.893
2004-04-17,8.9
2004-04-18,8.901
2004-04-19,8.92
2004-04-20,8.927
2004-04-21,8.933
2004-04-22,8.951
2004-04-23,8.957
2004-04-24,8.962
2004-04-25,8.962
2004-04-26,8.984
2004-04-27,8.998
2004-04-28,8.999
2004-04-29,9.009
2004-04-30,9.014
2004-05-01,9.026
2004-05-02,9.061
2004-05-03,9.09
2004-05-04,9.094
2004-05-05,9.098
2004-05-06,9.095
2004-05-07,9.094
2004-05-08,9.082
2004-05-09,9.077
2004-05-10,9.068
2004-05-11,9.065
2004-05-12,9.053
2004-05-13,9.043
2004-05-14,9.03
2004-05-15,9.025
2004-05-16,9.007
2004-05-17,8.984
2004-05-18,8.984
2004-05-19,8.973
2004-05-20,8.961
2004-05-21,8.953
2004-05-22,8.942
2004-05-23,8.942
2004-05-24,8.988
2004-05-25,9.011
2004-05-26,9.025
2004-05-27,9.026
2004-05-28,9.039
2004-05-29,9.03
2004-05-30,9.021
2004-05-31,9.006
2004-06-01,9.008
2004-06-02,9
2004-06-03,8.991
2004-06-04,8.977
2004-06-05,8.962
2004-06-06,8.948
2004-06-07,8.941
2004-06-08,8.936
2004-06-09,8.941
2004-06-10,8.937
2004-06-11,8.925
2004-06-12,8.911
2004-06-13,8.9
2004-06-14,8.904
2004-06-15,8.902
2004-06-16,8.892
2004-06-17,8.892
2004-06-18,8.895
2004-06-19,8.9
2004-06-20,8.89
2004-06-21,8.884
2004-06-22,8.891
2004-06-23,8.889
2004-06-24,8.903
2004-06-25,8.904
2004-06-26,8.903
2004-06-27,8.899
2004-06-28,8.893
2004-06-29,8.896
2004-06-30,8.895
2004-07-01,8.895
2004-07-02,8.893
2004-07-03,8.887
2004-07-04,8.883
2004-07-05,8.896
2004-07-06,8.893
2004-07-07,8.893
2004-07-08,8.898
2004-07-09,8.896
2004-07-10,8.895
2004-07-11,8.893
2004-07-12,8.89
2004-07-13,8.888
2004-07-14,8.905
2004-07-15,8.912
2004-07-16,8.91
2004-07-17,8.906
2004-07-18,8.904
2004-07-19,8.908
2004-07-20,8.905
2004-07-21,8.904
2004-07-22,8.906
2004-07-23,8.906
2004-07-24,8.895
2004-07-25,8.892
2004-07-26,8.887
2004-07-27,8.883
2004-07-28,8.88
2004-07-29,8.877
2004-07-30,8.874
2004-07-31,8.879
2004-08-01,8.878
2004-08-02,8.875
2004-08-03,8.888
2004-08-04,8.89
2004-08-05,8.884
2004-08-06,8.875
2004-08-07,8.865
2004-08-08,8.862
2004-08-09,8.857
2004-08-10,8.868
2004-08-11,8.874
2004-08-12,8.873
2004-08-13,8.871
2004-08-14,8.868
2004-08-15,8.864
2004-08-16,8.862
2004-08-17,8.858
2004-08-18,8.856
2004-08-19,8.858
2004-08-20,8.848
2004-08-21,8.845
2004-08-22,8.836
2004-08-23,8.835
2004-08-24,8.825
2004-08-25,8.817
2004-08-26,8.825
2004-08-27,8.832
2004-08-28,8.834
2004-08-29,8.838
2004-08-30,8.838
2004-08-31,8.834
2004-09-01,8.831
2004-09-02,8.823
2004-09-03,8.822
2004-09-04,8.819
2004-09-05,8.815
2004-09-06,8.81
2004-09-07,8.824
2004-09-08,8.819
2004-09-09,8.819
2004-09-10,8.814
2004-09-11,8.809
2004-09-12,8.807
2004-09-13,8.801
2004-09-14,8.797
2004-09-15,8.795
2004-09-16,8.799
2004-09-17,8.797
2004-09-18,8.79
2004-09-19,8.783
2004-09-20,8.779
2004-09-21,8.777
2004-09-22,8.776
2004-09-23,8.773
2004-09-24,8.769
2004-09-25,8.771
2004-09-26,8.766
2004-09-27,8.763
2004-09-28,8.762
2004-09-29,8.755
2004-09-30,8.75
2004-10-01,8.744
2004-10-02,8.748
2004-10-03,8.743
2004-10-04,8.743
2004-10-05,8.735
2004-10-06,8.73
2004-10-07,8.728
2004-10-08,8.724
2004-10-09,8.745
2004-10-10,8.747
2004-10-11,8.74
2004-10-12,8.737
2004-10-13,8.735
2004-10-14,8.731
2004-10-15,8.729
2004-10-16,8.739
2004-10-17,8.762
2004-10-18,8.759
2004-10-19,8.751
2004-10-20,8.749
2004-10-21,8.75
2004-10-22,8.745
2004-10-23,8.739
2004-10-24,8.739
2004-10-25,8.742
2004-10-26,8.744
2004-10-27,8.744
2004-10-28,8.741
2004-10-29,8.738
2004-10-30,8.749
2004-10-31,8.758
2004-11-01,8.756
2004-11-02,8.763
2004-11-03,8.762
2004-11-04,8.76
2004-11-05,8.775
2004-11-06,8.767
2004-11-07,8.767
2004-11-08,8.765
2004-11-09,8.761
2004-11-10,8.758
2004-11-11,8.764
2004-11-12,8.762
2004-11-13,8.761
2004-11-14,8.758
2004-11-15,8.758
2004-11-16,8.758
2004-11-17,8.758
2004-11-18,8.759
2004-11-19,8.759
2004-11-20,8.758
2004-11-21,8.764
2004-11-22,8.763
2004-11-23,8.763
2004-11-24,8.769
2004-11-25,8.775
2004-11-26,8.767
2004-11-27,8.764
2004-11-28,8.777
2004-11-29,8.785
2004-11-30,8.783
2004-12-01,8.801
2004-12-02,8.805
2004-12-03,8.809
2004-12-04,8.81
2004-12-05,8.824
2004-12-06,8.818
2004-12-07,8.825
2004-12-08,8.857
2004-12-09,8.862
2004-12-10,8.872
2004-12-11,8.891
2004-12-12,8.893
2004-12-13,8.909
2004-12-14,8.91
2004-12-15,8.906
2004-12-16,8.907
2004-12-17,8.91
2004-12-18,8.898
2004-12-19,8.902
2004-12-20,8.885
2004-12-21,8.877
2004-12-22,8.872
2004-12-23,8.882
2004-12-24,8.875
2004-12-25,8.867
2004-12-26,8.858
2004-12-27,8.848
2004-12-28,8.836
2004-12-29,8.828
2004-12-30,8.817
2004-12-31,8.823
2005-01-01,8.828
2005-01-02,8.835
2005-01-03,8.842
2005-01-04,8.84
2005-01-05,8.836
2005-01-06,8.834
2005-01-07,8.831
2005-01-08,8.827
2005-01-09,8.82
2005-01-10,8.815
2005-01-11,8.808
2005-01-12,8.803
2005-01-13,8.817
2005-01-14,8.842
2005-01-15,8.856
2005-01-16,8.863
2005-01-17,8.866
2005-01-18,8.862
2005-01-19,8.864
2005-01-20,8.859
2005-01-21,8.849
2005-01-22,8.841
2005-01-23,8.83
2005-01-24,8.821
2005-01-25,8.815
2005-01-26,8.808
2005-01-27,8.796
2005-01-28,8.78
2005-01-29,8.765
2005-01-30,8.753
2005-01-31,8.737
2005-02-01,8.723
2005-02-02,8.708
2005-02-03,8.694
2005-02-04,8.679
2005-02-05,8.665
2005-02-06,8.65
2005-02-07,8.64
2005-02-08,8.635
2005-02-09,8.621
2005-02-10,8.611
2005-02-11,8.597
2005-02-12,8.587
2005-02-13,8.574
2005-02-14,8.574
2005-02-15,8.595
2005-02-16,8.594
2005-02-17,8.591
2005-02-18,8.587
2005-02-19,8.583
2005-02-20,8.576
2005-02-21,8.571
2005-02-22,8.564
2005-02-23,8.555
2005-02-24,8.543
2005-02-25,8.534
2005-02-26,8.528
2005-02-27,8.518
2005-02-28,8.507
2005-03-01,8.505
2005-03-02,8.497
2005-03-03,8.488
2005-03-04,8.477
2005-03-05,8.467
2005-03-06,8.462
2005-03-07,8.467
2005-03-08,8.472
2005-03-09,8.462
2005-03-10,8.448
2005-03-11,8.437
2005-03-12,8.427
2005-03-13,8.415
2005-03-14,8.405
2005-03-15,8.392
2005-03-16,8.381
2005-03-17,8.369
2005-03-18,8.359
2005-03-19,8.347
2005-03-20,8.337
2005-03-21,8.327
2005-03-22,8.317
2005-03-23,8.307
2005-03-24,8.298
2005-03-25,8.289
2005-03-26,8.28
2005-03-27,8.271
2005-03-28,8.264
2005-03-29,8.26
2005-03-30,8.26
2005-03-31,8.27
2005-04-01,8.299
2005-04-02,8.326
2005-04-03,8.355
2005-04-04,8.381
2005-04-05,8.401
2005-04-06,8.427
2005-04-07,8.482
2005-04-08,8.553
2005-04-09,8.598
2005-04-10,8.632
2005-04-11,8.657
2005-04-12,8.674
2005-04-13,8.689
2005-04-14,8.703
2005-04-15,8.714
2005-04-16,8.733
2005-04-17,8.749
2005-04-18,8.764
2005-04-19,8.779
2005-04-20,8.804
2005-04-21,8.828
2005-04-22,8.843
2005-04-23,8.86
2005-04-24,8.895
2005-04-25,8.931
2005-04-26,8.958
2005-04-27,9.004
2005-04-28,9.027
2005-04-29,9.035
2005-04-30,9.036
2005-05-01,9.036
2005-05-02,9.032
2005-05-03,9.026
2005-05-04,9.018
2005-05-05,9.006
2005-05-06,8.996
2005-05-07,8.985
2005-05-08,8.974
2005-05-13,8.917
2005-05-14,8.917
2005-05-15,8.928
2005-05-16,8.927
2005-05-17,8.928
2005-05-18,8.927
2005-05-19,8.927
2005-05-20,8.928
2005-05-21,8.929
2005-05-22,8.927
2005-05-23,8.927
2005-05-24,8.923
2005-05-25,8.924
2005-05-26,8.923
2005-05-27,8.923
2005-05-28,8.921
2005-05-29,8.919
2005-05-30,8.916
2005-05-31,8.913
2005-06-01,8.91
2005-06-02,8.907
2005-06-03,8.906
2005-06-04,8.906
2005-06-05,8.916
2005-06-06,8.927
2005-06-07,8.929
2005-06-08,8.921
2005-06-09,8.921
2005-06-10,8.922
2005-06-11,8.921
2005-06-12,8.926
2005-06-13,8.94
2005-06-14,9.017
2005-06-15,9.038
2005-06-16,9.038
2005-06-17,9.031
2005-06-18,9.02
2005-06-19,9.008
2005-06-20,8.999
2005-06-21,8.99
2005-06-22,8.98
2005-06-23,8.965
2005-06-24,8.953
2005-06-25,8.953
2005-06-26,8.947
2005-06-27,8.942
2005-06-28,8.937
2005-06-29,8.933
2005-06-30,8.928
2005-07-01,8.94
2005-07-02,8.931
2005-07-03,8.918
2005-07-04,8.916
2005-07-05,8.933
2005-07-06,8.929
2005-07-07,8.923
2005-07-08,8.919
2005-07-09,8.917
2005-07-10,8.916
2005-07-11,8.909
2005-07-12,8.907
2005-07-13,8.904
2005-07-14,8.901
2005-07-15,8.893
2005-07-16,8.889
2005-07-17,8.896
2005-07-18,8.913
2005-07-19,8.912
2005-07-20,8.903
2005-07-21,8.899
2005-07-22,8.895
2005-07-23,8.886
2005-07-24,8.875
2005-07-25,8.875
2005-07-26,8.87
2005-07-27,8.867
2005-07-28,8.856
2005-07-29,8.854
2005-07-30,8.847
2005-07-31,8.843
2005-08-01,8.846
2005-08-02,8.845
2005-08-03,8.844
2005-08-04,8.84
2005-08-05,8.844
2005-08-06,8.833
2005-08-07,8.827
2005-08-08,8.823
2005-08-09,8.819
2005-08-10,8.816
2005-08-11,8.815
2005-08-12,8.809
2005-08-13,8.812
2005-08-14,8.807
2005-08-15,8.803
2005-08-16,8.796
2005-08-17,8.792
2005-08-18,8.777
2005-08-19,8.778
2005-08-20,8.8
2005-08-21,8.8
2005-08-22,8.796
2005-08-23,8.788
2005-08-24,8.783
2005-08-25,8.78
2005-08-26,8.776
2005-08-27,8.775
2005-08-28,8.791
2005-08-29,8.79
2005-08-30,8.792
2005-08-31,8.793
2005-09-01,8.788
2005-09-02,8.785
2005-09-03,8.78
2005-09-04,8.772
2005-09-05,8.767
2005-09-06,8.764
2005-09-07,8.761
2005-09-08,8.762
2005-09-09,8.758
2005-09-10,8.75
2005-09-11,8.746
2005-09-12,8.746
2005-09-13,8.744
2005-09-14,8.742
2005-09-15,8.743
2005-09-16,8.739
2005-09-17,8.739
2005-09-18,8.735
2005-09-19,8.73
2005-09-20,8.732
2005-09-21,8.724
2005-09-22,8.724
2005-09-23,8.73
2005-09-24,8.717
2005-09-25,8.721
2005-09-26,8.758
2005-09-27,8.754
2005-09-28,8.746
2005-09-29,8.768
2005-09-30,8.754
2005-10-01,8.75
2005-10-02,8.749
2005-10-03,8.746
2005-10-04,8.749
2005-10-05,8.749
2005-10-06,8.749
2005-10-07,8.749
2005-10-08,8.741
2005-10-09,8.734
2005-10-10,8.729
2005-10-11,8.729
2005-10-12,8.726
2005-10-13,8.724
2005-10-14,8.725
2005-10-15,8.736
2005-10-16,8.742
2005-10-17,8.728
2005-10-18,8.732
2005-10-19,8.726
2005-10-20,8.725
2005-10-21,8.721
2005-10-22,8.718
2005-10-23,8.717
2005-10-24,8.714
2005-10-25,8.715
2005-10-26,8.712
2005-10-27,8.706
2005-10-28,8.703
2005-10-29,8.701
2005-10-30,8.7
2005-10-31,8.701
2005-11-01,8.712
2005-11-02,8.712
2005-11-03,8.711
2005-11-04,8.705
2005-11-05,8.707
2005-11-06,8.733
2005-11-07,8.75
2005-11-08,8.757
2005-11-09,8.757
2005-11-10,8.771
2005-11-11,8.763
2005-11-12,8.761
2005-11-13,8.762
2005-11-14,8.768
2005-11-15,8.761
2005-11-16,8.791
2005-11-17,8.836
2005-11-18,8.842
2005-11-19,8.846
2005-11-20,8.855
2005-11-21,8.865
2005-11-22,8.874
2005-11-23,8.862
2005-11-24,8.867
2005-11-25,8.865
2005-11-26,8.858
2005-11-27,8.855
2005-11-28,8.852
2005-11-29,8.895
2005-11-30,8.931
2005-12-01,8.955
2005-12-02,8.971
2005-12-03,8.971
2005-12-04,8.97
2005-12-05,8.973
2005-12-06,8.982
2005-12-07,8.982
2005-12-08,8.976
2005-12-09,8.972
2005-12-10,8.961
2005-12-11,8.957
2005-12-12,8.948
2005-12-13,8.933
2005-12-14,8.919
2005-12-15,8.906
2005-12-16,8.902
2005-12-17,8.898
2005-12-18,8.891
2005-12-19,8.888
2005-12-20,8.884
2005-12-21,8.876
2005-12-22,8.868
2005-12-23,8.862
2005-12-24,8.859
2005-12-25,8.865
2005-12-26,8.876
2005-12-27,8.87
2005-12-28,8.866
2005-12-29,8.869
2005-12-30,8.863
2005-12-31,8.856
2006-01-01,8.852
2006-01-02,8.845
2006-01-03,8.838
2006-01-04,8.836
2006-01-05,8.846
2006-01-06,8.84
2006-01-07,8.832
2006-01-08,8.829
2006-01-09,8.826
2006-01-10,8.821
2006-01-11,8.817
2006-01-12,8.816
2006-01-13,8.815
2006-01-14,8.839
2006-01-15,8.838
2006-01-16,8.838
2006-01-17,8.837
2006-01-18,8.869
2006-01-19,8.883
2006-01-20,8.881
2006-01-21,8.887
2006-01-22,8.88
2006-01-23,8.872
2006-01-24,8.865
2006-01-25,8.862
2006-01-26,8.851
2006-01-27,8.835
2006-01-28,8.824
2006-01-29,8.82
2006-01-30,8.827
2006-01-31,8.825
2006-02-01,8.818
2006-02-02,8.81
2006-02-03,8.805
2006-02-04,8.799
2006-02-05,8.808
2006-02-06,8.801
2006-02-07,8.791
2006-02-08,8.777
2006-02-09,8.763
2006-02-10,8.747
2006-02-11,8.733
2006-02-12,8.719
2006-02-13,8.705
2006-02-14,8.697
2006-02-15,8.69
2006-02-16,8.684
2006-02-17,8.691
2006-02-18,8.682
2006-02-19,8.673
2006-02-20,8.666
2006-02-21,8.659
2006-02-22,8.646
2006-02-23,8.632
2006-02-24,8.621
2006-02-25,8.615
2006-02-26,8.603
2006-02-27,8.588
2006-02-28,8.574
2006-03-01,8.559
2006-03-02,8.545
2006-03-03,8.529
2006-03-04,8.515
2006-03-05,8.5
2006-03-06,8.485
2006-03-07,8.471
2006-03-08,8.457
2006-03-09,8.445
2006-03-10,8.463
2006-03-11,8.471
2006-03-12,8.481
2006-03-13,8.505
2006-03-14,8.532
2006-03-15,8.55
2006-03-16,8.561
2006-03-17,8.566
2006-03-18,8.57
2006-03-19,8.568
2006-03-20,8.565
2006-03-21,8.561
2006-03-22,8.554
2006-03-23,8.546
2006-03-24,8.537
2006-03-25,8.531
2006-03-26,8.525
2006-03-27,8.52
2006-03-28,8.519
2006-03-29,8.52
2006-03-30,8.525
2006-03-31,8.533
2006-04-01,8.58
2006-04-02,8.624
2006-04-03,8.664
2006-04-04,8.721
2006-04-05,8.755
2006-04-06,8.776
2006-04-07,8.794
2006-04-08,8.804
2006-04-09,8.81
2006-04-10,8.815
2006-04-11,8.818
2006-04-12,8.83
2006-04-13,8.86
2006-04-14,8.885
2006-04-15,8.905
2006-04-16,8.917
2006-04-17,8.923
2006-04-18,8.924
2006-04-19,8.922
2006-04-20,8.919
2006-04-21,8.919
2006-04-22,8.918
2006-04-23,8.925
2006-04-24,8.936
2006-04-25,8.943
2006-04-26,8.943
2006-04-27,8.95
2006-04-28,8.957
2006-04-29,8.96
2006-04-30,8.963
2006-05-01,8.966
2006-05-02,8.97
2006-05-03,8.973
2006-05-04,8.976
2006-05-05,8.976
2006-05-06,8.975
2006-05-07,8.972
2006-05-08,8.973
2006-05-09,8.971
2006-05-10,8.969
2006-05-11,8.969
2006-05-12,9
2006-05-13,9.007
2006-05-14,9.012
2006-05-15,9.017
2006-05-16,9.025
2006-05-17,9.033
2006-05-18,9.036
2006-05-19,9.042
2006-05-20,9.044
2006-05-21,9.047
2006-05-22,9.046
2006-05-23,9.043
2006-05-24,9.04
2006-05-25,9.037
2006-05-26,9.037
2006-05-27,9.038
2006-05-28,9.034
2006-05-29,9.035
2006-05-30,9.033
2006-05-31,9.034
2006-06-01,9.033
2006-06-02,9.03
2006-06-03,9.026
2006-06-04,9.022
2006-06-05,9.02
2006-06-06,9.014
2006-06-07,9.007
2006-06-08,9.006
2006-06-09,9.014
2006-06-10,9.008
2006-06-11,9.001
2006-06-12,8.997
2006-06-13,8.993
2006-06-14,8.99
2006-06-15,8.987
2006-06-16,8.982
2006-06-17,8.982
2006-06-18,8.982
2006-06-19,9.001
2006-06-20,9.003
2006-06-21,8.994
2006-06-22,9.005
2006-06-23,9.004
2006-06-24,9
2006-06-25,8.995
2006-06-26,8.99
2006-06-27,8.991
2006-06-28,8.993
2006-06-29,8.997
2006-06-30,9
2006-07-01,8.994
2006-07-02,9
2006-07-03,8.993
2006-07-04,8.991
2006-07-05,8.987
2006-07-06,8.978
2006-07-07,8.972
2006-07-08,8.966
2006-07-09,8.962
2006-07-10,8.968
2006-07-11,8.972
2006-07-12,8.967
2006-07-13,8.967
2006-07-14,8.962
2006-07-15,8.968
2006-07-16,8.964
2006-07-17,8.961
2006-07-18,8.965
2006-07-19,8.954
2006-07-20,8.953
2006-07-21,8.956
2006-07-22,8.949
2006-07-23,8.946
2006-07-24,8.937
2006-07-25,8.96
2006-07-26,8.97
2006-07-27,8.995
2006-07-28,8.993
2006-07-29,9.005
2006-07-30,9.005
2006-07-31,9.004
2006-08-01,9.006
2006-08-02,9.02
2006-08-03,9.06
2006-08-04,9.062
2006-08-05,9.05
2006-08-06,9.037
2006-08-07,9.032
2006-08-08,9.015
2006-08-09,9.001
2006-08-10,8.99
2006-08-11,8.973
2006-08-12,8.957
2006-08-13,8.944
2006-08-14,8.931
2006-08-15,8.925
2006-08-16,8.915
2006-08-17,8.911
2006-08-18,8.907
2006-08-19,8.906
2006-08-20,8.91
2006-08-21,8.902
2006-08-22,8.9
2006-08-23,8.894
2006-08-24,8.892
2006-08-25,8.885
2006-08-26,8.877
2006-08-27,8.885
2006-08-28,8.884
2006-08-29,8.882
2006-08-30,8.877
2006-08-31,8.87
2006-09-01,8.863
2006-09-02,8.859
2006-09-03,8.87
2006-09-04,8.869
2006-09-05,8.864
2006-09-06,8.865
2006-09-07,8.86
2006-09-08,8.86
2006-09-09,8.863
2006-09-10,8.853
2006-09-11,8.845
2006-09-12,8.837
2006-09-13,8.84
2006-09-14,8.843
2006-09-15,8.84
2006-09-16,8.838
2006-09-17,8.835
2006-09-18,8.838
2006-09-19,8.845
2006-09-20,8.849
2006-09-21,8.844
2006-09-22,8.837
2006-09-23,8.84
2006-09-24,8.86
2006-09-25,8.863
2006-09-26,8.862
2006-09-27,8.858
2006-09-28,8.875
2006-09-29,8.87
2006-09-30,8.857
2006-10-01,8.853
2006-10-02,8.844
2006-10-03,8.84
2006-10-04,8.844
2006-10-05,8.837
2006-10-06,8.826
2006-10-07,8.819
2006-10-08,8.813
2006-10-09,8.808
2006-10-10,8.8
2006-10-11,8.799
2006-10-12,8.831
2006-10-13,8.811
2006-10-14,8.815
2006-10-15,8.812
2006-10-16,8.803
2006-10-17,8.801
2006-10-18,8.822
2006-10-19,8.828
2006-10-20,8.826
2006-10-21,8.817
2006-10-22,8.82
2006-10-23,8.838
2006-10-24,8.839
2006-10-25,8.834
2006-10-26,8.824
2006-10-27,8.815
2006-10-28,8.831
2006-10-29,8.851
2006-10-30,8.843
2006-10-31,8.848
2006-11-01,8.853
2006-11-02,8.861
2006-11-03,8.867
2006-11-04,8.872
2006-11-05,8.876
2006-11-06,8.883
2006-11-07,8.887
2006-11-08,8.897
2006-11-09,8.903
2006-11-10,8.899
2006-11-11,8.904
2006-11-12,8.899
2006-11-13,8.892
2006-11-14,8.891
2006-11-15,8.887
2006-11-16,8.904
2006-11-17,8.923
2006-11-18,8.927
2006-11-19,8.926
2006-11-20,8.921
2006-11-21,8.911
2006-11-22,8.908
2006-11-23,8.907
2006-11-24,8.905
2006-11-25,8.904
2006-11-26,8.904
2006-11-27,8.908
2006-11-28,8.911
2006-11-29,8.911
2006-11-30,8.929
2006-12-01,8.946
2006-12-02,8.965
2006-12-03,8.965
2006-12-04,8.968
2006-12-05,8.969
2006-12-06,8.973
2006-12-07,8.978
2006-12-08,8.967
2006-12-09,8.957
2006-12-10,8.948
2006-12-11,8.941
2006-12-12,8.932
2006-12-13,8.952
2006-12-14,8.974
2006-12-15,8.999
2006-12-16,9.016
2006-12-17,9.025
2006-12-18,9.027
2006-12-19,9.023
2006-12-20,9.014
2006-12-21,9.006
2006-12-22,8.99
2006-12-23,9.001
2006-12-24,9.007
2006-12-25,8.999
2006-12-26,8.998
2006-12-27,8.984
2006-12-28,8.975
2006-12-29,8.958
2006-12-30,8.945
2006-12-31,8.929
2007-01-01,8.924
2007-01-02,8.914
2007-01-03,8.898
2007-01-04,8.884
2007-01-05,8.885
2007-01-06,8.887
2007-01-07,8.882
2007-01-08,8.886
2007-01-09,8.891
2007-01-10,8.88
2007-01-11,8.862
2007-01-12,8.859
2007-01-13,8.851
2007-01-14,8.838
2007-01-15,8.832
2007-01-16,8.824
2007-01-17,8.806
2007-01-18,8.794
2007-01-19,8.791
2007-01-20,8.781
2007-01-21,8.766
2007-01-22,8.754
2007-01-23,8.747
2007-01-24,8.748
2007-01-25,8.742
2007-01-26,8.735
2007-01-27,8.731
2007-01-28,8.728
2007-01-29,8.722
2007-01-30,8.714
2007-01-31,8.712
2007-02-01,8.708
2007-02-02,8.705
2007-02-03,8.705
2007-02-04,8.706
2007-02-05,8.703
2007-02-06,8.697
2007-02-07,8.692
2007-02-08,8.69
2007-02-09,8.688
2007-02-10,8.685
2007-02-11,8.679
2007-02-12,8.679
2007-02-13,8.671
2007-02-14,8.667
2007-02-15,8.66
2007-02-16,8.653
2007-02-17,8.648
2007-02-18,8.644
2007-02-19,8.636
2007-02-20,8.631
2007-02-21,8.623
2007-02-22,8.624
2007-02-23,8.625
2007-02-24,8.617
2007-02-25,8.608
2007-02-26,8.602
2007-02-27,8.595
2007-02-28,8.589
2007-03-01,8.581
2007-03-02,8.583
2007-03-03,8.587
2007-03-04,8.584
2007-03-05,8.583
2007-03-06,8.574
2007-03-07,8.567
2007-03-08,8.562
2007-03-09,8.552
2007-03-10,8.555
2007-03-11,8.551
2007-03-12,8.547
2007-03-13,8.543
2007-03-14,8.54
2007-03-15,8.541
2007-03-16,8.537
2007-03-17,8.537
2007-03-18,8.534
2007-03-19,8.53
2007-03-20,8.532
2007-03-21,8.53
2007-03-22,8.547
2007-03-23,8.565
2007-03-24,8.579
2007-03-25,8.596
2007-03-26,8.612
2007-03-27,8.649
2007-03-28,8.682
2007-03-29,8.71
2007-03-30,8.742
2007-03-31,8.768
2007-04-01,8.792
2007-04-02,8.83
2007-04-03,8.866
2007-04-04,8.936
2007-04-05,8.995
2007-04-06,9.025
2007-04-07,9.043
2007-04-08,9.054
2007-04-09,9.059
2007-04-10,9.062
2007-04-11,9.066
2007-04-12,9.076
2007-04-13,9.085
2007-04-14,9.087
2007-04-15,9.088
2007-04-16,9.087
2007-04-17,9.079
2007-04-18,9.071
2007-04-19,9.065
2007-04-20,9.059
2007-04-21,9.056
2007-04-22,9.051
2007-04-23,9.051
2007-04-24,9.052
2007-04-25,9.05
2007-04-26,9.044
2007-04-27,9.062
2007-04-28,9.079
2007-04-29,9.083
2007-04-30,9.088
2007-05-01,9.082
2007-05-02,9.078
2007-05-03,9.071
2007-05-04,9.063
2007-05-05,9.055
2007-05-06,9.045
2007-05-07,9.036
2007-05-08,9.038
2007-05-09,9.038
2007-05-10,9.047
2007-05-11,9.052
2007-05-12,9.048
2007-05-13,9.045
2007-05-14,9.042
2007-05-15,9.059
2007-05-16,9.074
2007-05-17,9.073
2007-05-18,9.068
2007-05-19,9.063
2007-05-20,9.059
2007-05-21,9.047
2007-05-22,9.037
2007-05-23,9.032
2007-05-24,9.03
2007-05-25,9.028
2007-05-26,9.022
2007-05-27,9.021
2007-05-28,9.024
2007-05-29,9.017
2007-05-30,9.012
2007-05-31,9.008
2007-06-01,9.008
2007-06-02,9.006
2007-06-03,9.007
2007-06-04,9.069
2007-06-05,9.089
2007-06-06,9.08
2007-06-07,9.065
2007-06-08,9.063
2007-06-09,9.062
2007-06-10,9.054
2007-06-11,9.045
2007-06-12,9.037
2007-06-13,9.027
2007-06-14,9.016
2007-06-15,9.009
2007-06-16,9.008
2007-06-17,9.006
2007-06-18,8.998
2007-06-19,8.997
2007-06-20,9.001
2007-06-21,8.995
2007-06-22,8.992
2007-06-23,8.983
2007-06-24,8.978
2007-06-25,8.976
2007-06-26,8.973
2007-06-27,8.974
2007-06-28,8.973
2007-06-29,8.965
2007-06-30,8.963
2007-07-01,8.96
2007-07-02,8.952
2007-07-03,8.945
2007-07-04,8.943
2007-07-05,8.946
2007-07-06,8.946
2007-07-07,8.943
2007-07-08,8.94
2007-07-09,8.947
2007-07-10,8.953
2007-07-11,8.988
2007-07-12,8.982
2007-07-13,8.982
2007-07-14,8.976
2007-07-15,8.988
2007-07-16,8.984
2007-07-17,8.981
2007-07-18,8.98
2007-07-19,8.985
2007-07-20,8.999
2007-07-21,8.988
2007-07-22,8.979
2007-07-23,8.971
2007-07-24,8.967
2007-07-25,8.962
2007-07-26,8.958
2007-07-27,8.955
2007-07-28,8.954
2007-07-29,8.949
2007-07-30,8.944
2007-07-31,8.939
2007-08-01,8.937
2007-08-02,8.932
2007-08-03,8.931
2007-08-04,8.921
2007-08-05,8.907
2007-08-06,8.905
2007-08-07,8.897
2007-08-08,8.898
2007-08-09,8.889
2007-08-10,8.886
2007-08-11,8.88
2007-08-12,8.879
2007-08-13,8.878
2007-08-14,8.862
2007-08-15,8.861
2007-08-16,8.854
2007-08-17,8.85
2007-08-18,8.841
2007-08-19,8.833
2007-08-20,8.825
2007-08-21,8.817
2007-08-22,8.813
2007-08-23,8.815
2007-08-24,8.842
2007-08-25,8.87
2007-08-26,8.873
2007-08-27,8.868
2007-08-28,8.867
2007-08-29,8.868
2007-08-30,8.87
2007-08-31,8.863
2007-09-01,8.859
2007-09-02,8.854
2007-09-03,8.853
2007-09-04,8.846
2007-09-05,8.841
2007-09-06,8.843
2007-09-07,8.841
2007-09-08,8.846
2007-09-09,8.839
2007-09-10,8.84
2007-09-11,8.859
2007-09-12,8.863
2007-09-13,8.853
2007-09-14,8.855
2007-09-15,8.857
2007-09-16,8.85
2007-09-17,8.847
2007-09-18,8.841
2007-09-19,8.841
2007-09-20,8.843
2007-09-21,8.839
2007-09-22,8.84
2007-09-23,8.835
2007-09-24,8.83
2007-09-25,8.83
2007-09-26,8.84
2007-09-27,8.837
2007-09-28,8.847
2007-09-29,8.849
2007-09-30,8.842
2007-10-01,8.84
2007-10-02,8.837
2007-10-03,8.837
2007-10-04,8.837
2007-10-05,8.836
2007-10-06,8.855
2007-10-07,8.86
2007-10-08,8.863
2007-10-09,8.867
2007-10-10,8.864
2007-10-11,8.863
2007-10-12,8.848
2007-10-13,8.837
2007-10-14,8.824
2007-10-15,8.811
2007-10-16,8.8
2007-10-17,8.797
2007-10-18,8.791
2007-10-19,8.794
2007-10-20,8.807
2007-10-21,8.806
2007-10-22,8.805
2007-10-23,8.815
2007-10-24,8.819
2007-10-25,8.819
2007-10-26,8.815
2007-10-27,8.84
2007-10-28,8.848
2007-10-29,8.843
2007-10-30,8.844
2007-10-31,8.844
2007-11-01,8.854
2007-11-02,8.847
2007-11-03,8.847
2007-11-04,8.848
2007-11-05,8.846
2007-11-06,8.866
2007-11-07,8.878
2007-11-08,8.873
2007-11-09,8.872
2007-11-10,8.87
2007-11-11,8.864
2007-11-12,8.86
2007-11-13,8.865
2007-11-14,8.861
2007-11-15,8.862
2007-11-16,8.858
2007-11-17,8.849
2007-11-18,8.842
2007-11-19,8.833
2007-11-20,8.844
2007-11-21,8.855
2007-11-22,8.858
2007-11-23,8.854
2007-11-24,8.845
2007-11-25,8.843
2007-11-26,8.841
2007-11-27,8.85
2007-11-28,8.845
2007-11-29,8.861
2007-11-30,8.878
2007-12-01,8.88
2007-12-02,8.876
2007-12-03,8.898
2007-12-04,8.886
2007-12-05,8.871
2007-12-06,8.857
2007-12-07,8.846
2007-12-08,8.841
2007-12-09,8.826
2007-12-10,8.817
2007-12-11,8.805
2007-12-12,8.803
2007-12-13,8.785
2007-12-14,8.785
2007-12-15,8.768
2007-12-16,8.767
2007-12-17,8.768
2007-12-18,8.754
2007-12-19,8.748
2007-12-20,8.74
2007-12-21,8.731
2007-12-22,8.72
2007-12-23,8.721
2007-12-24,8.732
2007-12-25,8.734
2007-12-26,8.732
2007-12-27,8.732
2007-12-28,8.73
2007-12-29,8.74
2007-12-30,8.746
2007-12-31,8.745
2008-01-01,8.744
2008-01-02,8.737
2008-01-03,8.724
2008-01-04,8.714
2008-01-05,8.707
2008-01-06,8.701
2008-01-07,8.701
2008-01-08,8.731
2008-01-09,8.837
2008-01-10,8.921
2008-01-11,8.963
2008-01-12,8.992
2008-01-13,9.003
2008-01-14,9.015
2008-01-15,9.023
2008-01-16,9.02
2008-01-17,9.017
2008-01-18,9.017
2008-01-19,9.021
2008-01-20,9.015
2008-01-21,9.007
2008-01-22,9.004
2008-01-23,8.997
2008-01-24,8.982
2008-01-25,8.968
2008-01-26,8.954
2008-01-27,8.937
2008-01-28,8.918
2008-01-29,8.899
2008-01-30,8.899
2008-01-31,8.889
2008-02-01,8.88
2008-02-02,8.876
2008-02-03,8.861
2008-02-04,8.844
2008-02-05,8.833
2008-02-06,8.82
2008-02-07,8.805
2008-02-08,8.788
2008-02-09,8.774
2008-02-10,8.773
2008-02-11,8.765
2008-02-12,8.748
2008-02-13,8.74
2008-02-14,8.724
2008-02-15,8.718
2008-02-16,8.7
2008-02-17,8.691
2008-02-18,8.706
2008-02-19,8.706
2008-02-20,8.701
2008-02-21,8.693
2008-02-22,8.684
2008-02-23,8.673
2008-02-24,8.661
2008-02-25,8.649
2008-02-26,8.639
2008-02-27,8.627
2008-02-28,8.611
2008-02-29,8.598
2008-03-01,8.59
2008-03-02,8.574
2008-03-03,8.568
2008-03-04,8.56
2008-03-05,8.554
2008-03-06,8.542
2008-03-07,8.533
2008-03-08,8.523
2008-03-09,8.516
2008-03-10,8.501
2008-03-11,8.488
2008-03-12,8.483
2008-03-13,8.469
2008-03-14,8.461
2008-03-15,8.455
2008-03-16,8.447
2008-03-17,8.437
2008-03-18,8.429
2008-03-19,8.431
2008-03-20,8.427
2008-03-21,8.418
2008-03-22,8.409
2008-03-23,8.4
2008-03-24,8.391
2008-03-25,8.387
2008-03-26,8.399
2008-03-27,8.393
2008-03-28,8.387
2008-03-29,8.38
2008-03-30,8.37
2008-03-31,8.369
2008-04-01,8.411
2008-04-02,8.448
2008-04-03,8.474
2008-04-04,8.496
2008-04-05,8.511
2008-04-06,8.531
2008-04-07,8.56
2008-04-08,8.608
2008-04-09,8.665
2008-04-10,8.73
2008-04-11,8.791
2008-04-12,8.891
2008-04-13,8.956
2008-04-14,8.994
2008-04-15,9.02
2008-04-16,9.045
2008-04-17,9.073
2008-04-18,9.1
2008-04-19,9.127
2008-04-20,9.151
2008-04-21,9.169
2008-04-22,9.184
2008-04-23,9.2
2008-04-24,9.208
2008-04-25,9.212
2008-04-26,9.216
2008-04-27,9.218
2008-04-28,9.227
2008-04-29,9.225
2008-04-30,9.21
2008-05-01,9.191
2008-05-02,9.171
2008-05-03,9.174
2008-05-04,9.197
2008-05-05,9.194
2008-05-06,9.186
2008-05-07,9.177
2008-05-08,9.197
2008-05-09,9.189
2008-05-10,9.177
2008-05-11,9.157
2008-05-12,9.142
2008-05-13,9.123
2008-05-14,9.103
2008-05-15,9.096
2008-05-16,9.076
2008-05-17,9.063
2008-05-18,9.052
2008-05-19,9.047
2008-05-20,9.03
2008-05-21,9.02
2008-05-22,9.021
2008-05-23,9.016
2008-05-24,9.008
2008-05-25,8.999
2008-05-26,8.997
2008-05-27,8.994
2008-05-28,8.982
2008-05-29,8.98
2008-05-30,8.982
2008-05-31,9.01
2008-06-01,9.023
2008-06-02,9.03
2008-06-03,9.035
2008-06-04,9.037
2008-06-05,9.044
2008-06-06,9.072
2008-06-07,9.086
2008-06-08,9.092
2008-06-09,9.097
2008-06-10,9.103
2008-06-11,9.114
2008-06-12,9.101
2008-06-13,9.088
2008-06-14,9.089
2008-06-15,9.082
2008-06-16,9.068
2008-06-17,9.054
2008-06-18,9.038
2008-06-19,9.023
2008-06-20,9.01
2008-06-21,8.999
2008-06-22,8.996
2008-06-23,8.99
2008-06-24,8.988
2008-06-25,8.982
2008-06-26,8.981
2008-06-27,8.98
2008-06-28,8.986
2008-06-29,9
2008-06-30,9.001
2008-07-01,8.998
2008-07-02,8.992
2008-07-03,9.005
2008-07-04,8.996
2008-07-05,8.99
2008-07-06,8.983
2008-07-07,8.977
2008-07-08,8.984
2008-07-09,8.989
2008-07-10,8.981
2008-07-11,8.978
2008-07-12,8.972
2008-07-13,8.979
2008-07-14,8.974
2008-07-15,8.965
2008-07-16,8.965
2008-07-17,8.96
2008-07-18,8.961
2008-07-19,8.961
2008-07-20,8.957
2008-07-21,8.971
2008-07-22,8.979
2008-07-23,8.978
2008-07-24,8.976
2008-07-25,8.972
2008-07-26,8.969
2008-07-27,8.967
2008-07-28,8.962
2008-07-29,8.959
2008-07-30,8.956
2008-07-31,8.962
2008-08-01,8.958
2008-08-02,8.956
2008-08-03,8.954
2008-08-04,8.948
2008-08-05,8.946
2008-08-06,8.957
2008-08-07,8.957
2008-08-08,8.964
2008-08-09,8.977
2008-08-10,9.013
2008-08-11,9.026
2008-08-12,9.012
2008-08-13,9.018
2008-08-14,9.008
2008-08-15,8.995
2008-08-16,8.986
2008-08-17,8.967
2008-08-18,8.953
2008-08-19,8.937
2008-08-20,8.926
2008-08-21,8.919
2008-08-22,8.911
2008-08-23,8.912
2008-08-24,8.926
2008-08-25,8.924
2008-08-26,8.917
2008-08-27,8.912
2008-08-28,8.906
2008-08-29,8.905
2008-08-30,8.907
2008-08-31,8.903
2008-09-01,8.9
2008-09-02,8.901
2008-09-03,8.898
2008-09-04,8.897
2008-09-05,8.889
2008-09-06,8.891
2008-09-07,8.886
2008-09-08,8.898
2008-09-09,8.907
2008-09-10,8.904
2008-09-11,8.898
2008-09-12,8.901
2008-09-13,8.904
2008-09-14,8.922
2008-09-15,8.992
2008-09-16,8.996
2008-09-17,8.991
2008-09-18,8.973
2008-09-19,8.951
2008-09-20,8.934
2008-09-21,8.914
2008-09-22,8.893
2008-09-23,8.888
2008-09-24,8.882
2008-09-25,8.878
2008-09-26,8.872
2008-09-27,8.869
2008-09-28,8.868
2008-09-29,8.859
2008-09-30,8.857
2008-10-01,8.855
2008-10-02,8.847
2008-10-03,8.837
2008-10-04,8.828
2008-10-05,8.82
2008-10-06,8.814
2008-10-07,8.805
2008-10-08,8.803
2008-10-09,8.82
2008-10-10,8.815
2008-10-11,8.811
2008-10-12,8.806
2008-10-13,8.802
2008-10-14,8.802
2008-10-15,8.798
2008-10-16,8.8
2008-10-17,8.792
2008-10-18,8.786
2008-10-19,8.778
2008-10-20,8.775
2008-10-21,8.792
2008-10-22,8.786
2008-10-23,8.783
2008-10-24,8.779
2008-10-25,8.79
2008-10-26,8.803
2008-10-27,8.839
2008-10-28,8.866
2008-10-29,8.878
2008-10-30,8.875
2008-10-31,8.88
2008-11-01,8.885
2008-11-02,8.886
2008-11-03,8.893
2008-11-04,8.895
2008-11-05,8.895
2008-11-06,8.893
2008-11-07,8.889
2008-11-08,8.907
2008-11-09,8.917
2008-11-10,8.93
2008-11-11,8.938
2008-11-12,8.935
2008-11-13,8.952
2008-11-14,8.97
2008-11-15,8.997
2008-11-16,9.03
2008-11-17,9.034
2008-11-18,9.031
2008-11-19,9.018
2008-11-20,9.011
2008-11-21,8.998
2008-11-22,8.981
2008-11-23,8.962
2008-11-24,8.946
2008-11-25,8.94
2008-11-26,8.936
2008-11-27,8.918
2008-11-28,8.909
2008-11-29,8.894
2008-11-30,8.879
2008-12-01,8.875
2008-12-02,8.866
2008-12-03,8.85
2008-12-04,8.848
2008-12-05,8.837
2008-12-06,8.824
2008-12-07,8.822
2008-12-08,8.799
2008-12-09,8.801
2008-12-10,8.803
2008-12-11,8.785
2008-12-12,8.782
2008-12-13,8.766
2008-12-14,8.768
2008-12-15,8.787
2008-12-16,8.796
2008-12-17,8.802
2008-12-18,8.809
2008-12-19,8.811
2008-12-20,8.809
2008-12-21,8.809
2008-12-22,8.811
2008-12-23,8.806
2008-12-24,8.813
2008-12-25,8.822
2008-12-26,8.816
2008-12-27,8.828
2008-12-28,8.884
2008-12-29,8.929
2008-12-30,8.965
2008-12-31,8.977
2009-01-01,8.978
2009-01-02,8.978
2009-01-03,8.979
2009-01-04,8.973
2009-01-05,8.969
2009-01-06,8.962
2009-01-07,8.958
2009-01-08,8.954
2009-01-09,8.941
2009-01-10,8.929
2009-01-11,8.915
2009-01-12,8.902
2009-01-13,8.894
2009-01-14,8.88
2009-01-15,8.866
2009-01-16,8.849
2009-01-17,8.836
2009-01-18,8.825
2009-01-19,8.813
2009-01-20,8.799
2009-01-21,8.783
2009-01-22,8.771
2009-01-23,8.756
2009-01-24,8.743
2009-01-25,8.732
2009-01-26,8.718
2009-01-27,8.705
2009-01-28,8.695
2009-01-29,8.686
2009-01-30,8.677
2009-01-31,8.664
2009-02-01,8.651
2009-02-02,8.64
2009-02-03,8.628
2009-02-04,8.615
2009-02-05,8.601
2009-02-06,8.587
2009-02-07,8.573
2009-02-08,8.563
2009-02-09,8.552
2009-02-10,8.539
2009-02-11,8.531
2009-02-12,8.556
2009-02-13,8.564
2009-02-14,8.567
2009-02-15,8.568
2009-02-16,8.567
2009-02-17,8.562
2009-02-18,8.557
2009-02-19,8.562
2009-02-20,8.559
2009-02-21,8.551
2009-02-22,8.55
2009-02-23,8.544
2009-02-24,8.536
2009-02-25,8.524
2009-02-26,8.524
2009-02-27,8.527
2009-02-28,8.527
2009-03-01,8.523
2009-03-02,8.516
2009-03-03,8.508
2009-03-04,8.5
2009-03-05,8.489
2009-03-06,8.485
2009-03-07,8.48
2009-03-08,8.476
2009-03-09,8.481
2009-03-10,8.477
2009-03-11,8.501
2009-03-12,8.513
2009-03-13,8.518
2009-03-14,8.519
2009-03-15,8.521
2009-03-16,8.52
2009-03-17,8.521
2009-03-18,8.527
2009-03-19,8.543
2009-03-20,8.549
2009-03-21,8.553
2009-03-22,8.556
2009-03-23,8.554
2009-03-24,8.548
2009-03-25,8.543
2009-03-26,8.55
2009-03-27,8.554
2009-03-28,8.565
2009-03-29,8.595
2009-03-30,8.646
2009-03-31,8.672
2009-04-01,8.697
2009-04-02,8.72
2009-04-03,8.762
2009-04-04,8.878
2009-04-05,8.951
2009-04-06,8.997
2009-04-07,9.027
2009-04-08,9.042
2009-04-09,9.05
2009-04-10,9.056
2009-04-11,9.056
2009-04-12,9.053
2009-04-13,9.047
2009-04-14,9.041
2009-04-15,9.033
2009-04-16,9.024
2009-04-17,9.017
2009-04-18,9.011
2009-04-19,9.003
2009-04-20,8.99
2009-04-21,8.997
2009-04-22,9
2009-04-23,9.003
2009-04-24,8.996
2009-04-25,9.012
2009-04-26,9.033
2009-04-27,9.04
2009-04-28,9.058
2009-04-29,9.062
2009-04-30,9.063
2009-05-01,9.09
2009-05-02,9.093
2009-05-03,9.093
2009-05-04,9.091
2009-05-05,9.086
2009-05-06,9.08
2009-05-07,9.073
2009-05-08,9.068
2009-05-09,9.074
2009-05-10,9.08
2009-05-11,9.072
2009-05-12,9.063
2009-05-13,9.048
2009-05-14,9.059
2009-05-15,9.072
2009-05-16,9.078
2009-05-17,9.081
2009-05-18,9.069
2009-05-19,9.062
2009-05-20,9.05
2009-05-21,9.04
2009-05-22,9.027
2009-05-23,9.013
2009-05-24,8.999
2009-05-25,8.984
2009-05-26,8.967
2009-05-27,8.971
2009-05-28,8.979
2009-05-29,8.982
2009-05-30,8.979
2009-05-31,8.976
2009-06-01,8.968
2009-06-02,8.973
2009-06-03,8.971
2009-06-04,8.971
2009-06-05,8.967
2009-06-06,8.967
2009-06-07,8.965
2009-06-08,8.967
2009-06-09,8.994
2009-06-10,8.999
2009-06-11,9.001
2009-06-12,9.004
2009-06-13,9.003
2009-06-14,9.001
2009-06-15,9
2009-06-16,8.996
2009-06-17,8.99
2009-06-18,8.988
2009-06-19,8.988
2009-06-20,9.001
2009-06-21,9.021
2009-06-22,9.017
2009-06-23,9.015
2009-06-24,9.014
2009-06-25,9.01
2009-06-26,9.008
2009-06-27,9
2009-06-28,8.993
2009-06-29,9
2009-06-30,9.006
2009-07-01,9.018
2009-07-02,9.018
2009-07-03,9.011
2009-07-04,9.002
2009-07-05,8.978
2009-07-06,8.962
2009-07-07,8.95
2009-07-08,8.941
2009-07-09,8.938
2009-07-10,8.932
2009-07-11,8.941
2009-07-12,8.939
2009-07-13,8.932
2009-07-14,8.926
2009-07-15,8.913
2009-07-16,8.917
2009-07-17,8.913
2009-07-18,8.913
2009-07-19,8.911
2009-07-20,8.905
2009-07-21,8.903
2009-07-22,8.904
2009-07-23,8.924
2009-07-24,8.945
2009-07-25,8.948
2009-07-26,8.967
2009-07-27,8.98
2009-07-28,8.988
2009-07-29,9.003
2009-07-30,9.004
2009-07-31,8.995
2009-08-01,8.979
2009-08-02,8.968
2009-08-03,8.949
2009-08-04,8.94
2009-08-05,8.937
2009-08-06,8.933
2009-08-07,8.928
2009-08-08,8.92
2009-08-09,8.927
2009-08-10,8.935
2009-08-11,8.934
2009-08-12,8.933
2009-08-13,8.929
2009-08-14,8.926
2009-08-15,8.925
2009-08-16,8.922
2009-08-17,8.919
2009-08-18,8.918
2009-08-19,8.916
2009-08-20,8.92
2009-08-21,8.939
2009-08-22,8.934
2009-08-23,8.925
2009-08-24,8.914
2009-08-25,8.908
2009-08-26,8.906
2009-08-27,8.896
2009-08-28,8.89
2009-08-29,8.896
2009-08-30,8.911
2009-08-31,8.904
2009-09-01,8.899
2009-09-02,8.897
2009-09-03,8.894
2009-09-04,8.891
2009-09-05,8.891
2009-09-06,8.886
2009-09-07,8.885
2009-09-08,8.884
2009-09-09,8.881
2009-09-10,8.875
2009-09-11,8.872
2009-09-12,8.871
2009-09-13,8.869
2009-09-14,8.865
2009-09-15,8.861
2009-09-16,8.851
2009-09-17,8.846
2009-09-18,8.845
2009-09-19,8.836
2009-09-20,8.831
2009-09-21,8.825
2009-09-22,8.828
2009-09-23,8.849
2009-09-24,8.852
2009-09-25,8.842
2009-09-26,8.831
2009-09-27,8.828
2009-09-28,8.839
2009-09-29,8.856
2009-09-30,8.84
2009-10-01,8.828
2009-10-02,8.814
2009-10-03,8.821
2009-10-04,8.829
2009-10-05,8.847
2009-10-06,8.851
2009-10-07,8.867
2009-10-08,8.857
2009-10-09,8.856
2009-10-10,8.852
2009-10-11,8.843
2009-10-12,8.83
2009-10-13,8.824
2009-10-14,8.817
2009-10-15,8.805
2009-10-16,8.797
2009-10-17,8.789
2009-10-18,8.78
2009-10-19,8.771
2009-10-20,8.773
2009-10-21,8.774
2009-10-22,8.794
2009-10-23,8.794
2009-10-24,8.81
2009-10-25,8.824
2009-10-26,8.829
2009-10-27,8.838
2009-10-28,8.835
2009-10-29,8.829
2009-10-30,8.832
2009-10-31,8.861
2009-11-01,8.878
2009-11-02,8.883
2009-11-03,8.896
2009-11-04,8.894
2009-11-05,8.903
2009-11-06,8.902
2009-11-07,8.894
2009-11-08,8.892
2009-11-09,8.887
2009-11-10,8.881
2009-11-11,8.871
2009-11-12,8.862
2009-11-13,8.849
2009-11-14,8.838
2009-11-15,8.832
2009-11-16,8.821
2009-11-17,8.808
2009-11-18,8.796
2009-11-19,8.792
2009-11-20,8.826
2009-11-21,8.852
2009-11-22,8.867
2009-11-23,8.874
2009-11-24,8.88
2009-11-25,8.887
2009-11-26,8.901
2009-11-27,8.91
2009-11-28,8.913
2009-11-29,8.912
2009-11-30,8.914
2009-12-01,8.917
2009-12-02,8.911
2009-12-03,8.915
2009-12-04,8.921
2009-12-05,8.922
2009-12-06,8.927
2009-12-07,8.93
2009-12-08,8.92
2009-12-09,8.909
2009-12-10,8.929
2009-12-11,8.945
2009-12-12,8.953
2009-12-13,8.949
2009-12-14,8.943
2009-12-15,8.935
2009-12-16,8.926
2009-12-17,8.912
2009-12-18,8.893
2009-12-19,8.881
2009-12-20,8.866
2009-12-21,8.853
2009-12-22,8.838
2009-12-23,8.823
2009-12-24,8.804
2009-12-25,8.786
2009-12-26,8.787
2009-12-27,8.785
2009-12-28,8.784
2009-12-29,8.775
2009-12-30,8.762
2009-12-31,8.754
2010-01-01,8.751
2010-01-02,8.743
2010-01-03,8.729
2010-01-04,8.716
2010-01-05,8.71
2010-01-06,8.704
2010-01-07,8.698
2010-01-08,8.693
2010-01-09,8.686
2010-01-10,8.679
2010-01-11,8.677
2010-01-12,8.679
2010-01-13,8.676
2010-01-14,8.676
2010-01-15,8.678
2010-01-16,8.678
2010-01-17,8.677
2010-01-18,8.678
2010-01-19,8.681
2010-01-20,8.683
2010-01-21,8.681
2010-01-22,8.68
2010-01-23,8.679
2010-01-24,8.679
2010-01-25,8.699
2010-01-26,8.721
2010-01-27,8.737
2010-01-28,8.748
2010-01-29,8.745
2010-01-30,8.743
2010-01-31,8.743
2010-02-01,8.742
2010-02-02,8.74
2010-02-03,8.735
2010-02-04,8.731
2010-02-05,8.725
2010-02-06,8.719
2010-02-07,8.712
2010-02-08,8.706
2010-02-09,8.699
2010-02-10,8.693
2010-02-11,8.684
2010-02-12,8.677
2010-02-13,8.67
2010-02-14,8.663
2010-02-15,8.655
2010-02-16,8.648
2010-02-17,8.643
2010-02-18,8.635
2010-02-19,8.628
2010-02-20,8.62
2010-02-21,8.613
2010-02-22,8.605
2010-02-23,8.605
2010-02-24,8.599
2010-02-25,8.599
2010-02-26,8.597
2010-02-27,8.589
2010-02-28,8.583
2010-03-01,8.575
2010-03-02,8.568
2010-03-03,8.561
2010-03-04,8.554
2010-03-05,8.545
2010-03-06,8.537
2010-03-07,8.53
2010-03-08,8.523
2010-03-09,8.517
2010-03-10,8.512
2010-03-11,8.511
2010-03-12,8.513
2010-03-13,8.534
2010-03-14,8.568
2010-03-15,8.603
2010-03-16,8.637
2010-03-17,8.666
2010-03-18,8.692
2010-03-19,8.719
2010-03-20,8.747
2010-03-21,8.77
2010-03-22,8.786
2010-03-23,8.804
2010-03-24,8.82
2010-03-25,8.833
2010-03-26,8.841
2010-03-27,8.85
2010-03-28,8.86
2010-03-29,8.874
2010-03-30,8.881
2010-03-31,8.89
2010-04-01,8.895
2010-04-02,8.901
2010-04-03,8.91
2010-04-04,8.917
2010-04-05,8.932
2010-04-06,8.94
2010-04-07,8.96
2010-04-08,8.978
2010-04-09,9
2010-04-10,9.012
2010-04-11,9.021
2010-04-12,9.027
2010-04-13,9.032
2010-04-14,9.032
2010-04-15,9.026
2010-04-16,9.028
2010-04-17,9.028
2010-04-18,9.025
2010-04-19,9.02
2010-04-20,9.015
2010-04-21,9.017
2010-04-22,9.016
2010-04-23,9.014
2010-04-24,9.012
2010-04-25,9.01
2010-04-26,9.013
2010-04-27,9.01
2010-04-28,9.01
2010-04-29,9.005
2010-04-30,9.002
2010-05-01,9.008
2010-05-02,9.021
2010-05-03,9.03
2010-05-04,9.034
2010-05-05,9.036
2010-05-06,9.044
2010-05-07,9.042
2010-05-08,9.057
2010-05-09,9.063
2010-05-10,9.057
2010-05-11,9.048
2010-05-12,9.044
2010-05-13,9.039
2010-05-14,9.044
2010-05-15,9.045
2010-05-16,9.043
2010-05-17,9.04
2010-05-18,9.039
2010-05-19,9.037
2010-05-20,9.034
2010-05-21,9.031
2010-05-22,9.028
2010-05-23,9.026
2010-05-24,9.026
2010-05-25,9.027
2010-05-26,9.026
2010-05-27,9.031
2010-05-28,9.039
2010-05-29,9.041
2010-05-30,9.034
2010-05-31,9.025
2010-06-01,9.026
2010-06-02,9.022
2010-06-03,9.025
2010-06-04,9.023
2010-06-05,9.026
2010-06-06,9.028
2010-06-07,9.028
2010-06-08,9.019
2010-06-09,9.011
2010-06-10,9.012
2010-06-11,9.009
2010-06-12,9.035
2010-06-13,9.04
2010-06-14,9.04
2010-06-15,9.035
2010-06-16,9.042
2010-06-17,9.053
2010-06-18,9.04
2010-06-19,9.031
2010-06-20,9.029
2010-06-21,9.018
2010-06-22,9.019
2010-06-23,9.035
2010-06-24,9.069
2010-06-25,9.062
2010-06-26,9.066
2010-06-27,9.068
2010-06-28,9.065
2010-06-29,9.054
2010-06-30,9.034
2010-07-01,9.016
2010-07-02,8.996
2010-07-03,8.982
2010-07-04,8.972
2010-07-05,8.964
2010-07-06,8.96
2010-07-07,8.956
2010-07-08,8.955
2010-07-09,8.962
2010-07-10,8.962
2010-07-11,8.952
2010-07-12,8.948
2010-07-13,8.951
2010-07-14,8.95
2010-07-15,8.947
2010-07-16,8.953
2010-07-17,8.951
2010-07-18,8.944
2010-07-19,8.958
2010-07-20,8.954
2010-07-21,8.953
2010-07-22,8.948
2010-07-23,8.943
2010-07-24,8.943
2010-07-25,8.94
2010-07-26,8.934
2010-07-27,8.926
2010-07-28,8.923
2010-07-29,8.917
2010-07-30,8.907
2010-07-31,8.899
2010-08-01,8.894
2010-08-02,8.89
2010-08-03,8.895
2010-08-04,8.892
2010-08-05,8.886
2010-08-06,8.882
2010-08-07,8.867
2010-08-08,8.879
2010-08-09,8.901
2010-08-10,8.901
2010-08-11,8.897
2010-08-12,8.891
2010-08-13,8.883
2010-08-14,8.876
2010-08-15,8.877
2010-08-16,8.875
2010-08-17,8.87
2010-08-18,8.859
2010-08-19,8.858
2010-08-20,8.853
2010-08-21,8.858
2010-08-22,8.872
2010-08-23,8.877
2010-08-24,8.875
2010-08-25,8.875
2010-08-26,8.875
2010-08-27,8.865
2010-08-28,8.86
2010-08-29,8.858
2010-08-30,8.856
2010-08-31,8.855
2010-09-01,8.853
2010-09-02,8.863
2010-09-03,8.865
2010-09-04,8.874
2010-09-05,8.878
2010-09-06,8.867
2010-09-07,8.867
2010-09-08,8.873
2010-09-09,8.87
2010-09-10,8.86
2010-09-11,8.853
2010-09-12,8.853
2010-09-13,8.861
2010-09-14,8.859
2010-09-15,8.855
2010-09-16,8.857
2010-09-17,8.867
2010-09-18,8.864
2010-09-19,8.866
2010-09-20,8.862
2010-09-21,8.867
2010-09-22,8.903
2010-09-23,8.897
2010-09-24,8.91
2010-09-25,8.916
2010-09-26,8.91
2010-09-27,8.905
2010-09-28,8.917
2010-09-29,8.924
2010-09-30,8.918
2010-10-01,8.911
2010-10-02,8.893
2010-10-03,8.876
2010-10-04,8.859
2010-10-05,8.848
2010-10-06,8.833
2010-10-07,8.83
2010-10-08,8.82
2010-10-09,8.811
2010-10-10,8.804
2010-10-11,8.796
2010-10-12,8.792
2010-10-13,8.786
2010-10-14,8.787
2010-10-15,8.789
2010-10-16,8.781
2010-10-17,8.779
2010-10-18,8.775
2010-10-19,8.773
2010-10-20,8.77
2010-10-21,8.774
2010-10-22,8.77
2010-10-23,8.767
2010-10-24,8.778
2010-10-25,8.794
2010-10-26,8.806
2010-10-27,8.823
2010-10-28,8.838
2010-10-29,8.841
2010-10-30,8.843
2010-10-31,8.852
2010-11-01,8.852
2010-11-02,8.85
2010-11-03,8.847
2010-11-04,8.852
2010-11-05,8.863
2010-11-06,8.858
2010-11-07,8.856
2010-11-08,8.857
2010-11-09,8.855
2010-11-10,8.852
2010-11-11,8.847
2010-11-12,8.845
2010-11-13,8.843
2010-11-14,8.84
2010-11-15,8.836
2010-11-16,8.834
2010-11-17,8.856
2010-11-18,8.857
2010-11-19,8.85
2010-11-20,8.856
2010-11-21,8.843
2010-11-22,8.845
2010-11-23,8.876
2010-11-24,8.881
2010-11-25,8.871
2010-11-26,8.9
2010-11-27,8.92
2010-11-28,8.921
2010-11-29,8.918
2010-11-30,8.914
2010-12-01,8.961
2010-12-02,9.004
2010-12-03,9.036
2010-12-04,9.046
2010-12-05,9.045
2010-12-06,9.042
2010-12-07,9.035
2010-12-08,9.021
2010-12-09,9.006
2010-12-10,8.991
2010-12-11,8.984
2010-12-12,8.981
2010-12-13,8.985
2010-12-14,8.966
2010-12-15,8.948
2010-12-16,8.929
2010-12-17,8.912
2010-12-18,8.898
2010-12-19,8.885
2010-12-20,8.871
2010-12-21,8.856
2010-12-22,8.841
2010-12-23,8.825
2010-12-24,8.81
2010-12-25,8.8
2010-12-26,8.79
2010-12-27,8.778
2010-12-28,8.765
2010-12-29,8.754
2010-12-30,8.742
2010-12-31,8.739
2011-01-01,8.75
2011-01-02,8.779
2011-01-03,8.797
2011-01-04,8.808
2011-01-05,8.811
2011-01-06,8.816
2011-01-07,8.821
2011-01-08,8.82
2011-01-09,8.817
2011-01-10,8.81
2011-01-11,8.804
2011-01-12,8.799
2011-01-13,8.79
2011-01-14,8.782
2011-01-15,8.778
2011-01-16,8.773
2011-01-17,8.763
2011-01-18,8.763
2011-01-19,8.76
2011-01-20,8.749
2011-01-21,8.743
2011-01-22,8.737
2011-01-23,8.73
2011-01-24,8.719
2011-01-25,8.713
2011-01-26,8.705
2011-01-27,8.697
2011-01-28,8.69
2011-01-29,8.683
2011-01-30,8.675
2011-01-31,8.666
2011-02-01,8.657
2011-02-02,8.654
2011-02-03,8.649
2011-02-04,8.642
2011-02-05,8.635
2011-02-06,8.628
2011-02-07,8.623
2011-02-08,8.616
2011-02-09,8.609
2011-02-10,8.608
2011-02-11,8.612
2011-02-12,8.61
2011-02-13,8.604
2011-02-14,8.604
2011-02-15,8.597
2011-02-16,8.588
2011-02-17,8.585
2011-02-18,8.585
2011-02-19,8.589
2011-02-20,8.585
2011-02-21,8.581
2011-02-22,8.58
2011-02-23,8.574
2011-02-24,8.571
2011-02-25,8.567
2011-02-26,8.558
2011-02-27,8.555
2011-02-28,8.552
2011-03-01,8.546
2011-03-02,8.538
2011-03-03,8.532
2011-03-04,8.523
2011-03-05,8.537
2011-03-06,8.542
2011-03-07,8.536
2011-03-08,8.529
2011-03-09,8.524
2011-03-10,8.538
2011-03-11,8.561
2011-03-12,8.573
2011-03-13,8.579
2011-03-14,8.581
2011-03-15,8.58
2011-03-16,8.579
2011-03-17,8.577
2011-03-18,8.596
2011-03-19,8.611
2011-03-20,8.618
2011-03-21,8.63
2011-03-22,8.635
2011-03-23,8.632
2011-03-24,8.631
2011-03-25,8.626
2011-03-26,8.619
2011-03-27,8.613
2011-03-28,8.604
2011-03-29,8.595
2011-03-30,8.586
2011-03-31,8.579
2011-04-01,8.574
2011-04-02,8.57
2011-04-03,8.568
2011-04-04,8.573
2011-04-05,8.585
2011-04-06,8.59
2011-04-07,8.602
2011-04-08,8.61
2011-04-09,8.619
2011-04-10,8.636
2011-04-11,8.681
2011-04-12,8.717
2011-04-13,8.746
2011-04-14,8.773
2011-04-15,8.791
2011-04-16,8.808
2011-04-17,8.847
2011-04-18,8.868
2011-04-19,8.879
2011-04-20,8.921
2011-04-21,8.948
2011-04-22,8.965
2011-04-23,8.992
2011-04-24,9.022
2011-04-25,9.041
2011-04-26,9.057
2011-04-27,9.073
2011-04-28,9.108
2011-04-29,9.13
2011-04-30,9.137
2011-05-01,9.132
2011-05-02,9.14
2011-05-03,9.133
2011-05-04,9.128
2011-05-05,9.117
2011-05-06,9.107
2011-05-07,9.1
2011-05-08,9.089
2011-05-09,9.076
2011-05-10,9.061
2011-05-11,9.046
2011-05-12,9.034
2011-05-13,9.022
2011-05-14,9.017
2011-05-15,9.019
2011-05-16,9.006
2011-05-17,8.999
2011-05-18,8.994
2011-05-19,8.992
2011-05-20,8.989
2011-05-21,8.987
2011-05-22,8.981
2011-05-23,8.998
2011-05-24,9.023
2011-05-25,9.023
2011-05-26,9.044
2011-05-27,9.066
2011-05-28,9.07
2011-05-29,9.071
2011-05-30,9.069
2011-05-31,9.06
2011-06-01,9.061
2011-06-02,9.05
2011-06-03,9.034
2011-06-04,9.035
2011-06-05,9.033
2011-06-06,9.03
2011-06-07,9.022
2011-06-08,9.024
2011-06-09,9.028
2011-06-10,9.024
2011-06-11,9.021
2011-06-12,9.023
2011-06-13,9.021
2011-06-14,9.018
2011-06-15,9.016
2011-06-16,9.012
2011-06-17,9.01
2011-06-18,9.009
2011-06-19,9.003
2011-06-20,8.998
2011-06-21,8.994
2011-06-22,8.992
2011-06-23,8.997
2011-06-24,9.006
2011-06-25,9.008
2011-06-26,9.005
2011-06-27,8.998
2011-06-28,9.007
2011-06-29,9.006
2011-06-30,8.998
2011-07-01,8.993
2011-07-02,8.988
2011-07-03,8.988
2011-07-04,8.984
2011-07-05,8.977
2011-07-06,8.981
2011-07-07,8.976
2011-07-08,8.972
2011-07-09,8.966
2011-07-10,8.961
2011-07-11,8.959
2011-07-12,8.958
2011-07-13,8.954
2011-07-14,8.944
2011-07-15,8.938
2011-07-16,8.932
2011-07-17,8.932
2011-07-18,8.947
2011-07-19,8.943
2011-07-20,8.942
2011-07-21,8.94
2011-07-22,8.934
2011-07-23,8.932
2011-07-24,8.922
2011-07-25,8.923
2011-07-26,8.922
2011-07-27,8.911
2011-07-28,8.9
2011-07-29,8.907
2011-07-30,8.904
2011-07-31,8.899
2011-08-01,8.896
2011-08-02,8.888
2011-08-03,8.902
2011-08-04,8.911
2011-08-05,8.907
2011-08-06,8.904
2011-08-07,8.904
2011-08-08,8.903
2011-08-09,8.895
2011-08-10,8.905
2011-08-11,8.902
2011-08-12,8.891
2011-08-13,8.888
2011-08-14,8.891
2011-08-15,8.889
2011-08-16,8.884
2011-08-17,8.879
2011-08-18,8.877
2011-08-19,8.873
2011-08-20,8.874
2011-08-21,8.884
2011-08-22,8.884
2011-08-23,8.871
2011-08-24,8.863
2011-08-25,8.873
2011-08-26,8.869
2011-08-27,8.866
2011-08-28,8.865
2011-08-29,8.856
2011-08-30,8.853
2011-08-31,8.848
2011-09-01,8.844
2011-09-02,8.843
2011-09-03,8.846
2011-09-04,8.852
2011-09-05,8.853
2011-09-06,8.842
2011-09-07,8.838
2011-09-08,8.833
2011-09-09,8.83
2011-09-10,8.828
2011-09-11,8.824
2011-09-12,8.822
2011-09-13,8.825
2011-09-14,8.82
2011-09-15,8.815
2011-09-16,8.806
2011-09-17,8.799
2011-09-18,8.793
2011-09-19,8.788
2011-09-20,8.805
2011-09-21,8.801
2011-09-22,8.805
2011-09-23,8.807
2011-09-24,8.812
2011-09-25,8.811
2011-09-26,8.809
2011-09-27,8.807
2011-09-28,8.818
2011-09-29,8.824
2011-09-30,8.844
2011-10-01,8.85
2011-10-02,8.841
2011-10-03,8.849
2011-10-04,8.852
2011-10-05,8.849
2011-10-06,8.846
2011-10-07,8.845
2011-10-08,8.845
2011-10-09,8.846
2011-10-10,8.846
2011-10-11,8.842
2011-10-12,8.837
2011-10-13,8.835
2011-10-14,8.843
2011-10-15,8.868
2011-10-16,8.875
2011-10-17,8.875
2011-10-18,8.872
2011-10-19,8.861
2011-10-20,8.874
2011-10-21,8.889
2011-10-22,8.883
2011-10-23,8.874
2011-10-24,8.876
2011-10-25,8.873
2011-10-26,8.86
2011-10-27,8.848
2011-10-28,8.832
2011-10-29,8.818
2011-10-30,8.806
2011-10-31,8.793
2011-11-01,8.787
2011-11-02,8.779
2011-11-03,8.78
2011-11-04,8.775
2011-11-05,8.767
2011-11-06,8.761
2011-11-07,8.762
2011-11-08,8.76
2011-11-09,8.766
2011-11-10,8.775
2011-11-11,8.782
2011-11-12,8.78
2011-11-13,8.78
2011-11-14,8.793
2011-11-15,8.796
2011-11-16,8.796
2011-11-17,8.801
2011-11-18,8.801
2011-11-19,8.799
2011-11-20,8.819
2011-11-21,8.819
2011-11-22,8.818
2011-11-23,8.82
2011-11-24,8.819
2011-11-25,8.819
2011-11-26,8.818
2011-11-27,8.828
2011-11-28,8.846
2011-11-29,8.867
2011-11-30,8.901
2011-12-01,8.908
2011-12-02,8.917
2011-12-03,8.91
2011-12-04,8.917
2011-12-05,8.949
2011-12-06,8.962
2011-12-07,8.964
2011-12-08,8.965
2011-12-09,8.959
2011-12-10,8.959
2011-12-11,8.952
2011-12-12,8.942
2011-12-13,8.936
2011-12-14,8.926
2011-12-15,8.937
2011-12-16,8.958
2011-12-17,8.962
2011-12-18,8.957
2011-12-19,8.953
2011-12-20,8.942
2011-12-21,8.933
2011-12-22,8.93
2011-12-23,8.92
2011-12-24,8.898
2011-12-25,8.887
2011-12-26,8.878
2011-12-27,8.865
2011-12-28,8.864
2011-12-29,8.84
2011-12-30,8.828
2011-12-31,8.82
2012-01-01,8.81
2012-01-02,8.819
2012-01-03,8.807
2012-01-04,8.788
2012-01-05,8.78
2012-01-06,8.766
2012-01-07,8.759
2012-01-08,8.743
2012-01-09,8.732
2012-01-10,8.733
2012-01-11,8.724
2012-01-12,8.723
2012-01-13,8.727
2012-01-14,8.719
2012-01-15,8.71
2012-01-16,8.702
2012-01-17,8.705
2012-01-18,8.708
2012-01-19,8.702
2012-01-20,8.699
2012-01-21,8.694
2012-01-22,8.688
2012-01-23,8.686
2012-01-24,8.696
2012-01-25,8.697
2012-01-26,8.693
2012-01-27,8.695
2012-01-28,8.695
2012-01-29,8.702
2012-01-30,8.699
2012-01-31,8.698
2012-02-01,8.696
2012-02-02,8.696
2012-02-03,8.692
2012-02-04,8.689
2012-02-05,8.686
2012-02-06,8.682
2012-02-07,8.679
2012-02-08,8.672
2012-02-09,8.668
2012-02-10,8.664
2012-02-11,8.662
2012-02-12,8.657
2012-02-13,8.653
2012-02-14,8.648
2012-02-15,8.646
2012-02-16,8.645
2012-02-17,8.642
2012-02-18,8.64
2012-02-19,8.633
2012-02-20,8.627
2012-02-21,8.621
2012-02-22,8.625
2012-02-23,8.621
2012-02-24,8.622
2012-02-25,8.627
2012-02-26,8.621
2012-02-27,8.614
2012-02-28,8.611
2012-02-29,8.603
2012-03-01,8.603
2012-03-02,8.597
2012-03-03,8.609
2012-03-04,8.613
2012-03-05,8.61
2012-03-06,8.604
2012-03-07,8.6
2012-03-08,8.602
2012-03-09,8.61
2012-03-10,8.61
2012-03-11,8.61
2012-03-12,8.611
2012-03-13,8.629
2012-03-14,8.65
2012-03-15,8.673
2012-03-16,8.71
2012-03-17,8.751
2012-03-18,8.785
2012-03-19,8.812
2012-03-20,8.832
2012-03-21,8.846
2012-03-22,8.862
2012-03-23,8.871
2012-03-24,8.878
2012-03-25,8.886
2012-03-26,8.888
2012-03-27,8.878
2012-03-28,8.885
2012-03-29,8.891
2012-03-30,8.892
2012-03-31,8.898
2012-04-01,8.905
2012-04-02,8.911
2012-04-03,8.909
2012-04-04,8.916
2012-04-05,8.913
2012-04-06,8.913
2012-04-07,8.912
2012-04-08,8.912
2012-04-09,8.915
2012-04-10,8.917
2012-04-11,8.922
2012-04-12,8.922
2012-04-13,8.922
2012-04-14,8.92
2012-04-15,8.922
2012-04-16,8.926
2012-04-17,8.929
2012-04-18,8.924
2012-04-19,8.924
2012-04-20,8.932
2012-04-21,8.946
2012-04-22,8.946
2012-04-23,8.951
2012-04-24,8.963
2012-04-25,8.969
2012-04-26,8.977
2012-04-27,8.983
2012-04-28,8.983
2012-04-29,8.985
2012-04-30,8.986
2012-05-01,8.99
2012-05-02,8.994
2012-05-03,9.019
2012-05-04,9.045
2012-05-05,9.056
2012-05-06,9.063
2012-05-07,9.066
2012-05-08,9.073
2012-05-09,9.077
2012-05-10,9.079
2012-05-11,9.076
2012-05-12,9.076
2012-05-13,9.077
2012-05-14,9.075
2012-05-15,9.072
2012-05-16,9.075
2012-05-17,9.071
2012-05-18,9.066
2012-05-19,9.063
2012-05-20,9.058
2012-05-21,9.055
2012-05-22,9.056
2012-05-23,9.05
2012-05-24,9.044
2012-05-25,9.041
2012-05-26,9.041
2012-05-27,9.037
2012-05-28,9.032
2012-05-29,9.03
2012-05-30,9.027
2012-05-31,9.019
2012-06-01,9.015
2012-06-02,9.034
2012-06-03,9.038
2012-06-04,9.037
2012-06-05,9.034
2012-06-06,9.034
2012-06-07,9.032
2012-06-08,9.028
2012-06-09,9.026
2012-06-10,9.024
2012-06-11,9.017
2012-06-12,9.023
2012-06-13,9.019
2012-06-14,9.006
2012-06-15,9
2012-06-16,8.995
2012-06-17,8.987
2012-06-18,8.988
2012-06-19,8.995
2012-06-20,8.998
2012-06-21,8.996
2012-06-22,8.994
2012-06-23,8.986
2012-06-24,8.983
2012-06-25,8.987
2012-06-26,8.975
2012-06-27,8.968
2012-06-28,8.96
2012-06-29,8.961
2012-06-30,8.951
2012-07-01,8.946
2012-07-02,8.941
2012-07-03,8.932
2012-07-04,8.932
2012-07-05,8.924
2012-07-06,8.923
2012-07-07,8.923
2012-07-08,8.918
2012-07-09,8.911
2012-07-10,8.907
2012-07-11,8.9
2012-07-12,8.895
2012-07-13,8.889
2012-07-14,8.887
2012-07-15,8.882
2012-07-16,8.879
2012-07-17,8.875
2012-07-18,8.868
2012-07-19,8.858
2012-07-20,8.85
2012-07-21,8.844
2012-07-22,8.839
2012-07-23,8.837
2012-07-24,8.834
2012-07-25,8.821
2012-07-26,8.819
2012-07-27,8.817
2012-07-28,8.811
2012-07-29,8.805
2012-07-30,8.799
2012-07-31,8.799
2012-08-01,8.804
2012-08-02,8.795
2012-08-03,8.792
2012-08-04,8.783
2012-08-05,8.801
2012-08-06,8.796
2012-08-07,8.786
2012-08-08,8.786
2012-08-09,8.782
2012-08-10,8.788
2012-08-11,8.806
2012-08-12,8.821
2012-08-13,8.818
2012-08-14,8.816
2012-08-15,8.814
2012-08-16,8.811
2012-08-17,8.831
2012-08-18,8.821
2012-08-19,8.815
2012-08-20,8.811
2012-08-21,8.806
2012-08-22,8.802
2012-08-23,8.799
2012-08-24,8.794
2012-08-25,8.791
2012-08-26,8.787
2012-08-27,8.793
2012-08-28,8.796
2012-08-29,8.788
2012-08-30,8.783
2012-08-31,8.782
2012-09-01,8.778
2012-09-02,8.772
2012-09-03,8.767
2012-09-04,8.767
2012-09-05,8.766
2012-09-06,8.769
2012-09-07,8.766
2012-09-08,8.814
2012-09-09,8.817
2012-09-10,8.812
2012-09-11,8.803
2012-09-12,8.799
2012-09-13,8.797
2012-09-14,8.802
2012-09-15,8.798
2012-09-16,8.792
2012-09-17,8.787
2012-09-18,8.792
2012-09-19,8.787
2012-09-20,8.781
2012-09-21,8.785
2012-09-22,8.791
2012-09-23,8.794
2012-09-24,8.789
2012-09-25,8.789
2012-09-26,8.79
2012-09-27,8.786
2012-09-28,8.784
2012-09-29,8.783
2012-09-30,8.789
2012-10-01,8.786
2012-10-02,8.782
2012-10-03,8.782
2012-10-04,8.783
2012-10-05,8.785
2012-10-06,8.79
2012-10-07,8.788
2012-10-08,8.788
2012-10-09,8.781
2012-10-10,8.788
2012-10-11,8.802
2012-10-12,8.815
2012-10-13,8.81
2012-10-14,8.837
2012-10-15,8.87
2012-10-16,8.874
2012-10-17,8.864
2012-10-18,8.858
2012-10-19,8.862
2012-10-20,8.87
2012-10-21,8.88
2012-10-22,8.878
2012-10-23,8.875
2012-10-24,8.868
2012-10-25,8.857
2012-10-26,8.854
2012-10-27,8.849
2012-10-28,8.845
2012-10-29,8.849
2012-10-30,8.85
2012-10-31,8.861
2012-11-01,8.875
2012-11-02,8.882
2012-11-03,8.876
2012-11-04,8.87
2012-11-05,8.863
2012-11-06,8.853
2012-11-07,8.846
2012-11-08,8.843
2012-11-09,8.837
2012-11-10,8.833
2012-11-11,8.845
2012-11-12,8.857
2012-11-13,8.88
2012-11-14,8.89
2012-11-15,8.894
2012-11-16,8.896
2012-11-17,8.898
2012-11-18,8.895
2012-11-19,8.894
2012-11-20,8.893
2012-11-21,8.89
2012-11-22,8.886
2012-11-23,8.892
2012-11-24,8.899
2012-11-25,8.891
2012-11-26,8.895
2012-11-27,8.889
2012-11-28,8.887
2012-11-29,8.888
2012-11-30,8.877
2012-12-01,8.868
2012-12-02,8.883
2012-12-03,8.897
2012-12-04,8.912
2012-12-05,8.918
2012-12-06,8.908
2012-12-07,8.903
2012-12-08,8.904
2012-12-09,8.899
2012-12-10,8.894
2012-12-11,8.884
2012-12-12,8.883
2012-12-13,8.877
2012-12-14,8.872
2012-12-15,8.859
2012-12-16,8.854
2012-12-17,8.859
2012-12-18,8.861
2012-12-19,8.858
2012-12-20,8.849
2012-12-21,8.861
2012-12-22,8.869
2012-12-23,8.858
2012-12-24,8.85
2012-12-25,8.845
2012-12-26,8.836
2012-12-27,8.832
2012-12-28,8.821
2012-12-29,8.811
2012-12-30,8.804
2012-12-31,8.793
2013-01-01,8.786
2013-01-02,8.778
2013-01-03,8.77
2013-01-04,8.768
2013-01-05,8.759
2013-01-06,8.756
2013-01-07,8.747
2013-01-08,8.74
2013-01-09,8.733
2013-01-10,8.729
2013-01-11,8.728
2013-01-12,8.737
2013-01-13,8.749
2013-01-14,8.764
2013-01-15,8.77
2013-01-16,8.77
2013-01-17,8.775
2013-01-18,8.773
2013-01-19,8.781
2013-01-20,8.797
2013-01-21,8.796
2013-01-22,8.798
2013-01-23,8.793
2013-01-24,8.793
2013-01-25,8.787
2013-01-26,8.782
2013-01-27,8.776
2013-01-28,8.779
2013-01-29,8.779
2013-01-30,8.805
2013-01-31,8.845
2013-02-01,8.872
2013-02-02,8.896
2013-02-03,8.909
2013-02-04,8.918
2013-02-05,8.916
2013-02-06,8.917
2013-02-07,8.912
2013-02-08,8.919
2013-02-09,8.916
2013-02-10,8.907
2013-02-11,8.907
2013-02-12,8.912
2013-02-13,8.907
2013-02-14,8.9
2013-02-15,8.897
2013-02-16,8.885
2013-02-17,8.872
2013-02-18,8.857
2013-02-19,8.849
2013-02-20,8.844
2013-02-21,8.832
2013-02-22,8.816
2013-02-23,8.805
2013-02-24,8.795
2013-02-25,8.782
2013-02-26,8.768
2013-02-27,8.759
2013-02-28,8.755
2013-03-01,8.743
2013-03-02,8.729
2013-03-03,8.717
2013-03-04,8.703
2013-03-05,8.69
2013-03-06,8.677
2013-03-07,8.666
2013-03-08,8.654
2013-03-09,8.644
2013-03-10,8.631
2013-03-11,8.628
2013-03-12,8.656
2013-03-13,8.673
2013-03-14,8.68
2013-03-15,8.688
2013-03-16,8.689
2013-03-17,8.687
2013-03-18,8.683
2013-03-19,8.687
2013-03-20,8.689
2013-03-21,8.686
2013-03-22,8.68
2013-03-23,8.673
2013-03-24,8.665
2013-03-25,8.655
2013-03-26,8.646
2013-03-27,8.637
2013-03-28,8.629
2013-03-29,8.623
2013-03-30,8.618
2013-03-31,8.616
2013-04-01,8.623
2013-04-02,8.622
2013-04-03,8.617
2013-04-04,8.611
2013-04-05,8.609
2013-04-06,8.604
2013-04-07,8.606
2013-04-08,8.613
2013-04-09,8.643
2013-04-10,8.673
2013-04-11,8.692
2013-04-12,8.721
2013-04-13,8.745
2013-04-14,8.76
2013-04-15,8.769
2013-04-16,8.811
2013-04-17,8.861
2013-04-18,8.925
2013-04-19,9.054
2013-04-20,9.163
2013-04-21,9.212
2013-04-22,9.239
2013-04-23,9.253
2013-04-24,9.28
2013-04-25,9.304
2013-04-26,9.328
2013-04-27,9.342
2013-04-28,9.348
2013-04-29,9.35
2013-04-30,9.348
2013-05-01,9.342
2013-05-02,9.334
2013-05-03,9.32
2013-05-04,9.305
2013-05-05,9.287
2013-05-06,9.269
2013-05-07,9.247
2013-05-08,9.222
2013-05-09,9.201
2013-05-10,9.184
2013-05-11,9.174
2013-05-12,9.159
2013-05-13,9.145
2013-05-14,9.12
2013-05-15,9.104
2013-05-16,9.095
2013-05-17,9.08
2013-05-18,9.065
2013-05-19,9.049
2013-05-20,9.038
2013-05-21,9.037
2013-05-22,9.043
2013-05-23,9.073
2013-05-24,9.074
2013-05-25,9.069
2013-05-26,9.061
2013-05-27,9.049
2013-05-28,9.038
2013-05-29,9.039
2013-05-30,9.034
2013-05-31,9.025
2013-06-01,9.031
2013-06-02,9.036
2013-06-03,9.034
2013-06-04,9.023
2013-06-05,9.014
2013-06-06,9.002
2013-06-07,9.003
2013-06-08,9.009
2013-06-09,9.012
2013-06-10,9.014
2013-06-11,9.025
2013-06-12,9.027
2013-06-13,9.032
2013-06-14,9.037
2013-06-15,9.032
2013-06-16,9.049
2013-06-17,9.058
2013-06-18,9.058
2013-06-19,9.05
2013-06-20,9.04
2013-06-21,9.034
2013-06-22,9.026
2013-06-23,9.023
2013-06-24,9.019
2013-06-25,9.029
2013-06-26,9.023
2013-06-27,9.016
2013-06-28,9.03
2013-06-29,9.027
2013-06-30,9.019
2013-07-01,9.009
2013-07-02,9.001
2013-07-03,8.991
2013-07-04,8.99
2013-07-05,8.992
2013-07-06,8.989
2013-07-07,8.988
2013-07-08,8.987
2013-07-09,8.983
2013-07-10,8.994
2013-07-11,8.997
2013-07-12,8.989
2013-07-13,8.982
2013-07-14,8.98
2013-07-15,8.977
2013-07-16,8.974
2013-07-17,8.971
2013-07-18,8.966
2013-07-19,8.979
2013-07-20,8.994
2013-07-21,8.982
2013-07-22,8.972
2013-07-23,8.971
2013-07-24,8.966
2013-07-25,8.954
2013-07-26,8.947
2013-07-27,8.942
2013-07-28,8.957
2013-07-29,8.96
2013-07-30,8.958
2013-07-31,8.951
2013-08-01,8.971
2013-08-02,8.974
2013-08-03,8.976
2013-08-04,8.971
2013-08-05,8.962
2013-08-06,8.954
2013-08-07,8.952
2013-08-08,8.956
2013-08-09,8.952
2013-08-10,8.947
2013-08-11,8.938
2013-08-12,8.934
2013-08-13,8.933
2013-08-14,8.929
2013-08-15,8.919
2013-08-16,8.912
2013-08-17,8.909
2013-08-18,8.906
2013-08-19,8.902
2013-08-20,8.9
2013-08-21,8.896
2013-08-22,8.895
2013-08-23,8.888
2013-08-24,8.881
2013-08-25,8.881
2013-08-26,8.926
2013-08-27,8.939
2013-08-28,8.938
2013-08-29,8.937
2013-08-30,8.936
2013-08-31,8.945
2013-09-01,8.94
2013-09-02,8.939
2013-09-03,8.937
2013-09-04,8.931
2013-09-05,8.925
2013-09-06,8.914
2013-09-07,8.912
2013-09-08,8.912
2013-09-09,8.903
2013-09-10,8.932
2013-09-11,8.937
2013-09-12,8.941
2013-09-13,8.938
2013-09-14,8.927
2013-09-15,8.923
2013-09-16,8.927
2013-09-17,8.913
2013-09-18,8.902
2013-09-19,8.892
2013-09-20,8.884
2013-09-21,8.906
2013-09-22,8.907
2013-09-23,8.895
2013-09-24,8.887
2013-09-25,8.879
2013-09-26,8.871
2013-09-27,8.863
2013-09-28,8.854
2013-09-29,8.847
2013-09-30,8.848
2013-10-01,8.841
2013-10-02,8.839
2013-10-03,8.827
2013-10-04,8.823
2013-10-05,8.818
2013-10-06,8.821
2013-10-07,8.868
2013-10-08,8.882
2013-10-09,8.884
2013-10-10,8.883
2013-10-11,8.877
2013-10-12,8.868
2013-10-13,8.865
2013-10-14,8.861
2013-10-15,8.848
2013-10-16,8.858
2013-10-17,8.87
2013-10-18,8.884
2013-10-19,8.897
2013-10-20,8.92
2013-10-21,8.93
2013-10-22,8.953
2013-10-23,8.967
2013-10-24,8.975
2013-10-25,8.973
2013-10-26,8.986
2013-10-27,9.013
2013-10-28,9.032
2013-10-29,9.031
2013-10-30,9.027
2013-10-31,9.033
2013-11-01,9.094
2013-11-02,9.137
2013-11-03,9.149
2013-11-04,9.143
2013-11-05,9.136
2013-11-06,9.137
2013-11-07,9.157
2013-11-08,9.158
2013-11-09,9.148
2013-11-10,9.164
2013-11-11,9.169
2013-11-12,9.172
2013-11-13,9.16
2013-11-14,9.149
2013-11-15,9.134
2013-11-16,9.118
2013-11-17,9.106
2013-11-18,9.128
2013-11-19,9.126
2013-11-20,9.109
2013-11-21,9.096
2013-11-22,9.092
2013-11-23,9.084
2013-11-24,9.065
2013-11-25,9.039
2013-11-26,9.027
2013-11-27,9.014
2013-11-28,8.993
2013-11-29,8.97
2013-11-30,8.946
2013-12-01,8.935
2013-12-02,8.922
2013-12-03,8.905
2013-12-04,8.889
2013-12-05,8.876
2013-12-06,8.866
2013-12-07,8.849
2013-12-08,8.837
2013-12-09,8.825
2013-12-10,8.817
2013-12-11,8.814
2013-12-12,8.804
2013-12-13,8.798
2013-12-14,8.781
2013-12-15,8.77
2013-12-16,8.756
2013-12-17,8.74
2013-12-18,8.731
2013-12-19,8.725
2013-12-20,8.72
2013-12-21,8.714
2013-12-22,8.716
2013-12-23,8.709
2013-12-24,8.7
2013-12-25,8.685
2013-12-26,8.678
2013-12-27,8.672
2013-12-28,8.663
2013-12-29,8.654
2013-12-30,8.644
2013-12-31,8.636
2014-01-01,8.633
2014-01-02,8.622
2014-01-03,8.612
2014-01-04,8.6
2014-01-05,8.597
2014-01-06,8.6
2014-01-07,8.6
2014-01-08,8.605
2014-01-09,8.602
2014-01-10,8.594
2014-01-11,8.597
2014-01-12,8.606
2014-01-13,8.604
2014-01-14,8.605
2014-01-15,8.603
2014-01-16,8.603
2014-01-17,8.605
2014-01-18,8.604
2014-01-19,8.604
2014-01-20,8.607
2014-01-21,8.602
2014-01-22,8.6
2014-01-23,8.598
2014-01-24,8.589
2014-01-25,8.597
2014-01-26,8.593
2014-01-27,8.593
2014-01-28,8.591
2014-01-29,8.591
2014-01-30,8.589
2014-01-31,8.587
2014-02-01,8.584
2014-02-02,8.584
2014-02-03,8.578
2014-02-04,8.569
2014-02-05,8.56
2014-02-06,8.549
2014-02-07,8.543
2014-02-08,8.535
2014-02-09,8.527
2014-02-10,8.517
2014-02-11,8.508
2014-02-12,8.496
2014-02-13,8.487
2014-02-14,8.477
2014-02-15,8.468
2014-02-16,8.459
2014-02-17,8.448
2014-02-18,8.439
2014-02-19,8.432
2014-02-20,8.423
2014-02-21,8.426
2014-02-22,8.423
2014-02-23,8.419
2014-02-24,8.414
2014-02-25,8.408
2014-02-26,8.403
2014-02-27,8.398
2014-02-28,8.392
2014-03-01,8.391
2014-03-02,8.387
2014-03-03,8.38
2014-03-04,8.374
2014-03-05,8.369
2014-03-06,8.361
2014-03-07,8.354
2014-03-08,8.349
2014-03-09,8.341
2014-03-10,8.334
2014-03-11,8.331
2014-03-12,8.327
2014-03-13,8.319
2014-03-14,8.31
2014-03-15,8.31
2014-03-16,8.305
2014-03-17,8.299
2014-03-18,8.292
2014-03-19,8.292
2014-03-20,8.303
2014-03-21,8.302
2014-03-22,8.307
2014-03-23,8.304
2014-03-24,8.3
2014-03-25,8.296
2014-03-26,8.294
2014-03-27,8.288
2014-03-28,8.301
2014-03-29,8.307
2014-03-30,8.306
2014-03-31,8.306
2014-04-01,8.305
2014-04-02,8.312
2014-04-03,8.315
2014-04-04,8.319
2014-04-05,8.344
2014-04-06,8.353
2014-04-07,8.364
2014-04-08,8.391
2014-04-09,8.417
2014-04-10,8.445
2014-04-11,8.489
2014-04-12,8.533
2014-04-13,8.585
2014-04-14,8.655
2014-04-15,8.742
2014-04-16,8.791
2014-04-17,8.817
2014-04-18,8.843
2014-04-19,8.866
2014-04-20,8.888
2014-04-21,8.919
2014-04-22,8.978
2014-04-23,9.025
2014-04-24,9.054
2014-04-25,9.075
2014-04-26,9.095
2014-04-27,9.105
2014-04-28,9.112
2014-04-29,9.118
2014-04-30,9.142
2014-05-01,9.163
2014-05-02,9.171
2014-05-03,9.182
2014-05-04,9.207
2014-05-05,9.215
2014-05-06,9.215
2014-05-07,9.208
2014-05-08,9.198
2014-05-09,9.189
2014-05-10,9.183
2014-05-11,9.17
2014-05-12,9.155
2014-05-13,9.16
2014-05-14,9.201
2014-05-15,9.211
2014-05-16,9.224
2014-05-17,9.221
2014-05-18,9.212
2014-05-19,9.2
2014-05-20,9.186
2014-05-21,9.17
2014-05-22,9.153
2014-05-23,9.142
2014-05-24,9.133
2014-05-25,9.115
2014-05-26,9.096
2014-05-27,9.081
2014-05-28,9.063
2014-05-29,9.047
2014-05-30,9.039
2014-05-31,9.027
2014-06-01,9.013
2014-06-02,9.004
2014-06-03,9.015
2014-06-04,9.013
2014-06-05,9.01
2014-06-06,9.007
2014-06-07,9.005
2014-06-08,9.005
2014-06-09,9.004
2014-06-10,9.003
2014-06-11,9.007
2014-06-12,9.028
2014-06-13,9.058
2014-06-14,9.061
2014-06-15,9.056
2014-06-16,9.061
2014-06-17,9.077
2014-06-18,9.101
2014-06-19,9.097
2014-06-20,9.087
2014-06-21,9.077
2014-06-22,9.066
2014-06-23,9.053
2014-06-24,9.081
2014-06-25,9.1
2014-06-26,9.091
2014-06-27,9.076
2014-06-28,9.058
2014-06-29,9.049
2014-06-30,9.068
2014-07-01,9.068
2014-07-02,9.064
2014-07-03,9.052
2014-07-04,9.043
2014-07-05,9.027
2014-07-06,9.006
2014-07-07,8.994
2014-07-08,8.987
2014-07-09,8.985
2014-07-10,8.966
2014-07-11,8.952
2014-07-12,8.937
2014-07-13,8.946
2014-07-14,8.95
2014-07-15,8.958
2014-07-16,8.961
2014-07-17,8.958
2014-07-18,8.953
2014-07-19,8.947
2014-07-20,8.949
2014-07-21,8.951
2014-07-22,8.945
2014-07-23,8.949
2014-07-24,8.939
2014-07-25,8.934
2014-07-26,8.935
2014-07-27,8.947
2014-07-28,8.947
2014-07-29,8.942
2014-07-30,8.941
2014-07-31,8.939
2014-08-01,8.934
2014-08-02,8.934
2014-08-03,8.934
2014-08-04,8.93
2014-08-05,8.931
2014-08-06,8.931
2014-08-07,8.929
2014-08-08,8.925
2014-08-09,8.921
2014-08-10,8.918
2014-08-11,8.912
2014-08-12,8.913
2014-08-13,8.936
2014-08-14,8.934
2014-08-15,8.932
2014-08-16,8.937
2014-08-17,8.947
2014-08-18,8.944
2014-08-19,8.939
2014-08-20,8.945
2014-08-21,8.979
2014-08-22,8.982
2014-08-23,8.982
2014-08-24,8.978
2014-08-25,8.972
2014-08-26,8.971
2014-08-27,8.969
2014-08-28,8.961
2014-08-29,8.947
2014-08-30,8.948
2014-08-31,8.965
2014-09-01,8.959
2014-09-02,8.961
2014-09-03,8.956
2014-09-04,8.946
2014-09-05,8.933
2014-09-06,8.931
2014-09-07,8.913
2014-09-08,8.895
2014-09-09,8.879
2014-09-10,8.88
2014-09-11,8.927
2014-09-12,8.923
2014-09-13,8.926
2014-09-14,8.924
2014-09-15,8.922
2014-09-16,8.924
2014-09-17,8.92
2014-09-18,8.916
2014-09-19,8.898
2014-09-20,8.896
2014-09-21,8.976
2014-09-22,9.076
2014-09-23,9.094
2014-09-24,9.093
2014-09-25,9.084
2014-09-26,9.073
2014-09-27,9.058
2014-09-28,9.04
2014-09-29,9.022
2014-09-30,9.003
2014-10-01,8.981
2014-10-02,8.966
2014-10-15,8.837
2014-10-16,8.857
2014-10-17,8.89
2014-10-18,8.913
2014-10-19,8.911
2014-10-20,8.906
2014-10-21,8.911
2014-10-22,8.905
2014-10-23,8.898
2014-10-24,8.89
2014-10-25,8.885
2014-10-26,8.88
2014-10-27,8.868
2014-10-28,8.889
2014-10-29,8.911
2014-10-30,8.92
2014-10-31,8.928
2014-11-01,8.939
2014-11-02,8.933
2014-11-03,8.923
2014-11-04,8.918
2014-11-05,8.932
2014-11-06,8.935
2014-11-07,8.94
2014-11-08,8.936
2014-11-09,8.947
2014-11-10,8.953
2014-11-11,8.955
2014-11-12,8.96
2014-11-13,8.966
2014-11-14,8.967
2014-11-15,8.957
2014-11-16,8.96
2014-11-17,8.958
2014-11-18,8.967
2014-11-19,8.962
2014-11-20,8.967
2014-11-21,8.966
2014-11-22,8.955
2014-11-23,8.951
2014-11-24,8.976
2014-11-25,9.043
2014-11-26,9.08
2014-11-27,9.095
2014-11-28,9.097
2014-11-29,9.086
2014-11-30,9.081
2014-12-01,9.079
2014-12-02,9.06
2014-12-03,9.055
2014-12-04,9.048
2014-12-05,9.03
2014-12-06,9.016
2014-12-07,9
2014-12-08,8.974
2014-12-09,8.964
2014-12-10,8.951
2014-12-11,8.94
2014-12-12,8.928
2014-12-13,8.91
2014-12-14,8.896
2014-12-15,8.878
2014-12-16,8.866
2014-12-17,8.868
2014-12-18,8.861
2014-12-19,8.848
2014-12-20,8.835
2014-12-21,8.826
2014-12-22,8.813
2014-12-23,8.802
2014-12-24,8.799
2014-12-25,8.841
2014-12-26,8.861
2014-12-27,8.872
2014-12-28,8.889
2014-12-29,8.896
2014-12-30,8.892
2014-12-31,8.892
2015-01-01,8.904
2015-01-02,8.906
2015-01-03,8.901
2015-01-04,8.907
2015-01-05,8.901
2015-01-06,8.903
2015-01-07,8.907
2015-01-08,8.908
2015-01-09,8.913
2015-01-10,8.913
2015-01-11,8.912
2015-01-12,8.904
2015-01-13,8.892
2015-01-14,8.878
2015-01-15,8.866
2015-01-16,8.861
2015-01-17,8.846
2015-01-18,8.84
2015-01-19,8.835
2015-01-20,8.821
2015-01-21,8.808
2015-01-22,8.796
2015-01-23,8.784
2015-01-24,8.777
2015-01-25,8.771
2015-01-26,8.754
2015-01-27,8.741
2015-01-28,8.727
2015-01-29,8.717
2015-01-30,8.712
2015-01-31,8.699
2015-02-01,8.69
2015-02-02,8.681
2015-02-03,8.67
2015-02-04,8.666
2015-02-05,8.657
2015-02-06,8.65
2015-04-15,8.754
2015-04-16,8.782
2015-04-17,8.823
2015-04-18,8.869
2015-04-19,8.901
2015-04-20,8.962
2015-04-21,9.048
2015-04-22,9.097
2015-04-23,9.125
2015-04-24,9.138
2015-04-25,9.143
2015-04-26,9.146
2015-04-27,9.144
2015-04-28,9.14
2015-04-29,9.134
2015-04-30,9.128
2015-05-01,9.123
2015-05-02,9.114
2015-05-03,9.104
2015-05-04,9.1
2015-05-05,9.096
2015-05-06,9.085
2015-05-07,9.072
2015-05-08,9.063
2015-05-09,9.058
2015-05-10,9.054
2015-05-11,9.059
2015-05-12,9.072
2015-05-13,9.073
2015-05-14,9.067
2015-05-15,9.062
2015-05-16,9.065
2015-05-17,9.062
2015-05-18,9.058
2015-05-19,9.058
2015-05-20,9.051
2015-05-21,9.043
2015-05-22,9.04
2015-05-23,9.032
2015-05-24,9.029
2015-05-25,9.037
2015-05-26,9.05
2015-05-27,9.055
2015-05-28,9.057
2015-05-29,9.049
2015-05-30,9.053
2015-05-31,9.05
2015-06-01,9.044
2015-06-02,9.038
2015-06-03,9.032
2015-06-04,9.027
2015-06-05,9.025
2015-06-06,9.021
2015-06-07,9.01
2015-06-08,9.017
2015-06-09,9.014
2015-06-10,9.012
2015-06-11,9.013
2015-06-12,9.024
2015-06-13,9.041
2015-06-14,9.052
2015-06-15,9.074
2015-06-16,9.083
2015-06-17,9.075
2015-06-18,9.07
2015-06-19,9.068
2015-06-20,9.058
2015-06-21,9.058
2015-06-22,9.052
2015-06-23,9.053
2015-06-24,9.045
2015-06-25,9.037
2015-06-26,9.031
2015-06-27,9.022
2015-06-28,9.026
2015-06-29,9.029
2015-06-30,9.019
2015-07-01,9.031
2015-07-02,9.023
2015-07-03,9.013
2015-07-04,9.007
2015-07-05,8.998
2015-07-06,8.989
2015-07-07,8.992
2015-07-08,8.996
2015-07-09,8.992
2015-07-10,8.99
2015-07-11,8.987
2015-07-12,8.984
2015-07-13,8.978
2015-07-14,8.98
2015-07-15,8.977
2015-07-16,8.968
2015-07-17,8.963
2015-07-18,8.97
2015-07-19,8.97
2015-07-20,8.967
2015-07-21,8.965
2015-07-22,8.958
2015-07-23,8.949
2015-07-24,8.944
2015-07-25,8.94
2015-07-26,8.939
2015-07-27,8.937
2015-07-28,8.932
2015-07-29,8.927
2015-07-30,8.926
2015-07-31,8.919
2015-08-01,8.913
2015-08-02,8.908
2015-08-03,8.925
2015-08-04,8.921
2015-08-05,8.918
2015-08-06,8.911
2015-08-07,8.906
2015-08-08,8.903
2015-08-09,8.901
2015-08-10,8.9
2015-08-11,8.904
2015-08-12,8.911
2015-08-13,8.902
2015-08-14,8.912
2015-08-15,8.932
2015-08-16,8.93
2015-08-17,8.927
2015-08-18,8.926
2015-08-19,8.921
2015-08-20,8.928
2015-08-21,8.934
2015-08-22,8.928
2015-08-23,8.921
2015-08-24,8.922
2015-08-25,8.928
2015-08-26,8.934
2015-08-27,8.931
2015-08-28,8.925
2015-08-29,8.924
2015-08-30,8.922
2015-08-31,8.922
2015-09-01,8.92
2015-09-02,8.918
2015-09-03,8.918
2015-09-04,8.913
2015-09-05,8.911
2015-09-06,8.922
2015-09-07,8.92
2015-09-08,8.921
2015-09-09,8.956
2015-09-10,8.951
2015-09-11,8.951
2015-09-12,8.939
2015-09-13,8.929
2015-09-14,8.915
2015-09-15,8.905
2015-09-16,8.9
2015-09-17,8.894
2015-09-18,8.888
2015-09-19,8.894
2015-09-20,8.889
2015-09-21,8.879
2015-09-22,8.873
2015-09-23,8.866
2015-09-24,8.86
2015-09-25,8.849
2015-09-26,8.841
2015-09-27,8.832
2015-09-28,8.827
2015-09-29,8.834
2015-09-30,8.828
2015-10-01,8.818
2015-10-02,8.806
2015-10-03,8.791
2015-10-04,8.782
2015-10-05,8.782
2015-10-06,8.78
2015-10-07,8.78
2015-10-08,8.773
2015-10-09,8.781
2015-10-10,8.775
2015-10-11,8.771
2015-10-12,8.764
2015-10-13,8.771
2015-10-14,8.779
2015-10-15,8.772
2015-10-16,8.774
2015-10-17,8.769
2015-10-18,8.761
2015-10-19,8.751
2015-10-20,8.751
2015-10-21,8.744
2015-10-22,8.752
2015-10-23,8.744
2015-10-24,8.738
2015-10-25,8.752
2015-10-26,8.745
2015-10-27,8.744
2015-10-28,8.748
2015-10-29,8.776
2015-10-30,8.791
2015-10-31,8.789
2015-11-01,8.816
2015-11-02,8.823
2015-11-03,8.829
2015-11-04,8.831
2015-11-05,8.834
2015-11-06,8.845
2015-11-07,8.852
2015-11-08,8.855
2015-11-09,8.856
2015-11-10,8.857
2015-11-11,8.866
2015-11-12,8.872
2015-11-13,8.899
2015-11-14,8.907
2015-11-15,8.906
2015-11-16,8.906
2015-11-17,8.899
2015-11-18,8.894
2015-11-19,8.906
2015-11-20,8.909
2015-11-21,8.911
2015-11-22,8.923
2015-11-23,8.919
2015-11-24,8.916
2015-11-25,8.905
2015-11-26,8.909
2015-11-27,8.955
2015-11-28,8.992
2015-11-29,9.007
2015-11-30,9.007
2015-12-01,9.001
2015-12-02,9
2015-12-03,8.994
2015-12-04,8.984
2015-12-05,8.972
2015-12-06,8.962
2015-12-07,8.952
2015-12-08,8.938
2015-12-09,8.926
2015-12-10,8.916
2015-12-11,8.91
2015-12-12,8.901
2015-12-13,8.889
2015-12-14,8.889
2015-12-15,8.906
2015-12-16,8.9
2015-12-17,8.9
2015-12-18,8.898
2015-12-19,8.898
2015-12-20,8.885
2015-12-21,8.883
2015-12-22,8.893
2015-12-23,8.894
2015-12-24,8.899
2015-12-25,8.896
2015-12-26,8.888
2015-12-27,8.895
2015-12-28,8.883
2015-12-29,8.892
2015-12-30,8.894
2015-12-31,8.89
2016-01-01,8.888
2016-01-02,8.878
2016-01-03,8.871
2016-01-04,8.856
2016-01-05,8.84
2016-01-06,8.836
2016-01-07,8.833
2016-01-08,8.829
2016-01-09,8.831
2016-01-10,8.854
2016-01-11,8.886
2016-01-12,8.901
2016-01-13,8.912
2016-01-14,8.927
2016-01-15,8.93
2016-01-16,8.952
2016-01-17,8.957
2016-01-18,8.962
2016-01-19,8.956
2016-01-20,8.947
2016-01-21,8.938
2016-01-22,8.929
2016-01-23,8.92
2016-01-24,8.91
2016-01-25,8.901
2016-01-26,8.897
2016-01-27,8.894
2016-01-28,8.884
2016-01-29,8.881
2016-01-30,8.866
2016-01-31,8.856
2016-02-01,8.86
2016-02-02,8.854
2016-02-03,8.865
2016-02-04,8.874
2016-02-05,8.874
2016-02-06,8.872
2016-02-07,8.868
2016-02-08,8.861
2016-02-09,8.854
2016-02-10,8.848
2016-02-11,8.837
2016-02-12,8.833
2016-02-13,8.824
2016-02-14,8.81
2016-02-15,8.797
2016-02-16,8.786
2016-02-17,8.775
2016-02-18,8.761
2016-02-19,8.746
2016-02-20,8.758
2016-02-21,8.762
2016-02-22,8.757
2016-02-23,8.749
2016-02-24,8.746
2016-02-25,8.756
2016-02-26,8.746
2016-02-27,8.734
2016-02-28,8.724
2016-02-29,8.721
2016-03-01,8.714
2016-03-02,8.724
2016-03-03,8.713
2016-03-04,8.702
2016-03-05,8.69
2016-03-06,8.677
2016-03-07,8.667
2016-03-08,8.656
2016-03-09,8.655
2016-03-10,8.668
2016-03-11,8.678
2016-03-12,8.686
2016-03-13,8.694
2016-03-14,8.711
2016-03-15,8.744
2016-03-16,8.777
2016-03-17,8.834
2016-03-18,8.874
2016-03-19,8.892
2016-03-20,8.9
2016-03-21,8.903
2016-03-22,8.901
2016-03-23,8.903
2016-03-24,8.905
2016-03-25,8.916
2016-03-26,8.906
2016-03-27,8.898
2016-03-28,8.943
2016-03-29,8.983
2016-03-30,8.999
2016-03-31,9.062
2016-04-01,9.202
2016-04-02,9.271
2016-04-03,9.302
2016-04-04,9.311
2016-04-05,9.311
2016-04-06,9.313
2016-04-07,9.34
2016-04-08,9.346
2016-04-09,9.341
2016-04-10,9.33
2016-04-11,9.332
2016-04-12,9.324
2016-04-13,9.31
2016-04-14,9.298
2016-04-15,9.286
2016-04-16,9.278
2016-04-17,9.273
2016-04-18,9.271
2016-04-19,9.268
2016-04-20,9.26
2016-04-21,9.251
2016-04-22,9.252
2016-04-23,9.241
2016-04-24,9.225
2016-04-25,9.209
2016-04-26,9.199
2016-04-27,9.182
2016-04-28,9.162
2016-04-29,9.142
2016-04-30,9.122
2016-05-01,9.102
2016-05-02,9.085
2016-05-03,9.066
2016-05-04,9.046
2016-05-05,9.031
2016-05-06,9.018
2016-05-07,9.005
2016-05-08,8.998
2016-05-09,8.984
2016-05-10,8.978
2016-05-11,8.973
2016-05-12,8.971
2016-05-13,8.984
2016-05-14,9.006
2016-05-15,9.03
2016-05-16,9.036
2016-05-17,9.041
2016-05-18,9.044
2016-05-19,9.046
2016-05-20,9.046
2016-05-21,9.048
2016-05-22,9.048
2016-05-23,9.046
2016-05-24,9.044
2016-05-25,9.043
2016-05-26,9.042
2016-05-27,9.048
2016-05-28,9.046
2016-05-29,9.044
2016-05-30,9.045
2016-05-31,9.04
2016-06-01,9.024
2016-06-02,9.017
2016-06-03,9.01
2016-06-04,9
2016-06-05,9
2016-06-06,9.002
2016-06-07,8.993
2016-06-08,8.989
2016-06-09,8.978
2016-06-10,8.969
2016-06-11,8.973
2016-06-12,8.979
2016-06-13,8.97
2016-06-14,8.963
2016-06-15,8.961
2016-06-16,8.959
2016-06-17,8.958
2016-06-18,8.956
2016-06-19,8.952
2016-06-20,8.95
2016-06-21,8.948
2016-06-22,8.941
2016-06-23,8.936
2016-06-24,8.932
2016-06-25,8.929
2016-06-26,8.927
2016-06-27,8.939
2016-06-28,8.937
2016-06-29,8.932
2016-06-30,8.925
2016-07-01,8.925
2016-07-02,8.93
2016-07-03,8.924
2016-07-04,8.919
2016-07-05,8.917
2016-07-06,8.915
2016-07-07,8.919
2016-07-08,8.918
2016-07-09,8.951
2016-07-10,8.961
2016-07-11,8.953
2016-07-12,8.947
2016-07-13,8.947
2016-07-14,8.946
2016-07-15,8.945
2016-07-16,8.939
2016-07-17,8.929
2016-07-18,8.932
2016-07-19,8.925
2016-07-20,8.918
2016-07-21,8.915
2016-07-22,8.917
2016-07-23,8.912
2016-07-24,8.903
2016-07-25,8.906
2016-07-26,8.904
2016-07-27,8.898
2016-07-28,8.896
2016-07-29,8.891
2016-07-30,8.883
2016-07-31,8.877
2016-08-01,8.876
2016-08-02,8.872
2016-08-03,8.869
2016-08-04,8.865
2016-08-05,8.862
2016-08-06,8.862
2016-08-07,8.854
2016-08-08,8.846
2016-08-09,8.838
2016-08-10,8.836
2016-08-11,8.833
2016-08-12,8.833
2016-08-13,8.844
2016-08-14,8.855
2016-08-15,8.845
2016-08-16,8.871
2016-08-17,8.899
2016-08-18,8.901
2016-08-19,8.898
2016-08-20,8.896
2016-08-21,8.91
2016-08-22,8.904
2016-08-23,8.897
2016-08-24,8.892
2016-08-25,8.893
2016-08-26,8.891
2016-08-27,8.886
2016-08-28,8.885
2016-08-29,8.881
2016-08-30,8.882
2016-08-31,8.912
2016-09-01,8.936
2016-09-02,8.939
2016-09-03,8.937
2016-09-04,8.937
2016-09-05,8.935
2016-09-06,8.934
2016-09-07,8.937
2016-09-08,8.943
2016-09-09,8.944
2016-09-10,8.938
2016-09-11,8.94
2016-09-12,8.928
2016-09-13,8.924
2016-09-14,8.924
2016-09-15,8.914
2016-09-16,8.907
2016-09-17,8.919
2016-09-18,8.932
2016-09-19,8.927
2016-09-20,8.927
2016-09-21,8.919
2016-09-22,8.915
2016-09-23,8.913
2016-09-24,8.906
2016-09-25,8.897
2016-09-26,8.888
2016-09-27,8.892
2016-09-28,8.887
2016-09-29,8.88
2016-09-30,8.871
2016-10-01,8.861
2016-10-02,8.856
2016-10-03,8.85
2016-10-04,8.841
2016-10-05,8.831
2016-10-06,8.827
2016-10-07,8.819
2016-10-08,8.822
2016-10-09,8.816
2016-10-10,8.804
2016-10-11,8.794
2016-10-12,8.786
2016-10-13,8.791
2016-10-14,8.78
2016-10-15,8.771
2016-10-16,8.782
2016-10-17,8.804
2016-10-18,8.84
2016-10-19,8.844
2016-10-20,8.843
2016-10-21,8.847
2016-10-22,8.843
2016-10-23,8.831
2016-10-24,8.827
2016-10-25,8.818
2016-10-26,8.807
2016-10-27,8.802
2016-10-28,8.802
2016-10-29,8.803
2016-10-30,8.802
2016-10-31,8.796
2016-11-01,8.789
2016-11-02,8.792
2016-11-03,8.793
2016-11-04,8.789
2016-11-05,8.786
2016-11-06,8.781
2016-11-07,8.778
2016-11-08,8.776
2016-11-09,8.776
2016-11-10,8.77
2016-11-11,8.77
2016-11-12,8.759
2016-11-13,8.754
2016-11-14,8.749
2016-11-15,8.745
2016-11-16,8.745
2016-11-17,8.741
2016-11-18,8.737
2016-11-19,8.741
2016-11-20,8.755
2016-11-21,8.747
2016-11-22,8.732
2016-11-23,8.723
2016-11-24,8.724
2016-11-25,8.726
2016-11-26,8.726
2016-11-27,8.723
2016-11-28,8.718
2016-11-29,8.725
2016-11-30,8.733
2016-12-01,8.752
2016-12-02,8.769
2016-12-03,8.772
2016-12-04,8.771
2016-12-05,8.785
2016-12-06,8.788
2016-12-07,8.793
2016-12-08,8.799
2016-12-09,8.799
2016-12-10,8.793
2016-12-11,8.79
2016-12-12,8.804
2016-12-13,8.806
2016-12-14,8.815
2016-12-15,8.821
2016-12-16,8.815
2016-12-17,8.82
2016-12-18,8.826
2016-12-19,8.819
2016-12-20,8.817
2016-12-21,8.816
2016-12-22,8.817
2016-12-23,8.815
2016-12-24,8.818
2016-12-25,8.817
2016-12-26,8.817
2016-12-27,8.834
2016-12-28,8.835
2016-12-29,8.837
2016-12-30,8.839
2016-12-31,8.837
2017-01-01,8.843
2017-01-02,8.837
2017-01-03,8.843
2017-01-04,8.853
2017-01-05,8.858
2017-01-06,8.862
2017-01-07,8.853
2017-01-08,8.85
2017-01-09,8.837
2017-01-10,8.836
2017-01-11,8.852
2017-01-12,8.866
2017-01-13,8.867
2017-01-14,8.863
2017-01-15,8.859
2017-01-16,8.851
2017-01-17,8.846
2017-01-18,8.84
2017-01-19,8.831
2017-01-20,8.822
2017-01-21,8.812
2017-01-22,8.802
2017-01-23,8.796
2017-01-24,8.791
2017-01-25,8.786
2017-01-26,8.783
2017-01-27,8.776
2017-01-28,8.771
2017-01-29,8.767
2017-01-30,8.756
2017-01-31,8.745
2017-02-01,8.737
2017-02-02,8.728
2017-02-03,8.723
2017-02-04,8.712
2017-02-05,8.706
2017-02-06,8.699
2017-02-07,8.692
2017-02-08,8.692
2017-02-09,8.68
2017-02-10,8.67
2017-02-11,8.665
2017-02-12,8.658
2017-02-13,8.654
2017-02-14,8.643
2017-02-15,8.637
2017-02-16,8.627
2017-02-17,8.614
2017-02-18,8.603
2017-02-19,8.595
2017-02-20,8.585
2017-02-21,8.575
2017-02-22,8.57
2017-02-23,8.57
2017-02-24,8.586
2017-02-25,8.626
2017-02-26,8.652
2017-02-27,8.672
2017-02-28,8.682
2017-03-01,8.71
2017-03-02,8.738
2017-03-03,8.751
2017-03-04,8.758
2017-03-05,8.758
2017-03-06,8.755
2017-03-07,8.76
2017-03-08,8.771
2017-03-09,8.777
2017-03-10,8.779
2017-03-11,8.776
2017-03-12,8.77
2017-03-13,8.761
2017-03-14,8.754
2017-03-15,8.742
2017-03-16,8.729
2017-03-17,8.716
2017-03-18,8.704
2017-03-19,8.693
2017-03-20,8.682
2017-03-21,8.675
2017-03-22,8.665
2017-03-23,8.654
2017-03-24,8.656
2017-03-25,8.665
2017-03-26,8.662
2017-03-27,8.684
2017-03-28,8.704
2017-03-29,8.72
2017-03-30,8.732
2017-03-31,8.744
2017-04-01,8.752
2017-04-02,8.758
2017-04-03,8.767
2017-04-04,8.797
2017-04-05,8.834
2017-04-06,8.885
2017-04-07,8.944
2017-04-08,8.966
2017-04-09,8.977
2017-04-10,8.993
2017-04-11,9.042
2017-04-12,9.08
2017-04-13,9.1
2017-04-14,9.108
2017-04-15,9.114
2017-04-16,9.135
2017-04-17,9.159
2017-04-18,9.166
2017-04-19,9.168
2017-04-20,9.165
2017-04-21,9.171
2017-04-22,9.168
2017-04-23,9.159
2017-04-24,9.147
2017-04-25,9.133
2017-04-26,9.126
2017-04-27,9.122
2017-04-28,9.14
2017-04-29,9.134
2017-04-30,9.127
2017-05-01,9.157
2017-05-02,9.194
2017-05-03,9.211
2017-05-04,9.209
2017-05-05,9.217
2017-05-06,9.238
2017-05-07,9.252
2017-05-08,9.252
2017-05-09,9.246
2017-05-10,9.237
2017-05-11,9.227
2017-05-12,9.213
2017-05-13,9.199
2017-05-14,9.185
2017-05-15,9.168
2017-05-16,9.145
2017-05-17,9.127
2017-05-18,9.112
2017-05-19,9.098
2017-05-20,9.071
2017-05-21,9.052
2017-05-22,9.049
2017-05-23,9.032
2017-05-24,9.015
2017-05-25,9.013
2017-05-26,9.024
2017-05-27,9.022
2017-05-28,9.015
2017-05-29,9.015
2017-05-30,9.016
2017-05-31,9.018
2017-06-01,9.018
2017-06-02,9.011
2017-06-03,9.009
2017-06-04,9.013
2017-06-05,9.027
2017-06-06,9.029
2017-06-07,9.029
2017-06-08,9.026
2017-06-09,9.022
2017-06-10,9.017
2017-06-11,9.014
2017-06-12,9.01
2017-06-13,9.007
2017-06-14,8.999
2017-06-15,8.989
2017-06-16,8.986
2017-06-17,8.991
2017-06-18,9.035
2017-06-19,9.06
2017-06-20,9.065
2017-06-21,9.068
2017-06-22,9.066
2017-06-23,9.076
2017-06-24,9.077
2017-06-25,9.073
2017-06-26,9.07
2017-06-27,9.07
2017-06-28,9.064
2017-06-29,9.062
2017-06-30,9.067
2017-07-01,9.072
2017-07-02,9.079
2017-07-03,9.079
2017-07-04,9.073
2017-07-05,9.062
2017-07-06,9.052
2017-07-07,9.044
2017-07-08,9.061
2017-07-09,9.048
2017-07-10,9.041
2017-07-11,9.033
2017-07-12,9.025
2017-07-13,9.02
2017-07-14,9.016
2017-07-15,9.013
2017-07-16,9.002
2017-07-17,8.994
2017-07-18,8.985
2017-07-19,8.974
2017-07-20,8.962
2017-07-21,8.952
2017-07-22,8.94
2017-07-23,8.924
2017-07-24,8.921
2017-07-25,8.921
2017-07-26,8.917
2017-07-27,8.924
2017-07-28,8.921
2017-07-29,8.92
2017-07-30,8.918
2017-07-31,8.914
2017-08-01,8.913
2017-08-02,8.911
2017-08-03,8.908
2017-08-04,8.914
2017-08-05,8.945
2017-08-06,8.95
2017-08-07,8.95
2017-08-08,8.952
2017-08-09,8.952
2017-08-10,8.951
2017-08-11,8.952
2017-08-12,8.971
2017-08-13,8.977
2017-08-14,8.975
2017-08-15,8.977
2017-08-16,8.974
2017-08-17,8.971
2017-08-18,8.98
2017-08-19,8.985
2017-08-20,8.986
2017-08-21,8.983
2017-08-22,9.015
2017-08-23,9.045
2017-08-24,9.035
2017-08-25,9.021
2017-08-26,9.007
2017-08-27,8.992
2017-08-28,8.974
2017-08-29,8.959
2017-08-30,8.952
2017-08-31,8.943
2017-09-01,8.926
2017-09-02,8.907
2017-09-03,8.908
2017-09-04,8.906
2017-09-05,8.915
2017-09-06,8.909
2017-09-07,8.912
2017-09-08,8.909
2017-09-09,8.898
2017-09-10,8.886
2017-09-11,8.877
2017-09-12,8.868
2017-09-13,8.858
2017-09-14,8.85
2017-09-15,8.845
2017-09-16,8.84
2017-09-17,8.835
2017-09-18,8.842
2017-09-19,8.857
2017-09-20,8.855
2017-09-21,8.857
2017-09-22,8.857
2017-09-23,8.859
2017-09-24,8.86
2017-09-25,8.86
2017-09-26,8.858
2017-09-27,8.855
2017-09-28,8.842
2017-09-29,8.841
2017-09-30,8.853
2017-10-01,8.848
2017-10-02,8.846
2017-10-03,8.843
2017-10-04,8.848
2017-10-05,8.85
2017-10-06,8.845
2017-10-07,8.842
2017-10-08,8.866
2017-10-09,8.871
2017-10-10,8.873
2017-10-11,8.865
2017-10-12,8.855
2017-10-13,8.851
2017-10-14,8.853
2017-10-15,8.868
2017-10-16,8.874
2017-10-17,8.868
2017-10-18,8.866
2017-10-19,8.865
2017-10-20,8.859
2017-10-21,8.854
2017-10-22,8.85
2017-10-23,8.847
2017-10-24,8.85
2017-10-25,8.854
2017-10-26,8.856
2017-10-27,8.849
2017-10-28,8.861
2017-10-29,8.869
2017-10-30,8.876
2017-10-31,8.895
2017-11-01,8.911
2017-11-02,8.928
2017-11-03,8.957
2017-11-04,8.952
2017-11-05,8.951
2017-11-06,8.957
2017-11-07,8.945
2017-11-08,8.935
2017-11-09,8.926
2017-11-10,8.919
2017-11-11,8.898
2017-11-12,8.884
2017-11-13,8.873
2017-11-14,8.86
2017-11-15,8.842
2017-11-16,8.856
2017-11-17,8.847
2017-11-18,8.844
2017-11-19,8.856
2017-11-20,8.843
2017-11-21,8.834
2017-11-22,8.832
2017-11-23,8.82
2017-11-24,8.812
2017-11-25,8.812
2017-11-26,8.805
2017-11-27,8.799
2017-11-28,8.784
2017-11-29,8.782
2017-11-30,8.774
2017-12-01,8.774
2017-12-02,8.769
2017-12-03,8.765
2017-12-04,8.758
2017-12-05,8.768
2017-12-06,8.779
2017-12-07,8.796
2017-12-08,8.803
2017-12-09,8.81
2017-12-10,8.817
2017-12-11,8.82
2017-12-12,8.827
2017-12-13,8.83
2017-12-14,8.828
2017-12-15,8.827
2017-12-16,8.835
2017-12-17,8.833
2017-12-18,8.834
2017-12-19,8.845
2017-12-20,8.852
2017-12-21,8.849
2017-12-22,8.847
2017-12-23,8.845
2017-12-24,8.843
2017-12-25,8.849
2017-12-26,8.851
2017-12-27,8.848
2017-12-28,8.844
2017-12-29,8.84
2017-12-30,8.837
2017-12-31,8.834
2018-01-01,8.83
2018-01-02,8.826
2018-01-03,8.823
2018-01-04,8.828
2018-01-05,8.824
2018-01-06,8.819
2018-01-07,8.814
2018-01-08,8.82
2018-01-09,8.821
2018-01-10,8.813
2018-01-11,8.81
2018-01-12,8.831
2018-01-13,8.84
2018-01-14,8.841
2018-01-15,8.843
2018-01-16,8.844
2018-01-17,8.841
2018-01-18,8.837
2018-01-19,8.831
2018-01-20,8.824
2018-01-21,8.816
2018-01-22,8.813
2018-01-23,8.839
2018-01-24,8.847
2018-01-25,8.845
2018-01-26,8.84
2018-01-27,8.834
2018-01-28,8.829
2018-01-29,8.821
2018-01-30,8.812
2018-01-31,8.804
2018-02-01,8.803
2018-02-02,8.792
2018-02-03,8.783
2018-02-04,8.783
2018-02-05,8.773
2018-02-06,8.765
2018-02-07,8.755
2018-02-08,8.745
2018-02-09,8.737
2018-02-10,8.726
2018-02-11,8.717
2018-02-12,8.709
2018-02-13,8.696
2018-02-14,8.684
2018-02-15,8.673
2018-02-16,8.663
2018-02-17,8.648
2018-02-18,8.639
2018-02-19,8.627
2018-02-20,8.632
2018-02-21,8.668
2018-02-22,8.682
2018-02-23,8.695
2018-02-24,8.708
2018-02-25,8.716
2018-02-26,8.724
2018-02-27,8.726
2018-02-28,8.73
2018-03-01,8.733
2018-03-02,8.734
2018-03-03,8.731
2018-03-04,8.727
2018-03-05,8.721
2018-03-06,8.715
2018-03-07,8.709
2018-03-08,8.705
2018-03-09,8.701
2018-03-10,8.694
2018-03-11,8.685
2018-03-12,8.676
2018-03-13,8.668
2018-03-14,8.66
2018-03-15,8.649
2018-03-16,8.64
2018-03-17,8.63
2018-03-18,8.619
2018-03-19,8.611
2018-03-20,8.601
2018-03-21,8.592
2018-03-22,8.582
2018-03-23,8.565
2018-03-24,8.542
2018-03-25,8.518
2018-03-26,8.509
2018-03-27,8.52
2018-03-28,8.531
2018-03-29,8.528
2018-03-30,8.525
2018-03-31,8.517
2018-04-01,8.524
2018-04-02,8.523
2018-04-03,8.522
2018-04-04,8.54
2018-04-05,8.54
2018-04-06,8.541
2018-04-07,8.544
2018-04-08,8.54
2018-04-09,8.534
2018-04-10,8.529
2018-04-11,8.524
2018-04-12,8.52
2018-04-13,8.52
2018-04-14,8.529
2018-04-15,8.534
2018-04-16,8.557
2018-04-17,8.564
2018-04-18,8.57
2018-04-19,8.57
2018-04-20,8.566
2018-04-21,8.568
2018-04-22,8.575
2018-04-23,8.587
2018-04-24,8.606
2018-04-25,8.649
2018-04-26,8.718
2018-04-27,8.766
2018-04-28,8.809
2018-04-29,8.841
2018-04-30,8.867
2018-05-01,8.891
2018-05-02,8.916
2018-05-03,8.948
2018-05-04,8.979
2018-05-05,9
2018-05-06,9.019
2018-05-07,9.03
2018-05-08,9.037
2018-05-09,9.04
2018-05-10,9.057
2018-05-11,9.063
2018-05-12,9.065
2018-05-13,9.059
2018-05-14,9.052
2018-05-15,9.051
2018-05-16,9.05
2018-05-17,9.053
2018-05-18,9.047
2018-05-19,9.049
2018-05-20,9.064
2018-05-21,9.064
2018-05-22,9.066
2018-05-23,9.069
2018-05-24,9.067
2018-05-25,9.067
2018-05-26,9.068
2018-05-27,9.065
2018-05-28,9.066
2018-05-29,9.064
2018-05-30,9.056
2018-05-31,9.056
2018-06-01,9.064
2018-06-02,9.058
2018-06-03,9.049
2018-06-04,9.052
2018-06-05,9.051
2018-06-06,9.044
2018-06-07,9.04
2018-06-08,9.036
2018-06-09,9.032
2018-06-10,9.025
2018-06-11,9.02
2018-06-12,9.015
2018-06-13,9.018
2018-06-14,9.023
2018-06-15,9.01
2018-06-16,9.004
2018-06-17,9.001
2018-06-18,9.003
2018-06-19,9.001
2018-06-20,8.994
2018-06-21,8.987
2018-06-22,8.977
2018-06-23,8.971
2018-06-24,8.971
2018-06-25,8.966
2018-06-26,8.955
2018-06-27,8.952
2018-06-28,8.958
2018-06-29,8.955
2018-06-30,8.957
2018-07-01,8.956
2018-07-02,8.956
2018-07-03,8.95
2018-07-04,8.946
2018-07-05,8.944
2018-07-06,8.945
2018-07-07,8.931
2018-07-08,8.923
2018-07-09,8.917
2018-07-10,8.913
2018-07-11,8.906
2018-07-12,8.899
2018-07-13,8.894
2018-07-14,8.892
2018-07-15,8.889
2018-07-16,8.886
2018-07-17,8.89
2018-07-18,8.879
2018-07-19,8.872
2018-07-20,8.863
2018-07-21,8.852
2018-07-22,8.855
2018-07-23,8.864
2018-07-24,8.886
2018-07-25,8.919
2018-07-26,8.915
2018-07-27,8.915
2018-07-28,8.911
2018-07-29,8.906
2018-07-30,8.901
2018-07-31,8.898
2018-08-01,8.914
2018-08-02,8.923
2018-08-03,8.923
2018-08-04,8.93
2018-08-05,8.927
2018-08-06,8.926
2018-08-07,8.926
2018-08-08,8.921
2018-08-09,8.92
2018-08-10,8.914
2018-08-11,8.911
2018-08-12,8.908
2018-08-13,8.906
2018-08-14,8.903
2018-08-15,8.9
2018-08-16,8.893
2018-08-17,8.921
2018-08-18,8.926
2018-08-19,8.921
2018-08-20,8.916
2018-08-21,8.937
2018-08-22,8.991
2018-08-23,8.985
2018-08-24,8.977
2018-08-25,8.97
2018-08-26,8.98
2018-08-27,8.975
2018-08-28,8.984
2018-08-29,8.993
2018-08-30,8.983
2018-08-31,8.961
2018-09-01,8.943
2018-09-02,8.934
2018-09-03,8.922
2018-09-04,8.905
2018-09-05,8.892
2018-09-06,8.886
2018-09-07,8.871
2018-09-08,8.86
2018-09-09,8.846
2018-09-10,8.84
2018-09-11,8.85
2018-09-12,8.848
2018-09-13,8.848
2018-09-14,8.85
2018-09-15,8.853
2018-09-16,8.853
2018-09-17,8.853
2018-09-18,8.855
2018-09-19,8.849
2018-09-20,8.841
2018-09-21,8.866
2018-09-22,8.868
2018-09-23,8.862
2018-09-24,8.852
2018-09-25,8.855
2018-09-26,8.872
2018-09-27,8.867
2018-09-28,8.868
2018-09-29,8.875
2018-09-30,8.874
2018-10-01,8.871
2018-10-02,8.879
2018-10-03,8.878
2018-10-04,8.895
2018-10-05,8.89
2018-10-06,8.885
2018-10-07,8.887
2018-10-08,8.881
2018-10-09,8.882
2018-10-10,8.874
2018-10-11,8.87
2018-10-12,8.857
2018-10-13,8.837
2018-10-14,8.82
2018-10-15,8.812
2018-10-16,8.803
2018-10-17,8.803
2018-10-18,8.786
2018-10-19,8.778
2018-10-20,8.794
2018-10-21,8.774
2018-10-22,8.753
2018-10-23,8.741
2018-10-24,8.737
2018-10-25,8.734
2018-10-26,8.731
2018-10-27,8.731
2018-10-28,8.738
2018-10-29,8.743
2018-10-30,8.741
2018-10-31,8.757
2018-11-01,8.77
2018-11-02,8.784
2018-11-03,8.792
2018-11-04,8.791
2018-11-05,8.798
2018-11-06,8.817
2018-11-07,8.855
2018-11-08,8.889
2018-11-09,8.907
2018-11-10,8.931
2018-11-11,8.932
2018-11-12,8.936
2018-11-13,8.94
2018-11-14,8.929
2018-11-15,8.914
2018-11-16,8.919
2018-11-17,8.918
2018-11-18,8.905
2018-11-19,8.896
2018-11-20,8.889
2018-11-21,8.883
2018-11-22,8.865
2018-11-23,8.848
2018-11-24,8.836
2018-11-25,8.837
2018-11-26,8.844
2018-11-27,8.866
2018-11-28,8.87
2018-11-29,8.864
2018-11-30,8.858
2018-12-01,8.849
2018-12-02,8.857
2018-12-03,8.883
2018-12-04,8.888
2018-12-05,8.896
2018-12-06,8.911
2018-12-07,8.91
2018-12-08,8.904
2018-12-09,8.9
2018-12-10,8.893
2018-12-11,8.886
2018-12-12,8.88
2018-12-13,8.87
2018-12-14,8.865
2018-12-15,8.859
2018-12-16,8.851
2018-12-17,8.845
2018-12-18,8.833
2018-12-19,8.821
2018-12-20,8.812
2018-12-21,8.824
2018-12-22,8.825
2018-12-23,8.816
2018-12-24,8.814
2018-12-25,8.808
2018-12-26,8.803
2018-12-27,8.794
2018-12-28,8.804
2018-12-29,8.813
2018-12-30,8.812
2018-12-31,8.813
2019-01-01,8.823
2019-01-02,8.815
2019-01-03,8.813
2019-01-04,8.811
2019-01-05,8.808
2019-01-06,8.806
2019-01-07,8.797
2019-01-08,8.807
2019-01-09,8.809
2019-01-10,8.805
2019-01-11,8.798
2019-01-12,8.792
2019-01-13,8.786
2019-01-14,8.78
2019-01-15,8.778
2019-01-16,8.779
2019-01-17,8.773
2019-01-18,8.767
2019-01-19,8.761
2019-01-20,8.755
2019-01-21,8.745
2019-01-22,8.736
2019-01-23,8.738
2019-01-24,8.739
2019-01-25,8.735
2019-01-26,8.729
2019-01-27,8.722
2019-01-28,8.718
2019-01-29,8.714
2019-01-30,8.713
2019-01-31,8.719
2019-02-01,8.712
2019-02-02,8.705
2019-02-03,8.702
2019-02-04,8.706
2019-02-05,8.728
2019-02-06,8.731
2019-02-07,8.733
2019-02-08,8.745
2019-02-09,8.75
2019-02-10,8.746
2019-02-11,8.744
2019-02-12,8.744
2019-02-13,8.759
2019-02-14,8.758
2019-02-15,8.764
2019-02-16,8.764
2019-02-17,8.758
2019-02-18,8.751
2019-02-19,8.743
2019-02-20,8.735
2019-02-21,8.734
2019-02-22,8.728
2019-02-23,8.721
2019-02-24,8.721
2019-02-25,8.73
2019-02-26,8.726
2019-02-27,8.722
2019-02-28,8.719
2019-03-01,8.714
2019-03-02,8.709
2019-03-03,8.705
2019-03-04,8.699
2019-03-05,8.694
2019-03-06,8.69
2019-03-07,8.682
2019-03-08,8.669
2019-03-09,8.653
2019-03-10,8.65
2019-03-11,8.653
2019-03-12,8.642
2019-03-13,8.631
2019-03-14,8.623
2019-03-15,8.638
2019-03-16,8.647
2019-03-17,8.648
2019-03-18,8.647
2019-03-19,8.644
2019-03-20,8.639
2019-03-21,8.636
2019-03-22,8.634
2019-03-23,8.625
2019-03-24,8.618
2019-03-25,8.609
2019-03-26,8.6
2019-03-27,8.589
2019-03-28,8.58
2019-03-29,8.574
2019-03-30,8.576
2019-03-31,8.58
2019-04-01,8.572
2019-04-02,8.563
2019-04-03,8.557
2019-04-04,8.549
2019-04-05,8.54
2019-04-06,8.535
2019-04-07,8.529
2019-04-08,8.538
2019-04-09,8.559
2019-04-10,8.585
2019-04-11,8.604
2019-04-12,8.618
2019-04-13,8.639
2019-04-14,8.662
2019-04-15,8.695
2019-04-16,8.712
2019-04-17,8.728
2019-04-18,8.776
2019-04-19,8.901
2019-04-20,9.002
2019-04-21,9.08
2019-04-22,9.132
2019-04-23,9.167
2019-04-24,9.195
2019-04-25,9.198
2019-04-26,9.182
2019-04-27,9.216
2019-04-28,9.24
2019-04-29,9.246
2019-05-27,9.12
2019-05-28,9.102
2019-05-29,9.084
2019-05-30,9.064
2019-05-31,9.048
2019-06-01,9.046
2019-06-02,9.043
2019-06-03,9.036
2019-06-04,9.027
2019-06-05,9.028
2019-06-06,9.025
2019-06-07,9.018
2019-06-08,9.009
2019-06-09,8.999
2019-06-10,8.999
2019-06-11,9.02
2019-06-12,9.017
2019-06-13,9.025
2019-06-14,9.045
2019-06-15,9.059
2019-06-16,9.085
2019-06-17,9.091
2019-06-18,9.088
2019-06-19,9.08
2019-06-20,9.07
2019-06-21,9.059
2019-06-22,9.045
2019-06-23,9.028
2019-06-24,9.009
2019-06-25,9.004
2019-06-26,9
2019-06-27,8.992
2019-06-28,8.982
2019-06-29,8.977
2019-06-30,8.97
2019-07-01,8.956
2019-07-02,8.947
2019-07-03,8.939
2019-07-04,8.936
2019-07-05,8.936
2019-07-06,8.939
2019-07-07,8.931
2019-07-08,8.926
2019-07-09,8.922
2019-07-10,8.917
2019-07-11,8.922
2019-07-12,8.921
2019-07-13,8.913
2019-07-14,8.911
2019-07-15,8.903
2019-07-16,8.909
2019-07-17,8.909
2019-07-18,8.901
2019-07-19,8.904
2019-07-20,8.905
2019-07-21,8.903
2019-07-22,8.895
2019-07-23,8.892
2019-07-24,8.885
2019-07-25,8.88
2019-07-26,8.875
2019-07-27,8.872
2019-07-28,8.881
2019-07-29,8.877
2019-07-30,8.879
2019-07-31,8.875
2019-08-01,8.869
2019-08-02,8.864
2019-08-03,8.864
2019-08-04,8.861
2019-08-05,8.856
2019-08-06,8.866
2019-08-07,8.87
2019-08-08,8.883
2019-08-09,8.892
2019-08-10,8.883
2019-08-11,8.876
2019-08-12,8.871
2019-08-13,8.869
2019-08-14,8.862
2019-08-15,8.857
2019-08-16,8.854
2019-08-17,8.854
2019-08-18,8.853
2019-08-19,8.856
2019-08-20,8.848
2019-08-21,8.854
2019-08-22,8.852
2019-08-23,8.844
2019-08-24,8.837
2019-08-25,8.83
2019-08-26,8.822
2019-08-27,8.816
2019-08-28,8.822
2019-08-29,8.817
2019-08-30,8.82
2019-08-31,8.812
2019-09-01,8.805
2019-09-02,8.804
2019-09-03,8.798
2019-09-04,8.808
2019-09-05,8.801
2019-09-06,8.8
2019-09-07,8.802
2019-09-08,8.8
2019-09-09,8.792
2019-09-10,8.791
2019-09-11,8.799
2019-09-12,8.794
2019-09-13,8.791
2019-09-14,8.815
2019-09-15,8.812
2019-09-16,8.81
2019-09-17,8.81
2019-09-18,8.808
2019-09-19,8.805
2019-09-20,8.804
2019-09-21,8.804
2019-09-22,8.807
2019-09-23,8.82
2019-09-24,8.82
2019-09-25,8.816
2019-09-26,8.823
2019-09-27,8.817
2019-09-28,8.833
2019-09-29,8.831
2019-09-30,8.826
2019-10-01,8.835
2019-10-02,8.844
2019-10-03,8.835
2019-10-04,8.836
2019-10-05,8.825
2019-10-06,8.822
2019-10-07,8.823
2019-10-08,8.821
2019-10-09,8.819
2019-10-10,8.816
2019-10-11,8.811
2019-10-12,8.814
2019-10-13,8.811
2019-10-14,8.818
2019-10-15,8.821
2019-10-16,8.832
2019-10-17,8.85
2019-10-18,8.843
2019-10-19,8.838
2019-10-20,8.832
2019-10-21,8.825
2019-10-22,8.835
2019-10-23,8.84
2019-10-24,8.845
2019-10-25,8.846
2019-10-26,8.84
2019-10-27,8.86
2019-10-28,8.874
2019-10-29,8.878
2019-10-30,8.878
2019-10-31,8.887
2019-11-01,8.91
2019-11-02,8.902
2019-11-03,8.909
2019-11-04,8.918
2019-11-05,8.942
2019-11-06,8.961
2019-11-07,8.972
2019-11-08,8.969
2019-11-09,8.961
2019-11-10,8.958
2019-11-11,8.95
2019-11-12,8.94
2019-11-13,8.921
2019-11-14,8.909
2019-11-15,8.905
2019-11-16,8.889
2019-11-17,8.872
2019-11-18,8.86
2019-11-19,8.849
2019-11-20,8.838
2019-11-21,8.826
2019-11-22,8.837
2019-11-23,8.828
2019-11-24,8.822
2019-11-25,8.815
2019-11-26,8.811
2019-11-27,8.818
2019-11-28,8.856
2019-11-29,8.861
2019-11-30,8.858
2019-12-01,8.851
2019-12-02,8.859
2019-12-03,8.847
2019-12-04,8.841
2019-12-05,8.834
2019-12-06,8.822
2019-12-07,8.808
2019-12-08,8.792
2019-12-09,8.788
2019-12-10,8.807
2019-12-11,8.816
2019-12-12,8.828
2019-12-13,8.824
2019-12-14,8.823
2019-12-15,8.82
2019-12-16,8.806
2019-12-17,8.799
2019-12-18,8.796
2019-12-19,8.78
2019-12-20,8.768
2019-12-21,8.756
2019-12-22,8.745
2019-12-23,8.734
2019-12-24,8.723
2019-12-25,8.711
2019-12-26,8.697
2019-12-27,8.687
2019-12-28,8.677
2019-12-29,8.665
2019-12-30,8.655
2019-12-31,8.654
2020-01-01,8.65
2020-01-02,8.64
2020-01-03,8.632
2020-01-04,8.629
2020-01-05,8.623
2020-01-06,8.623
2020-01-07,8.619
2020-01-08,8.618
2020-01-09,8.607
2020-01-10,8.602
2020-01-11,8.623
2020-01-12,8.662
2020-01-13,8.667
2020-01-14,8.669
2020-01-15,8.671
2020-01-16,8.677
2020-01-17,8.673
2020-01-18,8.673
2020-01-19,8.683
2020-01-20,8.679
2020-01-21,8.674
2020-01-22,8.668
2020-01-23,8.663
2020-01-24,8.658
2020-01-25,8.66
2020-01-26,8.664
2020-01-27,8.665
2020-01-28,8.662
2020-01-29,8.658
2020-01-30,8.653
2020-01-31,8.648
2020-02-01,8.644
2020-02-02,8.64
2020-02-03,8.635
2020-02-04,8.63
2020-02-05,8.624
2020-02-06,8.618
2020-02-07,8.616
2020-02-08,8.608
2020-02-09,8.6
2020-02-10,8.602
2020-02-11,8.596
2020-02-12,8.591
2020-02-13,8.59
2020-02-14,8.582
2020-02-15,8.576
2020-02-16,8.575
2020-02-17,8.569
2020-02-18,8.566
2020-02-19,8.564
2020-02-20,8.559
2020-02-21,8.552
2020-02-22,8.546
2020-02-23,8.54
2020-02-24,8.536
2020-02-25,8.532
2020-02-26,8.528
2020-02-27,8.533
2020-02-28,8.53
2020-02-29,8.526
2020-03-01,8.519
2020-03-02,8.515
2020-03-03,8.511
2020-03-04,8.509
2020-03-05,8.505
2020-03-06,8.501
2020-03-07,8.495
2020-03-08,8.49
2020-03-09,8.486
2020-03-10,8.51
2020-03-11,8.525
2020-03-12,8.53
2020-03-13,8.543
2020-03-14,8.551
2020-03-15,8.553
2020-03-16,8.549
2020-03-17,8.548
2020-03-18,8.543
2020-03-19,8.537
2020-03-20,8.555
2020-03-21,8.57
2020-03-22,8.574
2020-03-23,8.577
2020-03-24,8.576
2020-03-25,8.572
2020-03-26,8.574
2020-03-27,8.576
2020-03-28,8.577
2020-03-29,8.598
2020-03-30,8.653
2020-03-31,8.694
2020-04-01,8.723
2020-04-02,8.744
2020-04-03,8.764
2020-04-04,8.782
2020-04-05,8.795
2020-04-06,8.806
2020-04-07,8.825
2020-04-08,8.848
2020-04-09,8.873
2020-04-10,8.89
2020-04-11,8.898
2020-04-12,8.905
2020-04-13,8.925
2020-04-14,8.936
2020-04-15,8.943
2020-04-16,8.95
2020-04-17,8.952
2020-04-18,8.954
2020-04-19,8.961
2020-04-20,8.964
2020-04-21,8.978
2020-04-22,8.98
2020-04-23,8.976
2020-04-24,8.977
2020-04-25,8.976
2020-04-26,8.973
2020-04-27,8.972
2020-04-28,8.97
2020-04-29,8.972
2020-04-30,8.997
2020-05-01,9.027
2020-05-02,9.036
2020-05-03,9.044
2020-05-04,9.048
2020-05-05,9.047
2020-05-06,9.048
2020-05-07,9.05
2020-05-08,9.055
2020-05-09,9.053
2020-05-10,9.051
2020-05-11,9.052
2020-05-12,9.05
2020-05-13,9.048
2020-05-14,9.045
2020-05-15,9.053
2020-05-16,9.059
2020-05-17,9.058
2020-05-18,9.059
2020-05-19,9.055
2020-05-20,9.055
2020-05-21,9.054
2020-05-22,9.054
2020-05-23,9.053
2020-05-24,9.053
2020-05-25,9.065
2020-05-26,9.065
2020-05-27,9.064
2020-05-28,9.065
2020-05-29,9.073
2020-05-30,9.08
2020-05-31,9.08
2020-06-01,9.074
2020-06-02,9.07
2020-06-03,9.07
2020-06-04,9.068
2020-06-05,9.066
2020-06-06,9.066
2020-06-07,9.061
2020-06-08,9.053
2020-06-09,9.048
2020-06-10,9.051
2020-06-11,9.077
2020-06-12,9.077
2020-06-13,9.068
2020-06-14,9.061
2020-06-15,9.057
2020-06-16,9.052
2020-06-17,9.048
2020-06-18,9.044
2020-06-19,9.04
2020-06-20,9.037
2020-06-21,9.03
2020-06-22,9.029
2020-06-23,9.034
2020-06-24,9.054
2020-06-25,9.055
2020-06-26,9.048
2020-06-27,9.045
2020-06-28,9.042
2020-06-29,9.039
2020-06-30,9.035
2020-07-01,9.032
2020-07-02,9.028
2020-07-03,9.023
2020-07-04,9.016
2020-07-05,9.008
2020-07-06,9.001
2020-07-07,8.997
2020-07-08,8.993
2020-07-09,8.987
2020-07-10,8.985
2020-07-11,9.004
2020-07-12,9.004
2020-07-13,8.997
2020-07-14,8.986
2020-07-15,8.976
2020-07-16,8.974
2020-07-17,8.987
2020-07-18,8.981
2020-07-19,8.991
2020-07-20,8.999
2020-07-21,8.991
2020-07-22,8.991
2020-07-23,8.994
2020-07-24,8.988
2020-07-25,8.984
2020-07-26,8.981
2020-07-27,8.986
2020-07-28,8.981
2020-07-29,8.973
2020-07-30,8.97
2020-07-31,8.968
2020-08-01,8.963
2020-08-02,8.989
2020-08-03,9.011
2020-08-04,9.005
2020-08-05,9.002
2020-08-06,8.988
2020-08-07,8.984
2020-08-08,8.981
2020-08-09,8.983
2020-08-10,8.98
2020-08-11,8.996
2020-08-12,8.999
2020-08-13,8.992
2020-08-14,8.984
2020-08-15,8.975
2020-08-16,8.979
2020-08-17,8.98
2020-08-18,8.971
2020-08-19,8.96
2020-08-20,8.948
2020-08-21,8.956
2020-08-22,8.951
2020-08-23,8.947
2020-08-24,8.943
2020-08-25,8.94
2020-08-26,8.926
2020-08-27,8.934
2020-08-28,8.928
2020-08-29,8.948
2020-08-30,8.962
2020-08-31,8.957
2020-09-01,8.958
2020-09-02,8.989
2020-09-03,8.993
2020-09-04,9.001
2020-09-05,8.991
2020-09-06,8.978
2020-09-07,8.983
2020-09-08,8.981
2020-09-09,8.969
2020-09-10,8.959
2020-09-11,8.943
2020-09-12,8.922
2020-09-13,8.924
2020-09-14,8.917
2020-09-15,8.898
2020-09-16,8.894
2020-09-17,8.888
2020-09-18,8.879
2020-09-19,8.867
2020-09-20,8.858
2020-09-21,8.849
2020-09-22,8.843
2020-09-23,8.843
2020-09-24,8.841
2020-09-25,8.837
2020-09-26,8.834
2020-09-27,8.832
2020-09-28,8.832
2020-09-29,8.847
2020-09-30,8.849
2020-10-01,8.856
2020-10-02,8.856
2020-10-03,8.847
2020-10-04,8.843
2020-10-05,8.84
2020-10-06,8.83
2020-10-07,8.839
2020-10-08,8.833
2020-10-09,8.825
2020-10-10,8.825
2020-10-11,8.815
2020-10-12,8.801
2020-10-13,8.807
2020-10-14,8.808
2020-10-15,8.805
2020-10-16,8.808
2020-10-17,8.804
2020-10-18,8.806
2020-10-19,8.821
2020-10-20,8.825
2020-10-21,8.833
2020-10-22,8.84
2020-10-23,8.848
2020-10-24,8.875
2020-10-25,8.877
2020-10-26,8.882
2020-10-27,8.884
2020-10-28,8.885
2020-10-29,8.885
2020-10-30,8.881
2020-10-31,8.873
2020-11-01,8.877
2020-11-02,8.884
2020-11-03,8.877
2020-11-04,8.87
2020-11-05,8.87
2020-11-06,8.868
2020-11-07,8.866
2020-11-08,8.863
2020-11-09,8.859
2020-11-10,8.856
2020-11-11,8.862
2020-11-12,8.859
2020-11-13,8.856
2020-11-14,8.851
2020-11-15,8.849
2020-11-16,8.894
2020-11-17,8.911
2020-11-18,8.904
2020-11-19,8.896
2020-11-20,8.894
2020-11-21,8.886
2020-11-22,8.877
2020-11-23,8.874
2020-11-24,8.864
2020-11-25,8.862
2020-11-26,8.865
2020-11-27,8.866
2020-11-28,8.866
2020-11-29,8.862
2020-11-30,8.864
2020-12-01,8.873
2020-12-02,8.875
2020-12-03,8.866
2020-12-04,8.864
2020-12-05,8.863
2020-12-06,8.855
2020-12-07,8.847
2020-12-08,8.835
2020-12-09,8.835
2020-12-10,8.83
2020-12-11,8.827
2020-12-12,8.835
2020-12-13,8.875
2020-12-14,8.889
2020-12-15,8.895
2020-12-16,8.887
2020-12-17,8.881
2020-12-18,8.872
2020-12-19,8.864
2020-12-20,8.863
2020-12-21,8.857
2020-12-22,8.851
2020-12-23,8.835
2020-12-24,8.831
2020-12-25,8.84
2020-12-26,8.835
2020-12-27,8.824
2020-12-28,8.832
2020-12-29,8.827
2020-12-30,8.822
2020-12-31,8.826
2021-01-01,8.814
2021-01-02,8.808
2021-01-03,8.797
2021-01-04,8.786
2021-01-05,8.776
2021-01-06,8.768
2021-01-07,8.759
2021-01-08,8.748
2021-01-09,8.739
2021-01-10,8.727
2021-01-11,8.718
2021-01-12,8.711
2021-01-13,8.703
2021-01-14,8.696
2021-01-15,8.686
2021-01-16,8.685
2021-01-17,8.683
2021-01-18,8.674
2021-01-19,8.668
2021-01-20,8.663
2021-01-21,8.657
2021-01-22,8.657
2021-01-23,8.649
2021-01-24,8.638
2021-01-25,8.631
2021-01-26,8.626
2021-01-27,8.622
2021-01-28,8.614
2021-01-29,8.606
2021-01-30,8.599
2021-01-31,8.592
2021-02-01,8.585
2021-02-02,8.579
2021-02-03,8.572
2021-02-04,8.563
2021-02-05,8.561
2021-02-06,8.566
2021-02-07,8.57
2021-02-08,8.572
2021-02-09,8.569
2021-02-10,8.564
2021-02-11,8.559
2021-02-12,8.553
2021-02-13,8.547
2021-02-14,8.543
2021-02-15,8.54
2021-02-16,8.541
2021-02-17,8.535
2021-02-18,8.53
2021-02-19,8.525
2021-02-20,8.52
2021-02-21,8.514
2021-02-22,8.515
2021-02-23,8.513
2021-02-24,8.514
2021-02-25,8.515
2021-02-26,8.506
2021-02-27,8.5
2021-02-28,8.491
2021-03-01,8.489
2021-03-02,8.477
2021-03-03,8.468
2021-03-04,8.46
2021-03-05,8.45
2021-03-06,8.44
2021-03-07,8.43
2021-03-08,8.419
2021-03-09,8.412
2021-03-10,8.402
2021-03-11,8.402
2021-03-12,8.413
2021-03-13,8.418
2021-03-14,8.422
2021-03-15,8.421
2021-03-16,8.419
2021-03-17,8.418
2021-03-18,8.418
2021-03-19,8.413
2021-03-20,8.409
2021-03-21,8.406
2021-03-22,8.407
2021-03-23,8.415
2021-03-24,8.431
2021-03-25,8.464
2021-03-26,8.512
2021-03-27,8.557
2021-03-28,8.595
2021-03-29,8.63
2021-03-30,8.643
2021-03-31,8.663
2021-04-01,8.679
2021-04-02,8.688
2021-04-03,8.69
2021-04-04,8.697
2021-04-05,8.707
2021-04-06,8.716
2021-04-07,8.729
2021-04-08,8.736
2021-04-09,8.744
2021-04-10,8.753
2021-04-11,8.762
2021-04-12,8.777
2021-04-13,8.786
2021-04-14,8.793
2021-04-15,8.797
2021-04-16,8.804
2021-04-17,8.809
2021-04-18,8.811
2021-04-19,8.812
2021-04-20,8.82
2021-04-21,8.821
2021-04-22,8.821
2021-04-23,8.818
2021-04-24,8.818
2021-04-25,8.823
2021-04-26,8.821
2021-04-27,8.822
2021-04-28,8.844
2021-04-29,8.856
2021-04-30,8.874
2021-05-01,8.875
2021-05-02,8.88
2021-05-03,8.889
2021-05-04,8.9
2021-05-05,8.912
2021-05-06,8.918
2021-05-07,8.921
2021-05-08,8.924
2021-05-09,8.926
2021-05-10,8.926
2021-05-11,8.928
2021-05-12,8.929
2021-05-13,8.928
2021-05-14,8.926
2021-05-15,8.925
2021-05-16,8.923
2021-05-17,8.922
2021-05-18,8.92
2021-05-19,8.917
2021-05-20,8.915
2021-05-21,8.915
2021-05-22,8.915
2021-05-23,8.917
2021-05-24,8.908
2021-05-25,8.905
2021-05-26,8.908
2021-05-27,8.908
2021-05-28,8.899
2021-05-29,8.893
2021-05-30,8.891
2021-05-31,8.889
2021-06-01,8.887
2021-06-02,8.884
2021-06-03,8.884
2021-06-04,8.888
2021-06-05,8.888
2021-06-06,8.888
2021-06-07,8.886
2021-06-08,8.888
2021-06-09,8.887
2021-06-10,8.878
2021-06-11,8.884
2021-06-12,8.888
2021-06-13,8.885
2021-06-14,8.889
2021-06-15,8.89
2021-06-16,8.88
2021-06-17,8.871
2021-06-18,8.865
2021-06-19,8.87
2021-06-20,8.865
2021-06-21,8.865
2021-06-22,8.865
2021-06-23,8.855
2021-06-24,8.847
2021-06-25,8.85
2021-06-26,8.893
2021-06-27,8.947
2021-06-28,8.957
2021-06-29,8.968
2021-06-30,8.981
2021-07-01,8.986
2021-07-02,8.986
2021-07-03,8.984
2021-07-04,8.98
2021-07-05,8.979
2021-07-06,8.989
2021-07-07,8.997
2021-07-08,9.013
2021-07-09,9.033
2021-07-10,9.039
2021-07-11,9.042
2021-07-12,9.045
2021-07-13,9.057
2021-07-14,9.081
2021-07-15,9.087
2021-07-16,9.104
2021-07-17,9.098
2021-07-18,9.09
2021-07-19,9.078
2021-07-20,9.073
2021-07-21,9.068
2021-07-22,9.051
2021-07-23,9.035
2021-07-24,9.017
2021-07-25,9.025
2021-07-26,9.012
2021-07-27,9
2021-07-28,8.988
2021-07-29,8.983
2021-07-30,8.979
2021-07-31,8.965
2021-08-01,8.982
2021-08-02,8.977
2021-08-03,8.968
2021-08-04,8.96
2021-08-05,8.96
2021-08-06,8.96
2021-08-07,8.97
2021-08-08,8.97
2021-08-09,8.979
2021-08-10,8.998
2021-08-11,9.007
2021-08-12,9.01
2021-08-13,9.006
2021-08-14,8.991
2021-08-15,8.968
2021-08-16,8.952
2021-08-17,8.944
2021-08-18,8.938
2021-08-19,8.937
2021-08-20,8.935
2021-08-21,8.933
2021-08-22,8.932
2021-08-23,8.933
2021-08-24,8.928
2021-08-25,8.923
2021-08-26,8.923
2021-08-27,8.913
2021-08-28,8.906
2021-08-29,8.926
2021-08-30,8.95
2021-08-31,8.945
2021-09-01,8.938
2021-09-02,8.933
2021-09-03,8.924
2021-09-04,8.918
2021-09-05,8.922
2021-09-06,8.931
2021-09-07,8.926
2021-09-08,8.937
2021-09-09,8.939
2021-09-10,8.934
2021-09-11,8.928
2021-09-12,8.933
2021-09-13,8.927
2021-09-14,8.912
2021-09-15,8.912
2021-09-16,8.901
2021-09-17,8.891
2021-09-18,8.886
2021-09-19,8.872
2021-09-20,8.861
2021-09-21,8.857
2021-09-22,8.918
2021-09-23,9.013
2021-09-24,9.058
2021-09-25,9.078
2021-09-26,9.107
2021-09-27,9.12
2021-09-28,9.119
2021-09-29,9.109
2021-09-30,9.093
2021-10-01,9.076
2021-10-02,9.06
2021-10-03,9.049
2021-10-04,9.033
2021-10-05,9.018
2021-10-06,9.001
2021-10-07,8.982
2021-10-08,8.963
2021-10-09,8.944
2021-10-10,8.941
2021-10-11,8.93
2021-10-12,8.925
2021-10-13,8.961
2021-10-14,8.966
2021-10-15,8.964
2021-10-16,8.966
2021-10-17,8.963
2021-10-18,8.954
2021-10-19,8.938
2021-10-20,8.922
2021-10-21,8.919
2021-10-22,8.915
2021-10-23,8.9
2021-10-24,8.893
2021-10-25,8.884
2021-10-26,8.878
2021-10-27,8.862
2021-10-28,8.845
2021-10-29,8.831
2021-10-30,8.822
2021-10-31,8.816
2021-11-01,8.807
2021-11-02,8.801
2021-11-03,8.796
2021-11-04,8.784
2021-11-05,8.778
2021-11-06,8.776
2021-11-07,8.776
2021-11-08,8.776
2021-11-09,8.777
2021-11-10,8.776
2021-11-11,8.768
2021-11-12,8.776
2021-11-13,8.784
2021-11-14,8.799
2021-11-15,8.816
2021-11-16,8.818
2021-11-17,8.819
2021-11-18,8.846
2021-11-19,8.859
2021-11-20,8.86
2021-11-21,8.865
2021-11-22,8.882
2021-11-23,8.873
2021-11-24,8.864
2021-11-25,8.862
2021-11-26,8.865
2021-11-27,8.853
2021-11-28,8.844
2021-11-29,8.835
2021-11-30,8.825
2021-12-01,8.823
2021-12-02,8.823
2021-12-03,8.821
2021-12-04,8.817
2021-12-05,8.812
2021-12-06,8.825
2021-12-07,8.821
2021-12-08,8.815
2021-12-09,8.811
2021-12-10,8.805
2021-12-11,8.816
2021-12-12,8.833
2021-12-13,8.841
2021-12-14,8.846
2021-12-15,8.844
2021-12-16,8.853
2021-12-17,8.863
2021-12-18,8.863
2021-12-19,8.864
2021-12-20,8.857
2021-12-21,8.857
2021-12-22,8.856
2021-12-23,8.845
2021-12-24,8.837
2021-12-25,8.835
2021-12-26,8.831
2021-12-27,8.818
2021-12-28,8.812
2021-12-29,8.803
2021-12-30,8.797
2021-12-31,8.787
2022-01-01,8.782
2022-01-02,8.773
2022-01-03,8.758
2022-01-04,8.746
2022-01-05,8.74
2022-01-06,8.742
2022-01-07,8.733
2022-01-08,8.72
2022-01-09,8.716
2022-01-10,8.713
2022-01-11,8.702
2022-01-12,8.694
2022-01-13,8.687
2022-01-14,8.68
2022-01-15,8.669
2022-01-16,8.659
2022-01-17,8.657
2022-01-18,8.65
2022-01-19,8.648
2022-01-20,8.642
2022-01-21,8.633
2022-01-22,8.626
2022-01-23,8.626
2022-01-24,8.618
2022-01-25,8.615
2022-01-26,8.606
2022-01-27,8.599
2022-01-28,8.597
2022-01-29,8.59
2022-01-30,8.582
2022-01-31,8.576
2022-02-01,8.568
2022-02-02,8.575
2022-02-03,8.579
2022-02-04,8.573
2022-02-05,8.566
2022-02-06,8.559
2022-02-07,8.553
2022-02-08,8.549
2022-02-09,8.543
2022-02-10,8.54
2022-02-11,8.538
2022-02-12,8.541
2022-02-13,8.535
2022-02-14,8.529
2022-02-15,8.525
2022-02-16,8.52
2022-02-17,8.529
2022-02-18,8.53
2022-02-19,8.535
2022-02-20,8.531
2022-02-21,8.53
2022-02-22,8.532
2022-02-23,8.544
2022-02-24,8.542
2022-02-25,8.543
2022-02-26,8.543
2022-02-27,8.541
2022-02-28,8.538
2022-03-01,8.538
2022-03-02,8.536
2022-03-03,8.537
2022-03-04,8.533
2022-03-05,8.528
2022-03-06,8.527
2022-03-07,8.532
2022-03-08,8.535
2022-03-09,8.532
2022-03-10,8.53
2022-03-11,8.528
2022-03-12,8.527
2022-03-13,8.524
2022-03-14,8.524
2022-03-15,8.524
2022-03-16,8.52
2022-03-17,8.519
2022-03-18,8.522
2022-03-19,8.533
2022-03-20,8.558
2022-03-21,8.58
2022-03-22,8.597
2022-03-23,8.605
2022-03-24,8.627
2022-03-25,8.65
2022-03-26,8.67
2022-03-27,8.685
2022-03-28,8.69
2022-03-29,8.69
2022-03-30,8.69
2022-03-31,8.7
2022-04-01,8.71
2022-04-02,8.712
2022-04-03,8.714
2022-04-04,8.717
2022-04-05,8.722
2022-04-06,8.729
2022-04-07,8.762
2022-04-08,8.8
2022-04-09,8.832
2022-04-10,8.853
2022-04-11,8.867
2022-04-12,8.884
2022-04-13,8.899
2022-04-14,8.926
2022-04-15,8.947
2022-04-16,8.959
2022-04-17,8.968
2022-04-18,8.973
2022-04-19,8.996
2022-04-20,9.006
2022-04-21,9.023
2022-04-22,9.044
2022-04-23,9.057
2022-04-24,9.07
2022-04-25,9.104
2022-04-26,9.135
2022-04-27,9.147
2022-04-28,9.151
2022-04-29,9.15
2022-04-30,9.148
2022-05-01,9.142
2022-05-02,9.143
2022-05-03,9.135
2022-05-04,9.131
2022-05-05,9.119
2022-05-06,9.107
2022-05-07,9.094
2022-05-08,9.082
2022-05-09,9.068
2022-05-10,9.054
2022-05-11,9.045
2022-05-12,9.038
2022-05-13,9.035
2022-05-14,9.034
2022-05-15,9.035
2022-05-16,9.041
2022-05-17,9.045
2022-05-18,9.041
2022-05-19,9.04
2022-05-20,9.036
2022-05-21,9.042
2022-05-22,9.046
2022-05-23,9.044
2022-05-24,9.041
2022-05-25,9.032
2022-05-26,9.035
2022-05-27,9.055
2022-05-28,9.057
2022-05-29,9.051
2022-05-30,9.045
2022-05-31,9.043
2022-06-01,9.043
2022-06-02,9.039
2022-06-03,9.033
2022-06-04,9.027
2022-06-05,9.015
2022-06-06,9.009
2022-06-07,9.032
2022-06-08,9.051
2022-06-09,9.056
2022-06-10,9.054
2022-06-11,9.042
2022-06-12,9.051
2022-06-13,9.045
2022-06-14,9.034
2022-06-15,9.021
2022-06-16,9.014
2022-06-17,9.011
2022-06-18,8.995
2022-06-19,8.974
2022-06-20,8.958
2022-06-21,8.947
2022-06-22,8.943
2022-06-23,8.941
2022-06-24,8.936
2022-06-25,8.931
2022-06-26,8.928
2022-06-27,8.928
2022-06-28,8.918
2022-06-29,8.918
2022-06-30,8.91
2022-07-01,8.912
2022-07-02,8.911
2022-07-03,8.904
2022-07-04,8.898
2022-07-05,8.897
2022-07-06,8.899
2022-07-07,8.895
2022-07-08,8.893
2022-07-09,8.885
2022-07-10,8.881
2022-07-11,8.875
2022-07-12,8.881
2022-07-13,8.877
2022-07-14,8.874
2022-07-15,8.87
2022-07-16,8.867
2022-07-17,8.863
2022-07-18,8.862
2022-07-19,8.861
2022-07-20,8.855
2022-07-21,8.866
2022-07-22,8.861
2022-07-23,8.858
2022-07-24,8.855
2022-07-25,8.858
2022-07-26,8.848
2022-07-27,8.84
2022-07-28,8.846
2022-07-29,8.845
2022-07-30,8.839
2022-07-31,8.832
2022-08-01,8.831
2022-08-02,8.84
2022-08-03,8.832
2022-08-04,8.837
2022-08-05,8.836
2022-08-06,8.833
2022-08-07,8.837
2022-08-08,8.854
2022-08-09,8.856
2022-08-10,8.849
2022-08-11,8.848
2022-08-12,8.84
2022-08-13,8.833
2022-08-14,8.83
2022-08-15,8.826
2022-08-16,8.823
2022-08-17,8.82
2022-08-18,8.821
2022-08-19,8.819
2022-08-20,8.816
2022-08-21,8.814
2022-08-22,8.828
2022-08-23,8.832
2022-08-24,8.828
2022-08-25,8.82
2022-08-26,8.842
2022-08-27,8.838
2022-08-28,8.834
2022-08-29,8.831
2022-08-30,8.835
2022-08-31,8.832
2022-09-01,8.819
2022-09-02,8.809
2022-09-03,8.809
2022-09-04,8.804
2022-09-05,8.798
2022-09-06,8.794
2022-09-07,8.791
2022-09-08,8.788
2022-09-09,8.785
2022-09-10,8.782
2022-09-11,8.78
2022-09-12,8.79
2022-09-13,8.823
2022-09-14,8.821
2022-09-15,8.813
2022-09-16,8.813
2022-09-17,8.81
2022-09-18,8.819
2022-09-19,8.848
2022-09-20,8.857
2022-09-21,8.858
2022-09-22,8.863
2022-09-23,8.853
2022-09-24,8.845
2022-09-25,8.853
2022-09-26,8.868
2022-09-27,8.878
2022-09-28,8.879
2022-09-29,8.866
2022-09-30,8.856
2022-10-01,8.847
2022-10-02,8.834
2022-10-03,8.822
2022-10-04,8.813
2022-10-05,8.804
2022-10-06,8.797
2022-10-07,8.802
2022-10-08,8.79
2022-10-09,8.785
2022-10-10,8.779
2022-10-11,8.773
2022-10-12,8.775
2022-10-13,8.812
2022-10-14,8.819
2022-10-15,8.823
2022-10-16,8.835
2022-10-17,8.84
2022-10-18,8.844
2022-10-19,8.85
2022-10-20,8.868
2022-10-21,8.882
2022-10-22,8.888
2022-10-23,8.893
2022-10-24,8.895
2022-10-25,8.896
2022-10-26,8.9
2022-10-27,8.901
2022-10-28,8.892
2022-10-29,8.888
2022-10-30,8.884
2022-10-31,8.88
2022-11-01,8.878
2022-11-02,8.873
2022-11-03,8.868
2022-11-04,8.861
2022-11-05,8.856
2022-11-06,8.864
2022-11-07,8.863
2022-11-08,8.852
2022-11-09,8.84
2022-11-10,8.836
2022-11-11,8.832
2022-11-12,8.832
2022-11-13,8.826
2022-11-14,8.817
2022-11-15,8.807
2022-11-16,8.805
2022-11-17,8.8
2022-11-18,8.8
2022-11-19,8.793
2022-11-20,8.803
2022-11-21,8.794
2022-11-22,8.789
2022-11-23,8.787
2022-11-24,8.788
2022-11-25,8.801
2022-11-26,8.803
2022-11-27,8.81
2022-11-28,8.823
2022-11-29,8.823
2022-11-30,8.841
2022-12-01,8.874
2022-12-02,8.871
2022-12-03,8.888
2022-12-04,8.898
2022-12-05,8.903
2022-12-06,8.908
2022-12-07,8.917
2022-12-08,8.922
2022-12-09,8.922
2022-12-10,8.918
2022-12-11,8.919
2022-12-12,8.918
2022-12-13,8.914
2022-12-14,8.909
2022-12-15,8.898
2022-12-16,8.915
2022-12-17,8.915
2022-12-18,8.921
2022-12-19,8.928
2022-12-20,8.917
2022-12-21,8.91
2022-12-22,8.897
2022-12-23,8.902
2022-12-24,8.928
2022-12-25,8.937
2022-12-26,8.931
2022-12-27,8.93
2022-12-28,8.926
2022-12-29,8.92
2022-12-30,8.914
2022-12-31,8.925
2023-01-01,8.931
2023-01-02,8.934
2023-01-03,8.934
2023-01-04,8.943
2023-01-05,8.994
2023-01-06,9.023
2023-01-07,9.041
2023-01-08,9.044
2023-01-09,9.048
2023-01-10,9.046
2023-01-11,9.036
2023-01-12,9.039
2023-01-13,9.034
2023-01-14,9.021
2023-01-15,9.006
2023-01-16,8.993
2023-01-17,8.978
2023-01-18,8.974
2023-01-19,8.96
2023-01-20,8.952
2023-01-21,8.935
2023-01-22,8.92
2023-01-23,8.906
2023-01-24,8.894
2023-01-25,8.881
2023-01-26,8.873
2023-01-27,8.857
2023-01-28,8.848
2023-01-29,8.841
2023-01-30,8.827
2023-01-31,8.814
2023-02-01,8.8
2023-02-02,8.791
2023-02-03,8.779
2023-02-04,8.762
2023-02-05,8.748
2023-02-06,8.736
2023-02-07,8.72
2023-02-08,8.709
2023-02-09,8.697
2023-02-10,8.693
2023-02-11,8.682
2023-02-12,8.67
2023-02-13,8.658
2023-02-14,8.647
2023-02-15,8.638
2023-02-16,8.637
2023-02-17,8.639
2023-02-18,8.63
2023-02-19,8.623
2023-02-20,8.617
2023-02-21,8.609
2023-02-22,8.602
2023-02-23,8.601
2023-02-24,8.595
2023-02-25,8.584
2023-02-26,8.576
2023-02-27,8.566
2023-02-28,8.561
2023-03-01,8.551
2023-03-02,8.543
2023-03-03,8.53
2023-03-04,8.524
2023-03-05,8.512
2023-03-06,8.499
2023-03-07,8.487
2023-03-08,8.471
2023-03-09,8.456
2023-03-10,8.442
2023-03-11,8.428
2023-03-12,8.414
2023-03-13,8.403
2023-03-14,8.391
2023-03-15,8.376
2023-03-16,8.362
2023-03-17,8.364
2023-03-18,8.37
2023-03-19,8.372
2023-03-20,8.367
2023-03-21,8.361
2023-03-22,8.354
2023-03-23,8.352
2023-03-24,8.35
2023-03-25,8.349
2023-03-26,8.371
2023-03-27,8.376
2023-03-28,8.381
2023-03-29,8.386
2023-03-30,8.389
2023-03-31,8.391
2023-04-01,8.411
2023-04-02,8.422
2023-04-03,8.431
2023-04-04,8.439
2023-04-05,8.5
2023-04-06,8.615
2023-04-07,8.679
2023-04-08,8.717
2023-04-09,8.742
2023-04-10,8.76
2023-04-11,8.783
2023-04-12,8.815
2023-04-13,8.852
2023-04-14,8.887
2023-04-15,8.914
2023-04-16,8.932
2023-04-17,8.97
2023-04-18,8.997
2023-04-19,9.009
2023-04-20,9.011
2023-04-21,9.015
2023-04-22,9.038
2023-04-23,9.063
2023-04-24,9.075
2023-04-25,9.086
2023-04-26,9.092
2023-04-27,9.096
2023-04-28,9.097
2023-04-29,9.104
2023-04-30,9.119
2023-05-01,9.141
2023-05-02,9.15
2023-05-03,9.163
2023-05-04,9.172
2023-05-05,9.174
2023-05-06,9.172
2023-05-07,9.168
2023-05-08,9.162
2023-05-09,9.151
2023-05-10,9.139
2023-05-11,9.125
2023-05-12,9.113
2023-05-13,9.107
2023-05-14,9.097
2023-05-15,9.088
2023-05-16,9.089
2023-05-17,9.087
2023-05-18,9.081
2023-05-19,9.082
2023-05-20,9.11
2023-05-21,9.119
2023-05-22,9.121
2023-05-23,9.123
2023-05-24,9.13
2023-05-25,9.122
2023-05-26,9.114
2023-05-27,9.108
2023-05-28,9.101
2023-05-29,9.093
2023-05-30,9.086
2023-05-31,9.084
2023-06-01,9.083
2023-06-02,9.082
2023-06-03,9.078
2023-06-04,9.072
2023-06-05,9.068
2023-06-06,9.066
2023-06-07,9.058
2023-06-08,9.049
2023-06-09,9.048
2023-06-10,9.044
2023-06-11,9.04
2023-06-12,9.059
2023-06-13,9.088
2023-06-14,9.086
2023-06-15,9.088
2023-06-16,9.084
2023-06-17,9.08
2023-06-18,9.072
2023-06-19,9.065
2023-06-20,9.057
2023-06-21,9.049
2023-06-22,9.041
2023-06-23,9.033
2023-06-24,9.036
2023-06-25,9.033
2023-06-26,9.033
2023-06-27,9.049
2023-06-28,9.055
2023-06-29,9.039
2023-06-30,9.028
2023-07-01,9.022
2023-07-02,9.011
2023-07-03,9.003
2023-07-04,8.996
2023-07-05,8.985
2023-07-06,8.984
2023-07-07,8.987
2023-07-08,8.976
2023-07-09,8.968
2023-07-10,8.96
2023-07-11,8.957
2023-07-12,8.954
2023-07-13,8.977
2023-07-14,8.979
2023-07-15,8.981
2023-07-16,8.995
2023-07-17,9.006
2023-07-18,9.005
2023-07-19,9.001
2023-07-20,9.017
2023-07-21,9.053
2023-07-22,9.051
2023-07-23,9.045
2023-07-24,9.039
2023-07-25,9.032
2023-07-26,9.023
2023-07-27,9.03
2023-07-28,9.021
2023-07-29,9.011
2023-07-30,8.998
2023-07-31,8.985
2023-08-01,8.973
2023-08-02,8.966
2023-08-03,8.971
2023-08-04,8.985
2023-08-05,8.981
2023-08-06,8.973
2023-08-07,8.991
2023-08-08,9.013
2023-08-09,9.01
2023-08-10,9.021
2023-08-11,9.013
2023-08-12,9.02
2023-08-13,9.031
2023-08-14,9.024
2023-08-15,9.014
2023-08-16,9.002
2023-08-17,8.983
2023-08-18,8.992
2023-08-19,8.983
2023-08-20,8.97
2023-08-21,8.962
2023-08-22,8.952
2023-08-23,8.946
2023-08-24,8.938
2023-08-25,8.939
2023-08-26,8.936
2023-08-27,8.927
2023-08-28,8.92
2023-08-29,8.912
2023-08-30,8.917
2023-08-31,8.911
2023-09-01,8.905
2023-09-02,8.902
2023-09-03,8.9
2023-09-04,8.899
2023-09-05,8.898
2023-09-06,8.901
2023-09-07,8.914
2023-09-08,8.91
2023-09-09,8.898
2023-09-10,8.891
2023-09-11,8.883
2023-09-12,8.899
2023-09-13,8.901
2023-09-14,8.891
2023-09-15,8.88
2023-09-16,8.874
2023-09-17,8.887
2023-09-18,8.908
2023-09-19,8.905
2023-09-20,8.897
2023-09-21,8.891
2023-09-22,8.886
2023-09-23,8.882
2023-09-24,8.877
2023-09-25,8.871
2023-09-26,8.862
2023-09-27,8.855
2023-09-28,8.852
2023-09-29,8.851
2023-09-30,8.851
2023-10-01,8.85
2023-10-02,8.849
2023-10-03,8.849
2023-10-04,8.845
2023-10-05,8.84
2023-10-06,8.859
2023-10-07,8.853
2023-10-08,8.852
2023-10-09,8.849
2023-10-10,8.849
2023-10-11,8.86
2023-10-12,8.859
2023-10-13,8.845
2023-10-14,8.832
2023-10-15,8.821
2023-10-16,8.805
2023-10-17,8.788
2023-10-18,8.774
2023-10-19,8.767
2023-10-20,8.77
2023-10-21,8.778
2023-10-22,8.773
2023-10-23,8.761
2023-10-24,8.756
2023-10-25,8.761
2023-10-26,8.766
2023-10-27,8.783
2023-10-28,8.803
2023-10-29,8.806
2023-10-30,8.815
2023-10-31,8.817
2023-11-01,8.826
2023-11-02,8.825
2023-11-03,8.828
2023-11-04,8.835
2023-11-05,8.836
2023-11-06,8.836
2023-11-07,8.857
2023-11-08,8.854
2023-11-09,8.871
2023-11-10,8.882
2023-11-11,8.89
2023-11-12,8.894
2023-11-13,8.899
2023-11-14,8.902
2023-11-15,8.895
2023-11-16,8.889
2023-11-17,8.89
2023-11-18,8.888
2023-11-19,8.884
2023-11-20,8.874
2023-11-21,8.865
2023-11-22,8.873
2023-11-23,8.87
2023-11-24,8.864
2023-11-25,8.854
2023-11-26,8.846
2023-11-27,8.856
2023-11-28,8.857
2023-11-29,8.85
2023-11-30,8.849
2023-12-01,8.846
2023-12-02,8.845
2023-12-03,8.842
2023-12-04,8.842
2023-12-05,8.834
2023-12-06,8.828
2023-12-07,8.822
2023-12-08,8.816
2023-12-09,8.811
2023-12-10,8.817
2023-12-11,8.821
2023-12-12,8.817
2023-12-13,8.82
2023-12-14,8.813
2023-12-15,8.81
2023-12-16,8.805
2023-12-17,8.807
2023-12-18,8.831
2023-12-19,8.848
2023-12-20,8.849
2023-12-21,8.849
2023-12-22,8.846
2023-12-23,8.845
2023-12-24,8.844
2023-12-25,8.84
2023-12-26,8.839
2023-12-27,8.839
2023-12-28,8.849
2023-12-29,8.854
2023-12-30,8.855
2023-12-31,8.851
2024-01-01,8.848
2024-01-02,8.842
2024-01-03,8.841
2024-01-04,8.84
2024-01-05,8.834
2024-01-06,8.826
2024-01-07,8.822
2024-01-08,8.815
2024-01-09,8.811
2024-01-10,8.834
2024-01-11,8.835
2024-01-12,8.831
2024-01-13,8.837
2024-01-14,8.842
2024-01-15,8.837
2024-01-16,8.83
2024-01-17,8.829
2024-01-18,8.835
2024-01-19,8.828
2024-01-20,8.819
2024-01-21,8.809
2024-01-22,8.8
2024-01-23,8.797
2024-01-24,8.793
2024-01-25,8.787
2024-01-26,8.776
2024-01-27,8.765
2024-01-28,8.754
2024-01-29,8.742
2024-01-30,8.728
2024-01-31,8.717
2024-02-01,8.715
2024-02-02,8.715
2024-02-03,8.71
2024-02-04,8.706
2024-02-05,8.702
2024-02-06,8.697
2024-02-07,8.692
2024-02-08,8.686
2024-02-09,8.686
2024-02-10,8.686
2024-02-11,8.686
2024-02-12,8.684
2024-02-13,8.684
2024-02-14,8.679
2024-02-15,8.678
2024-02-16,8.684
2024-02-17,8.679
2024-02-18,8.689
2024-02-19,8.691
2024-02-20,8.685
2024-02-21,8.676
2024-02-22,8.673
2024-02-23,8.668
2024-02-24,8.659
2024-02-25,8.648
2024-02-26,8.642
2024-02-27,8.636
2024-02-28,8.646
2024-02-29,8.655
2024-03-01,8.653
2024-03-02,8.651
2024-03-03,8.648
2024-03-04,8.647
2024-03-05,8.66
2024-03-06,8.682
2024-03-07,8.694
2024-03-08,8.697
2024-03-09,8.736
2024-03-10,8.79
2024-03-11,8.818
2024-03-12,8.832
2024-03-13,8.852
2024-03-14,8.869
2024-03-15,8.889
2024-03-16,8.9
2024-03-17,8.919
2024-03-18,8.93
2024-03-19,8.939
2024-03-20,8.957
2024-03-21,8.96
2024-03-22,8.962
2024-03-23,8.967
2024-03-24,8.969
2024-03-25,8.968
2024-03-26,8.972
2024-03-27,9.005
2024-03-28,9.021
2024-03-29,9.033
2024-03-30,9.038
2024-03-31,9.043
2024-04-01,9.045
2024-04-02,9.043
2024-04-03,9.058
2024-04-04,9.105
2024-04-05,9.119
2024-04-06,9.119
2024-04-07,9.115
2024-04-08,9.107
2024-04-09,9.1
2024-04-10,9.095
2024-04-11,9.089
2024-04-12,9.14
2024-04-13,9.206
2024-04-14,9.224
2024-04-15,9.224
2024-04-16,9.214
2024-04-17,9.207
2024-04-18,9.244
2024-04-19,9.26
2024-04-20,9.265
2024-04-21,9.257
2024-04-22,9.24
2024-04-23,9.225
2024-04-24,9.215
2024-04-25,9.191
2024-04-26,9.167
2024-04-27,9.147
2024-04-28,9.146
2024-04-29,9.153
2024-04-30,9.164
2024-05-01,9.159
2024-05-02,9.149
2024-05-03,9.134
2024-05-04,9.118
2024-05-05,9.103
2024-05-06,9.087
2024-05-07,9.07
2024-05-08,9.084
2024-05-09,9.092
2024-05-10,9.087
2024-05-11,9.081
2024-05-12,9.075
2024-05-13,9.065
2024-05-14,9.061
2024-05-15,9.051
2024-05-16,9.041
2024-05-17,9.034
2024-05-18,9.03
2024-05-19,9.025
2024-05-20,9.019
2024-05-21,9.02
2024-05-22,9.015
2024-05-23,9.012
2024-05-24,9.006
2024-05-25,9
2024-05-26,9.002
2024-05-27,9.006
2024-05-28,9.017
2024-05-29,9.017
2024-05-30,9.012
2024-05-31,9.008
2024-06-01,9.003
2024-06-02,9.001
2024-06-03,9
2024-06-04,8.999
2024-06-05,8.997
2024-06-06,9.007
2024-06-07,9.009
2024-06-08,9.008
2024-06-09,9.005
2024-06-10,9.002
2024-06-11,8.994
2024-06-12,8.987
2024-06-13,8.99
2024-06-14,9.007
2024-06-15,9.002
2024-06-16,8.994
2024-06-17,9.005
2024-06-18,9.011
2024-06-19,9.012
2024-06-20,9.013
2024-06-21,9.013
2024-06-22,9.025
2024-06-23,9.132
2024-06-24,9.178
2024-06-25,9.186
2024-06-26,9.194
2024-06-27,9.188
2024-06-28,9.167
2024-06-29,9.154
2024-06-30,9.158
2024-07-01,9.139
2024-07-02,9.119
2024-07-03,9.106
2024-07-04,9.102
2024-07-05,9.088
2024-07-06,9.074
2024-07-07,9.059
2024-07-08,9.041
2024-07-09,9.029
2024-07-10,9.014
2024-07-11,9.005
2024-07-12,8.984
2024-07-13,8.969
2024-07-14,8.959
2024-07-15,8.963
2024-07-16,8.967
2024-07-17,8.966
2024-07-18,8.957
2024-07-19,8.946
2024-07-20,8.941
2024-07-21,8.938
2024-07-22,8.933
2024-07-23,8.93
2024-07-24,8.933
2024-07-25,8.934
2024-07-26,8.926
2024-07-27,8.923
2024-07-28,8.92
2024-07-29,8.917
2024-07-30,8.917
2024-07-31,8.934
2024-08-01,8.932
2024-08-02,8.93
2024-08-03,8.93
2024-08-04,8.928
2024-08-05,8.926
2024-08-06,8.922
2024-08-07,8.917
2024-08-08,8.908
2024-08-09,8.909
2024-08-10,8.906
2024-08-11,8.915
2024-08-12,8.921
2024-08-13,8.917
2024-08-14,8.915
2024-08-15,8.912
2024-08-16,8.907
2024-08-17,8.912
2024-08-18,8.937
2024-08-19,8.946
2024-08-20,8.938
2024-08-21,8.93
2024-08-22,8.924
2024-08-23,8.92
2024-08-24,8.918
2024-08-25,8.917
2024-08-26,8.916
2024-08-27,8.915
2024-08-28,8.917
2024-08-29,8.911
2024-08-30,8.909
2024-08-31,8.938
2024-09-01,8.939
2024-09-02,8.933
2024-09-03,8.923
2024-09-04,8.918
2024-09-05,8.912
2024-09-06,8.915
2024-09-07,8.923
2024-09-08,8.919
2024-09-09,8.92
2024-09-10,8.926
2024-09-11,8.925
2024-09-12,8.924
2024-09-13,8.924
2024-09-14,8.923
2024-09-15,8.922
2024-09-16,8.921
2024-09-17,8.917
2024-09-18,8.908
2024-09-19,8.899
2024-09-20,8.889
2024-09-21,8.88
2024-09-22,8.874
2024-09-23,8.872
2024-09-24,8.861
2024-09-25,8.867
2024-09-26,8.864
2024-09-27,8.848
2024-09-28,8.831
2024-09-29,8.818
2024-09-30,8.804
2024-10-01,8.793
2024-10-02,8.794
2024-10-03,8.784
2024-10-04,8.782
2024-10-05,8.779
2024-10-06,8.78
2024-10-07,8.789
2024-10-08,8.786
2024-10-09,8.785
2024-10-10,8.781
2024-10-11,8.777
2024-10-12,8.777
2024-10-13,8.771
2024-10-14,8.77
2024-10-15,8.767
2024-10-16,8.762
2024-10-17,8.756
2024-10-18,8.755
2024-10-19,8.754
2024-10-20,8.753
2024-10-21,8.754
2024-10-22,8.752
2024-10-23,8.753
2024-10-24,8.751
2024-10-25,8.749
2024-10-26,8.754
2024-10-27,8.751
2024-10-28,8.746
2024-10-29,8.744
2024-10-30,8.747
2024-10-31,8.753
2024-11-01,8.77
2024-11-02,8.768
2024-11-03,8.765
2024-11-04,8.766
2024-11-05,8.786
2024-11-06,8.803
2024-11-07,8.808
2024-11-08,8.813
2024-11-09,8.808
2024-11-10,8.807
2024-11-11,8.826
2024-11-12,8.836
2024-11-13,8.833
2024-11-14,8.832
2024-11-15,8.837
2024-11-16,8.84
2024-11-17,8.838
2024-11-18,8.843
2024-11-19,8.841
2024-11-20,8.844
2024-11-21,8.866
2024-11-22,8.877
2024-11-23,8.881
2024-11-24,8.884
2024-11-25,8.884
2024-11-26,8.897
2024-11-27,8.918
2024-11-28,8.921
2024-11-29,8.929
2024-11-30,8.941
2024-12-01,8.955
2024-12-02,8.952
2024-12-03,8.95
2024-12-04,8.962
2024-12-05,8.975
2024-12-06,8.96
2024-12-07,8.955
2024-12-08,8.962
2024-12-09,8.949
2024-12-10,8.943
2024-12-11,8.936
2024-12-12,8.935
2024-12-13,8.93
2024-12-14,8.917
2024-12-15,8.9
2024-12-16,8.89
2024-12-17,8.906
2024-12-18,8.917
2024-12-19,8.919
2024-12-20,8.912
2024-12-21,8.905
2024-12-22,8.889
2024-12-23,8.879
2024-12-24,8.879
2024-12-25,8.865
2024-12-26,8.851
2024-12-27,8.836
2024-12-28,8.825
2024-12-29,8.828
2024-12-30,8.874
2024-12-31,8.913
2026-06-07,9.027
2026-06-08,9.0287
2026-06-09,9.0299
2026-06-10,9.0808
2026-06-11,9.1058
2026-06-12,9.1162
2026-06-13,9.118
2026-06-14,9.1246
2026-06-15,9.1251
2026-06-16,9.1125
2026-06-17,9.1054
2026-06-18,9.1028
2026-06-19,9.0996
2026-06-20,9.0868
2026-06-21,9.0686
2026-06-22,9.0531
2026-06-23,9.0395
2026-06-24,9.0222
2026-06-25,9.0095
2026-06-26,9.0128
2026-06-27,9.0086
2026-06-28,9.0026
2026-06-29,8.9936
2026-06-30,8.9879
2026-07-01,8.9838
2026-07-02,8.9789
2026-07-03,8.9713
2026-07-04,8.9677
2026-07-05,8.9632
2026-07-06,8.9574
2026-07-07,8.9525
2026-07-08,8.9508
2026-07-09,8.9579
2026-07-10,8.9651
2026-07-11,8.9606
2026-07-12,8.9568
2026-07-13,8.9539
2026-07-14,8.9548
2026-07-15,8.9502
2026-07-16,8.9465
2026-07-17,8.9372
2026-07-18,8.9494
2026-07-19,8.9526
2026-07-20,8.942
2026-07-21,8.9391
2026-07-22,8.9439
2026-07-23,8.9311
2026-07-24,8.9229
2026-07-25,8.9191
2026-07-26,8.9174
2026-07-27,8.9146
2026-07-28,8.922
2026-07-29,8.9192
2026-07-30,8.9085
2026-07-31,8.9023
2026-08-01,8.9013
2026-08-02,8.9199
2026-08-03,8.927
2026-08-04,8.9181
2026-08-05,8.9121
2026-08-06,8.9117
2026-08-07,8.9076
2026-08-08,8.9136
2026-08-09,8.925
2026-08-10,8.9185
2026-08-11,8.917
2026-08-12,8.9106
2026-08-13,8.9071
2026-08-14,8.9025
2026-08-15,8.8946
2026-08-16,8.8854
2026-08-17,8.8857
2026-08-18,8.8785
2026-08-19,8.8852
2026-08-20,8.8829
2026-08-21,8.8756
2026-08-22,8.866
2026-08-23,8.8846
2026-08-24,8.8891
2026-08-25,8.8899
2026-08-26,8.8803
2026-08-27,8.8821
2026-08-28,8.8846
2026-08-29,8.8764
2026-08-30,8.8764
2026-08-31,8.8748
2026-09-01,8.8961
2026-09-02,8.9011
2026-09-03,8.9056
2026-09-04,8.903
2026-09-05,8.9013
2026-09-06,8.8969
2026-09-07,8.8937
2026-09-08,8.8903
2026-09-09,8.8915
2026-09-10,8.9146
2026-09-11,8.9064
2026-09-12,8.9014
