date,tempC
2002-06-01,7.113
2002-06-02,7.326
2002-06-03,6.797
2002-06-04,8.277
2002-06-05,8.172
2002-06-06,8.019
2002-06-07,7.848
2002-06-08,7.605
2002-06-09,7.479
2002-06-10,7.746
2002-06-11,7.826
2002-06-12,7.795
2002-06-13,7.97
2002-06-14,8.528
2002-06-15,8.632
2002-06-16,8.882
2002-06-17,9.041
2002-06-18,9.593
2002-06-19,9.782
2002-06-20,9.705
2002-06-21,9.845
2002-06-22,9.189
2002-06-23,9.579
2002-06-24,10.05
2002-06-25,10.849
2002-06-26,10.57
2002-06-27,10.581
2002-06-28,17.725
2002-06-29,17.535
2002-06-30,17.764
2002-07-01,19.473
2002-07-02,19.309
2002-07-03,18.456
2002-07-04,17.926
2002-07-05,18.046
2002-07-06,18.348
2002-07-07,18.492
2002-07-08,18.118
2002-07-09,18.044
2002-07-10,18.051
2002-07-11,18.336
2002-07-12,18.874
2002-07-13,19.291
2002-07-14,19.739
2002-07-15,20.212
2002-07-16,20.585
2002-07-17,20.978
2002-07-18,20.577
2002-07-19,21.452
2002-07-20,21.425
2002-07-21,21.039
2002-07-22,21.254
2002-07-23,21.377
2002-07-24,21.395
2002-07-25,21.196
2002-07-26,21.099
2002-07-27,21.089
2002-07-28,21.17
2002-07-29,21.059
2002-07-30,20.62
2002-07-31,20.533
2002-08-01,20.417
2002-08-02,19.898
2002-08-03,20.006
2002-08-04,20.352
2002-08-05,19.659
2002-08-06,20.367
2002-08-07,20.707
2002-08-08,20.889
2002-08-09,20.808
2002-08-10,21.253
2002-08-11,22.006
2002-08-12,23.117
2002-08-13,23.184
2002-08-14,23.191
2002-08-15,23.31
2002-08-16,23.322
2002-08-17,23.158
2002-08-18,23.175
2002-08-19,22.299
2002-08-20,22.236
2002-08-21,22.42
2002-08-22,22.472
2002-08-23,22.407
2002-08-24,22.463
2002-08-25,22.389
2002-08-26,22.431
2002-08-27,22.372
2002-08-28,22.348
2002-08-29,22.129
2002-08-30,22.131
2002-08-31,22.491
2002-09-01,22.218
2002-09-02,22.091
2002-09-03,22.124
2002-09-04,22.147
2002-09-05,21.936
2002-09-06,21.864
2002-09-07,21.815
2002-09-08,21.534
2002-09-09,21.47
2002-09-10,21.744
2002-09-11,21.478
2002-09-12,21.357
2002-09-13,21.285
2002-09-14,20.621
2002-09-15,19.569
2002-09-16,19.998
2002-09-17,19.098
2002-09-18,20.221
2002-09-19,19.962
2002-09-20,19.906
2002-09-21,19.901
2002-09-22,20.004
2002-09-23,19.84
2002-09-24,19.612
2002-09-25,19.449
2002-09-26,19.398
2002-09-27,19.325
2002-09-28,19.355
2002-09-29,19.144
2002-09-30,18.935
2002-10-01,18.806
2002-10-02,18.533
2002-10-03,17.815
2002-10-04,17.5
2002-10-05,16.848
2002-10-06,17.282
2002-10-07,15.802
2002-10-08,15.753
2002-10-09,14.693
2002-10-10,14
2002-10-11,13.598
2002-10-12,13.644
2002-10-13,13.901
2002-10-14,13.156
2002-10-15,12.773
2002-10-16,12.747
2002-10-17,12.761
2002-10-18,11.765
2002-10-19,11.889
2002-10-20,11.142
2002-10-21,10.975
2002-10-22,10.815
2002-10-23,10.628
2002-10-24,10.384
2002-10-25,10.155
2002-10-26,10.347
2002-10-27,10.649
2002-10-28,11.044
2002-10-29,11.059
2002-10-30,10.95
2002-10-31,10.518
2002-11-01,9.676
2002-11-02,8.32
2002-11-03,8.274
2002-11-04,8.326
2002-11-05,8.466
2002-11-06,8.626
2002-11-07,8.447
2002-11-08,7.749
2002-11-09,7.891
2002-11-10,8.002
2002-11-11,8.369
2002-11-12,7.671
2002-11-13,8.311
2002-11-14,7.904
2002-11-15,7.869
2002-11-16,5.944
2002-11-17,5.879
2002-11-18,6.215
2002-11-19,5.938
2002-11-20,5.798
2002-11-21,6.09
2002-11-22,6.515
2002-11-23,6.652
2002-11-24,6.458
2002-11-25,6.55
2002-11-26,6.586
2002-11-27,6.439
2002-11-28,6.612
2002-11-29,4.9
2002-11-30,4.178
2002-12-01,4.815
2002-12-02,2.62
2002-12-03,2.644
2002-12-04,2.58
2002-12-05,2.46
2002-12-06,2.627
2002-12-07,3.226
2002-12-08,3.357
2002-12-09,3.316
2002-12-10,3.231
2002-12-11,3.565
2002-12-12,2.551
2002-12-13,2.255
2002-12-14,2.003
2002-12-15,1.993
2002-12-16,2.059
2002-12-17,2.034
2002-12-18,1.747
2002-12-19,2.193
2002-12-20,1.999
2002-12-21,1.826
2002-12-22,2.025
2002-12-23,2.091
2002-12-24,1.948
2002-12-25,1.572
2002-12-26,1.579
2002-12-27,1.599
2002-12-28,1.599
2002-12-29,1.678
2002-12-30,1.468
2002-12-31,1.694
2003-01-01,2.746
2003-01-02,0.103
2003-01-03,0.529
2003-01-04,0.399
2003-01-05,-0.152
2003-01-06,-0.076
2003-01-07,-0.524
2003-01-08,-0.037
2003-01-09,-0.005
2003-01-10,-0.005
2003-01-11,0.142
2003-01-12,0.347
2003-01-13,0.212
2003-01-14,0.031
2003-01-15,0.342
2003-01-16,0.445
2003-01-17,0.528
2003-01-18,0.365
2003-01-19,0.324
2003-01-20,0.224
2003-01-21,0.257
2003-01-22,0.017
2003-01-23,-0.077
2003-01-24,-0.173
2003-01-25,-0.19
2003-01-26,-0.271
2003-01-27,-0.435
2003-01-28,-0.372
2003-01-29,-0.523
2003-01-30,-0.874
2003-01-31,-0.844
2003-02-01,-0.112
2003-02-02,-1.742
2003-02-03,-1.388
2003-02-04,-1.74
2003-02-05,-1.686
2003-02-06,-1.749
2003-02-07,-1.669
2003-02-08,-1.445
2003-02-09,-1.399
2003-02-10,-1.452
2003-02-11,-1.424
2003-02-12,-1.506
2003-02-13,-1.487
2003-02-14,-1.53
2003-02-15,-1.533
2003-02-16,-1.532
2003-02-17,-1.413
2003-02-18,-1.559
2003-02-19,-1.566
2003-02-20,-1.454
2003-02-21,-1.459
2003-02-22,-1.424
2003-02-23,-1.375
2003-02-24,-1.421
2003-02-25,-1.508
2003-02-26,-1.603
2003-02-27,-1.683
2003-02-28,-1.707
2003-03-01,-1.681
2003-03-02,-0.018
2003-03-03,0.066
2003-03-04,0.438
2003-03-05,0.111
2003-03-06,-0.065
2003-03-07,0.045
2003-03-08,0.544
2003-03-09,0.729
2003-03-10,0.987
2003-03-11,-0.098
2003-03-12,-0.281
2003-03-13,-0.456
2003-03-14,0.082
2003-03-15,0.001
2003-03-16,0.468
2003-03-17,0.383
2003-03-18,0.609
2003-03-19,1.159
2003-03-20,0.234
2003-03-21,-0.799
2003-03-22,-0.713
2003-03-23,0.279
2003-03-24,0.56
2003-03-25,0.399
2003-03-26,-0.572
2003-03-27,-0.726
2003-03-28,-1.012
2003-03-29,-0.649
2003-03-30,-0.697
2003-03-31,-0.579
2003-04-01,-0.257
2003-04-02,1.789
2003-04-03,1.645
2003-04-04,0.611
2003-04-05,0.557
2003-04-06,0.628
2003-04-07,0.778
2003-04-08,0.483
2003-04-09,0.269
2003-04-10,0.722
2003-04-11,0.317
2003-04-12,0.221
2003-04-13,0.102
2003-04-14,1.478
2003-04-15,1.359
2003-04-16,1.482
2003-04-17,1.307
2003-04-18,1.233
2003-04-19,1.052
2003-04-20,0.851
2003-04-21,1.125
2003-04-22,2.47
2003-04-23,1.387
2003-04-24,2.169
2003-04-25,2.047
2003-04-26,1.835
2003-04-27,1.822
2003-04-28,2.308
2003-04-29,2.453
2003-04-30,2.027
2003-05-01,1.668
2003-05-02,2.75
2003-05-03,3.32
2003-05-04,3.274
2003-05-05,3.208
2003-05-06,2.967
2003-05-07,3.167
2003-05-08,3.293
2003-05-09,4.308
2003-05-10,4.353
2003-05-11,3.96
2003-05-12,3.642
2003-05-13,3.754
2003-05-14,3.938
2003-05-15,3.726
2003-05-16,3.576
2003-05-17,3.864
2003-05-18,3.744
2003-05-19,4.168
2003-05-20,4.607
2003-05-21,4.822
2003-05-22,4.733
2003-05-23,4.348
2003-05-24,4.13
2003-05-25,4.402
2003-05-26,4.631
2003-05-27,4.468
2003-05-28,4.988
2003-05-29,5.199
2003-05-30,5.377
2003-05-31,6.22
2003-06-01,6.387
2003-06-02,6.803
2003-06-03,6.578
2003-06-04,6.282
2003-06-05,6.154
2003-06-06,6.296
2003-06-07,5.612
2003-06-08,5.783
2003-06-09,5.526
2003-06-10,6.032
2003-06-11,6.111
2003-06-12,6
2003-06-13,5.781
2003-06-14,6.126
2003-06-15,6.569
2003-06-16,7.418
2003-06-17,7.927
2003-06-18,8.463
2003-06-19,9.04
2003-06-20,10.624
2003-06-21,11.144
2003-06-22,11.242
2003-06-23,11.419
2003-06-24,12.335
2003-06-25,13.115
2003-06-26,14.187
2003-06-27,14.238
2003-06-28,15.093
2003-06-29,14.912
2003-06-30,15.389
2003-07-01,16.06
2003-07-02,16.924
2003-07-03,17.108
2003-07-04,17.512
2003-07-05,18.569
2003-07-06,19.237
2003-07-07,19.172
2003-07-08,19.117
2003-07-09,18.884
2003-07-10,17.554
2003-07-11,16.237
2003-07-12,15.894
2003-07-13,15.632
2003-07-14,15.217
2003-07-15,15.239
2003-07-16,15.903
2003-07-17,17.956
2003-07-18,18.282
2003-07-19,18.539
2003-07-20,18.774
2003-07-21,18.791
2003-07-22,18.841
2003-07-23,18.859
2003-07-24,18.208
2003-07-25,18.631
2003-07-26,18.879
2003-07-27,19.108
2003-07-28,19.37
2003-07-29,19.271
2003-07-30,19.252
2003-07-31,19.072
2003-08-01,19.086
2003-08-02,19.69
2003-08-03,19.787
2003-08-04,19.937
2003-08-05,20.589
2003-08-06,21.066
2003-08-07,21.739
2003-08-08,21.724
2003-08-09,21.778
2003-08-10,22.054
2003-08-11,21.921
2003-08-12,21.75
2003-08-13,22.09
2003-08-14,22.389
2003-08-15,22.664
2003-08-16,22.502
2003-08-17,22.581
2003-08-18,22.448
2003-08-19,22.426
2003-08-20,22.435
2003-08-21,22.3
2003-08-22,22.348
2003-08-23,21.486
2003-08-24,21.077
2003-08-25,21.206
2003-08-26,21.185
2003-08-27,21.423
2003-08-28,21.383
2003-08-29,21.247
2003-08-30,21.036
2003-08-31,21.14
2003-09-01,20.441
2003-09-02,19.829
2003-09-03,19.705
2003-09-04,19.74
2003-09-05,19.826
2003-09-06,19.823
2003-09-07,19.688
2003-09-08,19.661
2003-09-09,19.761
2003-09-10,19.637
2003-09-11,19.541
2003-09-12,19.901
2003-09-13,20.011
2003-09-14,20.042
2003-09-15,20.043
2003-09-16,20.076
2003-09-17,20.028
2003-09-18,19.633
2003-09-19,19.266
2003-09-20,18.686
2003-09-21,18.597
2003-09-22,18.484
2003-09-23,18.266
2003-09-24,18.018
2003-09-25,17.58
2003-09-26,17.009
2003-09-27,16.932
2003-09-28,16.755
2003-09-29,16.536
2003-09-30,15.585
2003-10-01,14.526
2003-10-02,13.946
2003-10-03,13.882
2003-10-04,13.8
2003-10-05,13.423
2003-10-06,13.203
2003-10-07,12.893
2003-10-08,13.493
2003-10-09,13.597
2003-10-10,13.508
2003-10-11,13.809
2003-10-12,13.938
2003-10-13,13.729
2003-10-14,13.414
2003-10-15,12.819
2003-10-16,12.686
2003-10-17,11.919
2003-10-18,11.829
2003-10-19,11.13
2003-10-20,10.671
2003-10-21,10.9
2003-10-22,10.645
2003-10-23,10.751
2003-10-24,10.65
2003-10-25,10.509
2003-10-26,10.522
2003-10-27,10.484
2003-10-28,10.548
2003-10-29,9.691
2003-10-30,9.289
2003-10-31,9.107
2003-11-01,9.075
2003-11-02,6.94
2003-11-03,7.819
2003-11-04,8.246
2003-11-05,8.539
2003-11-06,8.551
2003-11-07,8.405
2003-11-08,9.036
2003-11-09,8.456
2003-11-10,7.893
2003-11-11,7.435
2003-11-12,7.365
2003-11-13,7.686
2003-11-14,7.261
2003-11-15,7.205
2003-11-16,6.723
2003-11-17,6.746
2003-11-18,6.395
2003-11-19,7.659
2003-11-20,7.608
2003-11-21,7.446
2003-11-22,7.403
2003-11-23,7.288
2003-11-24,6.595
2003-11-25,6.45
2003-11-26,5.351
2003-11-27,5.436
2003-11-28,5.391
2003-11-29,5.906
2003-11-30,5.755
2003-12-01,5.594
2003-12-02,3.332
2003-12-03,3.123
2003-12-04,3.191
2003-12-05,3.275
2003-12-06,2.869
2003-12-07,2.53
2003-12-08,3.742
2003-12-09,2.677
2003-12-10,2.742
2003-12-11,2.802
2003-12-12,2.802
2003-12-13,2.723
2003-12-14,2.557
2003-12-15,2.26
2003-12-16,2.593
2003-12-17,2.808
2003-12-18,2.504
2003-12-19,3.103
2003-12-20,3.602
2003-12-21,3.474
2003-12-22,3.646
2003-12-23,3.844
2003-12-24,3.228
2003-12-25,3.759
2003-12-26,3.009
2003-12-27,3.063
2003-12-28,2.59
2003-12-29,1.309
2003-12-30,1.314
2003-12-31,1.392
2004-01-01,1.365
2004-01-02,-0.749
2004-01-03,-0.133
2004-01-04,-0.402
2004-01-05,-0.471
2004-01-06,0.113
2004-01-07,-0.194
2004-01-08,-0.97
2004-01-09,-0.975
2004-01-10,-0.982
2004-01-11,-0.953
2004-01-12,-1.099
2004-01-13,-1.184
2004-01-14,-1.054
2004-01-15,-1.016
2004-01-16,-0.451
2004-01-17,-1.059
2004-01-18,-0.503
2004-01-19,-0.545
2004-01-20,-0.373
2004-01-21,-0.25
2004-01-22,-0.218
2004-01-23,-0.399
2004-01-24,-0.485
2004-01-25,-0.19
2004-01-26,-0.405
2004-01-27,-0.29
2004-01-28,-0.612
2004-01-29,-0.724
2004-01-30,-0.49
2004-01-31,-0.583
2004-02-01,-0.637
2004-02-02,-1.74
2004-02-03,-1.79
2004-02-04,-1.781
2004-02-05,-1.7
2004-02-06,-1.8
2004-02-07,-1.777
2004-02-08,-1.74
2004-02-09,-1.736
2004-02-10,-1.775
2004-02-11,-1.716
2004-02-12,-1.7
2004-02-13,-1.666
2004-02-14,-1.689
2004-02-15,-1.652
2004-02-16,-1.584
2004-02-17,-1.599
2004-02-18,-1.617
2004-02-19,-1.617
2004-02-20,-1.585
2004-02-21,-1.552
2004-02-22,-1.539
2004-02-23,-1.517
2004-02-24,-1.526
2004-02-25,-1.523
2004-02-26,-1.504
2004-02-27,-1.464
2004-02-28,-1.49
2004-02-29,-1.445
2004-03-01,-1.513
2004-03-02,-0.316
2004-03-03,-0.655
2004-03-04,-0.782
2004-03-05,0.172
2004-03-06,-0.638
2004-03-07,-0.64
2004-03-08,-0.616
2004-03-09,-0.748
2004-03-10,-0.634
2004-03-11,-0.611
2004-03-12,-0.503
2004-03-13,-0.577
2004-03-14,-0.706
2004-03-15,-0.731
2004-03-16,-0.802
2004-03-17,-0.755
2004-03-18,-0.622
2004-03-19,-0.856
2004-03-20,-0.816
2004-03-21,-0.919
2004-03-22,-0.878
2004-03-23,-0.939
2004-03-24,-0.898
2004-03-25,-0.77
2004-03-26,-0.46
2004-03-27,-0.52
2004-03-28,-0.492
2004-03-29,-0.743
2004-03-30,-0.815
2004-03-31,-0.745
2004-04-01,-0.27
2004-04-02,0.92
2004-04-03,1.137
2004-04-04,0.779
2004-04-05,2.41
2004-04-06,1.537
2004-04-07,1.309
2004-04-08,1.571
2004-04-09,1.057
2004-04-10,0.466
2004-04-11,0.395
2004-04-12,0.232
2004-04-13,1.035
2004-04-14,1.097
2004-04-15,1.031
2004-04-16,1.162
2004-04-17,2.367
2004-04-18,2.208
2004-04-19,2.463
2004-04-20,2.959
2004-04-21,1.974
2004-04-22,2.332
2004-04-23,2.464
2004-04-24,2.789
2004-04-25,2.041
2004-04-26,1.948
2004-04-27,2.048
2004-04-28,2.101
2004-04-29,2.1
2004-04-30,2.489
2004-05-01,2.508
2004-05-02,3.079
2004-05-03,3.023
2004-05-04,2.988
2004-05-05,3.033
2004-05-06,3.498
2004-05-07,4.566
2004-05-08,4.628
2004-05-09,4.435
2004-05-10,4.148
2004-05-11,3.733
2004-05-12,3.106
2004-05-13,2.828
2004-05-14,2.89
2004-05-15,2.908
2004-05-16,3.013
2004-05-17,3.161
2004-05-18,3.475
2004-05-19,3.578
2004-05-20,3.525
2004-05-21,3.577
2004-05-22,3.428
2004-05-23,3.755
2004-05-24,4.021
2004-05-25,3.97
2004-05-26,3.882
2004-05-27,3.782
2004-05-28,4.4
2004-05-29,4.616
2004-05-30,4.69
2004-05-31,4.9
2004-06-01,5.235
2004-06-02,5.523
2004-06-03,5.298
2004-06-04,5.753
2004-06-05,6.593
2004-06-06,6.833
2004-06-07,6.886
2004-06-08,7.016
2004-06-09,7.389
2004-06-10,7.62
2004-06-11,8.169
2004-06-12,8.381
2004-06-13,8.659
2004-06-14,9.019
2004-06-15,10.475
2004-06-16,10.579
2004-06-17,11.018
2004-06-18,11.188
2004-06-19,11.567
2004-06-20,11.238
2004-06-21,10.935
2004-06-22,10.159
2004-06-23,10.195
2004-06-24,10.885
2004-06-25,11.747
2004-06-26,12.041
2004-06-27,12.058
2004-06-28,11.975
2004-06-29,12.369
2004-06-30,12.853
2004-07-01,13.082
2004-07-02,13.778
2004-07-03,14.456
2004-07-04,14.787
2004-07-05,14.821
2004-07-06,14.976
2004-07-07,14.665
2004-07-08,14.338
2004-07-09,15.123
2004-07-10,15.718
2004-07-11,16.186
2004-07-12,15.916
2004-07-13,15.989
2004-07-14,17.128
2004-07-15,17.381
2004-07-16,17.833
2004-07-17,18.24
2004-07-18,18.341
2004-07-19,18.29
2004-07-20,19.136
2004-07-21,19.688
2004-07-22,19.715
2004-07-23,19.784
2004-07-24,19.797
2004-07-25,19.543
2004-07-26,19.486
2004-07-27,19.481
2004-07-28,19.907
2004-07-29,20.314
2004-07-30,20.909
2004-07-31,20.744
2004-08-01,21.02
2004-08-02,20.944
2004-08-03,20.866
2004-08-04,21.051
2004-08-05,21.123
2004-08-06,20.688
2004-08-07,20.383
2004-08-08,20.349
2004-08-09,20.033
2004-08-10,20.205
2004-08-11,20.18
2004-08-12,20.181
2004-08-13,20.149
2004-08-14,19.993
2004-08-15,20.129
2004-08-16,20.313
2004-08-17,20.038
2004-08-18,20.011
2004-08-19,19.99
2004-08-20,19.79
2004-08-21,19.688
2004-08-22,19.656
2004-08-23,19.395
2004-08-24,19.019
2004-08-25,19.243
2004-08-26,19.48
2004-08-27,19.299
2004-08-28,19.462
2004-08-29,19.676
2004-08-30,19.655
2004-08-31,19.619
2004-09-01,19.336
2004-09-02,19.585
2004-09-03,19.856
2004-09-04,20.315
2004-09-05,20.551
2004-09-06,20.442
2004-09-07,20.478
2004-09-08,20.518
2004-09-09,20.183
2004-09-10,19.701
2004-09-11,19.572
2004-09-12,19.56
2004-09-13,19.837
2004-09-14,19.81
2004-09-15,19.654
2004-09-16,19.61
2004-09-17,19.603
2004-09-18,19.38
2004-09-19,19.072
2004-09-20,18.83
2004-09-21,18.758
2004-09-22,18.911
2004-09-23,19.06
2004-09-24,19.184
2004-09-25,19.083
2004-09-26,18.783
2004-09-27,18.733
2004-09-28,18.705
2004-09-29,18.263
2004-09-30,18.024
2004-10-01,17.672
2004-10-02,17.07
2004-10-03,16.896
2004-10-04,16.589
2004-10-05,15.526
2004-10-06,15.268
2004-10-07,15.162
2004-10-08,15
2004-10-09,15.091
2004-10-10,14.673
2004-10-11,14.465
2004-10-12,14.234
2004-10-13,14.144
2004-10-14,14.136
2004-10-15,14.218
2004-10-16,14.283
2004-10-17,13.814
2004-10-18,13.92
2004-10-19,13.263
2004-10-20,11.961
2004-10-21,11.686
2004-10-22,11.683
2004-10-23,11.647
2004-10-24,12.097
2004-10-25,11.863
2004-10-26,11.461
2004-10-27,11.176
2004-10-28,10.938
2004-10-29,10.818
2004-10-30,11.31
2004-10-31,10.734
2004-11-01,10.785
2004-11-02,9.047
2004-11-03,9.001
2004-11-04,9.098
2004-11-05,8.95
2004-11-06,9.19
2004-11-07,8.309
2004-11-08,8.005
2004-11-09,7.779
2004-11-10,7.552
2004-11-11,7.824
2004-11-12,7.475
2004-11-13,7.365
2004-11-14,7.471
2004-11-15,7.959
2004-11-16,7.875
2004-11-17,7.845
2004-11-18,7.857
2004-11-19,7.704
2004-11-20,6.988
2004-11-21,7.593
2004-11-22,7.071
2004-11-23,6.233
2004-11-24,6.339
2004-11-25,6.367
2004-11-26,5.938
2004-11-27,6.104
2004-11-28,6.779
2004-11-29,6.687
2004-11-30,6.825
2004-12-01,6.969
2004-12-02,4.173
2004-12-03,3.453
2004-12-04,3.295
2004-12-05,3.188
2004-12-06,3.079
2004-12-07,3.087
2004-12-08,3.043
2004-12-09,2.702
2004-12-10,2.742
2004-12-11,3.22
2004-12-12,3.002
2004-12-13,3.324
2004-12-14,2.868
2004-12-15,3.08
2004-12-16,3.134
2004-12-17,3.318
2004-12-18,3.079
2004-12-19,3.84
2004-12-20,2.42
2004-12-21,3.505
2004-12-22,2.046
2004-12-23,1.995
2004-12-24,2.074
2004-12-25,1.496
2004-12-26,1.203
2004-12-27,1.232
2004-12-28,1.235
2004-12-29,1.445
2004-12-30,1.817
2004-12-31,2.498
2005-01-01,3.08
2005-01-02,0.335
2005-01-03,0.238
2005-01-04,-0.033
2005-01-05,-0.413
2005-01-06,0.036
2005-01-07,-0.098
2005-01-08,-0.174
2005-01-09,-0.039
2005-01-10,0.108
2005-01-11,-0.053
2005-01-12,0.181
2005-01-13,0.607
2005-01-14,0.185
2005-01-15,0.183
2005-01-16,0.317
2005-01-17,0.155
2005-01-18,0.095
2005-01-19,0.654
2005-01-20,0.414
2005-01-21,0.698
2005-01-22,0.556
2005-01-23,0.565
2005-01-24,0.156
2005-01-25,0.261
2005-01-26,0.321
2005-01-27,0.395
2005-01-28,-0.148
2005-01-29,-0.214
2005-01-30,-0.342
2005-01-31,-0.388
2005-02-01,-0.209
2005-02-02,-1.798
2005-02-03,-1.8
2005-02-04,-1.679
2005-02-05,-1.589
2005-02-06,-1.531
2005-02-07,-1.498
2005-02-08,-1.571
2005-02-09,-1.401
2005-02-10,-1.283
2005-02-11,-1.366
2005-02-12,-1.515
2005-02-13,-1.5
2005-02-14,-1.202
2005-02-15,-1.415
2005-02-16,-1.574
2005-02-17,-1.487
2005-02-18,-1.388
2005-02-19,-1.531
2005-02-20,-1.58
2005-02-21,-1.558
2005-02-22,-1.381
2005-02-23,-1.475
2005-02-24,-1.494
2005-02-25,-1.287
2005-02-26,-1.548
2005-02-27,-1.495
2005-02-28,-1.538
2005-03-01,-1.569
2005-03-02,-0.127
2005-03-03,-0.112
2005-03-04,-0.418
2005-03-05,-0.508
2005-03-06,-0.327
2005-03-07,-0.153
2005-03-08,-0.268
2005-03-09,-0.484
2005-03-10,-0.164
2005-03-11,-0.315
2005-03-12,-0.057
2005-03-13,-0.146
2005-03-14,-0.177
2005-03-15,-0.015
2005-03-16,0.031
2005-03-17,0.197
2005-03-18,0.237
2005-03-19,0.287
2005-03-20,0.549
2005-03-21,0.446
2005-03-22,0.369
2005-03-23,0.269
2005-03-24,-0.079
2005-03-25,-0.138
2005-03-26,-0.217
2005-03-27,0.45
2005-03-28,-0.106
2005-03-29,-0.253
2005-03-30,-0.278
2005-03-31,-0.115
2005-04-01,-0.142
2005-04-02,1.583
2005-04-03,1.208
2005-04-04,0.549
2005-04-05,0.506
2005-04-06,0.526
2005-04-07,0.656
2005-04-08,0.509
2005-04-09,0.562
2005-04-10,0.827
2005-04-11,1.205
2005-04-12,2.659
2005-04-13,2.631
2005-04-14,2.747
2005-04-15,2.061
2005-04-16,1.743
2005-04-17,1.542
2005-04-18,3.289
2005-04-19,2.876
2005-04-20,2.869
2005-04-21,2.61
2005-04-22,2.709
2005-04-23,2.751
2005-04-24,2.463
2005-04-25,1.518
2005-04-26,1.79
2005-04-27,1.803
2005-04-28,2.082
2005-04-29,2.95
2005-04-30,2.602
2005-05-01,2.464
2005-05-02,2.824
2005-05-03,2.838
2005-05-04,2.863
2005-05-05,2.958
2005-05-06,3.13
2005-05-07,4.338
2005-05-08,4.307
2005-05-09,4.292
2005-05-10,3.969
2005-05-11,4.168
2005-05-12,4.275
2005-05-13,4.299
2005-05-14,2.983
2005-05-15,4.554
2005-05-16,4.439
2005-05-17,4.361
2005-05-18,4.231
2005-05-19,4.805
2005-05-20,5.364
2005-05-21,5.449
2005-05-22,5.373
2005-05-23,5.77
2005-05-24,5.773
2005-05-25,5.811
2005-05-26,6.136
2005-05-27,6.757
2005-05-28,7.756
2005-05-29,7.975
2005-05-30,9.678
2005-05-31,11.629
2005-06-01,11.327
2005-06-02,11.636
2005-06-03,11.987
2005-06-04,12.175
2005-06-05,12.699
2005-06-06,13.02
2005-06-07,13.064
2005-06-08,12.915
2005-06-09,14.927
2005-06-10,15.229
2005-06-11,15.315
2005-06-12,15.794
2005-06-13,16.86
2005-06-14,15.554
2005-06-15,15.492
2005-06-16,15.302
2005-06-17,15.584
2005-06-18,15.09
2005-06-19,15.06
2005-06-20,15.051
2005-06-21,15.51
2005-06-22,15.712
2005-06-23,16.758
2005-06-24,17.859
2005-06-25,18.589
2005-06-26,18.792
2005-06-27,19.191
2005-06-28,19.829
2005-06-29,19.047
2005-06-30,18.742
2005-07-01,18.645
2005-07-02,19.176
2005-07-03,19.35
2005-07-04,19.203
2005-07-05,19.554
2005-07-06,19.981
2005-07-07,20.554
2005-07-08,20.841
2005-07-09,20.716
2005-07-10,21.164
2005-07-11,21.873
2005-07-12,21.994
2005-07-13,21.675
2005-07-14,23.05
2005-07-15,23.526
2005-07-16,23.683
2005-07-17,23.362
2005-07-18,23.524
2005-07-19,23.962
2005-07-20,24.113
2005-07-21,24.006
2005-07-22,23.899
2005-07-23,23.799
2005-07-24,23.535
2005-07-25,23.269
2005-07-26,22.704
2005-07-27,22.695
2005-07-28,22.594
2005-07-29,22.551
2005-07-30,22.41
2005-07-31,22.64
2005-08-01,22.873
2005-08-02,22.965
2005-08-03,22.983
2005-08-04,23.153
2005-08-05,23.012
2005-08-06,22.997
2005-08-07,23.007
2005-08-08,23.085
2005-08-09,23.187
2005-08-10,23.313
2005-08-11,23.202
2005-08-12,23.135
2005-08-13,23
2005-08-14,23.04
2005-08-15,23.094
2005-08-16,22.793
2005-08-17,22.529
2005-08-18,22.458
2005-08-19,22.189
2005-08-20,21.597
2005-08-21,20.984
2005-08-22,21.016
2005-08-23,21.136
2005-08-24,21.264
2005-08-25,21.36
2005-08-26,21.459
2005-08-27,21.806
2005-08-28,21.933
2005-08-29,21.728
2005-08-30,21.824
2005-08-31,21.945
2005-09-01,21.961
2005-09-02,21.947
2005-09-03,21.829
2005-09-04,21.582
2005-09-05,21.355
2005-09-06,21.294
2005-09-07,21.216
2005-09-08,21.127
2005-09-09,21.25
2005-09-10,21.281
2005-09-11,21.341
2005-09-12,21.321
2005-09-13,20.832
2005-09-14,20.965
2005-09-15,21.065
2005-09-16,20.776
2005-09-17,20.505
2005-09-18,20.184
2005-09-19,20.118
2005-09-20,19.954
2005-09-21,19.895
2005-09-22,19.764
2005-09-23,19.693
2005-09-24,19.53
2005-09-25,19.334
2005-09-26,18.929
2005-09-27,18.64
2005-09-28,18.17
2005-09-29,17.26
2005-09-30,16.498
2005-10-01,16.443
2005-10-02,16.157
2005-10-03,16.113
2005-10-04,16.349
2005-10-05,16.419
2005-10-06,15.946
2005-10-07,16.298
2005-10-08,16.13
2005-10-09,15.993
2005-10-10,15.653
2005-10-11,15.316
2005-10-12,15.343
2005-10-13,15.545
2005-10-14,15.094
2005-10-15,14.978
2005-10-16,14.807
2005-10-17,14.401
2005-10-18,13.608
2005-10-19,13.377
2005-10-20,13.202
2005-10-21,12.883
2005-10-22,12.678
2005-10-23,12.396
2005-10-24,11.957
2005-10-25,11.34
2005-10-26,11.619
2005-10-27,11.497
2005-10-28,11.358
2005-10-29,11.103
2005-10-30,11.137
2005-10-31,10.868
2005-11-01,10.678
2005-11-02,9.641
2005-11-03,9.438
2005-11-04,8.75
2005-11-05,8.443
2005-11-06,8.259
2005-11-07,7.676
2005-11-08,7.452
2005-11-09,7.331
2005-11-10,7.638
2005-11-11,7.511
2005-11-12,7.325
2005-11-13,7.411
2005-11-14,8.398
2005-11-15,7.394
2005-11-16,6.248
2005-11-17,6.65
2005-11-18,6.449
2005-11-19,6.439
2005-11-20,6.78
2005-11-21,6.267
2005-11-22,6.356
2005-11-23,5.485
2005-11-24,6.367
2005-11-25,4.85
2005-11-26,4.716
2005-11-27,4.823
2005-11-28,4.389
2005-11-29,4.831
2005-11-30,6.352
2005-12-01,5.579
2005-12-02,3.353
2005-12-03,3.191
2005-12-04,3.115
2005-12-05,3.321
2005-12-06,2.71
2005-12-07,2.877
2005-12-08,2.997
2005-12-09,2.861
2005-12-10,2.842
2005-12-11,2.092
2005-12-12,2.157
2005-12-13,2.229
2005-12-14,2.231
2005-12-15,2.058
2005-12-16,2.007
2005-12-17,1.811
2005-12-18,2.008
2005-12-19,3.449
2005-12-20,2.657
2005-12-21,3.267
2005-12-22,2.853
2005-12-23,2.732
2005-12-24,2.463
2005-12-25,2.711
2005-12-26,2.358
2005-12-27,2.558
2005-12-28,2.751
2005-12-29,1.742
2005-12-30,1.983
2005-12-31,1.74
2006-01-01,1.829
2006-01-02,0.287
2006-01-03,0.319
2006-01-04,0.54
2006-01-05,0.617
2006-01-06,0.185
2006-01-07,0.605
2006-01-08,0.781
2006-01-09,0.678
2006-01-10,0.936
2006-01-11,0.833
2006-01-12,-1.425
2006-01-13,-1.547
2006-01-14,-1.314
2006-01-15,-1.179
2006-01-16,-1.199
2006-01-17,-1.003
2006-01-18,-0.679
2006-01-19,-0.925
2006-01-20,-1.22
2006-01-21,-1.119
2006-01-22,-1.13
2006-01-23,-0.587
2006-01-24,0.598
2006-01-25,1.178
2006-01-26,1.037
2006-01-27,1.032
2006-01-28,1.28
2006-01-29,1.654
2006-01-30,1.714
2006-01-31,0.98
2006-02-01,0.777
2006-02-02,-1.8
2006-02-03,-1.8
2006-02-04,-1.8
2006-02-05,-1.8
2006-02-06,-1.8
2006-02-07,-1.497
2006-02-08,-1.495
2006-02-09,-1.54
2006-02-10,-1.635
2006-02-11,-1.541
2006-02-12,-0.737
2006-02-13,-1.249
2006-02-14,-1.544
2006-02-15,-1.496
2006-02-16,-1.299
2006-02-17,-1.722
2006-02-18,-1.638
2006-02-19,-1.795
2006-02-20,-1.718
2006-02-21,-1.743
2006-02-22,-1.714
2006-02-23,-1.665
2006-02-24,-1.174
2006-02-25,-1.205
2006-02-26,-1.09
2006-02-27,-1.286
2006-02-28,-1.255
2006-03-01,-1.267
2006-03-02,0.056
2006-03-03,0.312
2006-03-04,0.327
2006-03-05,0.405
2006-03-06,0.405
2006-03-07,0.446
2006-03-08,0.554
2006-03-09,-0.049
2006-03-10,-0.02
2006-03-11,-0.116
2006-03-12,0.184
2006-03-13,0.827
2006-03-14,0.057
2006-03-15,0.176
2006-03-16,0.197
2006-03-17,-0.01
2006-03-18,0.229
2006-03-19,0.392
2006-03-20,0.239
2006-03-21,0.183
2006-03-22,0.27
2006-03-23,0.181
2006-03-24,-0.233
2006-03-25,-0.072
2006-03-26,-0.037
2006-03-27,-0.088
2006-03-28,0.356
2006-03-29,0.486
2006-03-30,0.527
2006-03-31,0.183
2006-04-01,0.924
2006-04-02,2.111
2006-04-03,2.087
2006-04-04,2.089
2006-04-05,2.03
2006-04-06,1.494
2006-04-07,1.295
2006-04-08,1.404
2006-04-09,1.36
2006-04-10,1.231
2006-04-11,1.226
2006-04-12,1.321
2006-04-13,1.373
2006-04-14,2.129
2006-04-15,2.391
2006-04-16,2.561
2006-04-17,2.707
2006-04-18,2.564
2006-04-19,2.438
2006-04-20,2.433
2006-04-21,2.809
2006-04-22,2.991
2006-04-23,3.105
2006-04-24,3.12
2006-04-25,3.126
2006-04-26,3.122
2006-04-27,3.457
2006-04-28,3.566
2006-04-29,2.859
2006-04-30,3.674
2006-05-01,4.661
2006-05-02,4.859
2006-05-03,4.78
2006-05-04,4.544
2006-05-05,4.397
2006-05-06,4.471
2006-05-07,4.513
2006-05-08,4.534
2006-05-09,4.643
2006-05-10,4.564
2006-05-11,4.706
2006-05-12,4.868
2006-05-13,4.919
2006-05-14,4.491
2006-05-15,4.65
2006-05-16,5.07
2006-05-17,5.584
2006-05-18,5.421
2006-05-19,5.57
2006-05-20,5.446
2006-05-21,5.477
2006-05-22,5.982
2006-05-23,5.747
2006-05-24,5.528
2006-05-25,5.138
2006-05-26,4.773
2006-05-27,5.812
2006-05-28,6.883
2006-05-29,7.524
2006-05-30,8.173
2006-05-31,8.84
2006-06-01,9.743
2006-06-02,10.59
2006-06-03,10.901
2006-06-04,11.259
2006-06-05,12.185
2006-06-06,12.833
2006-06-07,12.946
2006-06-08,12.38
2006-06-09,12.324
2006-06-10,11.968
2006-06-11,11.906
2006-06-12,12.577
2006-06-13,12.577
2006-06-14,12.76
2006-06-15,12.735
2006-06-16,13.035
2006-06-17,13.588
2006-06-18,14.174
2006-06-19,15.287
2006-06-20,15.558
2006-06-21,15.686
2006-06-22,15.941
2006-06-23,16.147
2006-06-24,16.166
2006-06-25,16.052
2006-06-26,15.872
2006-06-27,16.208
2006-06-28,18.057
2006-06-29,17.564
2006-06-30,17.717
2006-07-01,17.839
2006-07-02,17.81
2006-07-03,17.776
2006-07-04,17.709
2006-07-05,17.451
2006-07-06,17.387
2006-07-07,17.496
2006-07-08,17.787
2006-07-09,17.838
2006-07-10,18.639
2006-07-11,20.076
2006-07-12,20.769
2006-07-13,20.69
2006-07-14,20.946
2006-07-15,21.538
2006-07-16,22.057
2006-07-17,22.212
2006-07-18,22.275
2006-07-19,22.653
2006-07-20,22.607
2006-07-21,22.408
2006-07-22,22.115
2006-07-23,21.628
2006-07-24,21.871
2006-07-25,22.056
2006-07-26,22.214
2006-07-27,22.353
2006-07-28,22.8
2006-07-29,23.405
2006-07-30,23.6
2006-07-31,23.498
2006-08-01,23.001
2006-08-02,23.903
2006-08-03,23.963
2006-08-04,23.924
2006-08-05,23.784
2006-08-06,23.672
2006-08-07,23.211
2006-08-08,23.562
2006-08-09,23.421
2006-08-10,22.89
2006-08-11,22.454
2006-08-12,22.358
2006-08-13,22.36
2006-08-14,22.452
2006-08-15,22.326
2006-08-16,21.929
2006-08-17,21.692
2006-08-18,21.73
2006-08-19,21.784
2006-08-20,21.814
2006-08-21,21.674
2006-08-22,21.708
2006-08-23,21.609
2006-08-24,21.281
2006-08-25,21.315
2006-08-26,21.157
2006-08-27,21.218
2006-08-28,21.029
2006-08-29,21
2006-08-30,21.048
2006-08-31,21.095
2006-09-01,21.076
2006-09-02,21.071
2006-09-03,19.537
2006-09-04,18.653
2006-09-05,18.694
2006-09-06,18.854
2006-09-07,19.033
2006-09-08,18.873
2006-09-09,18.758
2006-09-10,18.598
2006-09-11,18.555
2006-09-12,18.75
2006-09-13,18.469
2006-09-14,17.694
2006-09-15,17.761
2006-09-16,18.232
2006-09-17,18.436
2006-09-18,18.453
2006-09-19,18.454
2006-09-20,16.83
2006-09-21,16.645
2006-09-22,16.521
2006-09-23,16.565
2006-09-24,16.397
2006-09-25,15.924
2006-09-26,15.845
2006-09-27,15.247
2006-09-28,14.955
2006-09-29,14.787
2006-09-30,14.822
2006-10-01,14.734
2006-10-02,14.65
2006-10-03,14.659
2006-10-04,14.654
2006-10-05,14.743
2006-10-06,14.624
2006-10-07,14.548
2006-10-08,14.448
2006-10-09,14.422
2006-10-10,14.478
2006-10-11,14.526
2006-10-12,12.889
2006-10-13,12.098
2006-10-14,11.578
2006-10-15,11.434
2006-10-16,11.446
2006-10-17,11.501
2006-10-18,11.718
2006-10-19,10.621
2006-10-20,10.444
2006-10-21,10.264
2006-10-22,10.03
2006-10-23,9.974
2006-10-24,9.814
2006-10-25,10.08
2006-10-26,9.844
2006-10-27,9.83
2006-10-28,9.587
2006-10-29,9.85
2006-10-30,9.595
2006-10-31,9.44
2006-11-01,9.302
2006-11-02,8.929
2006-11-03,8.845
2006-11-04,8.728
2006-11-05,8.596
2006-11-06,8.502
2006-11-07,8.583
2006-11-08,8.325
2006-11-09,8.042
2006-11-10,8.064
2006-11-11,8.083
2006-11-12,8.088
2006-11-13,8.109
2006-11-14,7.56
2006-11-15,7.311
2006-11-16,7.197
2006-11-17,7.202
2006-11-18,6.774
2006-11-19,7.153
2006-11-20,7.448
2006-11-21,7.375
2006-11-22,7.531
2006-11-23,7.643
2006-11-24,7.703
2006-11-25,7.863
2006-11-26,7.848
2006-11-27,7.378
2006-11-28,6.595
2006-11-29,6.468
2006-11-30,6.286
2006-12-01,6.909
2006-12-02,6.501
2006-12-03,6.227
2006-12-04,6.198
2006-12-05,5.503
2006-12-06,5.324
2006-12-07,5.174
2006-12-08,5.376
2006-12-09,5.342
2006-12-10,5.23
2006-12-11,5.321
2006-12-12,5.406
2006-12-13,5.678
2006-12-14,5.678
2006-12-15,5.631
2006-12-16,6.072
2006-12-17,6.066
2006-12-18,5.92
2006-12-19,5.632
2006-12-20,5.536
2006-12-21,5.613
2006-12-22,5.808
2006-12-23,5.93
2006-12-24,5.392
2006-12-25,4.574
2006-12-26,4.789
2006-12-27,4.531
2006-12-28,4.447
2006-12-29,4.553
2006-12-30,4.6
2006-12-31,4.556
2007-01-01,5.122
2007-01-02,5.296
2007-01-03,5.262
2007-01-04,5.402
2007-01-05,5.581
2007-01-06,5.664
2007-01-07,4.119
2007-01-08,4.152
2007-01-09,4.021
2007-01-10,3.925
2007-01-11,3.803
2007-01-12,4.053
2007-01-13,4.365
2007-01-14,4.615
2007-01-15,3.652
2007-01-16,3.39
2007-01-17,3.362
2007-01-18,3.373
2007-01-19,3.249
2007-01-20,2.659
2007-01-21,2.812
2007-01-22,2.959
2007-01-23,3.378
2007-01-24,3.095
2007-01-25,2.954
2007-01-26,2.96
2007-01-27,2.652
2007-01-28,2.548
2007-01-29,2.417
2007-01-30,2.299
2007-01-31,2.351
2007-02-01,2.488
2007-02-02,2.457
2007-02-03,2.576
2007-02-04,2.464
2007-02-05,2.04
2007-02-06,2.15
2007-02-07,2.245
2007-02-08,2.389
2007-02-09,2.552
2007-02-10,1.984
2007-02-11,1.543
2007-02-12,0.428
2007-02-13,1.779
2007-02-14,1.888
2007-02-15,2.203
2007-02-16,2.204
2007-02-17,2.202
2007-02-18,2.234
2007-02-19,0.851
2007-02-20,0.55
2007-02-21,0.365
2007-02-22,0.338
2007-02-23,0.428
2007-02-24,0.623
2007-02-25,0.81
2007-02-26,0.822
2007-02-27,0.619
2007-02-28,0.537
2007-03-01,0.583
2007-03-02,0.735
2007-03-03,0.846
2007-03-04,0.721
2007-03-05,0.735
2007-03-06,0.783
2007-03-07,0.875
2007-03-08,1.129
2007-03-09,0.935
2007-03-10,1.376
2007-03-11,1.342
2007-03-12,1.392
2007-03-13,1.275
2007-03-14,0.529
2007-03-15,0.289
2007-03-16,0.361
2007-03-17,0.424
2007-03-18,0.421
2007-03-19,0.408
2007-03-20,0.497
2007-03-21,0.678
2007-03-22,0.486
2007-03-23,0.378
2007-03-24,-0.016
2007-03-25,-0.062
2007-03-26,0.901
2007-03-27,0.924
2007-03-28,0.82
2007-03-29,0.673
2007-03-30,0.766
2007-03-31,1.273
2007-04-01,1.832
2007-04-02,1.995
2007-04-03,2.025
2007-04-04,1.995
2007-04-05,1.611
2007-04-06,1.317
2007-04-07,1.325
2007-04-08,1.112
2007-04-09,1.199
2007-04-10,1.144
2007-04-11,0.782
2007-04-12,0.598
2007-04-13,0.492
2007-04-14,0.837
2007-04-15,0.905
2007-04-16,1.105
2007-04-17,2
2007-04-18,2.528
2007-04-19,3.297
2007-04-20,3.609
2007-04-21,3.519
2007-04-22,3.636
2007-04-23,3.131
2007-04-24,1.913
2007-04-25,1.929
2007-04-26,1.778
2007-04-27,1.644
2007-04-28,2.867
2007-04-29,2.902
2007-04-30,2.675
2007-05-01,2.625
2007-05-02,2.47
2007-05-03,2.632
2007-05-04,2.756
2007-05-05,3.197
2007-05-06,3.114
2007-05-07,3.178
2007-05-08,3.7
2007-05-09,3.632
2007-05-10,3.828
2007-05-11,3.521
2007-05-12,3.182
2007-05-13,3.29
2007-05-14,3.414
2007-05-15,3.371
2007-05-16,3.831
2007-05-17,4.046
2007-05-18,4.039
2007-05-19,4.107
2007-05-20,4.361
2007-05-21,5.081
2007-05-22,4.784
2007-05-23,4.309
2007-05-24,3.749
2007-05-25,4.342
2007-05-26,4.966
2007-05-27,5.475
2007-05-28,5.744
2007-05-29,5.554
2007-05-30,5.534
2007-05-31,4.742
2007-06-01,4.558
2007-06-02,5.464
2007-06-03,6.066
2007-06-04,6.332
2007-06-05,5.484
2007-06-06,5.137
2007-06-07,6.151
2007-06-08,7.116
2007-06-09,8.396
2007-06-10,7.976
2007-06-11,12.815
2007-06-12,14.109
2007-06-13,14.374
2007-06-14,14.329
2007-06-15,13.835
2007-06-16,12.183
2007-06-17,13.089
2007-06-18,12.198
2007-06-19,13.28
2007-06-20,13.999
2007-06-21,14.212
2007-06-22,14.382
2007-06-23,14.65
2007-06-24,14.811
2007-06-25,14.534
2007-06-26,14.712
2007-06-27,15.805
2007-06-28,16.439
2007-06-29,16.076
2007-06-30,16.067
2007-07-01,15.794
2007-07-02,15.701
2007-07-03,15.613
2007-07-04,16.452
2007-07-05,18.198
2007-07-06,18.572
2007-07-07,18.409
2007-07-08,18.559
2007-07-09,19.059
2007-07-10,18.752
2007-07-11,18.673
2007-07-12,18.55
2007-07-13,17.917
2007-07-14,17.713
2007-07-15,18.251
2007-07-16,19.155
2007-07-17,19.767
2007-07-18,19.678
2007-07-19,18.976
2007-07-20,18.728
2007-07-21,18.683
2007-07-22,18.327
2007-07-23,18.971
2007-07-24,19.465
2007-07-25,20.241
2007-07-26,21.019
2007-07-27,21.357
2007-07-28,22.021
2007-07-29,22.296
2007-07-30,22.436
2007-07-31,22.828
2007-08-01,23.138
2007-08-02,23.479
2007-08-03,23.61
2007-08-04,23.546
2007-08-05,22.895
2007-08-06,22.833
2007-08-07,23.256
2007-08-08,23.493
2007-08-09,23.345
2007-08-10,22.736
2007-08-11,22.964
2007-08-12,23.002
2007-08-13,23.032
2007-08-14,22.399
2007-08-15,21.445
2007-08-16,20.16
2007-08-17,20.079
2007-08-18,20.162
2007-08-19,20.256
2007-08-20,19.829
2007-08-21,19.726
2007-08-22,18.471
2007-08-23,18.243
2007-08-24,19.04
2007-08-25,19.92
2007-08-26,20.361
2007-08-27,20.318
2007-08-28,20.467
2007-08-29,20.441
2007-08-30,20.216
2007-08-31,20.202
2007-09-01,20.11
2007-09-02,19.959
2007-09-03,20.06
2007-09-04,20.316
2007-09-05,20.214
2007-09-06,20.078
2007-09-07,19.943
2007-09-08,20.104
2007-09-09,20.349
2007-09-10,20.346
2007-09-11,19.782
2007-09-12,19.06
2007-09-13,18.733
2007-09-14,18.43
2007-09-15,17.762
2007-09-16,17.907
2007-09-17,17.879
2007-09-18,17.962
2007-09-19,18.054
2007-09-20,18.171
2007-09-21,18.283
2007-09-22,18.523
2007-09-23,18.516
2007-09-24,18.54
2007-09-25,18.478
2007-09-26,18.38
2007-09-27,17.539
2007-09-28,17.616
2007-09-29,17.691
2007-09-30,17.481
2007-10-01,17.299
2007-10-02,17.59
2007-10-03,17.645
2007-10-04,17.621
2007-10-05,17.64
2007-10-06,17.713
2007-10-07,17.994
2007-10-08,17.981
2007-10-09,18.079
2007-10-10,18.231
2007-10-11,17.898
2007-10-12,15.661
2007-10-13,14.381
2007-10-14,14.607
2007-10-15,14.537
2007-10-16,14.579
2007-10-17,14.782
2007-10-18,15.043
2007-10-19,14.794
2007-10-20,14.765
2007-10-21,14.522
2007-10-22,14.218
2007-10-23,14.069
2007-10-24,14.012
2007-10-25,13.91
2007-10-26,13.959
2007-10-27,14.068
2007-10-28,14.067
2007-10-29,13.264
2007-10-30,13.011
2007-10-31,12.952
2007-11-01,12.601
2007-11-02,12.396
2007-11-03,11.948
2007-11-04,11.872
2007-11-05,11.924
2007-11-06,11.884
2007-11-07,11.903
2007-11-08,10.941
2007-11-09,10.775
2007-11-10,10.799
2007-11-11,10.903
2007-11-12,10.984
2007-11-13,10.728
2007-11-14,10.786
2007-11-15,10.459
2007-11-16,10.129
2007-11-17,9.884
2007-11-18,9.824
2007-11-19,9.726
2007-11-20,9.733
2007-11-21,9.458
2007-11-22,7.892
2007-11-23,7.673
2007-11-24,8.336
2007-11-25,8.207
2007-11-26,7.881
2007-11-27,7.639
2007-11-28,6.559
2007-11-29,6.029
2007-11-30,5.963
2007-12-01,5.866
2007-12-02,5.867
2007-12-03,5.681
2007-12-04,5.011
2007-12-05,5.597
2007-12-06,5.739
2007-12-07,5.84
2007-12-08,5.955
2007-12-09,6.294
2007-12-10,6.003
2007-12-11,4.81
2007-12-12,3.839
2007-12-13,3.648
2007-12-14,3.627
2007-12-15,3.853
2007-12-16,4.136
2007-12-17,4.333
2007-12-18,4.294
2007-12-19,4.001
2007-12-20,2.767
2007-12-21,2.754
2007-12-22,3.852
2007-12-23,4.131
2007-12-24,4.338
2007-12-25,4.404
2007-12-26,4.164
2007-12-27,4.549
2007-12-28,4.508
2007-12-29,4.427
2007-12-30,2.111
2007-12-31,2.079
2008-01-01,1.839
2008-01-02,1.59
2008-01-03,1.799
2008-01-04,3.001
2008-01-05,3.284
2008-01-06,3.681
2008-01-07,3.699
2008-01-08,4.112
2008-01-09,3.678
2008-01-10,3.662
2008-01-11,3.081
2008-01-12,2.899
2008-01-13,2.79
2008-01-14,2.925
2008-01-15,3.006
2008-01-16,3.342
2008-01-17,3.445
2008-01-18,3.53
2008-01-19,3.516
2008-01-20,3.401
2008-01-21,4.094
2008-01-22,4.188
2008-01-23,4.209
2008-01-24,3.908
2008-01-25,2.276
2008-01-26,1.082
2008-01-27,0.943
2008-01-28,1.55
2008-01-29,2.08
2008-01-30,2.9
2008-01-31,3.588
2008-02-01,3.508
2008-02-02,3.539
2008-02-03,3.568
2008-02-04,3.619
2008-02-05,3.716
2008-02-06,3.15
2008-02-07,2.814
2008-02-08,3.856
2008-02-09,1.831
2008-02-10,0.956
2008-02-11,0.482
2008-02-12,0.448
2008-02-13,0.382
2008-02-14,0.314
2008-02-15,0.681
2008-02-16,0.75
2008-02-17,0.776
2008-02-18,0.927
2008-02-19,0.94
2008-02-20,0.702
2008-02-21,0.558
2008-02-22,0.805
2008-02-23,0.817
2008-02-24,0.922
2008-02-25,1.186
2008-02-26,1.506
2008-02-27,1.581
2008-02-28,-0.092
2008-02-29,0.329
2008-03-01,0.394
2008-03-02,0.74
2008-03-03,0.81
2008-03-04,0.813
2008-03-05,1.074
2008-03-06,0.957
2008-03-07,0.613
2008-03-08,0.286
2008-03-09,0.245
2008-03-10,0.156
2008-03-11,0.219
2008-03-12,0.471
2008-03-13,0.59
2008-03-14,0.547
2008-03-15,0.516
2008-03-16,0.352
2008-03-17,0.254
2008-03-18,0.295
2008-03-19,0.35
2008-03-20,0.524
2008-03-21,0.393
2008-03-22,0.226
2008-03-23,0.263
2008-03-24,0.085
2008-03-25,-0.013
2008-03-26,0.175
2008-03-27,0.239
2008-03-28,0.188
2008-03-29,0.163
2008-03-30,0.352
2008-03-31,0.615
2008-04-01,0.72
2008-04-02,0.686
2008-04-03,0.669
2008-04-04,0.798
2008-04-05,1.3
2008-04-06,1.647
2008-04-07,1.745
2008-04-08,1.716
2008-04-09,1.572
2008-04-10,1.473
2008-04-11,1.625
2008-04-12,1.352
2008-04-13,1.244
2008-04-14,1.1
2008-04-15,1.107
2008-04-16,1.025
2008-04-17,1.521
2008-04-18,1.746
2008-04-19,2.624
2008-04-20,2.811
2008-04-21,2.805
2008-04-22,3.158
2008-04-23,3.465
2008-04-24,3.487
2008-04-25,3.517
2008-04-26,3.702
2008-04-27,3.206
2008-04-28,2.73
2008-04-29,2.45
2008-04-30,2.589
2008-05-01,2.465
2008-05-02,2.629
2008-05-03,2.739
2008-05-04,3.44
2008-05-05,3.211
2008-05-06,3.508
2008-05-07,3.519
2008-05-08,3.191
2008-05-09,2.534
2008-05-10,2.298
2008-05-11,3.1
2008-05-12,3.949
2008-05-13,4.233
2008-05-14,4.937
2008-05-15,5.121
2008-05-16,4.933
2008-05-17,4.801
2008-05-18,4.926
2008-05-19,4.632
2008-05-20,4.042
2008-05-21,4.471
2008-05-22,5.585
2008-05-23,6.136
2008-05-24,6.221
2008-05-25,5.945
2008-05-26,6.564
2008-05-27,7.015
2008-05-28,7.174
2008-05-29,7.2
2008-05-30,7.157
2008-05-31,7.67
2008-06-01,7.282
2008-06-02,7.142
2008-06-03,7.098
2008-06-04,7.103
2008-06-05,7.393
2008-06-06,7.394
2008-06-07,7.88
2008-06-08,8.939
2008-06-09,11.118
2008-06-10,11.834
2008-06-11,11.849
2008-06-12,11.808
2008-06-13,11.658
2008-06-14,11.6
2008-06-15,11.538
2008-06-16,11.361
2008-06-17,11.411
2008-06-18,11.287
2008-06-19,12.816
2008-06-20,13.153
2008-06-21,13.52
2008-06-22,14.078
2008-06-23,16.34
2008-06-24,16.503
2008-06-25,16.206
2008-06-26,16.098
2008-06-27,15.982
2008-06-28,16.344
2008-06-29,17.182
2008-06-30,17.868
2008-07-01,18.026
2008-07-02,17.631
2008-07-03,17.378
2008-07-04,17.601
2008-07-05,17.92
2008-07-06,18.442
2008-07-07,18.565
2008-07-08,18.669
2008-07-09,18.766
2008-07-10,18.589
2008-07-11,18.497
2008-07-12,18.416
2008-07-13,18.851
2008-07-14,19.012
2008-07-15,19.201
2008-07-16,19.04
2008-07-17,19.07
2008-07-18,20.882
2008-07-19,21.17
2008-07-20,21.084
2008-07-21,21.335
2008-07-22,21.433
2008-07-23,20.934
2008-07-24,20.568
2008-07-25,20.597
2008-07-26,20.475
2008-07-27,20.774
2008-07-28,20.946
2008-07-29,20.959
2008-07-30,21.068
2008-07-31,21.266
2008-08-01,21.297
2008-08-02,21.198
2008-08-03,21.199
2008-08-04,21.237
2008-08-05,21.488
2008-08-06,21.944
2008-08-07,21.725
2008-08-08,21.604
2008-08-09,21.34
2008-08-10,20.741
2008-08-11,20.776
2008-08-12,20.891
2008-08-13,21.056
2008-08-14,21.043
2008-08-15,20.971
2008-08-16,21.426
2008-08-17,21.561
2008-08-18,21.312
2008-08-19,21.225
2008-08-20,21.05
2008-08-21,20.929
2008-08-22,20.766
2008-08-23,20.782
2008-08-24,21.012
2008-08-25,21.364
2008-08-26,21.661
2008-08-27,21.732
2008-08-28,21.531
2008-08-29,21.314
2008-08-30,21.315
2008-08-31,21.336
2008-09-01,21.304
2008-09-02,21.781
2008-09-03,22.423
2008-09-04,22.339
2008-09-05,20.73
2008-09-06,20.223
2008-09-07,20.229
2008-09-08,20.209
2008-09-09,19.991
2008-09-10,19.614
2008-09-11,19.52
2008-09-12,19.564
2008-09-13,19.594
2008-09-14,18.505
2008-09-15,18.162
2008-09-16,18.196
2008-09-17,18.326
2008-09-18,18.428
2008-09-19,18.188
2008-09-20,17.979
2008-09-21,17.811
2008-09-22,17.713
2008-09-23,17.952
2008-09-24,18.28
2008-09-25,18.434
2008-09-26,18.376
2008-09-27,18.333
2008-09-28,17.982
2008-09-29,17.32
2008-09-30,17.304
2008-10-01,17.185
2008-10-02,15.384
2008-10-03,14.874
2008-10-04,14.838
2008-10-05,14.877
2008-10-06,14.859
2008-10-07,14.924
2008-10-08,15.175
2008-10-09,15.113
2008-10-10,14.551
2008-10-11,14.522
2008-10-12,15.028
2008-10-13,15.205
2008-10-14,14.992
2008-10-15,14.873
2008-10-16,14.864
2008-10-17,14.068
2008-10-18,13.975
2008-10-19,13.953
2008-10-20,13.988
2008-10-21,13.469
2008-10-22,12.309
2008-10-23,12.027
2008-10-24,12.107
2008-10-25,11.988
2008-10-26,10.815
2008-10-27,10.844
2008-10-28,11.116
2008-10-29,11.045
2008-10-30,10.767
2008-10-31,10.419
2008-11-01,10.284
2008-11-02,10.335
2008-11-03,9.964
2008-11-04,10.156
2008-11-05,10.513
2008-11-06,10.716
2008-11-07,10.82
2008-11-08,10.858
2008-11-09,11.051
2008-11-10,8.02
2008-11-11,7.942
2008-11-12,8.157
2008-11-13,7.488
2008-11-14,7.357
2008-11-15,7.165
2008-11-16,6.709
2008-11-17,7.343
2008-11-18,7.302
2008-11-19,7.405
2008-11-20,7.238
2008-11-21,6.139
2008-11-22,5.83
2008-11-23,6.037
2008-11-24,6.297
2008-11-25,6.437
2008-11-26,5.936
2008-11-27,6.291
2008-11-28,6.325
2008-11-29,6.275
2008-11-30,6.021
2008-12-01,5.099
2008-12-02,5.132
2008-12-03,5.289
2008-12-04,5.52
2008-12-05,5.276
2008-12-06,5.07
2008-12-07,4.715
2008-12-08,3.538
2008-12-09,4.016
2008-12-10,4.148
2008-12-11,4.121
2008-12-12,3.999
2008-12-13,3.876
2008-12-14,3.132
2008-12-15,3.392
2008-12-16,3.642
2008-12-17,3.706
2008-12-18,3.768
2008-12-19,3.744
2008-12-20,2.999
2008-12-21,3.561
2008-12-22,3.917
2008-12-23,2.181
2008-12-24,2.192
2008-12-25,2.061
2008-12-26,2.096
2008-12-27,1.901
2008-12-28,1.938
2008-12-29,1.974
2008-12-30,3.039
2008-12-31,2.86
2009-01-01,2.383
2009-01-02,2.085
2009-01-03,2.414
2009-01-04,2.733
2009-01-05,2.733
2009-01-06,2.958
2009-01-07,3.275
2009-01-08,1.244
2009-01-09,0.794
2009-01-10,0.732
2009-01-11,1.243
2009-01-12,1.771
2009-01-13,2.865
2009-01-14,2.642
2009-01-15,2.48
2009-01-16,2.315
2009-01-17,0.75
2009-01-18,0.898
2009-01-19,0.835
2009-01-20,0.714
2009-01-21,0.877
2009-01-22,1.199
2009-01-23,1.578
2009-01-24,1.436
2009-01-25,0.834
2009-01-26,1.002
2009-01-27,1.033
2009-01-28,0.93
2009-01-29,0.931
2009-01-30,0.672
2009-01-31,0.692
2009-02-01,0.764
2009-02-02,0.829
2009-02-03,2.106
2009-02-04,1.817
2009-02-05,1.252
2009-02-06,0.766
2009-02-07,0.372
2009-02-08,0.114
2009-02-09,0.199
2009-02-10,0.324
2009-02-11,0.62
2009-02-12,0.413
2009-02-13,0.258
2009-02-14,0.147
2009-02-15,0.253
2009-02-16,1.103
2009-02-17,0.805
2009-02-18,0.713
2009-02-19,0.615
2009-02-20,0.552
2009-02-21,0.571
2009-02-22,0.605
2009-02-23,0.697
2009-02-24,1.341
2009-02-25,1.358
2009-02-26,1.046
2009-02-27,1.284
2009-02-28,0.831
2009-03-01,1.2
2009-03-02,1.263
2009-03-03,1.425
2009-03-04,1.265
2009-03-05,0.858
2009-03-06,0.788
2009-03-07,0.767
2009-03-08,0.711
2009-03-09,0.705
2009-03-10,0.79
2009-03-11,0.722
2009-03-12,0.604
2009-03-13,0.657
2009-03-14,0.415
2009-03-15,0.316
2009-03-16,0.292
2009-03-17,-0.238
2009-03-18,-0.238
2009-03-19,-0.44
2009-03-20,-0.324
2009-03-21,0.077
2009-03-22,0.665
2009-03-23,0.69
2009-03-24,0.751
2009-03-25,0.729
2009-03-26,0.658
2009-03-27,0.85
2009-03-28,0.883
2009-03-29,0.875
2009-03-30,0.776
2009-03-31,0.828
2009-04-01,0.861
2009-04-02,0.809
2009-04-03,1.405
2009-04-04,1.177
2009-04-05,1.28
2009-04-06,1.486
2009-04-07,1.521
2009-04-08,0.998
2009-04-09,1.237
2009-04-10,1.364
2009-04-11,1.442
2009-04-12,1.484
2009-04-13,1.635
2009-04-14,1.759
2009-04-15,1.808
2009-04-16,1.801
2009-04-17,1.867
2009-04-18,1.996
2009-04-19,2.163
2009-04-20,2.269
2009-04-21,2.269
2009-04-22,3.087
2009-04-23,2.908
2009-04-24,3.053
2009-04-25,3.56
2009-04-26,3.816
2009-04-27,4.431
2009-04-28,4.054
2009-04-29,3.658
2009-04-30,3.151
2009-05-01,3.815
2009-05-02,5.107
2009-05-03,5.188
2009-05-04,5.109
2009-05-05,4.915
2009-05-06,4.792
2009-05-07,4.466
2009-05-08,4.217
2009-05-09,3.032
2009-05-10,4.016
2009-05-11,4.792
2009-05-12,4.828
2009-05-13,4.586
2009-05-14,4.778
2009-05-15,5.293
2009-05-16,5.505
2009-05-17,5.807
2009-05-18,5.977
2009-05-19,5.723
2009-05-20,5.09
2009-05-21,4.76
2009-05-22,3.371
2009-05-23,4.756
2009-05-24,5.362
2009-05-25,5.797
2009-05-26,5.627
2009-05-27,5.503
2009-05-28,5.197
2009-05-29,5.418
2009-05-30,5.31
2009-05-31,5.276
2009-06-01,5.531
2009-06-02,6.534
2009-06-03,6.88
2009-06-04,7.262
2009-06-05,7.699
2009-06-06,7.834
2009-06-07,8.821
2009-06-08,8.607
2009-06-09,9.03
2009-06-10,10.812
2009-06-11,10.832
2009-06-12,11.646
2009-06-13,11.98
2009-06-14,11.999
2009-06-15,11.831
2009-06-16,11.636
2009-06-17,12.126
2009-06-18,12.24
2009-06-19,12.3
2009-06-20,13.601
2009-06-21,14.08
2009-06-22,14.847
2009-06-23,15.366
2009-06-24,16.54
2009-06-25,17.892
2009-06-26,17.72
2009-06-27,17.86
2009-06-28,17.649
2009-06-29,17.317
2009-06-30,16.666
2009-07-01,16.688
2009-07-02,16.01
2009-07-03,15.631
2009-07-04,15.438
2009-07-05,15.346
2009-07-06,15.806
2009-07-07,16.254
2009-07-08,16.695
2009-07-09,17.027
2009-07-10,16.82
2009-07-11,16.644
2009-07-12,16.595
2009-07-13,16.157
2009-07-14,15.826
2009-07-15,15.39
2009-07-16,14.788
2009-07-17,14.747
2009-07-18,15.3
2009-07-19,16.593
2009-07-20,16.91
2009-07-21,17.453
2009-07-22,17.418
2009-07-23,18.004
2009-07-24,18.418
2009-07-25,17.935
2009-07-26,18.102
2009-07-27,18.337
2009-07-28,19.071
2009-07-29,19.313
2009-07-30,19.848
2009-07-31,19.877
2009-08-01,19.979
2009-08-02,20.196
2009-08-03,20.22
2009-08-04,20.008
2009-08-05,19.972
2009-08-06,20.074
2009-08-07,20.065
2009-08-08,20.003
2009-08-09,19.984
2009-08-10,20.343
2009-08-11,20.485
2009-08-12,20.788
2009-08-13,21.037
2009-08-14,21.605
2009-08-15,21.971
2009-08-16,22.212
2009-08-17,22.405
2009-08-18,22.616
2009-08-19,22.603
2009-08-20,22.192
2009-08-21,21.739
2009-08-22,20.887
2009-08-23,21
2009-08-24,21.62
2009-08-25,21.556
2009-08-26,21.614
2009-08-27,21.691
2009-08-28,20.325
2009-08-29,19.885
2009-08-30,19.8
2009-08-31,19.681
2009-09-01,19.691
2009-09-02,19.737
2009-09-03,19.916
2009-09-04,20.091
2009-09-05,20.075
2009-09-06,20.072
2009-09-07,20.326
2009-09-08,20.712
2009-09-09,20.81
2009-09-10,20.915
2009-09-11,20.864
2009-09-12,20.28
2009-09-13,20.398
2009-09-14,20.16
2009-09-15,19.931
2009-09-16,19.567
2009-09-17,19.376
2009-09-18,19.2
2009-09-19,18.975
2009-09-20,18.791
2009-09-21,18.726
2009-09-22,18.737
2009-09-23,18.769
2009-09-24,18.691
2009-09-25,18.684
2009-09-26,18.413
2009-09-27,17.94
2009-09-28,17.864
2009-09-29,17.907
2009-09-30,17.366
2009-10-01,15.178
2009-10-02,14.57
2009-10-03,14.497
2009-10-04,14.162
2009-10-05,13.78
2009-10-06,13.677
2009-10-07,11.84
2009-10-08,11.421
2009-10-09,11.498
2009-10-10,11.649
2009-10-11,11.929
2009-10-12,11.629
2009-10-13,10.941
2009-10-14,11.16
2009-10-15,11.305
2009-10-16,11.365
2009-10-17,11.121
2009-10-18,11.024
2009-10-19,11.034
2009-10-20,11.017
2009-10-21,11.29
2009-10-22,11.325
2009-10-23,11.199
2009-10-24,11.065
2009-10-25,10.897
2009-10-26,11.013
2009-10-27,11.007
2009-10-28,11.114
2009-10-29,11.178
2009-10-30,10.888
2009-10-31,10.375
2009-11-01,9.91
2009-11-02,9.942
2009-11-03,10.074
2009-11-04,9.877
2009-11-05,9.549
2009-11-06,9.713
2009-11-07,9.717
2009-11-08,9.691
2009-11-09,9.677
2009-11-10,9.136
2009-11-11,9.168
2009-11-12,9.199
2009-11-13,9.065
2009-11-14,8.959
2009-11-15,8.695
2009-11-16,8.578
2009-11-17,8.538
2009-11-18,8.534
2009-11-19,8.711
2009-11-20,9.248
2009-11-21,9.036
2009-11-22,8.933
2009-11-23,8.931
2009-11-24,8.974
2009-11-25,8.905
2009-11-26,7.972
2009-11-27,7.796
2009-11-28,7.818
2009-11-29,7.819
2009-11-30,7.633
2009-12-01,7.499
2009-12-02,7.492
2009-12-03,7.503
2009-12-04,7.464
2009-12-05,6.321
2009-12-06,6.079
2009-12-07,5.879
2009-12-08,5.848
2009-12-09,5.798
2009-12-10,4.966
2009-12-11,4.434
2009-12-12,4.413
2009-12-13,4.375
2009-12-14,4.122
2009-12-15,4.407
2009-12-16,4.246
2009-12-17,4.338
2009-12-18,4.321
2009-12-19,4.242
2009-12-20,3.996
2009-12-21,4.141
2009-12-22,3.962
2009-12-23,3.977
2009-12-24,3.823
2009-12-25,3.798
2009-12-26,4.025
2009-12-27,3.67
2009-12-28,3.515
2009-12-29,3.56
2009-12-30,3.781
2009-12-31,4.21
2010-01-01,4.631
2010-01-02,4.485
2010-01-03,3.81
2010-01-04,3.58
2010-01-05,3.501
2010-01-06,3.541
2010-01-07,1.818
2010-01-08,1.825
2010-01-09,1.619
2010-01-10,1.623
2010-01-11,1.952
2010-01-12,3.43
2010-01-13,3.595
2010-01-14,3.619
2010-01-15,3.662
2010-01-16,3.763
2010-01-17,3.188
2010-01-18,1.747
2010-01-19,3.47
2010-01-20,2.923
2010-01-21,2.69
2010-01-22,2.5
2010-01-23,2.54
2010-01-24,2.682
2010-01-25,3.276
2010-01-26,3.567
2010-01-27,1.735
2010-01-28,1.68
2010-01-29,1.59
2010-01-30,1.497
2010-01-31,1.551
2010-02-01,1.77
2010-02-02,0.388
2010-02-03,0.355
2010-02-04,0.189
2010-02-05,0.412
2010-02-06,0.793
2010-02-07,0.989
2010-02-08,1.491
2010-02-09,1.858
2010-02-10,0.809
2010-02-11,0.421
2010-02-12,0.264
2010-02-13,0.345
2010-02-14,0.666
2010-02-15,1.844
2010-02-16,1.066
2010-02-17,1.414
2010-02-18,2.619
2010-02-19,0.685
2010-02-20,0.635
2010-02-21,0.609
2010-02-22,0.632
2010-02-23,0.869
2010-02-24,2.353
2010-02-25,1.994
2010-02-26,1.797
2010-02-27,0.953
2010-02-28,0.713
2010-03-01,0.789
2010-03-02,0.865
2010-03-03,0.842
2010-03-04,0.727
2010-03-05,0.844
2010-03-06,1.003
2010-03-07,1.285
2010-03-08,1.39
2010-03-09,1.442
2010-03-10,1.365
2010-03-11,1.306
2010-03-12,1.333
2010-03-13,0.907
2010-03-14,1.253
2010-03-15,1.333
2010-03-16,1.265
2010-03-17,1.255
2010-03-18,1.329
2010-03-19,1.318
2010-03-20,1.249
2010-03-21,1.225
2010-03-22,1.154
2010-03-23,1.041
2010-03-24,1.012
2010-03-25,1.133
2010-03-26,1.53
2010-03-27,1.617
2010-03-28,1.682
2010-03-29,1.711
2010-03-30,1.751
2010-03-31,1.856
2010-04-01,1.964
2010-04-02,2.516
2010-04-03,2.819
2010-04-04,2.857
2010-04-05,2.858
2010-04-06,2.81
2010-04-07,2.446
2010-04-08,3.04
2010-04-09,3.074
2010-04-10,3.185
2010-04-11,3.43
2010-04-12,3.718
2010-04-13,3.387
2010-04-14,3.57
2010-04-15,3.599
2010-04-16,3.527
2010-04-17,4.032
2010-04-18,4.53
2010-04-19,4.496
2010-04-20,4.426
2010-04-21,4.106
2010-04-22,3.137
2010-04-23,4.776
2010-04-24,4.778
2010-04-25,4.808
2010-04-26,5.795
2010-04-27,6.078
2010-04-28,6.072
2010-04-29,6.028
2010-04-30,6.02
2010-05-01,5.912
2010-05-02,5.689
2010-05-03,5.469
2010-05-04,5.994
2010-05-05,6.142
2010-05-06,5.952
2010-05-07,5.885
2010-05-08,5.188
2010-05-09,5.449
2010-05-10,5.627
2010-05-11,5.567
2010-05-12,5.383
2010-05-13,5.94
2010-05-14,6.366
2010-05-15,6.465
2010-05-16,6.573
2010-05-17,6.969
2010-05-18,7.986
2010-05-19,8.323
2010-05-20,8.802
2010-05-21,8.303
2010-05-22,8.351
2010-05-23,9.336
2010-05-24,10.571
2010-05-25,12.425
2010-05-26,15.112
2010-05-27,15.688
2010-05-28,14.823
2010-05-29,15.347
2010-05-30,15.367
2010-05-31,15.059
2010-06-01,14.767
2010-06-02,14.96
2010-06-03,15.213
2010-06-04,15.12
2010-06-05,15.019
2010-06-06,14.483
2010-06-07,14.418
2010-06-08,14.469
2010-06-09,14.038
2010-06-10,11.994
2010-06-11,11.386
2010-06-12,12.401
2010-06-13,15.337
2010-06-14,15.596
2010-06-15,15.151
2010-06-16,15.163
2010-06-17,15.111
2010-06-18,15.137
2010-06-19,15.142
2010-06-20,15.062
2010-06-21,15.319
2010-06-22,14.949
2010-06-23,15.958
2010-06-24,16.491
2010-06-25,16.606
2010-06-26,16.504
2010-06-27,16.289
2010-06-28,16.018
2010-06-29,15.658
2010-06-30,15.105
2010-07-01,15.019
2010-07-02,14.728
2010-07-03,14.584
2010-07-04,16.87
2010-07-05,18.379
2010-07-06,20.11
2010-07-07,20.449
2010-07-08,20.392
2010-07-09,20.603
2010-07-10,20.14
2010-07-11,19.401
2010-07-12,20.27
2010-07-13,21.421
2010-07-14,21.925
2010-07-15,21.522
2010-07-16,21.447
2010-07-17,21.755
2010-07-18,21.578
2010-07-19,20.941
2010-07-20,20.346
2010-07-21,20.854
2010-07-22,21.311
2010-07-23,21.02
2010-07-24,20.713
2010-07-25,20.789
2010-07-26,20.996
2010-07-27,21.087
2010-07-28,21.295
2010-07-29,21.015
2010-07-30,20.71
2010-07-31,21.008
2010-08-01,21.116
2010-08-02,21.055
2010-08-03,21.122
2010-08-04,21.535
2010-08-05,22.258
2010-08-06,22.228
2010-08-07,21.952
2010-08-08,21.561
2010-08-09,21.319
2010-08-10,21.282
2010-08-11,22.313
2010-08-12,22.559
2010-08-13,22.729
2010-08-14,23.143
2010-08-15,23.193
2010-08-16,23.083
2010-08-17,22.443
2010-08-18,22.316
2010-08-19,22.562
2010-08-20,22.462
2010-08-21,22.272
2010-08-22,21.634
2010-08-23,21.758
2010-08-24,21.754
2010-08-25,21.793
2010-08-26,21.565
2010-08-27,21.555
2010-08-28,21.505
2010-08-29,21.604
2010-08-30,21.707
2010-08-31,21.941
2010-09-01,21.944
2010-09-02,21.883
2010-09-03,22.027
2010-09-04,21.696
2010-09-05,21.165
2010-09-06,20.614
2010-09-07,19.391
2010-09-08,18.562
2010-09-09,18.799
2010-09-10,18.625
2010-09-11,18.459
2010-09-12,18.68
2010-09-13,18.774
2010-09-14,18.554
2010-09-15,17.937
2010-09-16,17.605
2010-09-17,17.611
2010-09-18,17.101
2010-09-19,17.435
2010-09-20,17.511
2010-09-21,17.62
2010-09-22,17.92
2010-09-23,18.367
2010-09-24,18.499
2010-09-25,17.703
2010-09-26,17.753
2010-09-27,16.786
2010-09-28,16.636
2010-09-29,16.58
2010-09-30,16.427
2010-10-01,16.359
2010-10-02,16.109
2010-10-03,15.612
2010-10-04,15.121
2010-10-05,14.984
2010-10-06,14.756
2010-10-07,14.557
2010-10-08,14.54
2010-10-09,14.264
2010-10-10,14.179
2010-10-11,14.082
2010-10-12,14.06
2010-10-13,13.837
2010-10-14,13.547
2010-10-15,13.523
2010-10-16,13.479
2010-10-17,13.731
2010-10-18,13.435
2010-10-19,13.125
2010-10-20,12.896
2010-10-21,12.501
2010-10-22,12.296
2010-10-23,11.535
2010-10-24,11.338
2010-10-25,11.342
2010-10-26,11.374
2010-10-27,11.413
2010-10-28,11.348
2010-10-29,11.548
2010-10-30,9.683
2010-10-31,10.007
2010-11-01,11.084
2010-11-02,11.169
2010-11-03,11.385
2010-11-04,11.511
2010-11-05,11.568
2010-11-06,10.991
2010-11-07,10.846
2010-11-08,10.832
2010-11-09,10.998
2010-11-10,11.121
2010-11-11,11.151
2010-11-12,10.876
2010-11-13,10.71
2010-11-14,10.47
2010-11-15,10.36
2010-11-16,10.368
2010-11-17,10.352
2010-11-18,10.117
2010-11-19,9.456
2010-11-20,9.478
2010-11-21,9.52
2010-11-22,8.743
2010-11-23,8.504
2010-11-24,8.094
2010-11-25,8.049
2010-11-26,7.895
2010-11-27,7.549
2010-11-28,6.615
2010-11-29,6.654
2010-11-30,6.42
2010-12-01,7.448
2010-12-02,5.451
2010-12-03,5.525
2010-12-04,5.622
2010-12-05,5.772
2010-12-06,4.645
2010-12-07,4.329
2010-12-08,4.289
2010-12-09,4.232
2010-12-10,4.237
2010-12-11,4.268
2010-12-12,4.24
2010-12-13,4.487
2010-12-14,4.986
2010-12-15,5.772
2010-12-16,4.85
2010-12-17,5.368
2010-12-18,5.46
2010-12-19,3.806
2010-12-20,3.614
2010-12-21,3.606
2010-12-22,3.63
2010-12-23,3.958
2010-12-24,2.602
2010-12-25,2.649
2010-12-26,1.967
2010-12-27,2.172
2010-12-28,1.605
2010-12-29,1.69
2010-12-30,1.668
2010-12-31,1.595
2011-01-01,1.805
2011-01-02,1.388
2011-01-03,1.003
2011-01-04,1.188
2011-01-05,1.096
2011-01-06,1.098
2011-01-07,0.878
2011-01-08,0.616
2011-01-09,0.506
2011-01-10,0.542
2011-01-11,1.401
2011-01-12,2.111
2011-01-13,2.198
2011-01-14,3.847
2011-01-15,3.55
2011-01-16,2.893
2011-01-17,1.392
2011-01-18,1.222
2011-01-19,1.197
2011-01-20,1.16
2011-01-21,1.43
2011-01-22,2.823
2011-01-23,2.385
2011-01-24,2.29
2011-01-25,1.757
2011-01-26,1.784
2011-01-27,1.809
2011-01-28,1.485
2011-01-29,2.295
2011-01-30,2.303
2011-01-31,2.205
2011-02-01,1.643
2011-02-02,1.279
2011-02-03,1.046
2011-02-04,0.66
2011-02-05,0.8
2011-02-06,1.027
2011-02-07,1.69
2011-02-08,1.795
2011-02-09,1.673
2011-02-10,1.622
2011-02-11,1.303
2011-02-12,1.559
2011-02-13,0.47
2011-02-14,0.134
2011-02-15,0.053
2011-02-16,0.224
2011-02-17,0.568
2011-02-18,1.908
2011-02-19,2.516
2011-02-20,2.426
2011-02-21,1.095
2011-02-22,0.827
2011-02-23,0.77
2011-02-24,0.604
2011-02-25,0.506
2011-02-26,0.454
2011-02-27,1.065
2011-02-28,0.902
2011-03-01,0.742
2011-03-02,0.697
2011-03-03,0.766
2011-03-04,0.584
2011-03-05,0.423
2011-03-06,-0.213
2011-03-07,-0.307
2011-03-08,-0.35
2011-03-09,-0.316
2011-03-10,-0.221
2011-03-11,0.098
2011-03-12,-0.135
2011-03-13,-0.155
2011-03-14,-0.331
2011-03-15,-0.263
2011-03-16,-0.234
2011-03-17,-0.057
2011-03-18,0.138
2011-03-19,0.428
2011-03-20,0.709
2011-03-21,0.623
2011-03-22,0.389
2011-03-23,0.231
2011-03-24,0.146
2011-03-25,0.064
2011-03-26,0.015
2011-03-27,0.028
2011-03-28,0.142
2011-03-29,0.347
2011-03-30,0.493
2011-03-31,-0.02
2011-04-01,0.12
2011-04-02,0.238
2011-04-03,0.284
2011-04-04,0.335
2011-04-05,0.659
2011-04-06,1.189
2011-04-07,1.514
2011-04-08,1.688
2011-04-09,1.541
2011-04-10,1.342
2011-04-11,1.16
2011-04-12,1.243
2011-04-13,1.097
2011-04-14,1.228
2011-04-15,1.156
2011-04-16,1.793
2011-04-17,1.953
2011-04-18,2.267
2011-04-19,1.432
2011-04-20,1.454
2011-04-21,1.537
2011-04-22,1.607
2011-04-23,1.772
2011-04-24,2.177
2011-04-25,2.097
2011-04-26,2.253
2011-04-27,2.392
2011-04-28,1.457
2011-04-29,1.528
2011-04-30,1.6
2011-05-01,1.579
2011-05-02,1.706
2011-05-03,2.002
2011-05-04,2.268
2011-05-05,4.406
2011-05-06,4.67
2011-05-07,3.921
2011-05-08,3.886
2011-05-09,3.887
2011-05-10,3.83
2011-05-11,3.446
2011-05-12,2.482
2011-05-13,2.551
2011-05-14,2.302
2011-05-15,3.416
2011-05-16,3.663
2011-05-17,3.694
2011-05-18,3.68
2011-05-19,3.567
2011-05-20,3.045
2011-05-21,4.987
2011-05-22,4.263
2011-05-23,5.103
2011-05-24,5.427
2011-05-25,5.819
2011-05-26,6.135
2011-05-27,6.115
2011-05-28,4.836
2011-05-29,4.949
2011-05-30,4.906
2011-05-31,5.64
2011-06-01,6.646
2011-06-02,6.845
2011-06-03,6.823
2011-06-04,6.403
2011-06-05,6.074
2011-06-06,6.855
2011-06-07,7.716
2011-06-08,7.837
2011-06-09,8.818
2011-06-10,9.204
2011-06-11,9.687
2011-06-12,9.916
2011-06-13,10.144
2011-06-14,9.891
2011-06-15,9.864
2011-06-16,10.672
2011-06-17,11.715
2011-06-18,12.368
2011-06-19,12.553
2011-06-20,12.679
2011-06-21,12.842
2011-06-22,12.959
2011-06-23,12.785
2011-06-24,14.235
2011-06-25,13.996
2011-06-26,14.466
2011-06-27,14.29
2011-06-28,14.642
2011-06-29,14.942
2011-06-30,16.857
2011-07-01,16.596
2011-07-02,17.263
2011-07-03,18.367
2011-07-04,17.925
2011-07-05,18.313
2011-07-06,18.135
2011-07-07,18.51
2011-07-08,18.938
2011-07-09,19.073
2011-07-10,20.117
2011-07-11,20.085
2011-07-12,20.147
2011-07-13,19.942
2011-07-14,20.549
2011-07-15,21.037
2011-07-16,21.234
2011-07-17,21.394
2011-07-18,21.616
2011-07-19,21.809
2011-07-20,22.439
2011-07-21,22.163
2011-07-22,22.559
2011-07-23,22.162
2011-07-24,22.13
2011-07-25,22.291
2011-07-26,22.165
2011-07-27,22.159
2011-07-28,22.199
2011-07-29,22.392
2011-07-30,23.278
2011-07-31,23.291
2011-08-01,23.22
2011-08-02,22.979
2011-08-03,22.753
2011-08-04,22.489
2011-08-05,22.637
2011-08-06,22.582
2011-08-07,23.175
2011-08-08,23.151
2011-08-09,22.598
2011-08-10,22.203
2011-08-11,22.076
2011-08-12,21.975
2011-08-13,21.5
2011-08-14,21.19
2011-08-15,21.673
2011-08-16,21.657
2011-08-17,21.775
2011-08-18,21.817
2011-08-19,21.95
2011-08-20,22.045
2011-08-21,21.805
2011-08-22,21.315
2011-08-23,21.183
2011-08-24,20.832
2011-08-25,20.734
2011-08-26,20.927
2011-08-27,20.483
2011-08-28,20.195
2011-08-29,20.085
2011-08-30,20.06
2011-08-31,20.129
2011-09-01,20.615
2011-09-02,20.6
2011-09-03,20.68
2011-09-04,20.673
2011-09-05,20.508
2011-09-06,19.979
2011-09-07,19.651
2011-09-08,19.79
2011-09-09,19.839
2011-09-10,20.091
2011-09-11,20.202
2011-09-12,20.242
2011-09-13,20.05
2011-09-14,19.601
2011-09-15,19.266
2011-09-16,18.958
2011-09-17,18.684
2011-09-18,18.712
2011-09-19,18.859
2011-09-20,18.976
2011-09-21,17.779
2011-09-22,17.459
2011-09-23,17.418
2011-09-24,17.442
2011-09-25,17.439
2011-09-26,17.493
2011-09-27,17.568
2011-09-28,17.824
2011-09-29,17.714
2011-09-30,16.609
2011-10-01,16.048
2011-10-02,16.078
2011-10-03,15.396
2011-10-04,14.987
2011-10-05,14.765
2011-10-06,14.71
2011-10-07,15.029
2011-10-08,15.409
2011-10-09,15.682
2011-10-10,16.055
2011-10-11,16.05
2011-10-12,16.04
2011-10-13,15.825
2011-10-14,14.934
2011-10-15,14.714
2011-10-16,14.653
2011-10-17,12.571
2011-10-18,12.187
2011-10-19,11.626
2011-10-20,11.319
2011-10-21,11.717
2011-10-22,12.122
2011-10-23,12.483
2011-10-24,11.853
2011-10-25,11.309
2011-10-26,10.193
2011-10-27,10.48
2011-10-28,10.685
2011-10-29,10.863
2011-10-30,10.93
2011-10-31,10.904
2011-11-01,10.952
2011-11-02,11.134
2011-11-03,11.377
2011-11-04,11.496
2011-11-05,11.459
2011-11-06,11.347
2011-11-07,11.437
2011-11-08,11.07
2011-11-09,10.48
2011-11-10,10.203
2011-11-11,10.192
2011-11-12,10.221
2011-11-13,10.066
2011-11-14,10.141
2011-11-15,9.954
2011-11-16,9.975
2011-11-17,9.633
2011-11-18,9.075
2011-11-19,7.737
2011-11-20,8.045
2011-11-21,7.935
2011-11-22,8.297
2011-11-23,8.514
2011-11-24,8.65
2011-11-25,8.707
2011-11-26,8.418
2011-11-27,7.61
2011-11-28,7.54
2011-11-29,6.977
2011-11-30,6.965
2011-12-01,7.582
2011-12-02,7.603
2011-12-03,7.605
2011-12-04,7.705
2011-12-05,7.746
2011-12-06,6.767
2011-12-07,5.796
2011-12-08,5.624
2011-12-09,5.566
2011-12-10,5.915
2011-12-11,5.812
2011-12-12,5.783
2011-12-13,5.655
2011-12-14,5.943
2011-12-15,4.819
2011-12-16,5.195
2011-12-17,5.544
2011-12-18,5.275
2011-12-19,5.235
2011-12-20,5.302
2011-12-21,5.859
2011-12-22,5.121
2011-12-23,6.221
2011-12-24,5.888
2011-12-25,4.736
2011-12-26,4.654
2011-12-27,3.783
2011-12-28,3.649
2011-12-29,3.673
2011-12-30,4.33
2011-12-31,5.146
2012-01-01,6.922
2012-01-02,3.492
2012-01-03,3.004
2012-01-04,3.038
2012-01-05,3.042
2012-01-06,3.471
2012-01-07,3.867
2012-01-08,3.839
2012-01-09,3.956
2012-01-10,4.573
2012-01-11,4.562
2012-01-12,4.447
2012-01-13,3.436
2012-01-14,2.908
2012-01-15,2.726
2012-01-16,2.801
2012-01-17,3.304
2012-01-18,2.795
2012-01-19,2.184
2012-01-20,2.313
2012-01-21,2.361
2012-01-22,2.289
2012-01-23,2.515
2012-01-24,2.3
2012-01-25,2.423
2012-01-26,2.754
2012-01-27,2.399
2012-01-28,2.089
2012-01-29,2.23
2012-01-30,2.394
2012-01-31,3.067
2012-02-01,3.201
2012-02-02,2.868
2012-02-03,2.556
2012-02-04,2.29
2012-02-05,2.465
2012-02-06,2.594
2012-02-07,2.439
2012-02-08,2.27
2012-02-09,2.101
2012-02-10,2.141
2012-02-11,2.481
2012-02-12,2.525
2012-02-13,2.161
2012-02-14,2.061
2012-02-15,2.235
2012-02-16,2.585
2012-02-17,2.788
2012-02-18,1.876
2012-02-19,1.577
2012-02-20,1.476
2012-02-21,1.632
2012-02-22,1.87
2012-02-23,1.936
2012-02-24,1.345
2012-02-25,1.091
2012-02-26,0.925
2012-02-27,1.187
2012-02-28,1.521
2012-02-29,1.845
2012-03-01,2.662
2012-03-02,3.955
2012-03-03,2.386
2012-03-04,0.983
2012-03-05,0.875
2012-03-06,1.032
2012-03-07,1.239
2012-03-08,1.702
2012-03-09,1.749
2012-03-10,1.599
2012-03-11,1.393
2012-03-12,0.92
2012-03-13,0.948
2012-03-14,1.065
2012-03-15,1.155
2012-03-16,1.654
2012-03-17,1.751
2012-03-18,2.091
2012-03-19,3.573
2012-03-20,5.038
2012-03-21,4.457
2012-03-22,3.541
2012-03-23,3.518
2012-03-24,1.878
2012-03-25,1.855
2012-03-26,2.32
2012-03-27,2.488
2012-03-28,2.716
2012-03-29,2.745
2012-03-30,2.464
2012-03-31,2.734
2012-04-01,2.726
2012-04-02,3.13
2012-04-03,3.26
2012-04-04,3.131
2012-04-05,2.885
2012-04-06,2.89
2012-04-07,2.987
2012-04-08,3.23
2012-04-09,3.273
2012-04-10,3.866
2012-04-11,3.711
2012-04-12,3.742
2012-04-13,3.733
2012-04-14,3.746
2012-04-15,3.899
2012-04-16,4.705
2012-04-17,4.703
2012-04-18,4.925
2012-04-19,4.867
2012-04-20,4.878
2012-04-21,4.647
2012-04-22,4.568
2012-04-23,4.498
2012-04-24,4.571
2012-04-25,4.585
2012-04-26,4.986
2012-04-27,4.859
2012-04-28,4.746
2012-04-29,4.753
2012-04-30,5.039
2012-05-01,5.579
2012-05-02,5.855
2012-05-03,5.976
2012-05-04,5.943
2012-05-05,6.151
2012-05-06,6.154
2012-05-07,7.659
2012-05-08,7.796
2012-05-09,7.659
2012-05-10,7.741
2012-05-11,7.698
2012-05-12,7.273
2012-05-13,7.388
2012-05-14,9.113
2012-05-15,8.9
2012-05-16,8.486
2012-05-17,8.333
2012-05-18,8.063
2012-05-19,7.991
2012-05-20,7.884
2012-05-21,9.999
2012-05-22,11.801
2012-05-23,11.383
2012-05-24,11.324
2012-05-25,11.343
2012-05-26,11.849
2012-05-27,14.518
2012-05-28,14.913
2012-05-29,14.747
2012-05-30,14.796
2012-05-31,14.902
2012-06-01,14.971
2012-06-02,14.873
2012-06-03,12.545
2012-06-04,12.728
2012-06-05,13.193
2012-06-06,14.119
2012-06-07,14.646
2012-06-08,15.377
2012-06-09,14.967
2012-06-10,15.077
2012-06-11,16.273
2012-06-12,15.725
2012-06-13,15.734
2012-06-14,16.012
2012-06-15,14.157
2012-06-16,14.676
2012-06-17,14.537
2012-06-18,14.859
2012-06-19,15.927
2012-06-20,17.295
2012-06-21,17.372
2012-06-22,17.568
2012-06-23,17.765
2012-06-24,18.003
2012-06-25,18.047
2012-06-26,18.037
2012-06-27,18.219
2012-06-28,18.562
2012-06-29,19.112
2012-06-30,19.034
2012-07-01,18.938
2012-07-02,18.726
2012-07-03,18.547
2012-07-04,19.414
2012-07-05,19.604
2012-07-06,19.944
2012-07-07,19.884
2012-07-08,20.24
2012-07-09,20.27
2012-07-10,20.526
2012-07-11,21.352
2012-07-12,22.085
2012-07-13,22.312
2012-07-14,22.279
2012-07-15,22.29
2012-07-16,22.376
2012-07-17,22.581
2012-07-18,22.688
2012-07-19,22.705
2012-07-20,22.269
2012-07-21,22.321
2012-07-22,22.422
2012-07-23,22.372
2012-07-24,22.537
2012-07-25,22.481
2012-07-26,22.103
2012-07-27,22.441
2012-07-28,22.642
2012-07-29,22.99
2012-07-30,22.817
2012-07-31,22.833
2012-08-01,23.562
2012-08-02,23.926
2012-08-03,23.947
2012-08-04,23.934
2012-08-05,24.034
2012-08-06,23.62
2012-08-07,23.511
2012-08-08,23.016
2012-08-09,22.933
2012-08-10,22.196
2012-08-11,20.988
2012-08-12,20.869
2012-08-13,21.362
2012-08-14,21.438
2012-08-15,21.501
2012-08-16,21.495
2012-08-17,21.457
2012-08-18,21.294
2012-08-19,20.945
2012-08-20,20.821
2012-08-21,20.833
2012-08-22,20.921
2012-08-23,21.125
2012-08-24,21.406
2012-08-25,21.936
2012-08-26,22.261
2012-08-27,22.093
2012-08-28,21.729
2012-08-29,21.413
2012-08-30,21.236
2012-08-31,21.526
2012-09-01,21.781
2012-09-02,21.861
2012-09-03,21.833
2012-09-04,21.909
2012-09-05,22.047
2012-09-06,21.951
2012-09-07,21.843
2012-09-08,21.041
2012-09-09,20.988
2012-09-10,21.077
2012-09-11,21.096
2012-09-12,21.106
2012-09-13,20.974
2012-09-14,20.404
2012-09-15,20.249
2012-09-16,20.233
2012-09-17,20.249
2012-09-18,19.547
2012-09-19,18.441
2012-09-20,18.286
2012-09-21,18.382
2012-09-22,18.256
2012-09-23,17.717
2012-09-24,17.494
2012-09-25,17.416
2012-09-26,17.028
2012-09-27,16.973
2012-09-28,16.974
2012-09-29,17.077
2012-09-30,16.579
2012-10-01,15.76
2012-10-02,16.207
2012-10-03,16.316
2012-10-04,16.402
2012-10-05,16.454
2012-10-06,16.498
2012-10-07,15.79
2012-10-08,15.699
2012-10-09,15.409
2012-10-10,15.402
2012-10-11,15.005
2012-10-12,13.783
2012-10-13,13.959
2012-10-14,14.027
2012-10-15,13.882
2012-10-16,13.808
2012-10-17,13.833
2012-10-18,13.914
2012-10-19,14.06
2012-10-20,13.595
2012-10-21,13.265
2012-10-22,13.197
2012-10-23,13.299
2012-10-24,13.382
2012-10-25,13.795
2012-10-26,13.641
2012-10-27,13.142
2012-10-28,13.397
2012-10-29,12.395
2012-10-30,12.208
2012-10-31,10.351
2012-11-01,9.617
2012-11-02,9.402
2012-11-03,9.25
2012-11-04,9.28
2012-11-05,9.105
2012-11-06,9.089
2012-11-07,9.028
2012-11-08,8.945
2012-11-09,8.985
2012-11-10,8.93
2012-11-11,9.165
2012-11-12,9.8
2012-11-13,9.701
2012-11-14,8.273
2012-11-15,7.945
2012-11-16,8.013
2012-11-17,8.018
2012-11-18,8.084
2012-11-19,8.089
2012-11-20,8.276
2012-11-21,7.983
2012-11-22,8.104
2012-11-23,8.321
2012-11-24,8.322
2012-11-25,8.571
2012-11-26,7.319
2012-11-27,6.933
2012-11-28,6.929
2012-11-29,6.548
2012-11-30,6.512
2012-12-01,6.532
2012-12-02,6.382
2012-12-03,6.479
2012-12-04,5.616
2012-12-05,5.515
2012-12-06,5.473
2012-12-07,5.355
2012-12-08,5.326
2012-12-09,5.573
2012-12-10,5.338
2012-12-11,5.261
2012-12-12,4.922
2012-12-13,4.865
2012-12-14,4.751
2012-12-15,4.905
2012-12-16,5.196
2012-12-17,5.127
2012-12-18,4.884
2012-12-19,4.83
2012-12-20,4.807
2012-12-21,4.984
2012-12-22,6.124
2012-12-23,6.089
2012-12-24,4.414
2012-12-25,5.315
2012-12-26,4.434
2012-12-27,4.293
2012-12-28,4.772
2012-12-29,4.713
2012-12-30,3.691
2012-12-31,3.526
2013-01-01,3.671
2013-01-02,3.682
2013-01-03,3.951
2013-01-04,4.13
2013-01-05,3.951
2013-01-06,3.5
2013-01-07,3.376
2013-01-08,3.12
2013-01-09,2.942
2013-01-10,3.001
2013-01-11,3.221
2013-01-12,2.883
2013-01-13,2.798
2013-01-14,2.353
2013-01-15,2.287
2013-01-16,2.19
2013-01-17,2.309
2013-01-18,2.552
2013-01-19,3.354
2013-01-20,3.211
2013-01-21,2.638
2013-01-22,2.32
2013-01-23,2.295
2013-01-24,2.536
2013-01-25,3.031
2013-01-26,3.074
2013-01-27,3.078
2013-01-28,3.139
2013-01-29,3.398
2013-01-30,3.627
2013-01-31,3.196
2013-02-01,3.424
2013-02-02,3.511
2013-02-03,3.393
2013-02-04,3.229
2013-02-05,3.043
2013-02-06,2.712
2013-02-07,2.102
2013-02-08,1.724
2013-02-09,1.428
2013-02-10,1.341
2013-02-11,1.703
2013-02-12,2.164
2013-02-13,3.736
2013-02-14,2.709
2013-02-15,1.693
2013-02-16,1.593
2013-02-17,1.567
2013-02-18,1.562
2013-02-19,1.764
2013-02-20,2.284
2013-02-21,2.184
2013-02-22,2.213
2013-02-23,1.772
2013-02-24,2.74
2013-02-25,3.369
2013-02-26,3.503
2013-02-27,1.222
2013-02-28,1.056
2013-03-01,0.861
2013-03-02,0.835
2013-03-03,0.838
2013-03-04,0.688
2013-03-05,0.415
2013-03-06,0.421
2013-03-07,0.516
2013-03-08,0.572
2013-03-09,0.518
2013-03-10,0.736
2013-03-11,1.126
2013-03-12,1.361
2013-03-13,1.19
2013-03-14,0.587
2013-03-15,0.461
2013-03-16,0.323
2013-03-17,0.273
2013-03-18,0.325
2013-03-19,0.533
2013-03-20,0.783
2013-03-21,0.845
2013-03-22,0.611
2013-03-23,0.381
2013-03-24,0.394
2013-03-25,0.557
2013-03-26,0.801
2013-03-27,0.926
2013-03-28,1.349
2013-03-29,1.451
2013-03-30,1.477
2013-03-31,1.4
2013-04-01,1.356
2013-04-02,1.189
2013-04-03,0.989
2013-04-04,0.85
2013-04-05,0.875
2013-04-06,0.794
2013-04-07,1.072
2013-04-08,1.755
2013-04-09,1.831
2013-04-10,1.722
2013-04-11,2.005
2013-04-12,1.471
2013-04-13,1.249
2013-04-14,1.315
2013-04-15,1.885
2013-04-16,1.877
2013-04-17,1.849
2013-04-18,1.846
2013-04-19,1.707
2013-04-20,1.37
2013-04-21,2.009
2013-04-22,2.739
2013-04-23,3.117
2013-04-24,3.033
2013-04-25,3.007
2013-04-26,3.259
2013-04-27,3.606
2013-04-28,4.902
2013-04-29,4.791
2013-04-30,5.219
2013-05-01,4.803
2013-05-02,5.024
2013-05-03,5.002
2013-05-04,4.766
2013-05-05,4.956
2013-05-06,5.13
2013-05-07,5.008
2013-05-08,5.046
2013-05-09,4.821
2013-05-10,4.505
2013-05-11,4
2013-05-12,3.908
2013-05-13,4.192
2013-05-14,4.24
2013-05-15,4.502
2013-05-16,5.011
2013-05-17,5.546
2013-05-18,5.81
2013-05-19,5.221
2013-05-20,4.103
2013-05-21,4.526
2013-05-22,4.549
2013-05-23,5.963
2013-05-24,6.172
2013-05-25,6.831
2013-05-26,7.443
2013-05-27,7.708
2013-05-28,7.492
2013-05-29,6.396
2013-05-30,7.159
2013-05-31,7.832
2013-06-01,6.94
2013-06-02,7.33
2013-06-03,7.842
2013-06-04,7.952
2013-06-05,8.553
2013-06-06,9.569
2013-06-07,9.896
2013-06-08,10.263
2013-06-09,10.212
2013-06-10,9.707
2013-06-11,9.923
2013-06-12,11.419
2013-06-13,11.656
2013-06-14,11.71
2013-06-15,11.815
2013-06-16,13.048
2013-06-17,13.596
2013-06-18,13.706
2013-06-19,13.71
2013-06-20,13.723
2013-06-21,13.721
2013-06-22,15.529
2013-06-23,16.52
2013-06-24,17.123
2013-06-25,16.918
2013-06-26,16.778
2013-06-27,16.753
2013-06-28,17.178
2013-06-29,17.267
2013-06-30,17.416
2013-07-01,18.141
2013-07-02,18.293
2013-07-03,18.335
2013-07-04,18.381
2013-07-05,18.674
2013-07-06,20.126
2013-07-07,20.612
2013-07-08,20.778
2013-07-09,20.587
2013-07-10,20.338
2013-07-11,20.384
2013-07-12,20.667
2013-07-13,20.986
2013-07-14,21.777
2013-07-15,24.247
2013-07-16,24.392
2013-07-17,24.766
2013-07-18,24.965
2013-07-19,24.834
2013-07-20,23.733
2013-07-21,23.82
2013-07-22,22.999
2013-07-23,22.218
2013-07-24,21.456
2013-07-25,21.223
2013-07-26,21.217
2013-07-27,21.317
2013-07-28,20.891
2013-07-29,20.878
2013-07-30,20.584
2013-07-31,20.449
2013-08-01,20.89
2013-08-02,21.072
2013-08-03,20.622
2013-08-04,20.417
2013-08-05,20.234
2013-08-06,20.482
2013-08-07,20.611
2013-08-08,20.978
2013-08-09,21.013
2013-08-10,21.139
2013-08-11,21.233
2013-08-12,21.232
2013-08-13,20.558
2013-08-14,20.05
2013-08-15,19.856
2013-08-16,19.87
2013-08-17,20.106
2013-08-18,20.77
2013-08-19,21.157
2013-08-20,21.236
2013-08-21,21.316
2013-08-22,21.281
2013-08-23,21.308
2013-08-24,21.199
2013-08-25,20.853
2013-08-26,21.118
2013-08-27,21.584
2013-08-28,21.903
2013-08-29,22.423
2013-08-30,22.585
2013-08-31,22.421
2013-09-01,22.296
2013-09-02,22.265
2013-09-03,21.823
2013-09-04,20.497
2013-09-05,20.206
2013-09-06,19.952
2013-09-07,19.601
2013-09-08,19.335
2013-09-09,20.139
2013-09-10,20.375
2013-09-11,20.247
2013-09-12,19.091
2013-09-13,19.05
2013-09-14,18.752
2013-09-15,17.978
2013-09-16,17.794
2013-09-17,17.914
2013-09-18,18.018
2013-09-19,18.099
2013-09-20,18.354
2013-09-21,18.003
2013-09-22,17.698
2013-09-23,17.673
2013-09-24,17.631
2013-09-25,17.315
2013-09-26,17.344
2013-09-27,17.362
2013-09-28,17.434
2013-09-29,17.36
2013-09-30,17.462
2013-10-01,17.701
2013-10-02,17.851
2013-10-03,17.955
2013-10-04,18.008
2013-10-05,17.975
2013-10-06,16.481
2013-10-07,16.144
2013-10-08,16.09
2013-10-09,16.02
2013-10-10,16.121
2013-10-11,16.191
2013-10-12,16.224
2013-10-13,16.132
2013-10-14,16.037
2013-10-15,15.945
2013-10-16,16.033
2013-10-17,16.039
2013-10-18,15.359
2013-10-19,15.134
2013-10-20,14.975
2013-10-21,14.373
2013-10-22,14.172
2013-10-23,12.964
2013-10-24,12.702
2013-10-25,12.728
2013-10-26,12.809
2013-10-27,12.575
2013-10-28,12.208
2013-10-29,12.343
2013-10-30,11.249
2013-10-31,10.619
2013-11-01,11.123
2013-11-02,11.248
2013-11-03,11.485
2013-11-04,11.605
2013-11-05,12.044
2013-11-06,11.448
2013-11-07,10.262
2013-11-08,10.002
2013-11-09,9.498
2013-11-10,9.372
2013-11-11,9.224
2013-11-12,9.53
2013-11-13,8.856
2013-11-14,9.072
2013-11-15,9.118
2013-11-16,9.426
2013-11-17,9.535
2013-11-18,8.849
2013-11-19,8.379
2013-11-20,8.418
2013-11-21,8.212
2013-11-22,8.388
2013-11-23,6.922
2013-11-24,5.687
2013-11-25,5.595
2013-11-26,5.065
2013-11-27,5.597
2013-11-28,5.616
2013-11-29,5.645
2013-11-30,5.687
2013-12-01,5.766
2013-12-02,4.497
2013-12-03,3.986
2013-12-04,3.845
2013-12-05,4.251
2013-12-06,3.508
2013-12-07,3.01
2013-12-08,2.936
2013-12-09,3.069
2013-12-10,3.699
2013-12-11,4.087
2013-12-12,3.513
2013-12-13,3.869
2013-12-14,4.148
2013-12-15,3.532
2013-12-16,3.338
2013-12-17,3.409
2013-12-18,3.896
2013-12-19,3.655
2013-12-20,3.45
2013-12-21,3.914
2013-12-22,3.877
2013-12-23,3.205
2013-12-24,3.132
2013-12-25,3.035
2013-12-26,3.151
2013-12-27,4.137
2013-12-28,3.993
2013-12-29,3.941
2013-12-30,4.056
2013-12-31,4.284
2014-01-01,3.723
2014-01-02,3.756
2014-01-03,2.721
2014-01-04,2.79
2014-01-05,2.844
2014-01-06,1.971
2014-01-07,2.427
2014-01-08,1.217
2014-01-09,0.91
2014-01-10,1.031
2014-01-11,1.456
2014-01-12,2.319
2014-01-13,2.484
2014-01-14,2.546
2014-01-15,2.464
2014-01-16,2.247
2014-01-17,2.43
2014-01-18,2.199
2014-01-19,1.718
2014-01-20,1.944
2014-01-21,1.949
2014-01-22,1.713
2014-01-23,1.731
2014-01-24,1.634
2014-01-25,1.06
2014-01-26,1.338
2014-01-27,0.887
2014-01-28,0.82
2014-01-29,0.904
2014-01-30,1.021
2014-01-31,1.207
2014-02-01,1.619
2014-02-02,1.634
2014-02-03,1.816
2014-02-04,2.241
2014-02-05,2.587
2014-02-06,2.442
2014-02-07,1.912
2014-02-08,1.509
2014-02-09,1.159
2014-02-10,1.09
2014-02-11,0.755
2014-02-12,0.646
2014-02-13,0.576
2014-02-14,0.766
2014-02-15,0.749
2014-02-16,0.688
2014-02-17,0.735
2014-02-18,1.002
2014-02-19,1.037
2014-02-20,0.919
2014-02-21,0.815
2014-02-22,0.707
2014-02-23,0.677
2014-02-24,0.729
2014-02-25,0.545
2014-02-26,0.418
2014-02-27,0.274
2014-02-28,0.298
2014-03-01,0.466
2014-03-02,0.334
2014-03-03,0.123
2014-03-04,0.2
2014-03-05,0.249
2014-03-06,0.245
2014-03-07,0.34
2014-03-08,0.348
2014-03-09,0.463
2014-03-10,0.535
2014-03-11,0.445
2014-03-12,0.469
2014-03-13,0.311
2014-03-14,0.049
2014-03-15,-0.196
2014-03-16,-0.168
2014-03-17,-0.086
2014-03-18,-0.007
2014-03-19,0.046
2014-03-20,0.142
2014-03-21,0.241
2014-03-22,0.26
2014-03-23,-0.028
2014-03-24,-0.231
2014-03-25,-0.016
2014-03-26,-0.113
2014-03-27,-0.106
2014-03-28,0.32
2014-03-29,0.529
2014-03-30,0.523
2014-03-31,0.654
2014-04-01,0.802
2014-04-02,0.766
2014-04-03,0.759
2014-04-04,0.833
2014-04-05,0.831
2014-04-06,0.723
2014-04-07,0.029
2014-04-08,-0.259
2014-04-09,-0.168
2014-04-10,0.011
2014-04-11,0.515
2014-04-12,1.063
2014-04-13,1.096
2014-04-14,0.636
2014-04-15,0.446
2014-04-16,0.584
2014-04-17,0.091
2014-04-18,0.173
2014-04-19,0.206
2014-04-20,0.312
2014-04-21,0.631
2014-04-22,1.081
2014-04-23,1.06
2014-04-24,1.021
2014-04-25,1.041
2014-04-26,1.588
2014-04-27,1.83
2014-04-28,1.869
2014-04-29,1.755
2014-04-30,1.804
2014-05-01,1.988
2014-05-02,1.391
2014-05-03,2.335
2014-05-04,1.91
2014-05-05,1.828
2014-05-06,1.773
2014-05-07,1.695
2014-05-08,1.617
2014-05-09,2.776
2014-05-10,4.179
2014-05-11,4.364
2014-05-12,3.628
2014-05-13,3.477
2014-05-14,1.664
2014-05-15,2.94
2014-05-16,3.648
2014-05-17,3.739
2014-05-18,3.736
2014-05-19,3.372
2014-05-20,2.832
2014-05-21,2.631
2014-05-22,3.265
2014-05-23,3.219
2014-05-24,3.011
2014-05-25,2.959
2014-05-26,3
2014-05-27,2.736
2014-05-28,4.156
2014-05-29,5.347
2014-05-30,5.295
2014-05-31,5.484
2014-06-01,5.311
2014-06-02,5.889
2014-06-03,5.765
2014-06-04,6.019
2014-06-05,5.645
2014-06-06,5.288
2014-06-07,4.905
2014-06-08,5.49
2014-06-09,5.949
2014-06-10,5.834
2014-06-11,5.858
2014-06-12,6.339
2014-06-13,6.188
2014-06-14,6.137
2014-06-15,5.943
2014-06-16,5.945
2014-06-17,6.757
2014-06-18,7.473
2014-06-19,8.419
2014-06-20,12.513
2014-06-21,13.348
2014-06-22,13.452
2014-06-23,13.932
2014-06-24,13.655
2014-06-25,13.659
2014-06-26,17.023
2014-06-27,17.759
2014-06-28,18.476
2014-06-29,18.586
2014-06-30,18.423
2014-07-01,17.968
2014-07-02,17.248
2014-07-03,16.497
2014-07-04,16.654
2014-07-05,16.391
2014-07-06,18.005
2014-07-07,18.543
2014-07-08,17.832
2014-07-09,17.944
2014-07-10,17.47
2014-07-11,17.139
2014-07-12,16.765
2014-07-13,17.487
2014-07-14,17.805
2014-07-15,16.988
2014-07-16,18.144
2014-07-17,19.806
2014-07-18,19.849
2014-07-19,19.57
2014-07-20,18.971
2014-07-21,18.943
2014-07-22,19.493
2014-07-23,19.91
2014-07-24,20.124
2014-07-25,19.577
2014-07-26,18.77
2014-07-27,18.016
2014-07-28,18.181
2014-07-29,18.241
2014-07-30,18.271
2014-07-31,18.316
2014-08-01,18.746
2014-08-02,19.893
2014-08-03,19.747
2014-08-04,20.455
2014-08-05,20.187
2014-08-06,20
2014-08-07,19.556
2014-08-08,19.505
2014-08-09,20.076
2014-08-10,20.405
2014-08-11,21.048
2014-08-12,21.313
2014-08-13,21.263
2014-08-14,18.395
2014-08-15,18.368
2014-08-16,18.324
2014-08-17,18.167
2014-08-18,18.063
2014-08-19,17.885
2014-08-20,17.822
2014-08-21,17.469
2014-08-22,18.67
2014-08-23,19.625
2014-08-24,20.43
2014-08-25,20.62
2014-08-26,20.799
2014-08-27,21.181
2014-08-28,20.645
2014-08-29,19.854
2014-08-30,19.115
2014-08-31,19.27
2014-09-01,19.586
2014-09-02,19.983
2014-09-03,20.291
2014-09-04,20.456
2014-09-05,20.304
2014-09-06,20.06
2014-09-07,19.9
2014-09-08,19.503
2014-09-09,19.64
2014-09-10,19.595
2014-09-11,19.755
2014-09-12,19.616
2014-09-13,18.034
2014-09-14,17.569
2014-09-15,17.463
2014-09-16,17.579
2014-09-17,17.427
2014-09-18,17.323
2014-09-19,17.166
2014-09-20,17.185
2014-09-21,17.147
2014-09-22,15.788
2014-09-23,15.894
2014-09-24,16.006
2014-09-25,16.115
2014-09-26,16.117
2014-09-27,16.515
2014-09-28,17.033
2014-09-29,17.241
2014-09-30,17.225
2014-10-01,17.31
2014-10-02,16.664
2014-10-03,15.796
2014-10-04,15.598
2014-10-05,15.699
2014-10-06,15.786
2014-10-07,15.852
2014-10-08,15.703
2014-10-09,15.472
2014-10-10,14.217
2014-10-11,13.962
2014-10-12,13.995
2014-10-13,14.068
2014-10-14,14.182
2014-10-15,13.599
2014-10-16,11.685
2014-10-17,11.331
2014-10-18,11.271
2014-10-19,11.23
2014-10-20,11.81
2014-10-21,12.803
2014-10-22,12.765
2014-10-23,12.855
2014-10-24,12.749
2014-10-25,12.534
2014-10-26,12.498
2014-10-27,12.118
2014-10-28,11.513
2014-10-29,11.184
2014-10-30,11.174
2014-10-31,10.551
2014-11-01,10.581
2014-11-02,10.416
2014-11-03,10.612
2014-11-04,10.755
2014-11-05,10.848
2014-11-06,10.482
2014-11-07,10.145
2014-11-08,7.963
2014-11-09,8.583
2014-11-10,8.996
2014-11-11,8.892
2014-11-12,7.966
2014-11-13,7.501
2014-11-14,6.2
2014-11-15,6.102
2014-11-16,6.293
2014-11-17,6.471
2014-11-18,6.4
2014-11-19,5.89
2014-11-20,5.559
2014-11-21,5.446
2014-11-22,5.204
2014-11-23,5.044
2014-11-24,5.186
2014-11-25,5.106
2014-11-26,4.912
2014-11-27,4.953
2014-11-28,5.052
2014-11-29,5.054
2014-11-30,4.98
2014-12-01,4.934
2014-12-02,4.8
2014-12-03,4.85
2014-12-04,5.058
2014-12-05,4.642
2014-12-06,4.668
2014-12-07,4.553
2014-12-08,5.001
2014-12-09,5.091
2014-12-10,4.505
2014-12-11,4.46
2014-12-12,4.802
2014-12-13,4.922
2014-12-14,4.589
2014-12-15,5.127
2014-12-16,6.227
2014-12-17,4.088
2014-12-18,3.328
2014-12-19,2.985
2014-12-20,2.892
2014-12-21,3.004
2014-12-22,3.5
2014-12-23,4.283
2014-12-24,3.782
2014-12-25,3.703
2014-12-26,3.543
2014-12-27,2.89
2014-12-28,2.724
2014-12-29,2.702
2014-12-30,2.25
2014-12-31,2.308
2015-01-01,2.877
2015-01-02,3.519
2015-01-03,3.148
2015-01-04,3.046
2015-01-05,2.216
2015-01-06,1.968
2015-01-07,2.849
2015-01-08,2.227
2015-01-09,2.216
2015-01-10,2.163
2015-01-11,2.738
2015-01-12,1.873
2015-01-13,1.09
2015-01-14,1.119
2015-01-15,1.384
2015-01-16,1.829
2015-01-17,2.383
2015-01-18,2.539
2015-01-19,1.909
2015-01-20,1.547
2015-01-21,1.381
2015-01-22,1.488
2015-01-23,1.563
2015-01-24,1.607
2015-01-25,1.404
2015-01-26,1.108
2015-01-27,0.817
2015-01-28,0.677
2015-01-29,0.895
2015-01-30,1.442
2015-01-31,2.269
2015-02-01,2.345
2015-02-02,2.333
2015-02-03,1.857
2015-02-04,1.784
2015-02-05,1.68
2015-02-06,0.517
2015-02-07,0.372
2015-02-08,0.133
2015-02-09,0.207
2015-02-10,0.217
2015-02-11,-0.181
2015-02-12,-0.211
2015-02-13,0.023
2015-02-14,0.043
2015-02-15,0.127
2015-02-16,0.219
2015-02-17,0.18
2015-02-18,0.046
2015-02-19,0.099
2015-02-20,-0.312
2015-02-21,-0.192
2015-02-22,0.094
2015-02-23,0.428
2015-02-24,0.401
2015-02-25,0.085
2015-02-26,0.163
2015-02-27,0.226
2015-02-28,0.123
2015-03-01,0.263
2015-03-02,0.531
2015-03-03,0.513
2015-03-04,0.326
2015-03-05,0.229
2015-03-06,0.222
2015-03-07,0.546
2015-03-08,0.336
2015-03-09,0.73
2015-03-10,0.351
2015-03-11,0.33
2015-03-12,0.356
2015-03-13,0.223
2015-03-14,-0.068
2015-03-15,0.694
2015-03-16,0.973
2015-03-17,0.55
2015-03-18,0.489
2015-03-19,0.434
2015-03-20,0.332
2015-03-21,0.382
2015-03-22,0.577
2015-03-23,0.66
2015-03-24,0.645
2015-03-25,0.919
2015-03-26,0.233
2015-03-27,-0.088
2015-03-28,-0.046
2015-03-29,-0.346
2015-03-30,-0.206
2015-03-31,0.623
2015-04-01,0.808
2015-04-02,0.492
2015-04-03,0.258
2015-04-04,0.172
2015-04-05,-0.005
2015-04-06,-0.261
2015-04-07,0.143
2015-04-08,0.418
2015-04-09,0.505
2015-04-10,0.869
2015-04-11,1.008
2015-04-12,1.323
2015-04-13,0.827
2015-04-14,0.613
2015-04-15,0.543
2015-04-16,0.449
2015-04-17,0.624
2015-04-18,1.537
2015-04-19,1.672
2015-04-20,1.325
2015-04-21,0.691
2015-04-22,0.434
2015-04-23,0.808
2015-04-24,0.722
2015-04-25,0.718
2015-04-26,0.606
2015-04-27,0.728
2015-04-28,1.587
2015-04-29,1.751
2015-04-30,1.818
2015-05-01,2.728
2015-05-02,2.728
2015-05-03,2.965
2015-05-04,3.405
2015-05-05,3.598
2015-05-06,3.692
2015-05-07,3.531
2015-05-08,3.686
2015-05-09,4.47
2015-05-10,4.548
2015-05-11,3.174
2015-05-12,4.224
2015-05-13,4.272
2015-05-14,4.469
2015-05-15,3.533
2015-05-16,3.217
2015-05-17,2.743
2015-05-18,3.803
2015-05-19,4.337
2015-05-20,5.376
2015-05-21,5.591
2015-05-22,5.886
2015-05-23,5.907
2015-05-24,5.643
2015-05-25,5.222
2015-05-26,4.959
2015-05-27,3.795
2015-05-28,4.387
2015-05-29,4.59
2015-05-30,4.812
2015-05-31,5.26
2015-06-01,6.447
2015-06-02,6.829
2015-06-03,6.75
2015-06-04,6.722
2015-06-05,6.665
2015-06-06,6.186
2015-06-07,6.26
2015-06-08,6.32
2015-06-09,7.655
2015-06-10,7.683
2015-06-11,8.378
2015-06-12,7.582
2015-06-13,8.683
2015-06-14,8.618
2015-06-15,10.036
2015-06-16,10.643
2015-06-17,10.751
2015-06-18,9.89
2015-06-19,12.19
2015-06-20,13.393
2015-06-21,13.809
2015-06-22,14.399
2015-06-23,14.52
2015-06-24,14.729
2015-06-25,14.875
2015-06-26,14.716
2015-06-27,14.949
2015-06-28,15.055
2015-06-29,15.101
2015-06-30,15.738
2015-07-01,15.763
2015-07-02,16.118
2015-07-03,16.069
2015-07-04,16.267
2015-07-05,16.93
2015-07-06,17.673
2015-07-07,17.784
2015-07-08,17.786
2015-07-09,17.63
2015-07-10,17.743
2015-07-11,17.889
2015-07-12,19.036
2015-07-13,19.586
2015-07-14,19.723
2015-07-15,16.687
2015-07-16,16.398
2015-07-17,16.706
2015-07-18,17.498
2015-07-19,17.866
2015-07-20,18.19
2015-07-21,18.213
2015-07-22,18.086
2015-07-23,18.172
2015-07-24,18.301
2015-07-25,18.702
2015-07-26,19.257
2015-07-27,19.229
2015-07-28,19.136
2015-07-29,20.009
2015-07-30,20.307
2015-07-31,20.677
2015-08-01,20.579
2015-08-02,20.687
2015-08-03,20.146
2015-08-04,20.55
2015-08-05,20.408
2015-08-06,20.456
2015-08-07,20.186
2015-08-08,20.564
2015-08-09,21.825
2015-08-10,21.974
2015-08-11,21.823
2015-08-12,21.636
2015-08-13,20.866
2015-08-14,20.848
2015-08-15,21.229
2015-08-16,21.623
2015-08-17,21.943
2015-08-18,22.027
2015-08-19,21.771
2015-08-20,22.051
2015-08-21,22.276
2015-08-22,22.421
2015-08-23,22.482
2015-08-24,22.221
2015-08-25,21.597
2015-08-26,20.649
2015-08-27,20.702
2015-08-28,20.494
2015-08-29,20.397
2015-08-30,20.518
2015-08-31,20.736
2015-09-01,20.927
2015-09-02,21.062
2015-09-03,21.365
2015-09-04,21.89
2015-09-05,22.42
2015-09-06,22.452
2015-09-07,22.398
2015-09-08,22.39
2015-09-09,21.935
2015-09-10,21.91
2015-09-11,21.97
2015-09-12,20.57
2015-09-13,19.819
2015-09-14,20.652
2015-09-15,20.722
2015-09-16,20.956
2015-09-17,21.373
2015-09-18,21.437
2015-09-19,20.902
2015-09-20,20.495
2015-09-21,19.969
2015-09-22,19.791
2015-09-23,19.825
2015-09-24,19.895
2015-09-25,19.505
2015-09-26,19.261
2015-09-27,19.324
2015-09-28,19.353
2015-09-29,19.143
2015-09-30,18.074
2015-10-01,17.842
2015-10-02,17.842
2015-10-03,17.874
2015-10-04,17.838
2015-10-05,16.082
2015-10-06,16.114
2015-10-07,16.029
2015-10-08,15.843
2015-10-09,15.855
2015-10-10,15.643
2015-10-11,15.276
2015-10-12,15.22
2015-10-13,14.897
2015-10-14,14.055
2015-10-15,12.888
2015-10-16,13
2015-10-17,12.873
2015-10-18,12.379
2015-10-19,12.401
2015-10-20,12.599
2015-10-21,12.553
2015-10-22,12.581
2015-10-23,12.369
2015-10-24,10.144
2015-10-25,9.861
2015-10-26,9.747
2015-10-27,9.871
2015-10-28,10.207
2015-10-29,10.147
2015-10-30,10.145
2015-10-31,10.334
2015-11-01,10.757
2015-11-02,10.913
2015-11-03,10.806
2015-11-04,10.908
2015-11-05,10.921
2015-11-06,10.732
2015-11-07,10.249
2015-11-08,10.151
2015-11-09,9.962
2015-11-10,10.041
2015-11-11,9.912
2015-11-12,9.862
2015-11-13,9.554
2015-11-14,9.28
2015-11-15,8.915
2015-11-16,8.756
2015-11-17,8.882
2015-11-18,8.964
2015-11-19,9.089
2015-11-20,8.865
2015-11-21,8.018
2015-11-22,8.074
2015-11-23,7.798
2015-11-24,7.68
2015-11-25,7.65
2015-11-26,7.723
2015-11-27,7.831
2015-11-28,7.089
2015-11-29,7.218
2015-11-30,7.604
2015-12-01,7.652
2015-12-02,7.578
2015-12-03,7.35
2015-12-04,7.56
2015-12-05,7.759
2015-12-06,7.298
2015-12-07,7.122
2015-12-08,7.046
2015-12-09,7.028
2015-12-10,6.875
2015-12-11,6.685
2015-12-12,6.495
2015-12-13,6.396
2015-12-14,6.332
2015-12-15,7.249
2015-12-16,7.345
2015-12-17,7.167
2015-12-18,7.267
2015-12-19,7.157
2015-12-20,5.815
2015-12-21,6.054
2015-12-22,6.581
2015-12-23,6.54
2015-12-24,6.759
2015-12-25,6.436
2015-12-26,6.269
2015-12-27,5.976
2015-12-28,6.211
2015-12-29,5.731
2015-12-30,5.841
2015-12-31,4.619
2016-01-01,4.959
2016-01-02,4.879
2016-01-03,4.325
2016-01-04,4.474
2016-01-05,4.365
2016-01-06,4.497
2016-01-07,4.521
2016-01-08,4.543
2016-01-09,4.351
2016-01-10,4.529
2016-01-11,3.89
2016-01-12,3.709
2016-01-13,3.755
2016-01-14,4.36
2016-01-15,4.352
2016-01-16,4.024
2016-01-17,3.931
2016-01-18,3.863
2016-01-19,3.874
2016-01-20,3.547
2016-01-21,2.858
2016-01-22,2.357
2016-01-23,2.149
2016-01-24,2.28
2016-01-25,2.439
2016-01-26,4.165
2016-01-27,4.667
2016-01-28,3.929
2016-01-29,3.874
2016-01-30,3.706
2016-01-31,2.901
2016-02-01,2.694
2016-02-02,2.829
2016-02-03,2.667
2016-02-04,2.598
2016-02-05,2.748
2016-02-06,2.744
2016-02-07,2.683
2016-02-08,2.933
2016-02-09,2.298
2016-02-10,2.516
2016-02-11,2.573
2016-02-12,2.638
2016-02-13,2.701
2016-02-14,2.529
2016-02-15,2.446
2016-02-16,1.21
2016-02-17,1.008
2016-02-18,0.951
2016-02-19,1.126
2016-02-20,1.511
2016-02-21,1.932
2016-02-22,0.827
2016-02-23,0.381
2016-02-24,0.407
2016-02-25,0.661
2016-02-26,0.927
2016-02-27,1.564
2016-02-28,1.631
2016-02-29,1.639
2016-03-01,1.143
2016-03-02,0.8
2016-03-03,0.78
2016-03-04,0.616
2016-03-05,0.701
2016-03-06,0.834
2016-03-07,1.375
2016-03-08,2.056
2016-03-09,3.159
2016-03-10,2.661
2016-03-11,2.499
2016-03-12,2.434
2016-03-13,2.468
2016-03-14,2.451
2016-03-15,1.251
2016-03-16,0.976
2016-03-17,0.783
2016-03-18,0.676
2016-03-19,0.488
2016-03-20,0.363
2016-03-21,0.383
2016-03-22,0.655
2016-03-23,0.931
2016-03-24,0.565
2016-03-25,0.303
2016-03-26,0.701
2016-03-27,0.817
2016-03-28,1.139
2016-03-29,1.291
2016-03-30,1.298
2016-03-31,1.517
2016-04-01,1.816
2016-04-02,2.092
2016-04-03,1.597
2016-04-04,1.222
2016-04-05,1.133
2016-04-06,1.101
2016-04-07,1.425
2016-04-08,1.393
2016-04-09,1.299
2016-04-10,1.446
2016-04-11,1.378
2016-04-12,1.368
2016-04-13,1.396
2016-04-14,1.477
2016-04-15,1.459
2016-04-16,1.318
2016-04-17,1.687
2016-04-18,1.553
2016-04-19,1.27
2016-04-20,1.285
2016-04-21,2.458
2016-04-22,2.786
2016-04-23,2.886
2016-04-24,2.86
2016-04-25,2.995
2016-04-26,3.081
2016-04-27,3.165
2016-04-28,3.055
2016-04-29,2.861
2016-04-30,2.408
2016-05-01,2.688
2016-05-02,2.937
2016-05-03,3.366
2016-05-04,3.61
2016-05-05,3.951
2016-05-06,4.277
2016-05-07,4.371
2016-05-08,4.452
2016-05-09,4.6
2016-05-10,4.834
2016-05-11,4.82
2016-05-12,4.848
2016-05-13,5.108
2016-05-14,4.75
2016-05-15,4.69
2016-05-16,4.883
2016-05-17,5.044
2016-05-18,5.431
2016-05-19,6.28
2016-05-20,6.272
2016-05-21,5.09
2016-05-22,4.809
2016-05-23,6.052
2016-05-24,5.655
2016-05-25,5.812
2016-05-26,7.206
2016-05-27,7.82
2016-05-28,7.795
2016-05-29,8.818
2016-05-30,9.296
2016-05-31,9.767
2016-06-01,10.718
2016-06-02,11.057
2016-06-03,11.298
2016-06-04,11.519
2016-06-05,11.582
2016-06-06,12.039
2016-06-07,13.652
2016-06-08,14.137
2016-06-09,14.165
2016-06-10,13.251
2016-06-11,12.883
2016-06-12,12.72
2016-06-13,12.646
2016-06-14,12.631
2016-06-15,12.678
2016-06-16,12.517
2016-06-17,14.251
2016-06-18,15.9
2016-06-19,15.522
2016-06-20,14.932
2016-06-21,14.614
2016-06-22,14.373
2016-06-23,14.575
2016-06-24,14.893
2016-06-25,15.491
2016-06-26,16.524
2016-06-27,17.313
2016-06-28,17.645
2016-06-29,17.787
2016-06-30,17.635
2016-07-01,17.818
2016-07-02,17.732
2016-07-03,17.698
2016-07-04,17.638
2016-07-05,17.425
2016-07-06,17.632
2016-07-07,18.873
2016-07-08,18.975
2016-07-09,18.568
2016-07-10,18.672
2016-07-11,18.746
2016-07-12,18.635
2016-07-13,19.715
2016-07-14,20.338
2016-07-15,20.92
2016-07-16,21.246
2016-07-17,21.18
2016-07-18,21.185
2016-07-19,20.758
2016-07-20,20.713
2016-07-21,20.969
2016-07-22,21.655
2016-07-23,22.357
2016-07-24,22.158
2016-07-25,21.728
2016-07-26,21.727
2016-07-27,21.793
2016-07-28,21.838
2016-07-29,22.274
2016-07-30,22.562
2016-07-31,22.522
2016-08-01,22.606
2016-08-02,22.86
2016-08-03,22.966
2016-08-04,23.307
2016-08-05,23.556
2016-08-06,23.405
2016-08-07,23.179
2016-08-08,22.952
2016-08-09,23.186
2016-08-10,23.928
2016-08-11,23.963
2016-08-12,23.969
2016-08-13,23.336
2016-08-14,23.459
2016-08-15,23.373
2016-08-16,23.274
2016-08-17,23.122
2016-08-18,23.183
2016-08-19,23.576
2016-08-20,23.783
2016-08-21,23.288
2016-08-22,22.526
2016-08-23,22.272
2016-08-24,22.562
2016-08-25,22.666
2016-08-26,22.919
2016-08-27,22.628
2016-08-28,22.534
2016-08-29,22.623
2016-08-30,22.578
2016-08-31,22.472
2016-09-01,22.402
2016-09-02,22.181
2016-09-03,21.769
2016-09-04,21.12
2016-09-05,21.496
2016-09-06,21.854
2016-09-07,22.141
2016-09-08,22.094
2016-09-09,22.241
2016-09-10,21.977
2016-09-11,21.216
2016-09-12,21.168
2016-09-13,21.038
2016-09-14,20.774
2016-09-15,20.54
2016-09-16,20.511
2016-09-17,20.654
2016-09-18,20.606
2016-09-19,20.546
2016-09-20,20.376
2016-09-21,20.238
2016-09-22,20.29
2016-09-23,20.277
2016-09-24,20.243
2016-09-25,20.167
2016-09-26,19.812
2016-09-27,18.912
2016-09-28,18.613
2016-09-29,18.795
2016-09-30,18.893
2016-10-01,18.85
2016-10-02,18.02
2016-10-03,18.047
2016-10-04,17.712
2016-10-05,17.698
2016-10-06,17.775
2016-10-07,17.834
2016-10-08,17.743
2016-10-09,17.268
2016-10-10,16.895
2016-10-11,16.63
2016-10-12,16.648
2016-10-13,16.518
2016-10-14,15.546
2016-10-15,15.363
2016-10-16,15.207
2016-10-17,15.083
2016-10-18,15.014
2016-10-19,14.952
2016-10-20,15.003
2016-10-21,14.893
2016-10-22,13.924
2016-10-23,13.901
2016-10-24,13.718
2016-10-25,13.227
2016-10-26,12.119
2016-10-27,11.856
2016-10-28,11.558
2016-10-29,10.984
2016-10-30,10.836
2016-10-31,10.804
2016-11-01,10.839
2016-11-02,11.086
2016-11-03,11.166
2016-11-04,10.879
2016-11-05,10.778
2016-11-06,10.506
2016-11-07,10.512
2016-11-08,10.574
2016-11-09,10.426
2016-11-10,10.145
2016-11-11,10.055
2016-11-12,10.286
2016-11-13,10.386
2016-11-14,10.235
2016-11-15,9.655
2016-11-16,9.43
2016-11-17,9.451
2016-11-18,9.678
2016-11-19,9.712
2016-11-20,8.725
2016-11-21,8.07
2016-11-22,6.772
2016-11-23,6.876
2016-11-24,6.95
2016-11-25,7.109
2016-11-26,7.387
2016-11-27,7.469
2016-11-28,7.419
2016-11-29,7.439
2016-11-30,7.48
2016-12-01,7.547
2016-12-02,7.097
2016-12-03,6.799
2016-12-04,6.618
2016-12-05,6.744
2016-12-06,6.831
2016-12-07,6.862
2016-12-08,6.909
2016-12-09,5.653
2016-12-10,5.845
2016-12-11,5.6
2016-12-12,5.557
2016-12-13,5.551
2016-12-14,4.729
2016-12-15,4.256
2016-12-16,4.073
2016-12-17,4.335
2016-12-18,4.468
2016-12-19,4.539
2016-12-20,4.275
2016-12-21,4.136
2016-12-22,4.073
2016-12-23,4.107
2016-12-24,4.244
2016-12-25,4.515
2016-12-26,4.489
2016-12-27,4.769
2016-12-28,5.157
2016-12-29,5.723
2016-12-30,4.884
2016-12-31,5.119
2017-01-01,4.876
2017-01-02,5.465
2017-01-03,5.638
2017-01-04,4.821
2017-01-05,3.904
2017-01-06,4.065
2017-01-07,2.016
2017-01-08,3.843
2017-01-09,3.82
2017-01-10,3.823
2017-01-11,4.66
2017-01-12,4.544
2017-01-13,2.812
2017-01-14,2.634
2017-01-15,2.897
2017-01-16,3.173
2017-01-17,3.477
2017-01-18,4.125
2017-01-19,4.523
2017-01-20,4.662
2017-01-21,5.18
2017-01-22,4.437
2017-01-23,4.612
2017-01-24,4.454
2017-01-25,4.394
2017-01-26,4.42
2017-01-27,4.387
2017-01-28,4.041
2017-01-29,3.572
2017-01-30,3.209
2017-01-31,2.939
2017-02-01,2.741
2017-02-02,1.776
2017-02-03,1.419
2017-02-04,1.506
2017-02-05,1.909
2017-02-06,2.043
2017-02-07,1.947
2017-02-08,1.954
2017-02-09,2.111
2017-02-10,2.192
2017-02-11,2.307
2017-02-12,1.67
2017-02-13,0.842
2017-02-14,0.647
2017-02-15,0.687
2017-02-16,1.009
2017-02-17,1.576
2017-02-18,1.673
2017-02-19,1.512
2017-02-20,1.474
2017-02-21,1.629
2017-02-22,2.054
2017-02-23,2.539
2017-02-24,2.687
2017-02-25,1.945
2017-02-26,1.458
2017-02-27,1.37
2017-02-28,1.306
2017-03-01,1.453
2017-03-02,1.234
2017-03-03,1.271
2017-03-04,1.173
2017-03-05,1.256
2017-03-06,0.988
2017-03-07,1.061
2017-03-08,1.211
2017-03-09,0.892
2017-03-10,0.435
2017-03-11,0.803
2017-03-12,0.812
2017-03-13,1.183
2017-03-14,0.465
2017-03-15,0.342
2017-03-16,0.173
2017-03-17,0.244
2017-03-18,0.543
2017-03-19,0.734
2017-03-20,0.87
2017-03-21,0.788
2017-03-22,0.696
2017-03-23,0.51
2017-03-24,0.397
2017-03-25,0.444
2017-03-26,0.58
2017-03-27,-0.282
2017-03-28,-0.221
2017-03-29,-0.202
2017-03-30,-0.086
2017-03-31,0.216
2017-04-01,1.189
2017-04-02,1.235
2017-04-03,0.334
2017-04-04,0.884
2017-04-05,1.432
2017-04-06,1.12
2017-04-07,1.167
2017-04-08,1.173
2017-04-09,1.216
2017-04-10,1.143
2017-04-11,1.352
2017-04-12,1.233
2017-04-13,1.399
2017-04-14,1.624
2017-04-15,1.435
2017-04-16,1.582
2017-04-17,1.918
2017-04-18,2.445
2017-04-19,2.163
2017-04-20,2.277
2017-04-21,2.456
2017-04-22,2.074
2017-04-23,1.993
2017-04-24,2.064
2017-04-25,2.158
2017-04-26,2.014
2017-04-27,2.506
2017-04-28,3.247
2017-04-29,2.772
2017-04-30,2.733
2017-05-01,2.735
2017-05-02,2.719
2017-05-03,3.148
2017-05-04,3.115
2017-05-05,2.796
2017-05-06,3.21
2017-05-07,2.752
2017-05-08,2.542
2017-05-09,2.563
2017-05-10,2.601
2017-05-11,2.413
2017-05-12,2.669
2017-05-13,2.741
2017-05-14,2.678
2017-05-15,1.687
2017-05-16,1.977
2017-05-17,1.886
2017-05-18,3.376
2017-05-19,3.853
2017-05-20,6.054
2017-05-21,5.956
2017-05-22,6.156
2017-05-23,6.266
2017-05-24,6.254
2017-05-25,6.27
2017-05-26,6.358
2017-05-27,5.249
2017-05-28,5.867
2017-05-29,5.982
2017-05-30,5.966
2017-05-31,5.623
2017-06-01,6.193
2017-06-02,6.534
2017-06-03,6.665
2017-06-04,7.084
2017-06-05,7.843
2017-06-06,8.119
2017-06-07,8.456
2017-06-08,10.114
2017-06-09,10.699
2017-06-10,11.123
2017-06-11,10.994
2017-06-12,9.95
2017-06-13,10.142
2017-06-14,9.855
2017-06-15,11.009
2017-06-16,11.279
2017-06-17,13.727
2017-06-18,14.765
2017-06-19,14.888
2017-06-20,14.47
2017-06-21,13.431
2017-06-22,14.212
2017-06-23,15.583
2017-06-24,16.333
2017-06-25,16.801
2017-06-26,17.07
2017-06-27,16.838
2017-06-28,15.941
2017-06-29,13.879
2017-06-30,14.168
2017-07-01,16.563
2017-07-02,17.88
2017-07-03,17.96
2017-07-04,17.632
2017-07-05,17.139
2017-07-06,17.328
2017-07-07,17.74
2017-07-08,18.27
2017-07-09,18.424
2017-07-10,18.804
2017-07-11,19.072
2017-07-12,18.576
2017-07-13,18.476
2017-07-14,18.233
2017-07-15,18.488
2017-07-16,19.448
2017-07-17,20.188
2017-07-18,20.427
2017-07-19,20.752
2017-07-20,21.328
2017-07-21,21.599
2017-07-22,21.548
2017-07-23,20.983
2017-07-24,19.946
2017-07-25,20.357
2017-07-26,20.37
2017-07-27,20.273
2017-07-28,20.159
2017-07-29,20.333
2017-07-30,20.392
2017-07-31,20.442
2017-08-01,20.892
2017-08-02,21.675
2017-08-03,22.038
2017-08-04,20.705
2017-08-05,20.436
2017-08-06,20.354
2017-08-07,20.376
2017-08-08,20.37
2017-08-09,20.154
2017-08-10,20.024
2017-08-11,20.371
2017-08-12,20.305
2017-08-13,20.158
2017-08-14,20.165
2017-08-15,20.303
2017-08-16,21.069
2017-08-17,20.969
2017-08-18,20.762
2017-08-19,20.632
2017-08-20,21.336
2017-08-21,21.505
2017-08-22,21.549
2017-08-23,21.154
2017-08-24,20.082
2017-08-25,19.416
2017-08-26,19.269
2017-08-27,19.243
2017-08-28,19.397
2017-08-29,19.492
2017-08-30,19.084
2017-08-31,18.929
2017-09-01,19.031
2017-09-02,19.19
2017-09-03,19.253
2017-09-04,19.052
2017-09-05,18.9
2017-09-06,18.63
2017-09-07,18.15
2017-09-08,17.815
2017-09-09,17.853
2017-09-10,17.785
2017-09-11,17.88
2017-09-12,18.829
2017-09-13,18.927
2017-09-14,19.84
2017-09-15,20.049
2017-09-16,19.985
2017-09-17,20.012
2017-09-18,20.1
2017-09-19,20.397
2017-09-20,20.947
2017-09-21,21.02
2017-09-22,21.001
2017-09-23,20.591
2017-09-24,21.882
2017-09-25,21.349
2017-09-26,21.944
2017-09-27,19.768
2017-09-28,18.873
2017-09-29,18.021
2017-09-30,17.84
2017-10-01,17.494
2017-10-02,17.431
2017-10-03,17.441
2017-10-04,17.573
2017-10-05,17.577
2017-10-06,17.543
2017-10-07,17.338
2017-10-08,17.461
2017-10-09,17.501
2017-10-10,17.529
2017-10-11,17.549
2017-10-12,17.505
2017-10-13,17.267
2017-10-14,16.813
2017-10-15,15.344
2017-10-16,14.399
2017-10-17,14.96
2017-10-18,15.257
2017-10-19,14.867
2017-10-20,15.25
2017-10-21,15.124
2017-10-22,15.054
2017-10-23,14.845
2017-10-24,14.597
2017-10-25,13.933
2017-10-26,13.632
2017-10-27,13.581
2017-10-28,13.493
2017-10-29,12.961
2017-10-30,11.348
2017-10-31,10.207
2017-11-01,10.67
2017-11-02,11.387
2017-11-03,10.908
2017-11-04,10.562
2017-11-05,10.267
2017-11-06,10.491
2017-11-07,9.82
2017-11-08,9.674
2017-11-09,9.914
2017-11-10,10.121
2017-11-11,10.147
2017-11-12,10.293
2017-11-13,10.031
2017-11-14,8.647
2017-11-15,8.58
2017-11-16,8.296
2017-11-17,7.987
2017-11-18,7.721
2017-11-19,7.303
2017-11-20,7.175
2017-11-21,7.162
2017-11-22,7.305
2017-11-23,7.549
2017-11-24,7.372
2017-11-25,7.428
2017-11-26,7.366
2017-11-27,7.178
2017-11-28,7.212
2017-11-29,7.212
2017-11-30,7.236
2017-12-01,7.039
2017-12-02,6.428
2017-12-03,6.489
2017-12-04,6.507
2017-12-05,6.729
2017-12-06,6.559
2017-12-07,6.032
2017-12-08,5.371
2017-12-09,4.695
2017-12-10,4.86
2017-12-11,3.861
2017-12-12,3.902
2017-12-13,3.946
2017-12-14,3.846
2017-12-15,3.695
2017-12-16,3.204
2017-12-17,2.993
2017-12-18,4.013
2017-12-19,3.632
2017-12-20,3.162
2017-12-21,3.74
2017-12-22,3.463
2017-12-23,4.183
2017-12-24,3.647
2017-12-25,2.922
2017-12-26,2.548
2017-12-27,2.018
2017-12-28,2.144
2017-12-29,2.498
2017-12-30,2.429
2017-12-31,2.712
2018-01-01,3.34
2018-01-02,2.739
2018-01-03,3.381
2018-01-04,2.86
2018-01-05,2.452
2018-01-06,2.516
2018-01-07,2.296
2018-01-08,1.56
2018-01-09,1.275
2018-01-10,1.181
2018-01-11,1.351
2018-01-12,1.814
2018-01-13,2.095
2018-01-14,2.072
2018-01-15,1.895
2018-01-16,1.977
2018-01-17,1.973
2018-01-18,1.865
2018-01-19,2.185
2018-01-20,3.747
2018-01-21,3.92
2018-01-22,3.482
2018-01-23,2.344
2018-01-24,1.709
2018-01-25,1.634
2018-01-26,1.527
2018-01-27,0.442
2018-01-28,-0.043
2018-01-29,-0.034
2018-01-30,0.323
2018-01-31,0.917
2018-02-01,2.064
2018-02-02,2.002
2018-02-03,1.98
2018-02-04,1.842
2018-02-05,1.731
2018-02-06,1.29
2018-02-07,0.96
2018-02-08,0.885
2018-02-09,0.987
2018-02-10,0.988
2018-02-11,0.922
2018-02-12,0.646
2018-02-13,0.401
2018-02-14,0.259
2018-02-15,0.475
2018-02-16,0.679
2018-02-17,0.62
2018-02-18,0.712
2018-02-19,0.918
2018-02-20,0.641
2018-02-21,0.466
2018-02-22,0.817
2018-02-23,0.892
2018-02-24,0.441
2018-02-25,0.649
2018-02-26,0.471
2018-02-27,0.281
2018-02-28,0.471
2018-03-01,0.442
2018-03-02,0.409
2018-03-03,0.427
2018-03-04,0.374
2018-03-05,0.421
2018-03-06,0.507
2018-03-07,0.886
2018-03-08,1.609
2018-03-09,0.685
2018-03-10,0.442
2018-03-11,0.373
2018-03-12,0.368
2018-03-13,0.487
2018-03-14,0.684
2018-03-15,0.701
2018-03-16,0.423
2018-03-17,0.297
2018-03-18,0.248
2018-03-19,0.259
2018-03-20,0.496
2018-03-21,0.886
2018-03-22,1.022
2018-03-23,1.092
2018-03-24,1.062
2018-03-25,1.021
2018-03-26,0.99
2018-03-27,1.018
2018-03-28,0.899
2018-03-29,1.127
2018-03-30,1.072
2018-03-31,0.898
2018-04-01,0.601
2018-04-02,0.557
2018-04-03,0.637
2018-04-04,0.754
2018-04-05,0.666
2018-04-06,0.592
2018-04-07,0.648
2018-04-08,0.432
2018-04-09,0.358
2018-04-10,0.637
2018-04-11,0.597
2018-04-12,0.625
2018-04-13,0.798
2018-04-14,0.974
2018-04-15,0.539
2018-04-16,2.802
2018-04-17,2.645
2018-04-18,1.215
2018-04-19,1.133
2018-04-20,1.056
2018-04-21,1.084
2018-04-22,0.978
2018-04-23,1.158
2018-04-24,1.102
2018-04-25,1.341
2018-04-26,1.504
2018-04-27,1.746
2018-04-28,2.629
2018-04-29,2.873
2018-04-30,2.961
2018-05-01,2.85
2018-05-02,2.571
2018-05-03,2.351
2018-05-04,3.378
2018-05-05,3.712
2018-05-06,3.82
2018-05-07,4.018
2018-05-08,3.493
2018-05-09,3.132
2018-05-10,2.728
2018-05-11,3.232
2018-05-12,3.397
2018-05-13,3.456
2018-05-14,3.892
2018-05-15,3.963
2018-05-16,4.23
2018-05-17,4.082
2018-05-18,3.871
2018-05-19,4.513
2018-05-20,4.548
2018-05-21,4.498
2018-05-22,4.485
2018-05-23,4.597
2018-05-24,4.938
2018-05-25,4.833
2018-05-26,5.268
2018-05-27,6
2018-05-28,5.867
2018-05-29,6.597
2018-05-30,6.675
2018-05-31,6.68
2018-06-01,7.161
2018-06-02,7.172
2018-06-03,7.016
2018-06-04,7.281
2018-06-05,8.069
2018-06-06,8.147
2018-06-07,8.241
2018-06-08,9.937
2018-06-09,10.674
2018-06-10,11.236
2018-06-11,11.093
2018-06-12,10.526
2018-06-13,11.212
2018-06-14,11.295
2018-06-15,11.43
2018-06-16,11.459
2018-06-17,10.654
2018-06-18,10.507
2018-06-19,10.802
2018-06-20,11.406
2018-06-21,12.193
2018-06-22,16.343
2018-06-23,16.197
2018-06-24,16.124
2018-06-25,16.17
2018-06-26,16.376
2018-06-27,17.239
2018-06-28,17.375
2018-06-29,17.378
2018-06-30,17.528
2018-07-01,17.16
2018-07-02,18.529
2018-07-03,18.778
2018-07-04,18.477
2018-07-05,18.222
2018-07-06,18.026
2018-07-07,17.581
2018-07-08,17.651
2018-07-09,18.277
2018-07-10,19.594
2018-07-11,19.356
2018-07-12,19.234
2018-07-13,19.583
2018-07-14,20.307
2018-07-15,22.053
2018-07-16,21.633
2018-07-17,21.312
2018-07-18,21.054
2018-07-19,20.859
2018-07-20,20.806
2018-07-21,20.692
2018-07-22,20.669
2018-07-23,20.105
2018-07-24,21.779
2018-07-25,22.038
2018-07-26,22.08
2018-07-27,21.454
2018-07-28,21.387
2018-07-29,21.403
2018-07-30,21.732
2018-07-31,21.604
2018-08-01,21.77
2018-08-02,21.757
2018-08-03,22.742
2018-08-04,23.062
2018-08-05,23.292
2018-08-06,23.134
2018-08-07,23.211
2018-08-08,23.448
2018-08-09,23.218
2018-08-10,23.077
2018-08-11,23.106
2018-08-12,23.172
2018-08-13,23.608
2018-08-14,23.802
2018-08-15,23.801
2018-08-16,23.721
2018-08-17,23.566
2018-08-18,23.571
2018-08-19,23.559
2018-08-20,23.575
2018-08-21,23.448
2018-08-22,22.289
2018-08-23,22.003
2018-08-24,22.128
2018-08-25,22.205
2018-08-26,22.105
2018-08-27,21.712
2018-08-28,21.471
2018-08-29,21.311
2018-08-30,21.564
2018-08-31,21.71
2018-09-01,21.858
2018-09-02,21.901
2018-09-03,21.979
2018-09-04,22.186
2018-09-05,22.193
2018-09-06,21.93
2018-09-07,21.908
2018-09-08,21.857
2018-09-09,21.649
2018-09-10,20.864
2018-09-11,19.685
2018-09-12,19.721
2018-09-13,20.335
2018-09-14,20.704
2018-09-15,20.78
2018-09-16,20.72
2018-09-17,20.998
2018-09-18,21.217
2018-09-19,21.445
2018-09-20,20.896
2018-09-21,17.844
2018-09-22,17.001
2018-09-23,16.859
2018-09-24,17.1
2018-09-25,17.48
2018-09-26,18.068
2018-09-27,16.617
2018-09-28,16.525
2018-09-29,16.465
2018-09-30,16.264
2018-10-01,16.061
2018-10-02,15.501
2018-10-03,15.222
2018-10-04,15.172
2018-10-05,15.091
2018-10-06,15.03
2018-10-07,14.588
2018-10-08,14.409
2018-10-09,14.491
2018-10-10,13.632
2018-10-11,13.276
2018-10-12,13.299
2018-10-13,13.339
2018-10-14,13.211
2018-10-15,13.034
2018-10-16,12.617
2018-10-17,11.534
2018-10-18,11.054
2018-10-19,10.801
2018-10-20,10.571
2018-10-21,10.42
2018-10-22,9.84
2018-10-23,9.855
2018-10-24,10.098
2018-10-25,10.307
2018-10-26,9.936
2018-10-27,9.895
2018-10-28,9.617
2018-10-29,9.697
2018-10-30,9.602
2018-10-31,9.645
2018-11-01,9.517
2018-11-02,9.282
2018-11-03,9.289
2018-11-04,9.117
2018-11-05,9.335
2018-11-06,9.267
2018-11-07,9.511
2018-11-08,9.247
2018-11-09,8.893
2018-11-10,8.331
2018-11-11,7.894
2018-11-12,7.147
2018-11-13,6.632
2018-11-14,6.52
2018-11-15,6.514
2018-11-16,6.294
2018-11-17,6.387
2018-11-18,5.859
2018-11-19,5.899
2018-11-20,5.18
2018-11-21,5.069
2018-11-22,5.029
2018-11-23,5.376
2018-11-24,5.613
2018-11-25,5.79
2018-11-26,5.782
2018-11-27,5.504
2018-11-28,5.066
2018-11-29,5.559
2018-11-30,6.085
2018-12-01,5.803
2018-12-02,5.757
2018-12-03,5.678
2018-12-04,5.572
2018-12-05,5.41
2018-12-06,5.23
2018-12-07,4.446
2018-12-08,4.234
2018-12-09,4.179
2018-12-10,4.355
2018-12-11,4.463
2018-12-12,5.296
2018-12-13,5.48
2018-12-14,5.408
2018-12-15,5.182
2018-12-16,4.885
2018-12-17,4.567
2018-12-18,4.551
2018-12-19,4.621
2018-12-20,3.912
2018-12-21,4.304
2018-12-22,4.316
2018-12-23,4.036
2018-12-24,4.072
2018-12-25,4.082
2018-12-26,3.924
2018-12-27,3.735
2018-12-28,3.922
2018-12-29,4.06
2018-12-30,4.199
2018-12-31,4.077
2019-01-01,4.027
2019-01-02,3.412
2019-01-03,3.535
2019-01-04,3.505
2019-01-05,3.551
2019-01-06,3.608
2019-01-07,3.733
2019-01-08,3.814
2019-01-09,3.252
2019-01-10,2.982
2019-01-11,2.65
2019-01-12,3.028
2019-01-13,3.141
2019-01-14,3.114
2019-01-15,3.017
2019-01-16,3.047
2019-01-17,3.589
2019-01-18,3.726
2019-01-19,3.321
2019-01-20,1.794
2019-01-21,1.148
2019-01-22,0.998
2019-01-23,1.28
2019-01-24,2.096
2019-01-25,3.025
2019-01-26,3.335
2019-01-27,3.29
2019-01-28,2.423
2019-01-29,2.34
2019-01-30,2.281
2019-01-31,2.44
2019-02-01,2.554
2019-02-02,2.244
2019-02-03,2.689
2019-02-04,1.457
2019-02-05,1.075
2019-02-06,1.144
2019-02-07,1.25
2019-02-08,1.449
2019-02-09,1.623
2019-02-10,1.547
2019-02-11,1.281
2019-02-12,0.416
2019-02-13,1.675
2019-02-14,1.56
2019-02-15,0.926
2019-02-16,0.65
2019-02-17,0.592
2019-02-18,0.661
2019-02-19,1.037
2019-02-20,1.487
2019-02-21,1.649
2019-02-22,2.119
2019-02-23,2.115
2019-02-24,1.976
2019-02-25,1.987
2019-02-26,1.618
2019-02-27,1.658
2019-02-28,1.811
2019-03-01,1.899
2019-03-02,1.549
2019-03-03,1.574
2019-03-04,0.348
2019-03-05,0.482
2019-03-06,1.016
2019-03-07,1.219
2019-03-08,1.291
2019-03-09,1.534
2019-03-10,0.74
2019-03-11,0.906
2019-03-12,1.165
2019-03-13,1.264
2019-03-14,1.305
2019-03-15,1.32
2019-03-16,1.118
2019-03-17,1.112
2019-03-18,0.925
2019-03-19,0.888
2019-03-20,0.71
2019-03-21,0.462
2019-03-22,0.405
2019-03-23,0.459
2019-03-24,0.577
2019-03-25,0.804
2019-03-26,0.968
2019-03-27,1.097
2019-03-28,1.214
2019-03-29,1.418
2019-03-30,0.72
2019-03-31,0.661
2019-04-01,0.741
2019-04-02,0.764
2019-04-03,0.834
2019-04-04,0.893
2019-04-05,1.225
2019-04-06,1.299
2019-04-07,1.285
2019-04-08,1.394
2019-04-09,1.444
2019-04-10,1.35
2019-04-11,1.235
2019-04-12,0.704
2019-04-13,0.653
2019-04-14,0.675
2019-04-15,0.455
2019-04-16,0.489
2019-04-17,0.443
2019-04-18,0.452
2019-04-19,0.736
2019-04-20,1.203
2019-04-21,1.112
2019-04-22,1.367
2019-04-23,1.831
2019-04-24,1.605
2019-04-25,1.851
2019-04-26,1.141
2019-04-27,1.21
2019-04-28,1.156
2019-04-29,1.174
2019-04-30,1.292
2019-05-01,1.67
2019-05-02,2.321
2019-05-03,2.439
2019-05-04,2.645
2019-05-05,2.781
2019-05-06,2.534
2019-05-07,2.962
2019-05-08,2.998
2019-05-09,3.155
2019-05-10,3.261
2019-05-11,3.353
2019-05-12,3.177
2019-05-13,3.118
2019-05-14,3.372
2019-05-15,3.371
2019-05-16,3.023
2019-05-17,2.848
2019-05-18,2.906
2019-05-19,3.292
2019-05-20,3.331
2019-05-21,3.45
2019-05-22,3.51
2019-05-23,3.526
2019-05-24,3.789
2019-05-25,4.091
2019-05-26,3.864
2019-05-27,4.138
2019-05-28,4.06
2019-05-29,4.39
2019-05-30,4.901
2019-05-31,4.939
2019-06-01,4.645
2019-06-02,5.162
2019-06-03,5.444
2019-06-04,5.418
2019-06-05,6.338
2019-06-06,6.628
2019-06-07,7.335
2019-06-08,7.389
2019-06-09,7.646
2019-06-10,6.011
2019-06-11,6.199
2019-06-12,6.116
2019-06-13,6.149
2019-06-14,6.664
2019-06-15,6.04
2019-06-16,7.202
2019-06-17,8.117
2019-06-18,8.956
2019-06-19,9.407
2019-06-20,12.446
2019-06-21,12.526
2019-06-22,12.382
2019-06-23,12.304
2019-06-24,12.097
2019-06-25,12.655
2019-06-26,13.567
2019-06-27,14.498
2019-06-28,15.342
2019-06-29,16.681
2019-06-30,17.302
2019-07-01,17.565
2019-07-02,17.269
2019-07-03,16.184
2019-07-04,12.538
2019-07-05,16.165
2019-07-06,19.76
2019-07-07,19.918
2019-07-08,20.054
2019-07-09,20.276
2019-07-10,20.52
2019-07-11,20.105
2019-07-12,19.992
2019-07-13,19.812
2019-07-14,19.725
2019-07-15,19.617
2019-07-16,19.789
2019-07-17,20.177
2019-07-18,21.453
2019-07-19,21.786
2019-07-20,21.661
2019-07-21,21.511
2019-07-22,21.58
2019-07-23,21.525
2019-07-24,21.415
2019-07-25,21.596
2019-07-26,21.741
2019-07-27,22.206
2019-07-28,22.677
2019-07-29,21.814
2019-07-30,21.758
2019-07-31,21.912
2019-08-01,21.882
2019-08-02,21.913
2019-08-03,22.114
2019-08-04,22.31
2019-08-05,22.292
2019-08-06,22.376
2019-08-07,22.466
2019-08-08,22.545
2019-08-09,22.502
2019-08-10,22.333
2019-08-11,22.285
2019-08-12,21.812
2019-08-13,21.774
2019-08-14,21.784
2019-08-15,21.8
2019-08-16,21.743
2019-08-17,21.574
2019-08-18,21.698
2019-08-19,21.591
2019-08-20,21.874
2019-08-21,21.44
2019-08-22,21.197
2019-08-23,21.028
2019-08-24,20.883
2019-08-25,20.876
2019-08-26,21.215
2019-08-27,21.364
2019-08-28,21.286
2019-08-29,20.93
2019-08-30,20.625
2019-08-31,20.35
2019-09-01,19.7
2019-09-02,19.066
2019-09-03,19.193
2019-09-04,19.165
2019-09-05,19.139
2019-09-06,19.051
2019-09-07,18.842
2019-09-08,18.781
2019-09-09,18.822
2019-09-10,18.715
2019-09-11,18.498
2019-09-12,18.43
2019-09-13,17.984
2019-09-14,17.794
2019-09-15,17.779
2019-09-16,17.839
2019-09-17,18.011
2019-09-18,18.041
2019-09-19,18.006
2019-09-20,18.049
2019-09-21,18.19
2019-09-22,18.186
2019-09-23,18.316
2019-09-24,18.295
2019-09-25,18.036
2019-09-26,17.908
2019-09-27,17.651
2019-09-28,17.588
2019-09-29,17.604
2019-09-30,17.492
2019-10-01,17.164
2019-10-02,16.525
2019-10-03,16.071
2019-10-04,15.918
2019-10-05,16.103
2019-10-06,15.273
2019-10-07,15.16
2019-10-08,15.119
2019-10-09,15.1
2019-10-10,15.113
2019-10-11,15.151
2019-10-12,14.746
2019-10-13,14.106
2019-10-14,14.122
2019-10-15,13.781
2019-10-16,13.249
2019-10-17,12.803
2019-10-18,12.268
2019-10-19,12.174
2019-10-20,12.141
2019-10-21,12.269
2019-10-22,12.027
2019-10-23,11.401
2019-10-24,10.589
2019-10-25,10.511
2019-10-26,10.775
2019-10-27,10.925
2019-10-28,11.217
2019-10-29,11.204
2019-10-30,11.12
2019-10-31,10.811
2019-11-01,8.616
2019-11-02,8.445
2019-11-03,8.795
2019-11-04,8.986
2019-11-05,9.029
2019-11-06,8.758
2019-11-07,8.001
2019-11-08,7.734
2019-11-09,7.479
2019-11-10,7.721
2019-11-11,7.191
2019-11-12,7.08
2019-11-13,7.098
2019-11-14,7.034
2019-11-15,6.769
2019-11-16,6.611
2019-11-17,6.645
2019-11-18,6.798
2019-11-19,6.211
2019-11-20,6.064
2019-11-21,5.918
2019-11-22,5.932
2019-11-23,5.926
2019-11-24,5.839
2019-11-25,5.931
2019-11-26,5.977
2019-11-27,6
2019-11-28,5.929
2019-11-29,5.881
2019-11-30,5.771
2019-12-01,5.59
2019-12-02,5.482
2019-12-03,5.367
2019-12-04,5.498
2019-12-05,5.577
2019-12-06,4.879
2019-12-07,4.662
2019-12-08,4.663
2019-12-09,4.784
2019-12-10,5.074
2019-12-11,4.169
2019-12-12,4.295
2019-12-13,4.367
2019-12-14,4.582
2019-12-15,5.047
2019-12-16,4.986
2019-12-17,3.369
2019-12-18,3.037
2019-12-19,3.179
2019-12-20,4.554
2019-12-21,4.585
2019-12-22,4.106
2019-12-23,3.977
2019-12-24,4.117
2019-12-25,4.472
2019-12-26,4.574
2019-12-27,5.182
2019-12-28,5.273
2019-12-29,5.25
2019-12-30,5.04
2019-12-31,5.038
2020-01-01,4.299
2020-01-02,4.176
2020-01-03,4.179
2020-01-04,4.197
2020-01-05,3.975
2020-01-06,3.634
2020-01-07,2.76
2020-01-08,2.812
2020-01-09,2.757
2020-01-10,2.994
2020-01-11,3.312
2020-01-12,3.034
2020-01-13,3.069
2020-01-14,3.437
2020-01-15,2.49
2020-01-16,2.24
2020-01-17,2.146
2020-01-18,1.423
2020-01-19,1.119
2020-01-20,0.685
2020-01-21,0.542
2020-01-22,0.934
2020-01-23,2.806
2020-01-24,3.146
2020-01-25,3.894
2020-01-26,0.051
2020-01-27,0.416
2020-01-28,1.493
2020-01-29,1.335
2020-01-30,1.027
2020-01-31,1.061
2020-02-01,1.506
2020-02-02,2.07
2020-02-03,1.946
2020-02-04,2.004
2020-02-05,2.289
2020-02-06,1.936
2020-02-07,1.936
2020-02-08,1.757
2020-02-09,1.765
2020-02-10,1.923
2020-02-11,2.271
2020-02-12,1.146
2020-02-13,1.241
2020-02-14,1.27
2020-02-15,1.423
2020-02-16,1.439
2020-02-17,1.417
2020-02-18,1.522
2020-02-19,1.417
2020-02-20,1.135
2020-02-21,0.559
2020-02-22,0.612
2020-02-23,0.599
2020-02-24,0.733
2020-02-25,0.961
2020-02-26,0.456
2020-02-27,1.9
2020-02-28,1.572
2020-02-29,0.849
2020-03-01,0.572
2020-03-02,0.528
2020-03-03,0.506
2020-03-04,0.536
2020-03-05,0.715
2020-03-06,0.779
2020-03-07,1.148
2020-03-08,1.522
2020-03-09,1.352
2020-03-10,1.192
2020-03-11,1.191
2020-03-12,1.216
2020-03-13,1.294
2020-03-14,1.179
2020-03-15,1.065
2020-03-16,1.208
2020-03-17,1.175
2020-03-18,1.178
2020-03-19,1.437
2020-03-20,1.116
2020-03-21,0.903
2020-03-22,0.845
2020-03-23,0.054
2020-03-24,-0.433
2020-03-25,0.577
2020-03-26,-0.438
2020-03-27,-0.461
2020-03-28,-0.48
2020-03-29,-0.198
2020-03-30,0.41
2020-03-31,1.213
2020-04-01,1.385
2020-04-02,1.794
2020-04-03,2.06
2020-04-04,2.317
2020-04-05,2.561
2020-04-06,2.649
2020-04-07,2.542
2020-04-08,2.431
2020-04-09,2.197
2020-04-10,2.26
2020-04-11,2.211
2020-04-12,2.314
2020-04-13,2.439
2020-04-14,2.597
2020-04-15,2.788
2020-04-16,2.919
2020-04-17,2.983
2020-04-18,3.278
2020-04-19,3.396
2020-04-20,3.481
2020-04-21,3.351
2020-04-22,3.161
2020-04-23,3.122
2020-04-24,2.946
2020-04-25,3.553
2020-04-26,3.486
2020-04-27,3.533
2020-04-28,3.503
2020-04-29,3.383
2020-04-30,3.028
2020-05-01,3.392
2020-05-02,3.64
2020-05-03,4.406
2020-05-04,4.979
2020-05-05,4.981
2020-05-06,4.96
2020-05-07,4.994
2020-05-08,5.021
2020-05-09,4.642
2020-05-10,4.714
2020-05-11,5.188
2020-05-12,5.33
2020-05-13,5.417
2020-05-14,5.336
2020-05-15,5.245
2020-05-16,3.771
2020-05-17,5.012
2020-05-18,5.623
2020-05-19,5.457
2020-05-20,5.258
2020-05-21,5.382
2020-05-22,5.211
2020-05-23,5.347
2020-05-24,5.465
2020-05-25,4.116
2020-05-26,4.119
2020-05-27,4.47
2020-05-28,5.355
2020-05-29,12.689
2020-05-30,12.039
2020-05-31,12.42
2020-06-01,11.256
2020-06-02,11.081
2020-06-03,11.699
2020-06-04,12.148
2020-06-05,13.595
2020-06-06,14.298
2020-06-07,14.719
2020-06-08,15.091
2020-06-09,15.152
2020-06-10,15.146
2020-06-11,15.357
2020-06-12,15.677
2020-06-13,15.803
2020-06-14,16.041
2020-06-15,16.2
2020-06-16,16.6
2020-06-17,16.9
2020-06-18,18.8
2020-06-19,20.3
2020-06-20,20.7
2020-06-21,22.8
2020-06-22,22.4
2020-06-23,22.3
2020-06-24,22.1
2020-06-25,21.5
2020-06-26,20
2020-06-27,20.2
2020-06-28,20.6
2020-06-29,21.7
2020-06-30,22.4
2020-07-01,23
2020-07-02,23.2
2020-07-03,23.1
2020-07-04,23
2020-07-05,23.1
2020-07-06,23.4
2020-07-07,24.2
2020-07-08,24.3
2020-07-09,24.4
2020-07-10,24.5
2020-07-11,24.8
2020-07-12,23.9
2020-07-13,24.1
2020-07-14,23.8
2020-07-15,23.7
2020-07-16,23.6
2020-07-17,23.7
2020-07-18,23.7
2020-07-19,23.6
2020-07-20,23.8
2020-07-21,23.7
2020-07-22,23.7
2020-07-23,23.7
2020-07-24,23.8
2020-07-25,24
2020-07-26,24
2020-07-27,24.3
2020-07-28,24.4
2020-07-29,24.5
2020-07-30,24.5
2020-07-31,24.5
2020-08-01,24.6
2020-08-02,24.4
2020-08-03,24.2
2020-08-04,24
2020-08-05,23.1
2020-08-06,22.9
2020-08-07,22.9
2020-08-08,22.8
2020-08-09,22.8
2020-08-10,22.2
2020-08-11,23.2
2020-08-12,23.3
2020-08-13,23.4
2020-08-14,23.5
2020-08-15,23.8
2020-08-16,23.6
2020-08-17,23.5
2020-08-18,23.3
2020-08-19,23
2020-08-20,22.4
2020-08-21,22
2020-08-22,22.3
2020-08-23,22.6
2020-08-24,22.7
2020-08-25,22.7
2020-08-26,22.8
2020-08-27,22.6
2020-08-28,22.3
2020-08-29,21
2020-08-30,20.9
2020-08-31,20.7
2020-09-01,20.5
2020-09-02,20.6
2020-09-03,20.9
2020-09-04,20.7
2020-09-05,20.3
2020-09-06,19.9
2020-09-07,19.7
2020-09-08,19.4
2020-09-09,19.5
2020-09-10,19.3
2020-09-11,19.1
2020-09-12,19.1
2020-09-13,18.2
2020-09-14,18.1
2020-09-15,18
2020-09-16,17.7
2020-09-17,17.7
2020-09-18,17.6
2020-09-19,17.4
2020-09-20,16.8
2020-09-21,16.6
2020-09-22,16.5
2020-09-23,16.6
2020-09-24,17
2020-09-25,17.3
2020-09-26,17.3
2020-09-27,17.5
2020-09-28,17.4
2020-09-29,17.3
2020-09-30,17.3
2020-10-01,16.6
2020-10-02,16.3
2020-10-03,15.7
2020-10-04,15.4
2020-10-05,15.4
2020-10-06,15.3
2020-10-07,15.2
2020-10-08,14.8
2020-10-09,14.5
2020-10-10,14.5
2020-10-11,14.5
2020-10-12,14.5
2020-10-13,14.5
2020-10-14,14.4
2020-10-15,13.1
2020-10-16,13.1
2020-10-17,13
2020-10-18,13.1
2020-10-19,13.1
2020-10-20,11.6
2020-10-21,11.5
2020-10-22,11.3
2020-10-23,11.2
2020-10-24,10.9
2020-10-25,10.8
2020-10-26,10.9
2020-10-27,10.6
2020-10-28,10.9
2020-10-29,10.7
2020-10-30,10.5
2020-10-31,10.6
2020-11-01,10.8
2020-11-02,10.9
2020-11-03,10.6
2020-11-04,10
2020-11-05,9.7
2020-11-06,9.8
2020-11-07,10.1
2020-11-08,10.1
2020-11-09,10.5
2020-11-10,10.4
2020-11-11,10.2
2020-11-12,9.8
2020-11-13,9.1
2020-11-14,8.9
2020-11-15,8.9
2020-11-16,8.8
2020-11-17,8.7
2020-11-18,7.6
2020-11-19,7.5
2020-11-20,7.5
2020-11-21,8.5
2020-11-22,8.3
2020-11-23,7.4
2020-11-24,6.9
2020-11-25,6.7
2020-11-26,6.7
2020-11-27,7.3
2020-11-28,7.1
2020-11-29,7.4
2020-11-30,7.3
2020-12-01,7.6
2020-12-02,6.4
2020-12-03,6.3
2020-12-04,6.3
2020-12-05,6.8
2020-12-06,6.6
2020-12-07,6.5
2020-12-08,6.5
2020-12-09,6.2
2020-12-10,6.1
2020-12-11,5.7
2020-12-12,5.8
2020-12-13,6.1
2020-12-14,5.9
2020-12-15,5.7
2020-12-16,4.9
2020-12-17,4.7
2020-12-18,4.6
2020-12-19,4.9
2020-12-20,4.7
2020-12-21,5.7
2020-12-22,5.6
2020-12-23,5.4
2020-12-24,5.3
2020-12-25,4.4
2020-12-26,4
2020-12-27,3.6
2020-12-28,3.6
2020-12-29,4.1
2020-12-30,4.6
2020-12-31,4.3
2021-01-01,4.712
2021-01-02,4.874
2021-01-03,4.379
2021-01-04,3.751
2021-01-05,3.887
2021-01-06,3.533
2021-01-07,3.222
2021-01-08,3.254
2021-01-09,3.377
2021-01-10,3.832
2021-01-11,3.972
2021-01-12,4.163
2021-01-13,4.368
2021-01-14,4.697
2021-01-15,4.71
2021-01-16,3.795
2021-01-17,3.563
2021-01-18,3.689
2021-01-19,2.937
2021-01-20,3.67
2021-01-21,2.968
2021-01-22,2.449
2021-01-23,2.189
2021-01-24,2.258
2021-01-25,2.41
2021-01-26,2.279
2021-01-27,2.219
2021-01-28,2.282
2021-01-29,3.414
2021-01-30,3.5
2021-01-31,3.474
2021-02-01,2.602
2021-02-02,2.074
2021-02-03,1.738
2021-02-04,1.97
2021-02-05,2.721
2021-02-06,3.365
2021-02-07,4.176
2021-02-08,4.264
2021-02-09,3.517
2021-02-10,3.382
2021-02-11,3.33
2021-02-12,3.056
2021-02-13,2.993
2021-02-14,3.109
2021-02-15,2.837
2021-02-16,2.869
2021-02-17,2.878
2021-02-18,2.965
2021-02-19,2.606
2021-02-22,2.147
2021-02-23,2.355
2021-02-24,2.263
2021-02-25,2.077
2021-02-26,1.115
2021-02-27,0.896
2021-02-28,1.039
2021-03-01,1.443
2021-03-02,1.312
2021-03-03,0.787
2021-03-04,0.665
2021-03-05,0.6
2021-03-06,0.778
2021-03-07,0.55
2021-03-08,0.611
2021-03-09,0.712
2021-03-10,0.294
2021-03-11,-0.05
2021-03-12,-0.026
2021-03-13,-0.039
2021-03-14,0.222
2021-03-15,0.99
2021-03-16,1.047
2021-03-17,0.86
2021-03-18,0.784
2021-03-19,0.596
2021-03-20,0.569
2021-03-21,0.616
2021-03-22,0.744
2021-03-23,0.843
2021-03-24,1.28
2021-03-25,1.834
2021-03-26,2.31
2021-03-27,2.466
2021-03-28,1.897
2021-03-29,1.666
2021-03-30,1.864
2021-03-31,1.788
2021-04-01,1.67
2021-04-02,1.516
2021-04-03,1.565
2021-04-04,1.538
2021-04-05,1.448
2021-04-06,1.486
2021-04-07,1.59
2021-04-08,2.154
2021-04-09,2.746
2021-04-10,2.973
2021-04-11,3.063
2021-04-12,3.187
2021-04-13,3.423
2021-04-14,3.39
2021-04-15,3.415
2021-04-16,3.409
2021-04-17,3.371
2021-04-18,3.266
2021-04-19,3.207
2021-04-20,3.075
2021-04-21,3.395
2021-04-22,3.54
2021-04-23,3.555
2021-04-24,3.489
2021-04-25,3.526
2021-04-26,3.537
2021-04-27,3.441
2021-04-28,4.221
2021-04-29,4.972
2021-04-30,5.138
2021-05-01,5.2
2021-05-02,5.271
2021-05-03,4.743
2021-05-04,5.019
2021-05-05,4.898
2021-05-06,5.165
2021-05-07,5.494
2021-05-08,5.731
2021-05-09,5.912
2021-05-10,6.015
2021-05-11,6.005
2021-05-12,6.335
2021-05-13,6.791
2021-05-14,6.715
2021-05-15,6.884
2021-05-16,7.297
2021-05-17,8.563
2021-05-18,10.113
2021-05-19,10.185
2021-05-20,9.723
2021-05-21,9.996
2021-05-22,11.219
2021-05-23,11.542
2021-05-24,13.411
2021-05-25,13.445
2021-05-26,12.768
2021-05-27,13.319
2021-05-28,13.086
2021-05-29,13.548
2021-05-30,14.363
2021-05-31,15.202
2021-06-01,15.297
2021-06-02,15.535
2021-06-03,16.003
2021-06-04,16.181
2021-06-05,17.396
2021-06-06,17.899
2021-06-07,19.095
2021-06-08,19.27
2021-06-09,20.87
2021-06-10,21.566
2021-06-11,21.35
2021-06-12,20.716
2021-06-13,20.128
2021-06-14,19.699
2021-06-15,19.645
2021-06-16,19.505
2021-06-17,19.278
2021-06-18,19.106
2021-06-19,19.007
2021-06-20,18.952
2021-06-21,18.398
2021-06-22,18.207
2021-06-23,18.158
2021-06-24,18.143
2021-06-25,18.234
2021-06-26,19.5
2021-06-27,20.022
2021-06-28,20.289
2021-06-29,20.367
2021-06-30,20.442
2021-07-01,20.469
2021-07-02,20.509
2021-07-03,20.707
2021-07-04,20.878
2021-07-05,20.874
2021-07-06,21.524
2021-07-07,20.988
2021-07-08,20.157
2021-07-09,20.062
2021-07-10,20.635
2021-07-11,21.088
2021-07-12,21.249
2021-07-13,21.377
2021-07-14,21.297
2021-07-15,21.719
2021-07-16,21.682
2021-07-17,21.876
2021-07-18,22.1
2021-07-19,22.162
2021-07-20,21.977
2021-07-21,21.818
2021-07-22,21.389
2021-07-23,21.126
2021-07-24,21.166
2021-07-25,21.233
2021-07-26,21.353
2021-07-27,21.415
2021-07-28,21.472
2021-07-29,21.416
2021-07-30,21.203
2021-07-31,20.737
2021-08-01,20.822
2021-08-02,20.959
2021-08-03,20.941
2021-08-04,20.828
2021-08-05,21.046
2021-08-06,22.685
2021-08-07,22.606
2021-08-08,22.522
2021-08-09,22.329
2021-08-10,22.324
2021-08-11,22.653
2021-08-12,23.189
2021-08-13,23.208
2021-08-14,23.216
2021-08-15,23.119
2021-08-16,23.04
2021-08-17,22.984
2021-08-18,23.313
2021-08-19,23.49
2021-08-20,23.664
2021-08-21,24.158
2021-08-22,24.529
2021-08-23,24.656
2021-08-24,24.602
2021-08-25,24.61
2021-08-26,24.787
2021-08-27,24.772
2021-08-28,24.506
2021-08-29,23.575
2021-08-30,23.239
2021-08-31,22.943
2021-09-01,22.674
2021-09-02,21.858
2021-09-03,21.582
2021-09-04,21.44
2021-09-05,21.418
2021-09-06,21.103
2021-09-07,20.785
2021-09-08,20.532
2021-09-09,20.488
2021-09-10,20.449
2021-09-11,20.332
2021-09-12,20.284
2021-09-13,20.361
2021-09-14,20.224
2021-09-15,20.083
2021-09-16,20.101
2021-09-17,20.123
2021-09-18,20.171
2021-09-19,20.1
2021-09-20,20.048
2021-09-21,20.09
2021-09-22,20.124
2021-09-23,18.671
2021-09-24,18.171
2021-09-25,17.876
2021-09-26,17.484
2021-09-27,17.267
2021-09-28,17.48
2021-09-29,17.4
2021-09-30,17.276
2021-10-01,17.003
2021-10-02,16.622
2021-10-03,16.746
2021-10-04,16.613
2021-10-05,16.898
2021-10-06,17.134
2021-10-07,17.202
2021-10-08,17.128
2021-10-09,17.06
2021-10-10,17.027
2021-10-11,17.086
2021-10-12,17.016
2021-10-13,17.271
2021-10-14,17.368
2021-10-15,17.356
2021-10-16,17.309
2021-10-17,16.862
2021-10-18,15.644
2021-10-19,15.377
2021-10-20,15.291
2021-10-21,15.482
2021-10-22,15.566
2021-10-23,14.695
2021-10-24,14.73
2021-10-25,14.658
2021-10-26,14.709
2021-10-27,14.208
2021-10-28,13.991
2021-10-29,13.797
2021-10-30,13.004
2021-10-31,12.859
2021-11-01,12.051
2021-11-02,11.961
2021-11-03,11.488
2021-11-04,11.309
2021-11-05,11.129
2021-11-06,10.9
2021-11-07,10.901
2021-11-08,11.095
2021-11-09,11.125
2021-11-10,11.115
2021-11-11,11.117
2021-11-12,10.905
2021-11-13,10.691
2021-11-14,10.755
2021-11-15,10.794
2021-11-16,10.46
2021-11-17,9.899
2021-11-18,9.747
2021-11-19,9.782
2021-11-20,8.551
2021-11-21,8.209
2021-11-22,8.161
2021-11-23,7.936
2021-11-24,7.734
2021-11-25,7.657
2021-11-26,8
2021-11-27,7.535
2021-11-28,7.252
2021-11-29,7.033
2021-11-30,6.649
2021-12-01,6.809
2021-12-02,6.443
2021-12-03,6.465
2021-12-04,6.434
2021-12-05,6.145
2021-12-06,6.184
2021-12-07,6.804
2021-12-08,6.981
2021-12-09,7.176
2021-12-10,7.367
2021-12-11,7.072
2021-12-12,6.999
2021-12-13,7.158
2021-12-14,7.063
2021-12-15,7
2021-12-16,7.083
2021-12-17,7.077
2021-12-18,6.413
2021-12-19,6.098
2021-12-20,5.802
2021-12-21,5.76
2021-12-22,5.494
2021-12-23,5.466
2021-12-24,5.364
2021-12-25,4.41
2021-12-26,4.288
2021-12-27,4.199
2021-12-28,4.343
2021-12-29,4.795
2021-12-30,6.535
2021-12-31,6.43
2022-01-01,5.69
2022-01-02,5.523
2022-01-03,5.435
2022-01-04,5.472
2022-01-05,5.478
2022-01-06,3.896
2022-01-07,4.066
2022-01-08,4.178
2022-01-09,3.646
2022-01-10,4.235
2022-01-11,4.368
2022-01-12,4.508
2022-01-13,4.336
2022-01-14,3.983
2022-01-15,4.071
2022-01-16,3.02
2022-01-17,3.043
2022-01-18,3.308
2022-01-19,3.02
2022-01-20,2.939
2022-01-21,2.997
2022-01-22,2.898
2022-01-23,2.854
2022-01-24,2.889
2022-01-25,3.523
2022-01-26,2.988
2022-01-27,2.741
2022-01-28,2.736
2022-01-29,4.007
2022-01-30,2.006
2022-01-31,2.059
2022-02-01,2.318
2022-02-02,2.342
2022-02-03,2.457
2022-02-04,3.709
2022-02-05,3.415
2022-02-06,2.655
2022-02-07,3.375
2022-02-08,3.687
2022-02-09,3.773
2022-02-10,3.596
2022-02-11,3.707
2022-02-12,2.672
2022-02-13,2.528
2022-02-14,2.613
2022-02-15,2.41
2022-02-16,0.878
2022-02-17,1.152
2022-02-18,2.142
2022-02-19,2.216
2022-02-20,2.128
2022-02-21,2.7
2022-02-22,3.131
2022-02-23,3.653
2022-02-24,3.209
2022-02-25,3.107
2022-02-26,0.677
2022-02-27,0.321
2022-02-28,0.337
2022-03-01,0.559
2022-03-02,0.89
2022-03-03,1.044
2022-03-04,0.826
2022-03-05,0.934
2022-03-06,1.005
2022-03-07,0.504
2022-03-08,0.398
2022-03-09,0.354
2022-03-10,0.456
2022-03-11,0.657
2022-03-12,0.935
2022-03-13,1.131
2022-03-14,0.831
2022-03-15,0.875
2022-03-16,0.955
2022-03-17,0.834
2022-03-18,0.703
2022-03-19,1.025
2022-03-20,1.007
2022-03-21,0.975
2022-03-22,0.873
2022-03-23,2.321
2022-03-24,1.79
2022-03-25,1.691
2022-03-26,1.696
2022-03-27,1.419
2022-03-28,0.344
2022-03-29,0.261
2022-03-30,0.351
2022-03-31,0.48
2022-04-01,0.295
2022-04-02,0.361
2022-04-03,1.9
2022-04-04,1.75
2022-04-05,1.601
2022-04-06,1.405
2022-04-07,2.12
2022-04-08,2.182
2022-04-09,1.743
2022-04-10,1.789
2022-04-11,0.711
2022-04-12,1.228
2022-04-13,1.47
2022-04-14,1.946
2022-04-15,1.984
2022-04-16,2.138
2022-04-17,2.24
2022-04-18,2.372
2022-04-19,3.035
2022-04-20,2.561
2022-04-21,2.576
2022-04-22,2.502
2022-04-23,2.542
2022-04-24,2.531
2022-04-25,2.374
2022-04-26,2.774
2022-04-27,2.818
2022-04-28,2.894
2022-04-29,3.118
2022-04-30,3.236
2022-05-01,3.187
2022-05-02,2.854
2022-05-03,4.247
2022-05-04,4.07
2022-05-05,4.516
2022-05-06,4.816
2022-05-07,4.8
2022-05-08,4.819
2022-05-09,4.978
2022-05-10,5.399
2022-05-11,6.678
2022-05-12,6.59
2022-05-13,7.201
2022-05-14,7.403
2022-05-15,8.034
2022-05-16,8.374
2022-05-17,8.342
2022-05-18,8.239
2022-05-19,8.015
2022-05-20,7.761
2022-05-21,7.545
2022-05-22,7.694
2022-05-23,7.485
2022-05-24,7.598
2022-05-25,7.625
2022-05-26,7.752
2022-05-27,8.536
2022-05-28,8.836
2022-05-29,8.982
2022-05-30,9.665
2022-05-31,15.8
2022-06-01,15.74
2022-06-02,17.076
2022-06-03,16.915
2022-06-04,16.658
2022-06-05,16.518
2022-06-06,16.216
2022-06-07,15.872
2022-06-08,16.129
2022-06-09,16.157
2022-06-10,15.994
2022-06-11,16.135
2022-06-12,16.479
2022-06-13,17.279
2022-06-14,17.316
2022-06-15,17.145
2022-06-16,17.649
2022-06-17,17.773
2022-06-18,17.925
2022-06-19,18.076
2022-06-20,18.152
2022-06-21,18.948
2022-06-22,19.3
2022-06-23,19.571
2022-06-24,19.692
2022-06-25,19.431
2022-06-26,19.711
2022-06-27,20.322
2022-06-28,20.107
2022-06-29,19.704
2022-06-30,19.228
2022-07-01,19.161
2022-07-02,19.408
2022-07-03,19.397
2022-07-04,19.24
2022-07-05,19.019
2022-07-06,19.448
2022-07-07,20.062
2022-07-08,20.17
2022-07-09,20.16
2022-07-10,20.075
2022-07-11,19.883
2022-07-12,20.019
2022-07-13,20.483
2022-07-14,20.628
2022-07-15,20.828
2022-07-16,21.188
2022-07-17,22.268
2022-07-18,22.484
2022-07-19,22.733
2022-07-20,22.913
2022-07-21,23.019
2022-07-22,23.257
2022-07-23,23.239
2022-07-24,23.342
2022-07-25,23.669
2022-07-26,23.764
2022-07-27,23.537
2022-07-28,22.756
2022-07-29,22.779
2022-07-30,22.728
2022-07-31,23.094
2022-08-01,23.072
2022-08-02,22.906
2022-08-03,22.699
2022-08-04,23.084
2022-08-05,23.688
2022-08-06,23.998
2022-08-07,24.223
2022-08-08,24.277
2022-08-09,23.163
2022-08-10,23.015
2022-08-11,22.931
2022-08-12,22.857
2022-08-13,22.926
2022-08-14,22.969
2022-08-15,22.913
2022-08-16,22.843
2022-08-17,22.789
2022-08-18,23.046
2022-08-19,23.126
2022-08-20,23.26
2022-08-21,23.174
2022-08-22,23.374
2022-08-23,23.464
2022-08-24,23.51
2022-08-25,23.03
2022-08-26,22.761
2022-08-27,22.849
2022-08-28,22.818
2022-08-29,22.729
2022-08-30,22.554
2022-08-31,22.267
2022-09-01,22.053
2022-09-02,21.861
2022-09-03,21.818
2022-09-04,21.731
2022-09-05,21.72
2022-09-06,21.698
2022-09-07,21.738
2022-09-08,21.622
2022-09-09,21.677
2022-09-10,21.891
2022-09-11,21.992
2022-09-12,22.088
2022-09-13,22.037
2022-09-14,21.661
2022-09-15,21.46
2022-09-16,21.409
2022-09-17,20.625
2022-09-18,19.983
2022-09-19,20.074
2022-09-20,19.52
2022-09-21,19.485
2022-09-22,19.492
2022-09-23,19.61
2022-09-24,18.823
2022-09-25,18.53
2022-09-26,18.043
2022-09-27,17.45
2022-09-28,17.279
2022-09-29,17.022
2022-09-30,17.546
2022-10-01,17.498
2022-10-02,17.332
2022-10-03,17.093
2022-10-04,16.909
2022-10-05,16.734
2022-10-06,16.486
2022-10-07,16.422
2022-10-08,15.63
2022-10-09,15.191
2022-10-10,14.982
2022-10-11,14.812
2022-10-12,15.014
2022-10-13,14.989
2022-10-14,14.486
2022-10-15,14.634
2022-10-16,14.531
2022-10-17,13.5
2022-10-18,13.439
2022-10-19,13.163
2022-10-20,12.747
2022-10-21,12.178
2022-10-22,12.57
2022-10-23,12.727
2022-10-24,13.28
2022-10-25,12.672
2022-10-26,12.576
2022-10-27,12.573
2022-10-28,12.382
2022-10-29,12.339
2022-10-30,12.153
2022-10-31,12.148
2022-11-01,12.056
2022-11-02,11.675
2022-11-03,11.455
2022-11-04,11.411
2022-11-05,11.707
2022-11-06,11.505
2022-11-07,11.515
2022-11-08,11.407
2022-11-09,11.057
2022-11-10,10.941
2022-11-11,11.794
2022-11-12,11.884
2022-11-13,11.457
2022-11-14,10.866
2022-11-15,10.855
2022-11-16,10.454
2022-11-17,9.86
2022-11-18,9.057
2022-11-19,8.801
2022-11-20,8.284
2022-11-21,8.16
2022-11-22,7.843
2022-11-23,7.672
2022-11-24,7.702
2022-11-25,7.991
2022-11-26,7.972
2022-11-27,8.332
2022-11-28,8.308
2022-11-29,8.227
2022-11-30,6.164
2022-12-01,5.913
2022-12-02,6.361
2022-12-03,6.451
2022-12-04,6.236
2022-12-05,6.145
2022-12-06,5.915
2022-12-07,6.407
2022-12-08,5.939
2022-12-09,5.292
2022-12-10,5.231
2022-12-11,5.362
2022-12-12,4.71
2022-12-13,4.57
2022-12-14,4.566
2022-12-15,4.576
2022-12-16,4.647
2022-12-17,4.209
2022-12-18,4.132
2022-12-19,4.755
2022-12-20,4.776
2022-12-21,4.736
2022-12-22,4.992
2022-12-23,5.106
2022-12-24,4.027
2022-12-25,3.944
2022-12-26,4.249
2022-12-27,2.163
2022-12-28,2.392
2022-12-29,2.641
2022-12-30,2.685
2022-12-31,3.161
2023-01-01,3.087
2023-01-02,3.087
2023-01-03,2.56
2023-01-04,2.7
2023-01-05,2.91
2023-01-06,2.813
2023-01-07,2.748
2023-01-08,2.629
2023-01-09,2.656
2023-01-10,2.665
2023-01-11,2.656
2023-01-12,3.118
2023-01-13,3.135
2023-01-14,3.342
2023-01-15,3.347
2023-01-16,3.34
2023-01-17,3.529
2023-01-18,3.63
2023-01-19,3.835
2023-01-20,3.924
2023-01-21,3.771
2023-01-22,3.882
2023-01-23,3.913
2023-01-24,4.215
2023-01-25,4.009
2023-01-26,3.536
2023-01-27,3.104
2023-01-28,3.126
2023-01-29,2.949
2023-01-30,2.737
2023-01-31,2.369
2023-02-01,2.292
2023-02-02,2.296
2023-02-03,2.408
2023-02-04,2.274
2023-02-05,3.007
2023-02-06,2.949
2023-02-07,2.69
2023-02-08,2.53
2023-02-09,2.226
2023-02-10,1.902
2023-02-11,1.464
2023-02-12,1.477
2023-02-13,1.557
2023-02-14,1.537
2023-02-15,1.177
2023-02-16,1.325
2023-02-17,1.475
2023-02-18,1.533
2023-02-19,2.166
2023-02-20,1.981
2023-02-21,2.01
2023-02-22,2.184
2023-02-23,2.085
2023-02-24,1.927
2023-02-25,0.779
2023-02-26,0.406
2023-02-27,0.473
2023-02-28,0.342
2023-03-01,0.177
2023-03-02,-0.088
2023-03-03,0.046
2023-03-04,0.412
2023-03-05,0.523
2023-03-06,0.499
2023-03-07,0.416
2023-03-08,0.42
2023-03-09,0.436
2023-03-10,0.651
2023-03-11,0.681
2023-03-12,0.346
2023-03-13,0.484
2023-03-14,0.618
2023-03-15,0.854
2023-03-16,1.132
2023-03-17,1.335
2023-03-18,0.784
2023-03-19,0.482
2023-03-20,0.353
2023-03-21,0.634
2023-03-22,0.708
2023-03-23,0.806
2023-03-24,0.914
2023-03-25,0.777
2023-03-26,0.771
2023-03-27,0.913
2023-03-28,1.016
2023-03-29,1.073
2023-03-30,1.237
2023-03-31,1.088
2023-04-01,0.976
2023-04-02,0.843
2023-04-03,0.795
2023-04-04,0.814
2023-04-05,1.439
2023-04-06,1.608
2023-04-07,1.529
2023-04-08,0.996
2023-04-09,0.617
2023-04-10,0.619
2023-04-11,0.737
2023-04-12,0.864
2023-04-13,1.62
2023-04-14,3.926
2023-04-15,4.244
2023-04-16,4.222
2023-04-17,4.156
2023-04-18,4.014
2023-04-19,2.856
2023-04-20,2.871
2023-04-21,2.875
2023-04-22,3.875
2023-04-23,2.377
2023-04-24,2.396
2023-04-25,2.632
2023-04-26,3.029
2023-04-27,3.089
2023-04-28,3.068
2023-04-29,3.158
2023-04-30,3.178
2023-05-01,2.598
2023-05-02,3.294
2023-05-03,3.764
2023-05-04,4.076
2023-05-05,4.683
2023-05-06,5.021
2023-05-07,5.104
2023-05-08,5.566
2023-05-09,5.755
2023-05-10,6.282
2023-05-11,6.46
2023-05-12,7.446
2023-05-13,9.215
2023-05-14,8.532
2023-05-15,8.275
2023-05-16,7.666
2023-05-17,7.535
2023-05-18,7.671
2023-05-19,7.703
2023-05-20,7.707
2023-05-21,8.084
2023-05-22,8.688
2023-05-23,11.796
2023-05-24,12.043
2023-05-25,12.297
2023-05-26,12.843
2023-05-27,13.503
2023-05-28,13.817
2023-05-29,13.925
2023-05-30,13.981
2023-05-31,14.376
2023-06-01,17.667
2023-06-02,19.789
2023-06-03,19.811
2023-06-04,19.824
2023-06-05,19.542
2023-06-06,18.568
2023-06-07,17.886
2023-06-08,17.23
2023-06-09,16.591
2023-06-10,15.864
2023-06-11,15.715
2023-06-12,15.613
2023-06-13,15.242
2023-06-14,15.557
2023-06-15,16.193
2023-06-16,16.311
2023-06-17,17.559
2023-06-18,18.286
2023-06-19,18.844
2023-06-20,19.236
2023-06-21,19.712
2023-06-22,19.875
2023-06-23,20.091
2023-06-24,20.375
2023-06-25,21.522
2023-06-26,21.516
2023-06-27,21.321
2023-06-28,20.198
2023-06-29,20.644
2023-06-30,20.853
2023-07-01,21.092
2023-07-02,21.29
2023-07-03,23.068
2023-07-04,23.754
2023-07-05,23.929
2023-07-06,24.093
2023-07-07,24.07
2023-07-08,23.878
2023-07-09,23.02
2023-07-10,23.116
2023-07-11,23.096
2023-07-12,23.083
2023-07-13,23.093
2023-07-14,23.109
2023-07-15,22.194
2023-07-16,22.255
2023-07-17,22.316
2023-07-18,22.507
2023-07-19,22.391
2023-07-20,22.418
2023-07-21,22.61
2023-07-22,22.59
2023-07-23,22.626
2023-07-24,23.037
2023-07-25,23.425
2023-07-26,23.742
2023-07-27,24.316
2023-07-28,24.295
2023-07-29,24.07
2023-07-30,23.735
2023-07-31,23.445
2023-08-01,23.01
2023-08-02,22.763
2023-08-03,22.715
2023-08-04,22.697
2023-08-05,22.718
2023-08-06,22.774
2023-08-07,22.517
2023-08-08,22.348
2023-08-09,22.257
2023-08-10,22.096
2023-08-11,21.946
2023-08-12,21.962
2023-08-13,21.919
2023-08-14,21.967
2023-08-15,22.145
2023-08-16,22.286
2023-08-17,22.724
2023-08-18,22.464
2023-08-19,21.835
2023-08-20,21.872
2023-08-21,21.958
2023-08-22,21.901
2023-08-23,21.666
2023-08-24,21.674
2023-08-25,21.499
2023-08-26,21.277
2023-08-27,21.095
2023-08-28,20.957
2023-08-29,20.935
2023-08-30,20.783
2023-08-31,20.461
2023-09-01,20.272
2023-09-02,20.301
2023-09-03,20.942
2023-09-04,20.973
2023-09-05,21.196
2023-09-06,21.618
2023-09-07,21.881
2023-09-08,21.86
2023-09-09,21.598
2023-09-10,20.544
2023-09-11,20.65
2023-09-12,20.818
2023-09-13,20.005
2023-09-14,19.88
2023-09-15,19.812
2023-09-16,19.834
2023-09-17,19.926
2023-09-18,19.703
2023-09-19,19.449
2023-09-20,19.321
2023-09-21,19.284
2023-09-22,19.464
2023-09-23,19.568
2023-09-24,19.519
2023-09-25,19.442
2023-09-26,19.177
2023-09-27,18.558
2023-09-28,18.516
2023-09-29,18.151
2023-09-30,18.125
2023-10-01,18.701
2023-10-02,18.917
2023-10-03,19.151
2023-10-04,19.557
2023-10-05,19.691
2023-10-06,19.522
2023-10-07,18.991
2023-10-08,18.174
2023-10-09,17.147
2023-10-10,16.155
2023-10-11,15.644
2023-10-12,15.368
2023-10-13,15.343
2023-10-14,14.977
2023-10-15,14.73
2023-10-16,14.416
2023-10-17,13.916
2023-10-18,13.6
2023-10-19,13.417
2023-10-20,13.107
2023-10-21,12.881
2023-10-22,12.642
2023-10-23,12.544
2023-10-24,12.567
2023-10-25,12.713
2023-10-26,13.116
2023-10-27,13.002
2023-10-28,13.013
2023-10-29,12.908
2023-10-30,12.49
2023-10-31,12.289
2023-11-01,12.132
2023-11-02,11.87
2023-11-03,11.603
2023-11-04,11.184
2023-11-05,11.223
2023-11-06,11.076
2023-11-07,11.013
2023-11-08,10.849
2023-11-09,10.794
2023-11-10,10.097
2023-11-11,9.916
2023-11-12,9.668
2023-11-13,9.54
2023-11-14,9.401
2023-11-15,9.301
2023-11-16,9.151
2023-11-17,8.41
2023-11-18,8.653
2023-11-19,8.498
2023-11-20,8.401
2023-11-21,8.272
2023-11-22,8.419
2023-11-23,7.191
2023-11-24,7.149
2023-11-25,7.12
2023-11-26,7.43
2023-11-27,7.343
2023-11-28,7.342
2023-11-29,6.762
2023-11-30,6.549
2023-12-01,6.131
2023-12-02,5.991
2023-12-03,6.245
2023-12-04,6.404
2023-12-05,6.48
2023-12-06,7.343
2023-12-07,6.896
2023-12-08,6.759
2023-12-09,6.793
2023-12-10,6.779
2023-12-11,6.613
2023-12-12,6.416
2023-12-13,5.957
2023-12-14,5.587
2023-12-15,5.658
2023-12-16,5.866
2023-12-17,6.138
2023-12-18,5.423
2023-12-19,5.354
2023-12-20,5.057
2023-12-21,5.263
2023-12-22,5.298
2023-12-23,5.127
2023-12-24,5.153
2023-12-25,6.071
2023-12-26,6.138
2023-12-27,6.101
2023-12-28,5.969
2023-12-29,5.546
2023-12-30,5.391
2023-12-31,5.53
2024-01-01,5.833
2024-01-02,5.462
2024-01-03,5.596
2024-01-04,5.933
2024-01-05,5.999
2024-01-06,5.939
2024-01-07,6.217
2024-01-08,6.178
2024-01-09,5.358
2024-01-10,3.718
2024-01-11,3.794
2024-01-12,3.61
2024-01-13,3.598
2024-01-14,3.686
2024-01-15,3.37
2024-01-16,3.242
2024-01-17,3.005
2024-01-18,3.159
2024-01-19,3.014
2024-01-20,2.42
2024-01-21,2.379
2024-01-22,2.008
2024-01-23,2.395
2024-01-24,2.517
2024-01-25,2.113
2024-01-26,2.278
2024-01-27,1.356
2024-01-28,2.67
2024-01-29,2.903
2024-01-30,3.176
2024-01-31,3.017
2024-02-01,3.013
2024-02-02,2.068
2024-02-03,1.708
2024-02-04,1.635
2024-02-05,1.584
2024-02-06,1.802
2024-02-07,2.3
2024-02-08,2.687
2024-02-09,2.493
2024-02-10,2.491
2024-02-11,2.442
2024-02-12,2.468
2024-02-13,1.839
2024-02-14,1.88
2024-02-15,2.149
2024-02-16,2.476
2024-02-17,2.811
2024-02-18,2.725
2024-02-19,2.435
2024-02-20,2.498
2024-02-21,1.852
2024-02-22,1.896
2024-02-23,1.917
2024-02-24,1.55
2024-02-25,1.166
2024-02-26,1.56
2024-02-27,2.027
2024-02-28,2.31
2024-02-29,2.339
2024-03-01,2.186
2024-03-02,1.365
2024-03-03,1.319
2024-03-04,1.434
2024-03-05,1.489
2024-03-06,1.263
2024-03-07,1.781
2024-03-08,1.792
2024-03-09,1.954
2024-03-10,1.522
2024-03-11,1.632
2024-03-12,1.683
2024-03-13,1.885
2024-03-14,1.901
2024-03-15,1.651
2024-03-16,1.755
2024-03-17,1.804
2024-03-18,1.836
2024-03-19,2.455
2024-03-20,1.446
2024-03-21,1.025
2024-03-22,1.121
2024-03-23,1.183
2024-03-24,1.479
2024-03-25,2.837
2024-03-26,3.184
2024-03-27,2.368
2024-03-28,1.902
2024-03-29,1.647
2024-03-30,1.667
2024-03-31,1.701
2024-04-01,1.791
2024-04-02,1.51
2024-04-03,2.292
2024-04-04,2.427
2024-04-05,2.252
2024-04-06,2.16
2024-04-07,2.28
2024-04-08,2.26
2024-04-09,2.397
2024-04-10,2.671
2024-04-11,2.368
2024-04-12,2.615
2024-04-13,2.736
2024-04-14,3.55
2024-04-15,3.81
2024-04-16,3.645
2024-04-17,3.629
2024-04-18,3.697
2024-04-19,3.547
2024-04-20,4.067
2024-04-21,4.21
2024-04-22,4.217
2024-04-23,4.215
2024-04-24,4.299
2024-04-25,4.348
2024-04-26,4.416
2024-04-27,4.403
2024-04-28,4.509
2024-04-29,4.781
2024-04-30,5.336
2024-05-01,5.232
2024-05-02,5.194
2024-05-03,5.137
2024-05-04,6.159
2024-05-05,6.53
2024-05-06,6.67
2024-05-07,9.705
2024-05-08,9.346
2024-05-09,9.704
2024-05-10,9.918
2024-05-11,10.166
2024-05-12,11.329
2024-05-13,11.624
2024-05-14,11.837
2024-05-15,11.921
2024-05-16,11.896
2024-05-17,11.787
2024-05-18,12.26
2024-05-19,14.629
2024-05-20,15.44
2024-05-21,15.387
2024-05-22,15.659
2024-05-23,16.177
2024-05-24,16.086
2024-05-25,15.802
2024-05-26,15.49
2024-05-27,15.372
2024-05-28,15.696
2024-05-29,15.696
2024-05-30,15.597
2024-05-31,15.459
2024-06-01,15.335
2024-06-02,15.445
2024-06-03,17.929
2024-06-04,18.099
2024-06-05,18.779
2024-06-06,19.263
2024-06-07,19.573
2024-06-08,18.109
2024-06-09,16.895
2024-06-10,16.761
2024-06-11,16.792
2024-06-12,16.897
2024-06-13,16.867
2024-06-14,17.021
2024-06-15,17.857
2024-06-16,18.795
2024-06-17,19.326
2024-06-18,19.593
2024-06-19,19.83
2024-06-20,17.834
2024-06-21,17.508
2024-06-22,19.06
2024-06-23,17.636
2024-06-24,17.867
2024-06-25,17.832
2024-06-26,19.269
2024-06-27,18.878
2024-06-28,19.176
2024-06-29,19.108
2024-06-30,19.119
2024-07-01,19.328
2024-07-02,19.41
2024-07-03,19.41
2024-07-04,19.511
2024-07-05,20.407
2024-07-06,21.302
2024-07-07,21.628
2024-07-08,21.483
2024-07-09,21.397
2024-07-10,21.744
2024-07-11,22.454
2024-07-12,22.329
2024-07-13,22.514
2024-07-14,22.653
2024-07-15,23.103
2024-07-16,23.137
2024-07-17,22.894
2024-07-18,22.819
2024-07-19,22.772
2024-07-20,22.444
2024-07-21,22.467
2024-07-22,22.518
2024-07-23,22.548
2024-07-24,22.413
2024-07-25,22.439
2024-07-26,22.625
2024-07-27,22.879
2024-07-28,22.897
2024-07-29,23.047
2024-07-30,23.701
2024-07-31,24.322
2024-08-01,24.371
2024-08-02,24.523
2024-08-03,24.824
2024-08-04,25.239
2024-08-05,24.809
2024-08-06,24.552
2024-08-07,24.289
2024-08-08,23.867
2024-08-09,23.287
2024-08-10,23.04
2024-08-11,23.028
2024-08-12,23.091
2024-08-13,22.624
2024-08-14,22.922
2024-08-15,23.03
2024-08-16,23.146
2024-08-17,23.127
2024-08-18,22.375
2024-08-19,21.851
2024-08-20,21.368
2024-08-21,20.962
2024-08-22,20.789
2024-08-23,20.905
2024-08-24,21.266
2024-08-25,21.478
2024-08-26,21.394
2024-08-27,21.478
2024-08-28,21.324
2024-08-29,21.631
2024-08-30,21.82
2024-08-31,21.982
2024-09-01,21.975
2024-09-02,21.756
2024-09-03,20.306
2024-09-04,19.749
2024-09-05,19.751
2024-09-06,19.775
2024-09-07,19.31
2024-09-08,18.435
2024-09-09,18.207
2024-09-10,18.289
2024-09-11,18.321
2024-09-12,18.614
2024-09-13,18.836
2024-09-14,18.895
2024-09-15,20.261
2024-09-16,20.489
2024-09-17,21.038
2024-09-18,20.738
2024-09-19,20.963
2024-09-20,21.047
2024-09-21,21.14
2024-09-22,21.066
2024-09-23,20.692
2024-09-24,20.324
2024-09-25,19.35
2024-09-26,19.908
2024-09-27,19.414
2024-09-28,19.298
2024-09-29,19.083
2024-09-30,19.063
2024-10-01,18.948
2024-10-02,18.866
2024-10-03,19.029
2024-10-04,18.837
2024-10-05,18.448
2024-10-06,18.1
2024-10-07,18.027
2024-10-08,17.417
2024-10-09,16.72
2024-10-10,15.838
2024-10-11,15.609
2024-10-12,15.599
2024-10-13,15.639
2024-10-14,15.883
2024-10-15,14.17
2024-10-16,13.947
2024-10-17,13.844
2024-10-18,13.897
2024-10-19,13.921
2024-10-20,13.972
2024-10-21,14.118
2024-10-22,14.161
2024-10-23,14.118
2024-10-24,14.141
2024-10-25,13.782
2024-10-26,13.491
2024-10-27,13.303
2024-10-28,13.128
2024-10-29,12.843
2024-10-30,12.553
2024-10-31,12.726
2024-11-01,12.341
2024-11-02,12.073
2024-11-03,12.045
2024-11-04,11.747
2024-11-05,11.963
2024-11-06,12.327
2024-11-07,11.724
2024-11-08,11.692
2024-11-09,11.457
2024-11-10,11.605
2024-11-11,11.523
2024-11-12,11.327
2024-11-13,10.931
2024-11-14,10.034
2024-11-15,9.977
2024-11-16,9.934
2024-11-17,9.67
2024-11-18,9.577
2024-11-19,9.7
2024-11-20,9.869
2024-11-21,9.922
2024-11-22,9.505
2024-11-23,9.279
2024-11-24,9.223
2024-11-25,9.361
2024-11-26,9.46
2024-11-27,9.437
2024-11-28,8.198
2024-11-29,8.178
2024-11-30,5.911
2024-12-01,6.356
2024-12-02,6.127
2024-12-03,5.513
2024-12-04,5.345
2024-12-05,5.041
2024-12-06,4.63
2024-12-07,5.904
2024-12-08,5.78
2024-12-09,5.988
2024-12-10,5.49
2024-12-11,5.036
2024-12-12,4.745
2024-12-13,3.761
2024-12-14,3.029
2024-12-15,3.16
2024-12-16,3.87
2024-12-17,3.649
2024-12-18,3.204
2024-12-19,3.235
2024-12-20,3.179
2024-12-21,3.099
2024-12-22,3.185
2024-12-23,3.005
2024-12-24,2.134
2024-12-25,2.626
2024-12-26,2.821
2024-12-27,4.68
2024-12-28,4.694
2024-12-29,5.179
2024-12-30,5.227
2024-12-31,5.09
2025-01-01,2.765
2025-01-02,2.998
2025-01-03,3.564
2025-01-04,3.295
2025-01-05,3.05
2025-01-06,2.651
2025-01-07,2.811
2025-01-08,2.913
2025-01-09,3.023
2025-01-10,2.969
2025-01-11,2.854
2025-01-12,1.406
2025-01-13,1.224
2025-01-14,1.092
2025-01-15,1.83
2025-01-16,0.591
2025-01-17,1.704
2025-01-18,1.923
2025-01-19,2.142
2025-01-20,2.915
2025-01-21,1.61
2025-01-22,0.809
2025-01-23,0.679
2025-01-24,0.693
2025-01-25,0.609
2025-01-26,1.947
2025-01-27,1.848
2025-01-28,1.763
2025-01-29,1.54
2025-01-30,1.35
2025-01-31,1.406
2025-02-01,1.504
2025-02-02,1.734
2025-02-03,1.791
2025-02-04,-0.171
2025-02-05,2.046
2025-02-06,3.393
2025-02-07,3.635
2025-02-08,3.76
2025-02-09,3.686
2025-02-10,3.565
2025-02-11,0.601
2025-02-12,0.127
2025-02-13,-0.348
2025-02-14,-0.581
2025-02-15,-1.611
2025-02-16,-1.733
2025-02-17,-1.777
2025-02-18,-0.907
2025-02-19,-0.968
2025-02-20,-0.882
2025-02-21,-0.894
2025-02-22,-0.843
2025-02-23,0.058
2025-02-24,0.19
2025-02-25,0.146
2025-02-26,0.06
2025-02-27,-0.025
2025-02-28,0.6
2025-03-01,-0.471
2025-03-02,-0.83
2025-03-03,-0.851
2025-03-04,-0.745
2025-03-05,-0.458
2025-03-06,-0.302
2025-03-07,0.255
2025-03-08,0.597
2025-03-09,0.544
2025-03-10,0.662
2025-03-11,0.654
2025-03-12,-0.131
2025-03-13,-0.2
2025-03-14,0.165
2025-03-15,-0.069
2025-03-16,0.602
2025-03-17,1.141
2025-03-18,0.99
2025-03-19,0.73
2025-03-20,0.767
2025-03-21,0.62
2025-03-22,0.195
2025-03-23,0.333
2025-03-24,0.609
2025-03-25,0.515
2025-03-26,0.562
2025-03-27,0.605
2025-03-28,0.638
2025-03-29,0.742
2025-03-30,1.09
2025-03-31,0.689
2025-04-01,0.92
2025-04-02,0.684
2025-04-03,0.94
2025-04-04,0.954
2025-04-05,0.904
2025-04-06,0.996
2025-04-07,0.708
2025-04-08,0.78
2025-04-09,0.843
2025-04-10,0.31
2025-04-11,0.819
2025-04-12,0.984
2025-04-13,0.971
2025-04-14,0.853
2025-04-15,1.146
2025-04-16,1.93
2025-04-17,2.078
2025-04-18,1.84
2025-04-19,1.527
2025-04-20,1.39
2025-04-21,1.778
2025-04-22,1.936
2025-04-23,2.088
2025-04-24,2.076
2025-04-25,1.913
2025-04-26,2.692
2025-04-27,2.647
2025-04-28,2.487
2025-04-29,2.588
2025-04-30,2.603
2025-05-01,2.583
2025-05-02,2.637
2025-05-03,2.873
2025-05-04,2.891
2025-05-05,2.977
2025-05-06,3.059
2025-05-07,3.567
2025-05-08,3.821
2025-05-09,3.551
2025-05-10,3.427
2025-05-11,3.394
2025-05-12,3.434
2025-05-13,3.432
2025-05-14,3.913
2025-05-15,4.924
2025-05-16,4.488
2025-05-17,4.833
2025-05-18,4.881
2025-05-19,5.023
2025-05-20,5.07
2025-05-21,5.008
2025-05-22,4.897
2025-05-23,4.84
2025-05-24,5.308
2025-05-25,6.522
2025-05-26,9.023
2025-05-27,9.477
2025-05-28,9.419
2025-05-29,9.117
2025-05-30,9.06
2025-05-31,7.379
2025-06-01,8.291
2025-06-02,8.904
2025-06-03,8.992
2025-06-04,8.528
2025-06-05,8.537
2025-06-06,11.067
2025-06-07,11.441
2025-06-08,11.278
2025-06-09,10.981
2025-06-10,11.239
2025-06-11,12.111
2025-06-12,12.115
2025-06-13,11.857
2025-06-14,12.431
2025-06-15,15.468
2025-06-16,15.726
2025-06-17,15.892
2025-06-18,15.789
2025-06-19,15.104
2025-06-20,14.841
2025-06-21,15.289
2025-06-22,15.079
2025-06-23,14.963
2025-06-24,16.877
2025-06-25,16.655
2025-06-26,16.812
2025-06-27,17.002
2025-06-28,16.751
2025-06-29,15.971
2025-06-30,17.023
2025-07-01,17.409
2025-07-02,17.6
2025-07-03,17.718
2025-07-04,17.651
2025-07-05,18.577
2025-07-06,18.339
2025-07-07,18.575
2025-07-08,20.159
2025-07-09,21.243
2025-07-10,21.291
2025-07-11,21.458
2025-07-12,21.445
2025-07-13,21.821
2025-07-14,23.99
2025-07-15,24.092
2025-07-16,23.928
2025-07-17,23.768
2025-07-18,23.909
2025-07-19,21.337
2025-07-20,20.668
2025-07-21,20.414
2025-07-22,20.085
2025-07-23,19.685
2025-07-24,21.345
2025-07-25,21.417
2025-07-26,21.431
2025-07-27,21.219
2025-07-28,21.52
2025-07-29,22.641
2025-07-30,22.577
2025-07-31,22.276
2025-08-01,21.388
2025-08-02,21.268
2025-08-03,21.234
2025-08-04,21.266
2025-08-05,21.293
2025-08-06,21.386
2025-08-07,21.894
2025-08-08,22.06
2025-08-09,22.345
2025-08-10,22.372
2025-08-11,22.575
2025-08-12,23.289
2025-08-13,23.265
2025-08-14,23.165
2025-08-15,22.635
2025-08-16,22.382
2025-08-17,22.179
2025-08-18,19.548
2025-08-19,19.22
2025-08-20,19.599
2025-08-21,19.615
2025-08-22,19.61
2025-08-23,19.667
2025-08-24,20.176
2025-08-25,20.204
2025-08-26,18.182
2025-08-27,18.375
2025-08-28,18.435
2025-08-29,18.463
2025-08-30,18.619
2025-08-31,19.704
2025-09-01,19.868
2025-09-02,19.899
2025-09-03,19.914
2025-09-04,19.914
2025-09-05,19.941
2025-09-06,19.475
2025-09-07,17.849
2025-09-08,17.429
2025-09-09,17.354
2025-09-10,17.799
2025-09-11,18.038
2025-09-12,18.104
2025-09-13,18.203
2025-09-14,18.192
2025-09-15,18.431
2025-09-16,18.783
2025-09-17,18.943
2025-09-18,19.101
2025-09-19,19.116
2025-09-20,18.94
2025-09-21,18.78
2025-09-22,17.822
2025-09-23,17.986
2025-09-24,18.368
2025-09-25,18.404
2025-09-26,18.353
2025-09-27,18.77
2025-09-28,18.898
2025-09-29,18.864
2025-09-30,18.908
2025-10-01,18.754
2025-10-02,18.231
2025-10-03,19.008
2025-10-04,19.209
2025-10-05,19.092
2025-10-06,19.254
2025-10-07,19.292
2025-10-08,18.517
2025-10-09,17.66
2025-10-10,16.943
2025-10-11,16.621
2025-10-12,16.191
2025-10-13,16.007
2025-10-14,15.663
2025-10-15,15.707
2025-10-16,15.844
2025-10-17,15.815
2025-10-18,15.764
2025-10-19,15.488
2025-10-20,14.806
2025-10-21,14.613
2025-10-22,14.544
2025-10-23,14.222
2025-10-24,13.834
2025-10-25,13.135
2025-10-26,13.006
2025-10-27,12.952
2025-10-28,12.739
2025-10-29,12.907
2025-10-30,12.887
2025-10-31,12.823
2025-11-01,12.431
2025-11-02,10.985
2025-11-03,10.872
2025-11-04,10.826
2025-11-05,10.864
2025-11-06,10.84
2025-11-07,10.05
2025-11-08,10.14
2025-11-09,10.173
2025-11-10,9.729
2025-11-11,8.698
2025-11-12,8.809
2025-11-13,8.523
2025-11-14,8.458
2025-11-15,8.575
2025-11-16,8.58
2025-11-17,8.424
2025-11-18,8.307
2025-11-19,8.223
2025-11-20,7.811
2025-11-21,7.063
2025-11-22,7.21
2025-11-23,7.086
2025-11-24,6.982
2025-11-25,7.038
2025-11-26,7.207
2025-11-27,5.839
2025-11-28,4.052
2025-11-29,3.665
2025-11-30,3.557
2025-12-01,3.49
2025-12-02,2.657
2025-12-03,2.291
2025-12-04,1.098
2025-12-05,0.44
2025-12-06,1.333
2025-12-07,2.112
2025-12-08,2.978
2025-12-09,2.621
2025-12-10,4.06
2025-12-11,4.342
2025-12-12,4.554
2025-12-13,4.677
2025-12-14,3.444
2025-12-15,2.604
2025-12-16,4.305
2025-12-17,4.357
2025-12-18,4.143
2025-12-19,4.091
2025-12-20,3.992
2025-12-21,3.769
2025-12-22,3.749
2025-12-23,4.071
2025-12-24,3.725
2025-12-25,3.654
2025-12-26,3.576
2025-12-27,3.255
2025-12-28,3.078
2025-12-29,2.777
2025-12-30,1.827
2025-12-31,2.359
2026-01-01,2.881
2026-01-02,2.98
2026-01-03,2.917
2026-01-04,1.188
2026-01-05,1.073
2026-01-06,-0.109
2026-01-07,2.992
2026-01-08,2.486
2026-01-09,2.696
2026-01-10,2.44
2026-01-11,2.754
2026-01-12,2.92
2026-01-13,2.731
2026-01-14,2.594
2026-01-15,2.627
2026-01-16,1.5
2026-01-17,2.525
2026-01-18,2.411
2026-01-19,2.135
2026-01-20,0.898
2026-01-21,1.766
2026-01-22,0.95
2026-01-23,-0.142
2026-01-24,-1.8
2026-01-25,-0.625
2026-01-26,-0.004
2026-01-27,-0.039
2026-01-28,-0.383
2026-01-29,-0.769
2026-01-30,-0.934
2026-01-31,-0.497
2026-02-01,-0.62
2026-02-02,-0.128
2026-02-03,-0.842
2026-02-04,-0.993
2026-02-05,-0.861
2026-02-06,-0.99
2026-02-07,-0.787
2026-02-08,-0.737
2026-02-09,-0.685
2026-02-10,-0.902
2026-02-11,-1.002
2026-02-12,-0.908
2026-02-13,-1.204
2026-02-14,-1.032
2026-02-15,-1.105
2026-02-16,-1.481
2026-02-17,-1.73
2026-02-18,-1.166
2026-02-19,-1.373
2026-02-20,-1.124
2026-02-21,-1.488
2026-02-22,-1.497
2026-02-23,-1.331
2026-02-24,-0.645
2026-02-25,-0.566
2026-02-26,-0.167
2026-02-27,-0.387
2026-02-28,-0.585
2026-03-01,-0.943
2026-03-02,-0.956
2026-03-03,-0.949
2026-03-04,-1.595
2026-03-05,-1.697
2026-03-06,-1.077
2026-03-07,0.217
2026-03-08,-0.295
2026-03-09,-0.128
2026-03-10,-0.781
2026-03-11,1.125
2026-03-12,-0.179
2026-03-13,0.232
2026-03-14,0.008
2026-03-15,-1.208
2026-03-16,-0.754
2026-03-17,-1.333
2026-03-18,-1.404
2026-03-19,-1.452
2026-03-20,-1.378
2026-03-21,-1.341
2026-03-22,0.085
2026-03-23,-0.009
2026-03-24,-0.017
2026-03-25,-0.003
2026-03-26,-0.143
2026-03-27,-0.363
2026-03-28,0.013
2026-03-29,0.196
2026-03-30,0.091
2026-03-31,-1.029
2026-04-01,-0.79
2026-04-02,-0.717
2026-04-03,-0.629
2026-04-04,-0.531
2026-04-05,0.534
2026-04-06,0.773
2026-04-07,0.684
2026-04-08,0.709
2026-04-09,0.892
2026-04-10,0.9
2026-04-11,0.218
2026-04-12,-0.01
2026-04-13,-0.538
2026-04-14,0.013
2026-04-15,1.207
2026-04-16,0.97
2026-04-17,1.28
2026-04-18,1.763
2026-04-19,1.654
2026-04-20,1.81
2026-04-21,1.867
2026-04-22,1.906
2026-04-23,2.027
2026-04-24,1.871
2026-04-25,1.878
2026-04-26,1.775
2026-04-27,1.38
2026-04-28,2.131
2026-04-29,1.488
2026-04-30,2.009
2026-05-01,2.606
2026-05-02,2.559
2026-05-03,2.638
2026-05-04,2.435
2026-05-05,2.655
2026-05-06,3.134
2026-05-07,3.078
2026-05-08,3.087
2026-05-09,3.015
2026-05-10,3.092
2026-05-11,3.067
2026-05-12,3.345
2026-05-13,3.233
2026-05-14,3.147
2026-05-15,3.917
2026-05-16,3.775
2026-05-17,3.696
2026-05-18,4.5
2026-05-19,4.097
2026-05-20,4.69
2026-05-21,5.142
2026-05-22,5.259
2026-05-23,5.296
2026-05-24,5.26
2026-05-25,6.767
2026-05-26,7.528
2026-05-27,8.226
2026-05-28,7.8
2026-05-29,6.827
2026-05-30,8.286
2026-05-31,8.709
2026-06-01,8.969
2026-06-02,9.05
2026-06-03,8.705
2026-06-04,8.461
2026-06-05,10.776
2026-06-06,10.805
2026-06-07,11.787
2026-06-08,12.592
2026-06-09,15.098
2026-06-10,15.416
2026-06-11,14.242
2026-06-12,14.194
2026-06-13,14.28
2026-06-14,13.681
2026-06-15,13.369
2026-06-16,13.535
2026-06-17,13.522
2026-06-18,13.421
2026-06-19,13.823
2026-06-20,13.937
2026-06-21,13.858
2026-06-22,13.78
2026-06-23,14.535
2026-06-24,15.109
2026-06-25,15.204
2026-06-26,15.276
2026-06-27,15.92
2026-06-28,17.626
2026-06-29,19.061
2026-06-30,19.076
2026-07-01,18.727
2026-07-02,19.742
2026-07-03,21.25
2026-07-04,22.189
2026-07-05,21.661
2026-07-06,21.604
2026-07-07,22.011
2026-07-08,22.106
2026-07-09,22.969
2026-07-10,23.226
2026-07-11,23.318
2026-07-12,22.344
2026-07-13,22.606
2026-07-14,23.466
2026-07-15,23.52
2026-07-16,23.368
2026-07-17,23.098
2026-07-18,22.868
2026-07-19,20.365
2026-07-20,20.76
2026-07-21,19.53
2026-07-22,18.27
2026-07-23,19.799
2026-07-24,20.652
2026-07-25,20.677
2026-07-26,20.451
2026-07-27,20.14
2026-07-28,19.843
2026-07-29,20.322
2026-07-30,20.277
2026-07-31,20.274
2026-08-01,20.125
2026-08-02,20.455
2026-08-03,20.944
2026-08-04,21.051
2026-08-05,21.187
2026-08-06,21.825
2026-08-07,22.448
2026-08-08,22.946
2026-08-09,22.85
2026-08-10,22.903
2026-08-11,22.743
2026-08-12,22.426
2026-08-13,22.304
2026-08-14,22.217
2026-08-15,22.297
2026-08-16,22.191
2026-08-17,22.208
2026-08-18,21.526
2026-08-19,21.5
2026-08-20,21.859
2026-08-21,18.576
2026-08-22,19.007
2026-08-23,18.957
2026-08-24,18.163
2026-08-25,20.693
2026-08-26,20.954
2026-08-27,20.386
2026-08-28,20.015
2026-08-29,19.926
2026-08-30,19.403
2026-08-31,20.555
2026-09-01,21.135
2026-09-02,21.275
2026-09-03,21.333
2026-09-04,21.401
2026-09-05,21.337
2026-09-06,21.369
2026-09-07,21.441
2026-09-08,21.573
